Sample,Condition,Electrode,Epoch,Theta_Power
1,1-back,F3,1,1.618334049653511e-08
1,1-back,F3,2,7.331215091702094e-08
1,1-back,F3,3,1.1866772310426744e-07
1,1-back,F3,4,3.9857146902559144e-08
1,1-back,F3,5,4.1936766369378216e-08
1,1-back,F3,6,1.4204711766760741e-08
1,1-back,F3,7,8.394717880355945e-08
1,1-back,F3,8,1.7034806082948134e-08
1,1-back,F3,9,6.858950712911911e-08
1,1-back,F3,10,3.251955723430961e-08
1,1-back,F3,11,1.1881919426937973e-08
1,1-back,F3,12,1.423326863912942e-08
1,1-back,F3,13,1.557632616834114e-08
1,1-back,F3,14,2.999131461227495e-08
1,1-back,F3,15,6.383419696032765e-09
1,1-back,F3,16,1.4364279837993023e-08
1,1-back,F3,17,9.03121698260204e-08
1,1-back,F3,18,7.823515895537254e-08
1,1-back,F3,19,1.708878869338891e-08
1,1-back,F3,20,8.043515504872638e-08
1,1-back,F3,21,2.480268686022106e-08
1,1-back,F3,22,7.673082122181444e-08
1,1-back,F3,23,3.6178975630308256e-08
1,1-back,F3,24,2.1468041967447952e-08
1,1-back,F3,25,3.851411158715105e-08
1,1-back,F3,26,9.01332749656409e-08
1,1-back,F3,27,2.712937931816754e-08
1,1-back,F3,28,7.060026826000702e-08
1,1-back,F3,29,3.530337523576135e-08
1,1-back,F3,30,1.7515246474991064e-08
1,1-back,F3,31,3.4048082681972134e-08
1,1-back,F3,32,4.58507073551198e-08
1,1-back,F3,33,5.6430451734780605e-08
1,1-back,F3,34,2.1938191160645134e-08
1,1-back,F3,35,1.640492628872635e-08
1,1-back,F3,36,1.5320376594413006e-08
1,1-back,F3,37,1.2006589454909744e-08
1,1-back,F3,38,1.5521514886624507e-08
1,1-back,F3,39,9.455587643048927e-09
1,1-back,F3,40,7.914604003978843e-08
1,1-back,F3,41,2.077933888947481e-08
1,1-back,F3,42,5.233345236952438e-08
1,1-back,F3,43,3.742075302969755e-08
1,1-back,F3,44,2.1087134602251548e-08
1,1-back,F3,45,4.7613943114898164e-08
1,1-back,F3,46,2.4848750644184034e-08
1,1-back,F3,47,3.061832437347648e-08
1,1-back,F3,48,1.1475610404866619e-08
1,1-back,F3,49,1.1282838330706333e-08
1,1-back,F4,1,1.5496705645902888e-08
1,1-back,F4,2,7.388202969221486e-08
1,1-back,F4,3,1.2575682949390218e-07
1,1-back,F4,4,2.655002495227949e-08
1,1-back,F4,5,3.472171444963167e-08
1,1-back,F4,6,1.0365604647464892e-08
1,1-back,F4,7,8.213806991184841e-08
1,1-back,F4,8,1.2540349782370671e-08
1,1-back,F4,9,4.816150423632633e-08
1,1-back,F4,10,3.21663472715044e-08
1,1-back,F4,11,1.105984516383228e-08
1,1-back,F4,12,1.0103056782840793e-08
1,1-back,F4,13,1.2197484742364241e-08
1,1-back,F4,14,3.3982518277953914e-08
1,1-back,F4,15,8.716414168679732e-09
1,1-back,F4,16,1.8854275037320864e-08
1,1-back,F4,17,6.874395548051031e-08
1,1-back,F4,18,6.361911235204435e-08
1,1-back,F4,19,2.0622224617352363e-08
1,1-back,F4,20,5.6508174387027824e-08
1,1-back,F4,21,1.935259628636982e-08
1,1-back,F4,22,1.0259071740413148e-07
1,1-back,F4,23,2.4713720577389977e-08
1,1-back,F4,24,2.7532020649060474e-08
1,1-back,F4,25,4.736026005389889e-08
1,1-back,F4,26,8.285156117431078e-08
1,1-back,F4,27,2.5563273105021345e-08
1,1-back,F4,28,8.084530020007655e-08
1,1-back,F4,29,3.5364639020519744e-08
1,1-back,F4,30,1.6779494488924106e-08
1,1-back,F4,31,6.712722392593794e-08
1,1-back,F4,32,3.480099948558973e-08
1,1-back,F4,33,5.253704234971514e-08
1,1-back,F4,34,1.5266130533696783e-08
1,1-back,F4,35,1.0654719816092182e-08
1,1-back,F4,36,1.0413911612736101e-08
1,1-back,F4,37,9.40000202762617e-09
1,1-back,F4,38,9.473469123857198e-09
1,1-back,F4,39,1.5524600472358468e-08
1,1-back,F4,40,6.268747879816015e-08
1,1-back,F4,41,2.3712911112334194e-08
1,1-back,F4,42,3.6286305445497805e-08
1,1-back,F4,43,3.3505205647354364e-08
1,1-back,F4,44,1.5252039542542026e-08
1,1-back,F4,45,4.494923183144964e-08
1,1-back,F4,46,1.4755316373502227e-08
1,1-back,F4,47,2.604753784135034e-08
1,1-back,F4,48,1.2936671222014297e-08
1,1-back,F4,49,2.0156371907168926e-08
1,1-back,F7,1,2.9084216155728864e-08
1,1-back,F7,2,1.0058634206209251e-07
1,1-back,F7,3,1.6979418642329278e-07
1,1-back,F7,4,2.38804359750076e-08
1,1-back,F7,5,8.099758103248312e-08
1,1-back,F7,6,1.2427092843116984e-08
1,1-back,F7,7,9.061169501005373e-08
1,1-back,F7,8,2.6827781350519297e-08
1,1-back,F7,9,1.2540925770634542e-07
1,1-back,F7,10,3.2163609927060786e-08
1,1-back,F7,11,2.2363170815299276e-08
1,1-back,F7,12,1.9393656205958507e-08
1,1-back,F7,13,1.5414292102237077e-08
1,1-back,F7,14,4.521350186410553e-08
1,1-back,F7,15,1.0188259816951311e-08
1,1-back,F7,16,1.585320111987091e-08
1,1-back,F7,17,9.507683214740784e-08
1,1-back,F7,18,1.0926196306903349e-07
1,1-back,F7,19,2.3001569462410984e-08
1,1-back,F7,20,4.2439151673466505e-08
1,1-back,F7,21,1.493787296038082e-08
1,1-back,F7,22,1.0357475657695598e-07
1,1-back,F7,23,1.9477287194938265e-08
1,1-back,F7,24,3.186283783920434e-08
1,1-back,F7,25,3.085880323642297e-08
1,1-back,F7,26,1.2144968739786508e-07
1,1-back,F7,27,2.6354520131677015e-08
1,1-back,F7,28,1.051873349690101e-07
1,1-back,F7,29,6.339749754342042e-08
1,1-back,F7,30,1.8662662116263495e-08
1,1-back,F7,31,4.9758553588109873e-08
1,1-back,F7,32,7.77986625783316e-08
1,1-back,F7,33,1.198541710345899e-07
1,1-back,F7,34,2.5165383790882584e-08
1,1-back,F7,35,1.578099531625091e-07
1,1-back,F7,36,2.7978631941746716e-07
1,1-back,F7,37,2.117918022041238e-07
1,1-back,F7,38,1.8657496753904152e-08
1,1-back,F7,39,1.2486085882532643e-08
1,1-back,F7,40,1.600522956609196e-07
1,1-back,F7,41,1.3155380109286856e-08
1,1-back,F7,42,6.769823250062719e-08
1,1-back,F7,43,2.5543214415600856e-08
1,1-back,F7,44,1.9225125256465184e-08
1,1-back,F7,45,1.1047336717690466e-07
1,1-back,F7,46,2.9367362787996978e-08
1,1-back,F7,47,2.6219657463141865e-08
1,1-back,F7,48,2.9495695499614245e-08
1,1-back,F7,49,1.6039408412121578e-08
1,1-back,F8,1,1.2959644695385516e-08
1,1-back,F8,2,8.678074820790743e-08
1,1-back,F8,3,1.8238089675950153e-07
1,1-back,F8,4,1.3749777550704131e-08
1,1-back,F8,5,6.279668094828145e-08
1,1-back,F8,6,6.54213178872426e-09
1,1-back,F8,7,9.3429674333847e-08
1,1-back,F8,8,1.4748137741517346e-08
1,1-back,F8,9,6.772122248122681e-08
1,1-back,F8,10,1.7452561997411775e-08
1,1-back,F8,11,5.439874653609362e-09
1,1-back,F8,12,5.151782316593601e-09
1,1-back,F8,13,5.2525340053910565e-09
1,1-back,F8,14,3.703029485954387e-08
1,1-back,F8,15,6.055460795974931e-09
1,1-back,F8,16,1.3353548073736306e-08
1,1-back,F8,17,7.388209269281393e-08
1,1-back,F8,18,6.961839958731964e-08
1,1-back,F8,19,1.7180206478730947e-08
1,1-back,F8,20,6.535957868793208e-08
1,1-back,F8,21,1.3172934343058088e-08
1,1-back,F8,22,1.7704048841268162e-07
1,1-back,F8,23,2.2027482158040205e-08
1,1-back,F8,24,3.391467861481977e-08
1,1-back,F8,25,2.729880038782468e-08
1,1-back,F8,26,1.0512581845692716e-07
1,1-back,F8,27,1.2916824272224641e-08
1,1-back,F8,28,9.53027779462934e-08
1,1-back,F8,29,4.983851335406772e-08
1,1-back,F8,30,9.47552240093097e-09
1,1-back,F8,31,8.229087663143224e-08
1,1-back,F8,32,4.494834641029295e-08
1,1-back,F8,33,4.4350325095055054e-08
1,1-back,F8,34,1.2921160585823167e-08
1,1-back,F8,35,8.382287827476423e-09
1,1-back,F8,36,6.064914209191728e-09
1,1-back,F8,37,7.2601390005394225e-09
1,1-back,F8,38,9.561239998959763e-09
1,1-back,F8,39,1.3716788352014682e-08
1,1-back,F8,40,9.570858010376832e-08
1,1-back,F8,41,1.2718922782364934e-08
1,1-back,F8,42,4.178068262415408e-08
1,1-back,F8,43,1.1168305038409808e-08
1,1-back,F8,44,1.0043213530316043e-08
1,1-back,F8,45,5.09687735764943e-08
1,1-back,F8,46,1.5284671519174583e-08
1,1-back,F8,47,3.812130366900614e-08
1,1-back,F8,48,1.4820896113868135e-08
1,1-back,F8,49,2.2688460014847176e-08
1,1-back,Fz,1,1.586855781965245e-08
1,1-back,Fz,2,7.954563391086409e-08
1,1-back,Fz,3,1.4011114194506823e-07
1,1-back,Fz,4,4.014215213394431e-08
1,1-back,Fz,5,3.8722086086600584e-08
1,1-back,Fz,6,1.3927221998313078e-08
1,1-back,Fz,7,8.245638610588435e-08
1,1-back,Fz,8,2.028778489591094e-08
1,1-back,Fz,9,4.9674730240734896e-08
1,1-back,Fz,10,4.479067640318189e-08
1,1-back,Fz,11,1.1743133503436241e-08
1,1-back,Fz,12,1.552431912295856e-08
1,1-back,Fz,13,1.7957131157569104e-08
1,1-back,Fz,14,3.536064839345098e-08
1,1-back,Fz,15,8.395767049669156e-09
1,1-back,Fz,16,2.0178046087060784e-08
1,1-back,Fz,17,7.219515807986734e-08
1,1-back,Fz,18,6.614998699912008e-08
1,1-back,Fz,19,2.1167378904834835e-08
1,1-back,Fz,20,5.3243381280180144e-08
1,1-back,Fz,21,2.4203699300245826e-08
1,1-back,Fz,22,8.621361687270692e-08
1,1-back,Fz,23,2.795835705492134e-08
1,1-back,Fz,24,2.492772682703401e-08
1,1-back,Fz,25,5.1403026353751586e-08
1,1-back,Fz,26,8.822360317166195e-08
1,1-back,Fz,27,2.959879303796629e-08
1,1-back,Fz,28,8.107524824193699e-08
1,1-back,Fz,29,3.996442508356141e-08
1,1-back,Fz,30,1.8196082397286265e-08
1,1-back,Fz,31,3.93563977413626e-08
1,1-back,Fz,32,4.314181276190567e-08
1,1-back,Fz,33,6.431433009386325e-08
1,1-back,Fz,34,1.9548786600648483e-08
1,1-back,Fz,35,1.1441872514724031e-08
1,1-back,Fz,36,1.1340700643973768e-08
1,1-back,Fz,37,1.0843919138066188e-08
1,1-back,Fz,38,1.1797845252025215e-08
1,1-back,Fz,39,1.1361785387476896e-08
1,1-back,Fz,40,7.389387250767113e-08
1,1-back,Fz,41,2.8759979719570547e-08
1,1-back,Fz,42,3.989006121622524e-08
1,1-back,Fz,43,4.6608850734364836e-08
1,1-back,Fz,44,2.20046908457412e-08
1,1-back,Fz,45,5.249267158454777e-08
1,1-back,Fz,46,2.047848217782433e-08
1,1-back,Fz,47,2.9309317482736683e-08
1,1-back,Fz,48,1.2750524664024876e-08
1,1-back,Fz,49,2.0312844001845468e-08
1,2-back,F3,1,1.4797256789847595e-08
1,2-back,F3,2,4.0760392256847364e-08
1,2-back,F3,3,4.489623107723689e-08
1,2-back,F3,4,7.731709424835898e-08
1,2-back,F3,5,1.0376113343971864e-08
1,2-back,F3,6,3.816631583387923e-08
1,2-back,F3,7,3.2773567381641286e-08
1,2-back,F3,8,1.282021842491353e-08
1,2-back,F3,9,5.612949075774362e-08
1,2-back,F3,10,3.572335442383883e-08
1,2-back,F3,11,7.737324862720728e-08
1,2-back,F3,12,2.432523480104428e-08
1,2-back,F3,13,3.6006745368425445e-08
1,2-back,F3,14,5.174246843821531e-08
1,2-back,F3,15,1.1938118447985976e-07
1,2-back,F3,16,3.739667913898122e-08
1,2-back,F3,17,1.5660612735342858e-07
1,2-back,F3,18,1.8532154600757098e-08
1,2-back,F3,19,6.14797740092572e-08
1,2-back,F3,20,6.991764547324142e-08
1,2-back,F3,21,8.173724459272982e-08
1,2-back,F3,22,7.825230416423653e-08
1,2-back,F3,23,9.417673944854213e-08
1,2-back,F3,24,7.671217771190488e-08
1,2-back,F3,25,7.894327457410683e-08
1,2-back,F3,26,1.48287846935344e-07
1,2-back,F3,27,4.1253165188884425e-08
1,2-back,F3,28,2.994093559841843e-08
1,2-back,F3,29,2.747503351508788e-08
1,2-back,F3,30,2.950968876304301e-08
1,2-back,F3,31,6.259349446921213e-08
1,2-back,F3,32,1.2658308932926198e-07
1,2-back,F3,33,3.8748587691649824e-08
1,2-back,F3,34,1.4117465151972755e-07
1,2-back,F3,35,7.581987266882567e-08
1,2-back,F3,36,5.823836899981589e-08
1,2-back,F3,37,9.664337040358032e-08
1,2-back,F3,38,9.570633375357463e-08
1,2-back,F3,39,2.1843549909242705e-08
1,2-back,F3,40,3.185400153011112e-08
1,2-back,F3,41,3.114185170918111e-08
1,2-back,F3,42,1.5570395431763964e-08
1,2-back,F3,43,3.089513819330216e-08
1,2-back,F3,44,2.602770322479498e-08
1,2-back,F4,1,1.0023874635928084e-08
1,2-back,F4,2,3.882463805470739e-08
1,2-back,F4,3,3.3752539996313365e-08
1,2-back,F4,4,6.520304107354907e-08
1,2-back,F4,5,8.68309434844475e-09
1,2-back,F4,6,3.339568249053444e-08
1,2-back,F4,7,2.484860604451303e-08
1,2-back,F4,8,1.8507736627621895e-08
1,2-back,F4,9,5.625156940143405e-08
1,2-back,F4,10,1.8467069695125024e-08
1,2-back,F4,11,5.658611080818517e-08
1,2-back,F4,12,1.586209178836243e-08
1,2-back,F4,13,3.059533005920675e-08
1,2-back,F4,14,4.4261642214408485e-08
1,2-back,F4,15,8.57206149218547e-08
1,2-back,F4,16,3.0388570834591526e-08
1,2-back,F4,17,1.544180837256474e-07
1,2-back,F4,18,2.8011020641721467e-08
1,2-back,F4,19,9.123136261455308e-08
1,2-back,F4,20,4.1996987959493116e-08
1,2-back,F4,21,6.222324262561405e-08
1,2-back,F4,22,6.507915705812485e-08
1,2-back,F4,23,7.125399670933943e-08
1,2-back,F4,24,3.178297332639596e-08
1,2-back,F4,25,3.4420318131733795e-08
1,2-back,F4,26,9.007148845836821e-08
1,2-back,F4,27,3.127948503720139e-08
1,2-back,F4,28,2.028973963509451e-08
1,2-back,F4,29,2.9095718265399325e-08
1,2-back,F4,30,1.800863175001655e-08
1,2-back,F4,31,4.9284095710190374e-08
1,2-back,F4,32,8.411854707638363e-08
1,2-back,F4,33,1.1435021825498742e-08
1,2-back,F4,34,1.2843096595804201e-07
1,2-back,F4,35,7.503166122035424e-08
1,2-back,F4,36,3.219332293719199e-08
1,2-back,F4,37,6.866904313632323e-08
1,2-back,F4,38,8.286675830785867e-08
1,2-back,F4,39,2.3551683179663695e-08
1,2-back,F4,40,2.8909420317406578e-08
1,2-back,F4,41,2.3596964592600884e-08
1,2-back,F4,42,1.3116131072249404e-08
1,2-back,F4,43,1.738215551074595e-08
1,2-back,F4,44,3.098865411107363e-08
1,2-back,F7,1,6.668502774680156e-08
1,2-back,F7,2,9.08934249988385e-08
1,2-back,F7,3,1.2196594511096717e-07
1,2-back,F7,4,7.88387518249859e-08
1,2-back,F7,5,2.4008058873853896e-07
1,2-back,F7,6,3.0570877907404393e-07
1,2-back,F7,7,1.513171196628133e-07
1,2-back,F7,8,8.345748001170501e-08
1,2-back,F7,9,3.6840366837420175e-07
1,2-back,F7,10,1.0287946770276285e-07
1,2-back,F7,11,8.12968983851154e-08
1,2-back,F7,12,1.6964939789731642e-08
1,2-back,F7,13,6.035412384559828e-08
1,2-back,F7,14,7.900911587369276e-08
1,2-back,F7,15,2.181454727402213e-07
1,2-back,F7,16,2.8578021609029867e-08
1,2-back,F7,17,1.691717080666744e-07
1,2-back,F7,18,1.8603324072871057e-08
1,2-back,F7,19,8.859471669002881e-08
1,2-back,F7,20,9.693042285846874e-08
1,2-back,F7,21,1.2772430147997905e-07
1,2-back,F7,22,1.100387385787127e-07
1,2-back,F7,23,1.3208043092924358e-07
1,2-back,F7,24,9.50653916911548e-08
1,2-back,F7,25,2.1780472373155056e-08
1,2-back,F7,26,1.871498794092093e-07
1,2-back,F7,27,6.898420853117451e-08
1,2-back,F7,28,1.9567115870493496e-08
1,2-back,F7,29,4.758947839518734e-08
1,2-back,F7,30,1.8450116984011384e-08
1,2-back,F7,31,7.889217312023583e-08
1,2-back,F7,32,1.5958168077364862e-07
1,2-back,F7,33,9.54950131864772e-08
1,2-back,F7,34,1.0018730109504763e-07
1,2-back,F7,35,1.1025093234974936e-07
1,2-back,F7,36,8.265234606830402e-08
1,2-back,F7,37,1.6548050850924586e-07
1,2-back,F7,38,1.521000516761057e-07
1,2-back,F7,39,1.259207943053544e-08
1,2-back,F7,40,1.750378126891672e-08
1,2-back,F7,41,2.065210719934593e-08
1,2-back,F7,42,1.3741787305613415e-08
1,2-back,F7,43,1.922260446395955e-08
1,2-back,F7,44,2.617256662747836e-08
1,2-back,F8,1,1.1250788378803546e-08
1,2-back,F8,2,5.945333599018903e-08
1,2-back,F8,3,4.549032814063277e-08
1,2-back,F8,4,8.171891964418096e-08
1,2-back,F8,5,1.3158080065579849e-08
1,2-back,F8,6,3.4300428089891544e-08
1,2-back,F8,7,2.5694359149438523e-08
1,2-back,F8,8,8.787220225211383e-09
1,2-back,F8,9,6.167237207937174e-08
1,2-back,F8,10,1.5012538169701077e-08
1,2-back,F8,11,7.786182570351497e-08
1,2-back,F8,12,1.072608277301809e-08
1,2-back,F8,13,3.726805959575455e-08
1,2-back,F8,14,7.388826126902095e-08
1,2-back,F8,15,1.1377449161639009e-07
1,2-back,F8,16,3.081804707042661e-08
1,2-back,F8,17,1.495219495300046e-07
1,2-back,F8,18,3.013881153145899e-08
1,2-back,F8,19,6.628764614644395e-08
1,2-back,F8,20,4.997362436113476e-08
1,2-back,F8,21,8.066343754838384e-08
1,2-back,F8,22,6.453737924368376e-08
1,2-back,F8,23,8.4651545353525e-08
1,2-back,F8,24,4.849755891461675e-08
1,2-back,F8,25,2.367985754857303e-08
1,2-back,F8,26,1.0684141195137753e-07
1,2-back,F8,27,3.025577988836108e-08
1,2-back,F8,28,1.3027740604779962e-08
1,2-back,F8,29,4.1932025014445544e-08
1,2-back,F8,30,1.079497382865846e-08
1,2-back,F8,31,4.346856064107143e-08
1,2-back,F8,32,9.173027149506245e-08
1,2-back,F8,33,3.451784558486477e-08
1,2-back,F8,34,2.677597764760237e-07
1,2-back,F8,35,1.0312738833997238e-07
1,2-back,F8,36,4.69390390946094e-08
1,2-back,F8,37,1.0033406515830813e-07
1,2-back,F8,38,1.0136943909251126e-07
1,2-back,F8,39,1.3315003502089021e-08
1,2-back,F8,40,1.9104811038619952e-08
1,2-back,F8,41,1.911271042891419e-08
1,2-back,F8,42,1.2693092032459142e-08
1,2-back,F8,43,6.8464816137592e-09
1,2-back,F8,44,2.3355637756542814e-08
1,2-back,Fz,1,1.2832427652120552e-08
1,2-back,Fz,2,4.1036636451099845e-08
1,2-back,Fz,3,3.7538575497469964e-08
1,2-back,Fz,4,7.565913626493096e-08
1,2-back,Fz,5,9.093792585539125e-09
1,2-back,Fz,6,3.700548111718841e-08
1,2-back,Fz,7,3.2757313866712756e-08
1,2-back,Fz,8,1.535170776034177e-08
1,2-back,Fz,9,5.988859241574245e-08
1,2-back,Fz,10,2.0512877813235185e-08
1,2-back,Fz,11,6.999834062208636e-08
1,2-back,Fz,12,2.0935316164733886e-08
1,2-back,Fz,13,3.3249271557518594e-08
1,2-back,Fz,14,5.4827601272158186e-08
1,2-back,Fz,15,1.0293928909895139e-07
1,2-back,Fz,16,2.9427220987558737e-08
1,2-back,Fz,17,1.6691554655886885e-07
1,2-back,Fz,18,2.502099611306882e-08
1,2-back,Fz,19,5.789086368438698e-08
1,2-back,Fz,20,5.75445124807152e-08
1,2-back,Fz,21,7.517648567693058e-08
1,2-back,Fz,22,7.09516667910429e-08
1,2-back,Fz,23,7.452438750979808e-08
1,2-back,Fz,24,3.6563320703029866e-08
1,2-back,Fz,25,4.213159287560309e-08
1,2-back,Fz,26,1.1562432307733258e-07
1,2-back,Fz,27,4.002131435443309e-08
1,2-back,Fz,28,3.2585085859850985e-08
1,2-back,Fz,29,2.711914861080861e-08
1,2-back,Fz,30,2.8062115136628807e-08
1,2-back,Fz,31,6.232258464782342e-08
1,2-back,Fz,32,1.0202465551140686e-07
1,2-back,Fz,33,1.798614364441563e-08
1,2-back,Fz,34,1.1109209878257706e-07
1,2-back,Fz,35,7.806529338531164e-08
1,2-back,Fz,36,3.5487467354397876e-08
1,2-back,Fz,37,7.689554350685896e-08
1,2-back,Fz,38,8.687610342879234e-08
1,2-back,Fz,39,2.5569616870418723e-08
1,2-back,Fz,40,3.658581581737414e-08
1,2-back,Fz,41,2.852067907505436e-08
1,2-back,Fz,42,1.3164660867446193e-08
1,2-back,Fz,43,3.1368772726825527e-08
1,2-back,Fz,44,3.169066876894595e-08
1,3-back,F3,1,2.239525674162334e-08
1,3-back,F3,2,2.1136798950678196e-08
1,3-back,F3,3,1.4483373182053248e-07
1,3-back,F3,4,9.700427549601707e-08
1,3-back,F3,5,6.301210082206504e-08
1,3-back,F3,6,5.819691159181546e-08
1,3-back,F3,7,7.494763559392332e-08
1,3-back,F3,8,1.938342294795319e-08
1,3-back,F3,9,4.382778680382031e-08
1,3-back,F3,10,5.537405253259458e-08
1,3-back,F3,11,1.3048154816906594e-08
1,3-back,F3,12,9.637628255849888e-08
1,3-back,F3,13,5.832412467801207e-08
1,3-back,F3,14,6.303777672292956e-08
1,3-back,F3,15,8.01981031227631e-08
1,3-back,F3,16,1.7780749747819626e-08
1,3-back,F3,17,1.696896378365272e-07
1,3-back,F3,18,1.488007444693625e-08
1,3-back,F3,19,6.234028680458452e-08
1,3-back,F3,20,3.021692196024986e-08
1,3-back,F3,21,5.0109099314394136e-08
1,3-back,F3,22,2.858060874337451e-08
1,3-back,F3,23,9.313846333350212e-08
1,3-back,F3,24,1.5340923896067106e-08
1,3-back,F3,25,1.379008294230867e-08
1,3-back,F3,26,2.1881170307113454e-08
1,3-back,F3,27,5.6596637417329474e-08
1,3-back,F3,28,4.934394619363266e-08
1,3-back,F3,29,1.997529387779335e-08
1,3-back,F3,30,4.194867391974763e-08
1,3-back,F3,31,9.210293324048238e-08
1,3-back,F3,32,3.523952743350362e-08
1,3-back,F3,33,8.688468605118227e-08
1,3-back,F3,34,3.5103417240743384e-08
1,3-back,F3,35,5.759409576111888e-08
1,3-back,F3,36,2.6365523077443295e-08
1,3-back,F3,37,1.6802726918125208e-07
1,3-back,F3,38,1.63223079891131e-08
1,3-back,F3,39,4.4295417280928434e-08
1,3-back,F3,40,3.7415936370776465e-08
1,3-back,F3,41,7.610878424941079e-08
1,3-back,F3,42,8.5782398014214e-09
1,3-back,F3,43,8.273133593907888e-08
1,3-back,F3,44,4.0399670298790996e-08
1,3-back,F3,45,1.0959024223920336e-08
1,3-back,F3,46,4.181450189802127e-08
1,3-back,F3,47,9.877859576689795e-08
1,3-back,F3,48,1.776369747232695e-08
1,3-back,F3,49,8.332872521650864e-08
1,3-back,F3,50,7.297396812941968e-08
1,3-back,F3,51,4.9914309771379315e-08
1,3-back,F3,52,2.284826969990813e-08
1,3-back,F3,53,6.237594123214903e-08
1,3-back,F3,54,4.844562743835721e-08
1,3-back,F3,55,8.638414707430627e-08
1,3-back,F3,56,1.2666181700485403e-07
1,3-back,F3,57,9.258153915011996e-08
1,3-back,F3,58,1.1427732536004407e-07
1,3-back,F3,59,6.11569676017945e-08
1,3-back,F4,1,1.2242920456413238e-08
1,3-back,F4,2,2.359626711235801e-08
1,3-back,F4,3,1.209698995439604e-07
1,3-back,F4,4,8.350914530217724e-08
1,3-back,F4,5,1.0558365356288614e-07
1,3-back,F4,6,5.335022909926964e-08
1,3-back,F4,7,5.8969905856966775e-08
1,3-back,F4,8,1.733596379775429e-08
1,3-back,F4,9,3.45115213775019e-08
1,3-back,F4,10,4.2511409803650524e-08
1,3-back,F4,11,8.075428884165686e-09
1,3-back,F4,12,7.471733612858279e-08
1,3-back,F4,13,5.65094247783021e-08
1,3-back,F4,14,5.5760918851125684e-08
1,3-back,F4,15,5.867947187425156e-08
1,3-back,F4,16,1.9477621867886418e-08
1,3-back,F4,17,1.44909288864493e-07
1,3-back,F4,18,1.2996494676618211e-08
1,3-back,F4,19,5.765106994717076e-08
1,3-back,F4,20,2.485353259523202e-08
1,3-back,F4,21,6.762944098478094e-08
1,3-back,F4,22,3.223250443390288e-08
1,3-back,F4,23,7.221587082905056e-08
1,3-back,F4,24,1.6016166521662356e-08
1,3-back,F4,25,1.988476821308188e-08
1,3-back,F4,26,1.6040550153982235e-08
1,3-back,F4,27,6.954652389483808e-08
1,3-back,F4,28,3.2537979679018734e-08
1,3-back,F4,29,2.079243186810841e-08
1,3-back,F4,30,1.9365096758585617e-08
1,3-back,F4,31,1.0256307486174389e-07
1,3-back,F4,32,2.099375701427178e-08
1,3-back,F4,33,4.917312258893185e-08
1,3-back,F4,34,1.995715856566775e-08
1,3-back,F4,35,3.7256370869986976e-08
1,3-back,F4,36,2.6653315011325054e-08
1,3-back,F4,37,2.0685712143904034e-07
1,3-back,F4,38,1.5165372540267445e-08
1,3-back,F4,39,2.9627627121998618e-08
1,3-back,F4,40,1.7615622585270847e-08
1,3-back,F4,41,6.169596370036044e-08
1,3-back,F4,42,8.25400307008718e-09
1,3-back,F4,43,6.073572541233343e-08
1,3-back,F4,44,3.0629042026392715e-08
1,3-back,F4,45,1.5034315846951892e-08
1,3-back,F4,46,2.9716330213250797e-08
1,3-back,F4,47,7.194767413263019e-08
1,3-back,F4,48,2.000405532023285e-08
1,3-back,F4,49,7.959055201614552e-08
1,3-back,F4,50,7.097375520931483e-08
1,3-back,F4,51,4.370192320390807e-08
1,3-back,F4,52,1.6603646919911954e-08
1,3-back,F4,53,5.72769852773574e-08
1,3-back,F4,54,1.723199798256719e-08
1,3-back,F4,55,3.965124573646572e-08
1,3-back,F4,56,5.810458161852894e-08
1,3-back,F4,57,2.2236372029277758e-08
1,3-back,F4,58,8.655597618340393e-08
1,3-back,F4,59,5.350701193523778e-08
1,3-back,F7,1,2.3031321058050512e-08
1,3-back,F7,2,4.870416659417333e-08
1,3-back,F7,3,2.486184356513231e-07
1,3-back,F7,4,1.466757146407674e-07
1,3-back,F7,5,6.548871628528685e-08
1,3-back,F7,6,1.2877073347508839e-07
1,3-back,F7,7,1.5179811166432678e-07
1,3-back,F7,8,9.043833194311141e-09
1,3-back,F7,9,9.477737801974623e-08
1,3-back,F7,10,8.49147863744823e-08
1,3-back,F7,11,1.1543038300938663e-08
1,3-back,F7,12,1.4340071760721604e-07
1,3-back,F7,13,1.0218143930360212e-07
1,3-back,F7,14,1.334232086252324e-07
1,3-back,F7,15,7.647332539488451e-08
1,3-back,F7,16,1.3446556156204142e-08
1,3-back,F7,17,2.7640579387495656e-07
1,3-back,F7,18,1.9416833376845088e-08
1,3-back,F7,19,1.2582571766880174e-07
1,3-back,F7,20,5.187248420761565e-08
1,3-back,F7,21,9.185350886451499e-08
1,3-back,F7,22,3.4456473290073166e-08
1,3-back,F7,23,1.5984481982806877e-07
1,3-back,F7,24,6.637986303124637e-09
1,3-back,F7,25,1.697455216168711e-08
1,3-back,F7,26,1.1752571740296536e-08
1,3-back,F7,27,1.1267236199795736e-07
1,3-back,F7,28,9.486384873176758e-08
1,3-back,F7,29,1.5304524626837912e-08
1,3-back,F7,30,5.9061348399179484e-08
1,3-back,F7,31,1.1881065348716783e-07
1,3-back,F7,32,3.337918038335748e-08
1,3-back,F7,33,1.2106888850679636e-07
1,3-back,F7,34,5.1183636367704354e-08
1,3-back,F7,35,8.164424769629773e-08
1,3-back,F7,36,2.7512623235243656e-08
1,3-back,F7,37,2.048822818362296e-07
1,3-back,F7,38,1.514647510628461e-08
1,3-back,F7,39,6.417103027756881e-08
1,3-back,F7,40,3.998864596124545e-08
1,3-back,F7,41,1.1737082586640353e-07
1,3-back,F7,42,1.366414758649626e-08
1,3-back,F7,43,9.057966490194819e-08
1,3-back,F7,44,2.4457059073477042e-08
1,3-back,F7,45,7.551382550871936e-09
1,3-back,F7,46,6.485944724145261e-08
1,3-back,F7,47,1.2956964066099768e-07
1,3-back,F7,48,1.1164135069349724e-08
1,3-back,F7,49,1.626141052420669e-07
1,3-back,F7,50,1.2200633673635418e-07
1,3-back,F7,51,6.352053207793288e-08
1,3-back,F7,52,1.529397518601446e-08
1,3-back,F7,53,1.1364536952732847e-07
1,3-back,F7,54,1.7559399410855687e-08
1,3-back,F7,55,6.781343115507295e-08
1,3-back,F7,56,1.660819659573591e-07
1,3-back,F7,57,2.092760028625593e-08
1,3-back,F7,58,2.0718909701787562e-07
1,3-back,F7,59,1.1732977566169288e-07
1,3-back,F8,1,1.2914585486251814e-08
1,3-back,F8,2,1.518638257804181e-08
1,3-back,F8,3,1.681209803653503e-07
1,3-back,F8,4,1.2237022114304834e-07
1,3-back,F8,5,7.85366622220295e-08
1,3-back,F8,6,8.940257663062304e-08
1,3-back,F8,7,7.779896412723503e-08
1,3-back,F8,8,1.1476816041251631e-08
1,3-back,F8,9,4.326444279539902e-08
1,3-back,F8,10,5.465950339891403e-08
1,3-back,F8,11,1.0334499707167163e-08
1,3-back,F8,12,1.0002132985616218e-07
1,3-back,F8,13,9.39632174245144e-08
1,3-back,F8,14,7.794877401829213e-08
1,3-back,F8,15,7.270738584490655e-08
1,3-back,F8,16,1.6921737394508603e-08
1,3-back,F8,17,1.8854872178753814e-07
1,3-back,F8,18,1.4951397801305708e-08
1,3-back,F8,19,7.241379636808675e-08
1,3-back,F8,20,3.541907202792895e-08
1,3-back,F8,21,9.672224488268242e-08
1,3-back,F8,22,2.681346120817004e-08
1,3-back,F8,23,9.448161640753335e-08
1,3-back,F8,24,1.198465488898299e-08
1,3-back,F8,25,2.1523415554212774e-08
1,3-back,F8,26,6.488218810195262e-09
1,3-back,F8,27,7.484228808926939e-08
1,3-back,F8,28,5.702305732602358e-08
1,3-back,F8,29,2.1564554348415126e-08
1,3-back,F8,30,1.961877424073311e-08
1,3-back,F8,31,1.5810281560299822e-07
1,3-back,F8,32,1.9735444197657653e-08
1,3-back,F8,33,5.275890608115716e-08
1,3-back,F8,34,1.955625107193599e-08
1,3-back,F8,35,4.1974879960718475e-08
1,3-back,F8,36,1.755095880277704e-08
1,3-back,F8,37,2.954018209914764e-07
1,3-back,F8,38,1.1941902648919846e-08
1,3-back,F8,39,3.354136406216084e-08
1,3-back,F8,40,9.581397713846627e-09
1,3-back,F8,41,8.23224736145964e-08
1,3-back,F8,42,1.1817657361080969e-08
1,3-back,F8,43,5.349681851744117e-08
1,3-back,F8,44,2.1352729650091334e-08
1,3-back,F8,45,1.221829820934147e-08
1,3-back,F8,46,2.816510988093777e-08
1,3-back,F8,47,8.154979767302606e-08
1,3-back,F8,48,1.7485868888275093e-08
1,3-back,F8,49,1.0716597171309578e-07
1,3-back,F8,50,7.75097722924516e-08
1,3-back,F8,51,3.875551735382674e-08
1,3-back,F8,52,1.3522653179249293e-08
1,3-back,F8,53,7.99520343830766e-08
1,3-back,F8,54,1.8695827931427954e-08
1,3-back,F8,55,5.0924969063680785e-08
1,3-back,F8,56,7.293964295193626e-08
1,3-back,F8,57,1.403716610348296e-08
1,3-back,F8,58,1.2752803366006063e-07
1,3-back,F8,59,6.773504533014046e-08
1,3-back,Fz,1,1.644637843242065e-08
1,3-back,Fz,2,2.5736039921720318e-08
1,3-back,Fz,3,1.359265691105151e-07
1,3-back,Fz,4,9.335307021183561e-08
1,3-back,Fz,5,7.721864833514568e-08
1,3-back,Fz,6,5.495212629344207e-08
1,3-back,Fz,7,6.13709337417571e-08
1,3-back,Fz,8,1.8868981649127268e-08
1,3-back,Fz,9,4.316958216830356e-08
1,3-back,Fz,10,5.188441252823645e-08
1,3-back,Fz,11,8.92791972974235e-09
1,3-back,Fz,12,7.91633795753815e-08
1,3-back,Fz,13,5.710283447913038e-08
1,3-back,Fz,14,6.354836846383287e-08
1,3-back,Fz,15,6.741191983972365e-08
1,3-back,Fz,16,2.3632030284096375e-08
1,3-back,Fz,17,1.6585023345989746e-07
1,3-back,Fz,18,1.3750414997041295e-08
1,3-back,Fz,19,5.7756022468891206e-08
1,3-back,Fz,20,3.131818396123187e-08
1,3-back,Fz,21,5.703688500680732e-08
1,3-back,Fz,22,4.103778100736789e-08
1,3-back,Fz,23,8.452503416802152e-08
1,3-back,Fz,24,1.72612605032189e-08
1,3-back,Fz,25,2.0271796088847124e-08
1,3-back,Fz,26,2.1858175903397334e-08
1,3-back,Fz,27,6.652682300236533e-08
1,3-back,Fz,28,4.302215615483627e-08
1,3-back,Fz,29,2.0248625822574078e-08
1,3-back,Fz,30,3.276988963122853e-08
1,3-back,Fz,31,1.1174402304229293e-07
1,3-back,Fz,32,2.6655357815799938e-08
1,3-back,Fz,33,7.44942952872882e-08
1,3-back,Fz,34,3.1312271778558876e-08
1,3-back,Fz,35,5.368560130397261e-08
1,3-back,Fz,36,2.875213030936375e-08
1,3-back,Fz,37,1.9513201529704202e-07
1,3-back,Fz,38,1.5094706088132534e-08
1,3-back,Fz,39,3.617932898485788e-08
1,3-back,Fz,40,3.040680939179828e-08
1,3-back,Fz,41,6.999195828182308e-08
1,3-back,Fz,42,5.446958724373035e-09
1,3-back,Fz,43,7.341778894182553e-08
1,3-back,Fz,44,3.793657506871898e-08
1,3-back,Fz,45,1.1002569156938348e-08
1,3-back,Fz,46,3.749043363545984e-08
1,3-back,Fz,47,9.41241152732136e-08
1,3-back,Fz,48,2.3000594438082672e-08
1,3-back,Fz,49,7.617502664878297e-08
1,3-back,Fz,50,7.804691761794822e-08
1,3-back,Fz,51,5.090837257718377e-08
1,3-back,Fz,52,2.00658493963853e-08
1,3-back,Fz,53,6.423715928611655e-08
1,3-back,Fz,54,1.423902234045082e-08
1,3-back,Fz,55,5.357584064187874e-08
1,3-back,Fz,56,7.04273873160561e-08
1,3-back,Fz,57,2.7324942671472057e-08
1,3-back,Fz,58,8.862543319378314e-08
1,3-back,Fz,59,6.098381352676996e-08
1,4-back,F3,1,1.4951373217340094e-08
1,4-back,F3,2,8.244224147761397e-08
1,4-back,F3,3,1.1189860079664672e-07
1,4-back,F3,4,4.110725868583979e-08
1,4-back,F3,5,8.273422136292917e-08
1,4-back,F3,6,1.387703011751184e-07
1,4-back,F3,7,7.086209383132601e-08
1,4-back,F3,8,9.863204625064008e-08
1,4-back,F3,9,1.613938405021032e-07
1,4-back,F3,10,3.356649365338607e-07
1,4-back,F3,11,6.968929456162333e-08
1,4-back,F3,12,6.394771912348544e-08
1,4-back,F3,13,7.653498604356312e-08
1,4-back,F3,14,1.695760029796347e-08
1,4-back,F3,15,4.4475430337468585e-08
1,4-back,F3,16,6.835803777581134e-08
1,4-back,F3,17,3.88952725605481e-08
1,4-back,F3,18,6.756272744557567e-08
1,4-back,F3,19,1.9716178527463496e-08
1,4-back,F3,20,1.7547667616422e-07
1,4-back,F3,21,2.9752986198723135e-08
1,4-back,F3,22,8.219210357861082e-08
1,4-back,F3,23,8.866201098699125e-08
1,4-back,F3,24,3.045823027498668e-08
1,4-back,F3,25,5.259855742906139e-08
1,4-back,F3,26,5.002988649538559e-08
1,4-back,F3,27,1.2950241201104666e-07
1,4-back,F3,28,8.56925095615953e-08
1,4-back,F3,29,1.5869311328843394e-08
1,4-back,F3,30,1.9552049617986572e-07
1,4-back,F3,31,5.2878940028980756e-08
1,4-back,F3,32,1.1951203273326983e-07
1,4-back,F3,33,8.33528458081633e-08
1,4-back,F3,34,9.498233445628123e-08
1,4-back,F3,35,7.652531032025688e-08
1,4-back,F3,36,3.5969252122918176e-08
1,4-back,F3,37,1.4821272510891477e-07
1,4-back,F3,38,4.3154434672536566e-08
1,4-back,F3,39,1.1538412685131682e-07
1,4-back,F3,40,1.1508574558630186e-07
1,4-back,F3,41,1.53216892440162e-07
1,4-back,F3,42,9.184627524282151e-08
1,4-back,F3,43,1.8533766039461403e-08
1,4-back,F3,44,7.540245476498748e-08
1,4-back,F3,45,6.601998609627346e-09
1,4-back,F3,46,1.082939918715158e-08
1,4-back,F4,1,1.0261428082372928e-08
1,4-back,F4,2,5.2399568904404395e-08
1,4-back,F4,3,7.733012460165206e-08
1,4-back,F4,4,3.342879975529057e-08
1,4-back,F4,5,6.865363085083595e-08
1,4-back,F4,6,1.1830977287633499e-07
1,4-back,F4,7,4.901903767142615e-08
1,4-back,F4,8,6.868997434495989e-08
1,4-back,F4,9,1.220760071679789e-07
1,4-back,F4,10,1.216115958670054e-07
1,4-back,F4,11,1.2906624645545562e-07
1,4-back,F4,12,1.0536899167900407e-07
1,4-back,F4,13,5.02467178042222e-08
1,4-back,F4,14,1.101285817117457e-08
1,4-back,F4,15,2.510985900065236e-08
1,4-back,F4,16,5.4879649971914796e-08
1,4-back,F4,17,3.096573454724988e-08
1,4-back,F4,18,5.11870806314106e-08
1,4-back,F4,19,1.5483696857065567e-08
1,4-back,F4,20,1.398831947219273e-07
1,4-back,F4,21,1.7659737008495962e-08
1,4-back,F4,22,1.4801785702809397e-07
1,4-back,F4,23,6.806998630015947e-08
1,4-back,F4,24,2.9473845813466266e-08
1,4-back,F4,25,4.8398068938307765e-08
1,4-back,F4,26,4.642893314680812e-08
1,4-back,F4,27,9.506377456610962e-08
1,4-back,F4,28,9.737833602870143e-08
1,4-back,F4,29,1.3121054646650061e-08
1,4-back,F4,30,1.6996431085354786e-07
1,4-back,F4,31,5.173125546286768e-08
1,4-back,F4,32,1.0506859499197872e-07
1,4-back,F4,33,1.0142033532851829e-07
1,4-back,F4,34,6.115378231122399e-08
1,4-back,F4,35,6.091766814121061e-08
1,4-back,F4,36,2.9363329085634616e-08
1,4-back,F4,37,1.2850994586046675e-07
1,4-back,F4,38,4.8266658047840733e-08
1,4-back,F4,39,6.82753128784323e-08
1,4-back,F4,40,9.030810231791439e-08
1,4-back,F4,41,1.2635752055940147e-07
1,4-back,F4,42,6.608551179083553e-08
1,4-back,F4,43,1.502479491766424e-08
1,4-back,F4,44,5.24843745728366e-08
1,4-back,F4,45,6.9729255358193905e-09
1,4-back,F4,46,1.0099564086383793e-08
1,4-back,F7,1,1.8558839400847515e-08
1,4-back,F7,2,7.183318719751769e-08
1,4-back,F7,3,1.3441730044387712e-07
1,4-back,F7,4,7.585363139353275e-08
1,4-back,F7,5,7.149708104043322e-08
1,4-back,F7,6,2.8936207815019886e-07
1,4-back,F7,7,1.2147965809820064e-07
1,4-back,F7,8,1.0952964226524789e-07
1,4-back,F7,9,2.879757938465281e-07
1,4-back,F7,10,2.5412174321272367e-07
1,4-back,F7,11,8.957091070359604e-08
1,4-back,F7,12,8.619239905096503e-08
1,4-back,F7,13,1.6690190866818517e-07
1,4-back,F7,14,8.965396903839932e-09
1,4-back,F7,15,3.479943485852518e-08
1,4-back,F7,16,1.0858101525940883e-07
1,4-back,F7,17,2.4756143334471003e-08
1,4-back,F7,18,1.0071779543792109e-07
1,4-back,F7,19,1.1482498686333223e-08
1,4-back,F7,20,2.46965519322166e-07
1,4-back,F7,21,5.440332643588611e-08
1,4-back,F7,22,8.005812922929971e-08
1,4-back,F7,23,1.4588921419740365e-07
1,4-back,F7,24,4.271816815295661e-08
1,4-back,F7,25,1.2001574852746618e-07
1,4-back,F7,26,8.726834326283122e-08
1,4-back,F7,27,1.478111488966963e-07
1,4-back,F7,28,1.3109249559127023e-07
1,4-back,F7,29,9.058226594293397e-09
1,4-back,F7,30,2.889007379455811e-07
1,4-back,F7,31,9.616776795201264e-08
1,4-back,F7,32,2.2959535445831034e-07
1,4-back,F7,33,1.7010699817077436e-07
1,4-back,F7,34,1.1040977900276135e-07
1,4-back,F7,35,1.02115713076727e-07
1,4-back,F7,36,3.706822516441136e-08
1,4-back,F7,37,3.071232103531671e-07
1,4-back,F7,38,5.541712186644729e-08
1,4-back,F7,39,2.0267782365063889e-07
1,4-back,F7,40,1.9288197833877254e-07
1,4-back,F7,41,2.955843737640627e-07
1,4-back,F7,42,1.2724276935576613e-07
1,4-back,F7,43,1.0769406810201247e-08
1,4-back,F7,44,1.3842277041067763e-07
1,4-back,F7,45,7.837733261815473e-09
1,4-back,F7,46,1.2123034884584472e-08
1,4-back,F8,1,7.37109854948787e-09
1,4-back,F8,2,6.844199601626116e-08
1,4-back,F8,3,9.635374632516111e-08
1,4-back,F8,4,2.8533711877952727e-08
1,4-back,F8,5,5.6246171741055386e-08
1,4-back,F8,6,1.6542070676344075e-07
1,4-back,F8,7,7.245724578183226e-08
1,4-back,F8,8,7.199486807023113e-08
1,4-back,F8,9,1.668987152742037e-07
1,4-back,F8,10,1.4829172932553317e-07
1,4-back,F8,11,1.2432765861780048e-07
1,4-back,F8,12,1.220857647057528e-07
1,4-back,F8,13,8.084624347878516e-08
1,4-back,F8,14,1.2330459247418374e-08
1,4-back,F8,15,1.7849300678417903e-08
1,4-back,F8,16,7.617079276023511e-08
1,4-back,F8,17,1.209883426670815e-08
1,4-back,F8,18,6.618948253575099e-08
1,4-back,F8,19,9.421330879684671e-09
1,4-back,F8,20,1.5368358520310216e-07
1,4-back,F8,21,1.4579857924763493e-08
1,4-back,F8,22,1.1648495454183118e-07
1,4-back,F8,23,9.164528292156387e-08
1,4-back,F8,24,3.6351043811384344e-08
1,4-back,F8,25,6.594231685038219e-08
1,4-back,F8,26,6.782434438112395e-08
1,4-back,F8,27,1.0420212374614412e-07
1,4-back,F8,28,1.8747312325552466e-07
1,4-back,F8,29,6.493274521707089e-09
1,4-back,F8,30,2.0433521353875156e-07
1,4-back,F8,31,7.310490374636215e-08
1,4-back,F8,32,1.5252815005063702e-07
1,4-back,F8,33,1.7163402874615758e-07
1,4-back,F8,34,5.847226250347413e-08
1,4-back,F8,35,7.873196686161241e-08
1,4-back,F8,36,2.028303923880837e-08
1,4-back,F8,37,1.8071669628652353e-07
1,4-back,F8,38,5.0477035939300594e-08
1,4-back,F8,39,1.0920684231745568e-07
1,4-back,F8,40,1.338588746787609e-07
1,4-back,F8,41,1.7782273396935004e-07
1,4-back,F8,42,8.034848649865188e-08
1,4-back,F8,43,1.8170064716355186e-08
1,4-back,F8,44,7.99344096987065e-08
1,4-back,F8,45,7.832935257946752e-09
1,4-back,F8,46,6.187294550581185e-09
1,4-back,Fz,1,1.2358414865109789e-08
1,4-back,Fz,2,5.989071413167909e-08
1,4-back,Fz,3,9.033979377780497e-08
1,4-back,Fz,4,3.929264692370684e-08
1,4-back,Fz,5,6.98364076902825e-08
1,4-back,Fz,6,1.2665299916836454e-07
1,4-back,Fz,7,6.24333106767939e-08
1,4-back,Fz,8,7.446692207403373e-08
1,4-back,Fz,9,1.4382787777137005e-07
1,4-back,Fz,10,1.9090620283116463e-07
1,4-back,Fz,11,6.979632342864238e-08
1,4-back,Fz,12,7.199434742041063e-08
1,4-back,Fz,13,5.992035022259533e-08
1,4-back,Fz,14,1.5393616362865194e-08
1,4-back,Fz,15,4.740009187969566e-08
1,4-back,Fz,16,6.172367724961387e-08
1,4-back,Fz,17,4.127909506087123e-08
1,4-back,Fz,18,6.118978248296954e-08
1,4-back,Fz,19,1.8825541197076875e-08
1,4-back,Fz,20,1.759250708915546e-07
1,4-back,Fz,21,3.4188889256307727e-08
1,4-back,Fz,22,8.423667746990354e-08
1,4-back,Fz,23,6.969214408630507e-08
1,4-back,Fz,24,2.4039070178621388e-08
1,4-back,Fz,25,5.518670017320353e-08
1,4-back,Fz,26,4.330156892468833e-08
1,4-back,Fz,27,1.1145657242859679e-07
1,4-back,Fz,28,8.061701906755384e-08
1,4-back,Fz,29,1.4801910597708495e-08
1,4-back,Fz,30,1.8483511796098757e-07
1,4-back,Fz,31,6.058872820173907e-08
1,4-back,Fz,32,1.1684325387859434e-07
1,4-back,Fz,33,9.444295428286236e-08
1,4-back,Fz,34,7.747860090081559e-08
1,4-back,Fz,35,7.565146314170142e-08
1,4-back,Fz,36,3.448331812544318e-08
1,4-back,Fz,37,1.547176913627284e-07
1,4-back,Fz,38,4.59824118902592e-08
1,4-back,Fz,39,9.418601631815902e-08
1,4-back,Fz,40,9.935771947988099e-08
1,4-back,Fz,41,1.341907182670874e-07
1,4-back,Fz,42,7.269727172181428e-08
1,4-back,Fz,43,1.5955660975528863e-08
1,4-back,Fz,44,6.284479849212725e-08
1,4-back,Fz,45,1.2118478944130332e-08
1,4-back,Fz,46,9.588127323813688e-09
2,1-back,F3,1,2.6474463740456365e-08
2,1-back,F3,2,7.586663385686677e-09
2,1-back,F3,3,3.314045987837272e-08
2,1-back,F3,4,2.0830478075170537e-08
2,1-back,F3,5,1.0071933932184902e-07
2,1-back,F3,6,1.0954064659683964e-08
2,1-back,F3,7,9.740933157224354e-09
2,1-back,F3,8,1.3195934620789358e-07
2,1-back,F3,9,7.985880322093245e-08
2,1-back,F3,10,7.286871710105148e-08
2,1-back,F3,11,1.2056303935295338e-08
2,1-back,F3,12,3.3523949143495034e-08
2,1-back,F3,13,3.524391210941899e-08
2,1-back,F3,14,2.2186524525534322e-08
2,1-back,F3,15,9.503513827429914e-09
2,1-back,F3,16,6.309492079073108e-08
2,1-back,F3,17,1.4955159782320644e-08
2,1-back,F3,18,7.085625428647556e-08
2,1-back,F3,19,1.924679964914635e-08
2,1-back,F3,20,1.9034020602191827e-08
2,1-back,F3,21,8.357497702561554e-08
2,1-back,F3,22,1.2009951207501993e-08
2,1-back,F3,23,1.0997177459885053e-08
2,1-back,F3,24,4.627766914434172e-08
2,1-back,F3,25,4.8098631446150806e-08
2,1-back,F3,26,6.123274602179775e-08
2,1-back,F3,27,1.3350214193155632e-08
2,1-back,F3,28,3.468983152059366e-08
2,1-back,F3,29,1.1267321830350627e-08
2,1-back,F3,30,4.327002006376927e-08
2,1-back,F3,31,9.418309899848189e-09
2,1-back,F3,32,3.346610407258427e-08
2,1-back,F3,33,1.6528183959403008e-08
2,1-back,F3,34,1.556051740677171e-08
2,1-back,F3,35,1.5901109340631583e-08
2,1-back,F3,36,2.464527122725957e-08
2,1-back,F3,37,2.3737176815471367e-08
2,1-back,F3,38,1.1137095781684264e-08
2,1-back,F3,39,1.9426930917505953e-08
2,1-back,F3,40,1.400660363056668e-08
2,1-back,F3,41,6.295727328031997e-08
2,1-back,F3,42,1.256664151936134e-08
2,1-back,F3,43,4.789333112692102e-08
2,1-back,F3,44,1.7144127217210775e-08
2,1-back,F3,45,1.4775299346471329e-08
2,1-back,F3,46,9.097356559108775e-09
2,1-back,F3,47,1.8733031076146283e-08
2,1-back,F3,48,1.6923677385519654e-08
2,1-back,F3,49,5.8124505464350956e-08
2,1-back,F3,50,5.480303270993278e-08
2,1-back,F3,51,1.6769118801994972e-08
2,1-back,F3,52,4.91316948708696e-08
2,1-back,F3,53,4.2343441191526434e-08
2,1-back,F3,54,5.172543119552298e-08
2,1-back,F3,55,2.7716061355989185e-08
2,1-back,F3,56,1.2157104859297911e-08
2,1-back,F3,57,9.20947742555765e-08
2,1-back,F3,58,1.1645004012066002e-08
2,1-back,F3,59,4.180838836052513e-08
2,1-back,F3,60,4.830470675257472e-08
2,1-back,F3,61,1.6047351308397305e-08
2,1-back,F3,62,5.052890051271411e-08
2,1-back,F3,63,5.0476863258088545e-08
2,1-back,F3,64,6.293262091389862e-08
2,1-back,F3,65,4.4209193003888676e-08
2,1-back,F3,66,2.210550640852746e-08
2,1-back,F3,67,3.0418576416228125e-08
2,1-back,F3,68,1.7975332852985253e-08
2,1-back,F4,1,2.6668736662833815e-08
2,1-back,F4,2,6.6453539252114224e-09
2,1-back,F4,3,2.338974616113363e-08
2,1-back,F4,4,1.7524108785441737e-08
2,1-back,F4,5,6.099888057418164e-08
2,1-back,F4,6,1.4412149511004847e-08
2,1-back,F4,7,7.833080047076846e-09
2,1-back,F4,8,7.579038495163324e-08
2,1-back,F4,9,8.745745777492256e-08
2,1-back,F4,10,6.919431097531138e-08
2,1-back,F4,11,1.5489656102660907e-08
2,1-back,F4,12,2.459684646776328e-08
2,1-back,F4,13,1.8148136111228722e-08
2,1-back,F4,14,1.5753191767351916e-08
2,1-back,F4,15,1.4138171331640913e-08
2,1-back,F4,16,5.5362809106777145e-08
2,1-back,F4,17,1.0818569046031232e-08
2,1-back,F4,18,4.612226294295315e-08
2,1-back,F4,19,2.630701765252246e-08
2,1-back,F4,20,1.2509340142916543e-08
2,1-back,F4,21,6.138372227224913e-08
2,1-back,F4,22,1.9835898589483577e-08
2,1-back,F4,23,1.9540588045485246e-08
2,1-back,F4,24,4.852210023327315e-08
2,1-back,F4,25,1.7578365116806142e-08
2,1-back,F4,26,4.3233299763151e-08
2,1-back,F4,27,1.0124579529270246e-08
2,1-back,F4,28,1.0022600186794768e-07
2,1-back,F4,29,1.2352638563677638e-08
2,1-back,F4,30,4.574502843248644e-08
2,1-back,F4,31,6.3246851753749e-09
2,1-back,F4,32,3.778687604747647e-08
2,1-back,F4,33,1.397026315153951e-08
2,1-back,F4,34,1.3671771555967093e-08
2,1-back,F4,35,1.0805405531553215e-08
2,1-back,F4,36,1.3450425039840553e-08
2,1-back,F4,37,1.3565640186089304e-08
2,1-back,F4,38,8.006122098108046e-09
2,1-back,F4,39,2.3973746743631763e-08
2,1-back,F4,40,1.4259895901099933e-08
2,1-back,F4,41,4.2964472166047493e-08
2,1-back,F4,42,1.0462740613077367e-08
2,1-back,F4,43,3.619362480451434e-08
2,1-back,F4,44,1.1245108120055516e-08
2,1-back,F4,45,1.4012951310048428e-08
2,1-back,F4,46,8.46825301189948e-09
2,1-back,F4,47,1.697945459661403e-08
2,1-back,F4,48,1.606534998560812e-08
2,1-back,F4,49,4.356011969993447e-08
2,1-back,F4,50,4.6196194636367305e-08
2,1-back,F4,51,1.2826102131298818e-08
2,1-back,F4,52,3.949972854606095e-08
2,1-back,F4,53,1.576053762624392e-08
2,1-back,F4,54,4.044478585900885e-08
2,1-back,F4,55,2.039195340113252e-08
2,1-back,F4,56,1.8448896280119197e-08
2,1-back,F4,57,8.095830189158216e-08
2,1-back,F4,58,8.26460067782996e-09
2,1-back,F4,59,3.9855523593465614e-08
2,1-back,F4,60,4.1565993693238595e-08
2,1-back,F4,61,1.4624606545376963e-08
2,1-back,F4,62,3.889334003372535e-08
2,1-back,F4,63,3.42120228349546e-08
2,1-back,F4,64,6.450675241563024e-08
2,1-back,F4,65,3.311517069286228e-08
2,1-back,F4,66,1.323973325626502e-08
2,1-back,F4,67,3.662764293375885e-08
2,1-back,F4,68,1.8823218066497254e-08
2,1-back,F7,1,1.7013789675563083e-08
2,1-back,F7,2,6.73675385292546e-09
2,1-back,F7,3,3.3781854682072835e-08
2,1-back,F7,4,1.2952328535999077e-08
2,1-back,F7,5,1.4400298323517778e-07
2,1-back,F7,6,7.55182268927785e-09
2,1-back,F7,7,6.2301178484832086e-09
2,1-back,F7,8,2.5046159022227243e-07
2,1-back,F7,9,7.760776522115888e-08
2,1-back,F7,10,1.4283440563306536e-07
2,1-back,F7,11,1.7374495342762857e-08
2,1-back,F7,12,5.383913548200117e-08
2,1-back,F7,13,1.6965907858191152e-08
2,1-back,F7,14,1.249975621597495e-08
2,1-back,F7,15,6.15555525114573e-09
2,1-back,F7,16,8.909904338064478e-08
2,1-back,F7,17,1.2124965659381903e-08
2,1-back,F7,18,1.1744319177364211e-07
2,1-back,F7,19,7.311729636511019e-09
2,1-back,F7,20,1.7823600004905194e-08
2,1-back,F7,21,1.4500440729042323e-07
2,1-back,F7,22,1.1299689847515722e-08
2,1-back,F7,23,2.7144196110860193e-08
2,1-back,F7,24,7.560189311625552e-08
2,1-back,F7,25,1.8291391897286962e-08
2,1-back,F7,26,8.077681204562476e-08
2,1-back,F7,27,1.380907870064159e-08
2,1-back,F7,28,3.0996456993788256e-08
2,1-back,F7,29,9.936985955208273e-09
2,1-back,F7,30,8.76821388575198e-08
2,1-back,F7,31,9.446153146898518e-09
2,1-back,F7,32,5.270903844440515e-08
2,1-back,F7,33,7.433017318128532e-09
2,1-back,F7,34,6.64474078883738e-09
2,1-back,F7,35,1.1651630612926572e-08
2,1-back,F7,36,2.6512948172964843e-08
2,1-back,F7,37,1.419953374438314e-08
2,1-back,F7,38,3.5463092636259255e-09
2,1-back,F7,39,1.3647842066561953e-08
2,1-back,F7,40,1.1050990131291021e-08
2,1-back,F7,41,1.0369000456940007e-07
2,1-back,F7,42,8.289764233161303e-09
2,1-back,F7,43,7.384854703098821e-08
2,1-back,F7,44,9.779167887000016e-09
2,1-back,F7,45,1.5156294087121218e-08
2,1-back,F7,46,5.7035150047788675e-09
2,1-back,F7,47,4.956352005425325e-08
2,1-back,F7,48,1.071535227502561e-08
2,1-back,F7,49,8.747013291561451e-08
2,1-back,F7,50,1.0064506661108529e-07
2,1-back,F7,51,1.1624188604234345e-08
2,1-back,F7,52,7.761068225926019e-08
2,1-back,F7,53,1.607691813322289e-08
2,1-back,F7,54,7.087775704052323e-08
2,1-back,F7,55,1.9697340594791664e-08
2,1-back,F7,56,1.7858669130389312e-08
2,1-back,F7,57,1.0805571743174723e-07
2,1-back,F7,58,7.096768531277052e-09
2,1-back,F7,59,7.575432573700921e-08
2,1-back,F7,60,7.65101736406218e-08
2,1-back,F7,61,2.2271497609194342e-08
2,1-back,F7,62,6.967613055740711e-08
2,1-back,F7,63,6.065752017537631e-08
2,1-back,F7,64,1.099415263352434e-07
2,1-back,F7,65,6.834657397642529e-08
2,1-back,F7,66,1.900799373680557e-08
2,1-back,F7,67,5.351490327579412e-08
2,1-back,F7,68,1.4218826903838005e-08
2,1-back,F8,1,1.8371455781851217e-08
2,1-back,F8,2,4.393699961547935e-09
2,1-back,F8,3,2.7518562583411187e-08
2,1-back,F8,4,9.817199267735382e-09
2,1-back,F8,5,8.658673310200396e-08
2,1-back,F8,6,1.1758526122227097e-08
2,1-back,F8,7,1.1175585223441121e-08
2,1-back,F8,8,9.689930120741662e-08
2,1-back,F8,9,1.0087861737958981e-07
2,1-back,F8,10,8.647630804195938e-08
2,1-back,F8,11,1.30309835098853e-08
2,1-back,F8,12,3.062135022865472e-08
2,1-back,F8,13,9.58253187589911e-09
2,1-back,F8,14,1.6101641736899714e-08
2,1-back,F8,15,1.1257105184634157e-08
2,1-back,F8,16,8.813192707457517e-08
2,1-back,F8,17,6.5476148923993416e-09
2,1-back,F8,18,5.898782661352487e-08
2,1-back,F8,19,1.3851904932520856e-08
2,1-back,F8,20,8.28796048258137e-09
2,1-back,F8,21,7.529952771999508e-08
2,1-back,F8,22,1.745763631722594e-08
2,1-back,F8,23,1.5393762340412184e-08
2,1-back,F8,24,6.233042694086583e-08
2,1-back,F8,25,1.2235163665137928e-08
2,1-back,F8,26,5.1179396619466315e-08
2,1-back,F8,27,5.744805893431712e-09
2,1-back,F8,28,8.507053361810233e-08
2,1-back,F8,29,1.355721051144427e-08
2,1-back,F8,30,6.257825915621946e-08
2,1-back,F8,31,5.259068054923255e-09
2,1-back,F8,32,4.829540895097562e-08
2,1-back,F8,33,1.3376139061735174e-08
2,1-back,F8,34,1.2036480286939273e-08
2,1-back,F8,35,1.103180328031204e-08
2,1-back,F8,36,1.350531115820436e-08
2,1-back,F8,37,2.0612405341071153e-08
2,1-back,F8,38,1.051696763392764e-08
2,1-back,F8,39,1.3515572467548941e-08
2,1-back,F8,40,6.852358357157286e-09
2,1-back,F8,41,5.534418899173432e-08
2,1-back,F8,42,6.4243165304000755e-09
2,1-back,F8,43,3.7662644622302576e-08
2,1-back,F8,44,7.4483869135949425e-09
2,1-back,F8,45,1.0054826545315843e-08
2,1-back,F8,46,7.077674061295189e-09
2,1-back,F8,47,2.701044718344697e-08
2,1-back,F8,48,1.3827278540898579e-08
2,1-back,F8,49,4.873773915883845e-08
2,1-back,F8,50,5.1583397932914164e-08
2,1-back,F8,51,1.2900369844216624e-08
2,1-back,F8,52,5.153666036071614e-08
2,1-back,F8,53,1.0197881384335092e-08
2,1-back,F8,54,5.0151299672769295e-08
2,1-back,F8,55,1.6040315036338118e-08
2,1-back,F8,56,1.5946535163373986e-08
2,1-back,F8,57,1.0271834849707628e-07
2,1-back,F8,58,5.49057806273858e-09
2,1-back,F8,59,5.3453497133214994e-08
2,1-back,F8,60,6.444696929027769e-08
2,1-back,F8,61,1.3011424771049434e-08
2,1-back,F8,62,4.770547071526089e-08
2,1-back,F8,63,5.897497272940789e-08
2,1-back,F8,64,9.162968948261287e-08
2,1-back,F8,65,4.4797916522989794e-08
2,1-back,F8,66,1.0679295190847669e-08
2,1-back,F8,67,4.7613680413928785e-08
2,1-back,F8,68,1.3956952513506106e-08
2,1-back,Fz,1,2.7239456615116087e-08
2,1-back,Fz,2,8.080056679190019e-09
2,1-back,Fz,3,2.836856542849598e-08
2,1-back,Fz,4,2.1015183831835497e-08
2,1-back,Fz,5,6.914446696069758e-08
2,1-back,Fz,6,1.5578045468510315e-08
2,1-back,Fz,7,8.6961481267257e-09
2,1-back,Fz,8,9.720356016555894e-08
2,1-back,Fz,9,7.016475148685154e-08
2,1-back,Fz,10,6.56291355450803e-08
2,1-back,Fz,11,1.7547216524951724e-08
2,1-back,Fz,12,2.755819795323556e-08
2,1-back,Fz,13,2.1078397413191902e-08
2,1-back,Fz,14,1.9933590958194127e-08
2,1-back,Fz,15,1.2738702218311466e-08
2,1-back,Fz,16,6.390315136698142e-08
2,1-back,Fz,17,1.645701241288497e-08
2,1-back,Fz,18,5.405915161302469e-08
2,1-back,Fz,19,2.021976728432296e-08
2,1-back,Fz,20,1.4443746956203492e-08
2,1-back,Fz,21,6.952254049916097e-08
2,1-back,Fz,22,1.8076998219533066e-08
2,1-back,Fz,23,1.6029551040486588e-08
2,1-back,Fz,24,5.1274442086660856e-08
2,1-back,Fz,25,1.9205620661951273e-08
2,1-back,Fz,26,5.530839177115686e-08
2,1-back,Fz,27,1.1645882008085448e-08
2,1-back,Fz,28,5.559402887968249e-08
2,1-back,Fz,29,1.1621913885802577e-08
2,1-back,Fz,30,4.922698470491837e-08
2,1-back,Fz,31,6.732151163949909e-09
2,1-back,Fz,32,4.110291701405358e-08
2,1-back,Fz,33,1.4494194985669322e-08
2,1-back,Fz,34,1.431373901352352e-08
2,1-back,Fz,35,1.4097687062767657e-08
2,1-back,Fz,36,1.8293509487159304e-08
2,1-back,Fz,37,1.5072902227500212e-08
2,1-back,Fz,38,9.120333269288017e-09
2,1-back,Fz,39,2.6883900487531788e-08
2,1-back,Fz,40,1.527387782133514e-08
2,1-back,Fz,41,5.441663430655962e-08
2,1-back,Fz,42,9.938013602019218e-09
2,1-back,Fz,43,4.382737538476425e-08
2,1-back,Fz,44,1.3069424312931042e-08
2,1-back,Fz,45,1.932115220357755e-08
2,1-back,Fz,46,1.151197271592819e-08
2,1-back,Fz,47,1.9672022504675226e-08
2,1-back,Fz,48,1.5958439442953323e-08
2,1-back,Fz,49,5.261218088183367e-08
2,1-back,Fz,50,5.2823544324865905e-08
2,1-back,Fz,51,1.1627779393112622e-08
2,1-back,Fz,52,4.296276290128261e-08
2,1-back,Fz,53,1.9861764623837016e-08
2,1-back,Fz,54,5.269724320644189e-08
2,1-back,Fz,55,3.059399074045111e-08
2,1-back,Fz,56,1.6591532911392655e-08
2,1-back,Fz,57,8.616019886273486e-08
2,1-back,Fz,58,1.2583859134717824e-08
2,1-back,Fz,59,4.894928074794032e-08
2,1-back,Fz,60,4.6705382763059884e-08
2,1-back,Fz,61,1.8591064825651706e-08
2,1-back,Fz,62,4.638768970316508e-08
2,1-back,Fz,63,4.1363978756696935e-08
2,1-back,Fz,64,7.024746815465851e-08
2,1-back,Fz,65,3.701436775599335e-08
2,1-back,Fz,66,2.058720228604802e-08
2,1-back,Fz,67,2.81133191877879e-08
2,1-back,Fz,68,1.9952054688227286e-08
2,2-back,F3,1,1.258112315672838e-08
2,2-back,F3,2,5.902641988465279e-08
2,2-back,F3,3,1.4988493989790375e-08
2,2-back,F3,4,6.486653421159096e-08
2,2-back,F3,5,9.762648463549505e-09
2,2-back,F3,6,5.333269505914664e-08
2,2-back,F3,7,7.637187787819592e-08
2,2-back,F3,8,3.38501668185352e-08
2,2-back,F3,9,7.133288729888386e-08
2,2-back,F3,10,6.410639986482334e-08
2,2-back,F3,11,1.9708819404838616e-08
2,2-back,F3,12,6.156870702848141e-08
2,2-back,F3,13,7.623987690572141e-08
2,2-back,F3,14,6.765551374301402e-08
2,2-back,F3,15,2.27986051158922e-08
2,2-back,F3,16,9.321882379714563e-08
2,2-back,F3,17,3.176991232659044e-08
2,2-back,F3,18,3.773787727894376e-08
2,2-back,F3,19,6.68098960784954e-08
2,2-back,F3,20,1.5218122469309884e-08
2,2-back,F3,21,5.7930570182527215e-08
2,2-back,F3,22,9.489357864841866e-08
2,2-back,F3,23,6.677449470386469e-08
2,2-back,F3,24,3.255657203761768e-08
2,2-back,F3,25,9.943315722813215e-08
2,2-back,F3,26,1.3725205091966564e-08
2,2-back,F3,27,3.3672071487917426e-08
2,2-back,F3,28,2.1572365384352132e-08
2,2-back,F3,29,9.768132839773346e-08
2,2-back,F3,30,1.775830911705281e-08
2,2-back,F3,31,8.465335991360732e-08
2,2-back,F3,32,2.3483905400247036e-08
2,2-back,F3,33,7.154583713144988e-08
2,2-back,F3,34,1.3448886947888373e-08
2,2-back,F3,35,2.9276142046562813e-08
2,2-back,F3,36,5.890564979105421e-08
2,2-back,F3,37,7.96917649538424e-08
2,2-back,F3,38,7.88416929170918e-08
2,2-back,F3,39,8.033044964221479e-08
2,2-back,F3,40,1.1242933496138266e-07
2,2-back,F3,41,9.71976710367629e-09
2,2-back,F3,42,7.189287051599077e-08
2,2-back,F3,43,1.0713303600536154e-08
2,2-back,F3,44,9.394070346753318e-08
2,2-back,F3,45,3.4163799541267116e-08
2,2-back,F3,46,7.610610400495506e-08
2,2-back,F3,47,1.7493847732070187e-08
2,2-back,F3,48,7.385687850246794e-08
2,2-back,F3,49,8.122418053549055e-08
2,2-back,F3,50,4.872082136018361e-08
2,2-back,F3,51,1.9136321459051504e-08
2,2-back,F3,52,7.666815020432236e-08
2,2-back,F3,53,7.80804309207617e-08
2,2-back,F3,54,5.680443972056062e-08
2,2-back,F3,55,8.196460170992128e-08
2,2-back,F3,56,5.3188288667895496e-08
2,2-back,F3,57,7.479194935722917e-08
2,2-back,F3,58,9.717628958403455e-08
2,2-back,F3,59,3.6381775749970197e-08
2,2-back,F3,60,1.0632402349751846e-07
2,2-back,F3,61,2.867648764150674e-08
2,2-back,F3,62,4.6294954611444455e-08
2,2-back,F3,63,2.026867133642095e-08
2,2-back,F3,64,4.850688279645084e-08
2,2-back,F3,65,5.806047391867465e-08
2,2-back,F3,66,3.661024162518435e-08
2,2-back,F3,67,6.141189206154054e-08
2,2-back,F4,1,1.230281720918032e-08
2,2-back,F4,2,4.816714967576017e-08
2,2-back,F4,3,1.72839810227639e-08
2,2-back,F4,4,3.858434410440946e-08
2,2-back,F4,5,1.2473205696006408e-08
2,2-back,F4,6,4.7820924072909265e-08
2,2-back,F4,7,6.416008424645911e-08
2,2-back,F4,8,3.6782145228423565e-08
2,2-back,F4,9,4.69599872361545e-08
2,2-back,F4,10,5.5271303691681844e-08
2,2-back,F4,11,1.9686190929151047e-08
2,2-back,F4,12,4.723230064106107e-08
2,2-back,F4,13,6.158554418925386e-08
2,2-back,F4,14,5.423879285517e-08
2,2-back,F4,15,1.4351031850577144e-08
2,2-back,F4,16,7.530241107358409e-08
2,2-back,F4,17,3.819885230657346e-08
2,2-back,F4,18,3.181615060127395e-08
2,2-back,F4,19,5.056275043742726e-08
2,2-back,F4,20,1.2637788123819343e-08
2,2-back,F4,21,5.2314631084601234e-08
2,2-back,F4,22,8.1750905176563e-08
2,2-back,F4,23,5.822182759022627e-08
2,2-back,F4,24,2.764885612286776e-08
2,2-back,F4,25,9.132505671799798e-08
2,2-back,F4,26,1.268539242958097e-08
2,2-back,F4,27,2.7025474011094538e-08
2,2-back,F4,28,9.43125433017699e-09
2,2-back,F4,29,9.260147195099032e-08
2,2-back,F4,30,1.3214781459532969e-08
2,2-back,F4,31,6.634705402122698e-08
2,2-back,F4,32,1.6717378120762763e-08
2,2-back,F4,33,3.907743783029536e-08
2,2-back,F4,34,1.7315186332158557e-08
2,2-back,F4,35,2.9703258338983916e-08
2,2-back,F4,36,4.500252859960278e-08
2,2-back,F4,37,6.036323249927589e-08
2,2-back,F4,38,5.996667599084922e-08
2,2-back,F4,39,5.103564178847526e-08
2,2-back,F4,40,8.876566334994257e-08
2,2-back,F4,41,1.0036811356962116e-08
2,2-back,F4,42,4.785447959458695e-08
2,2-back,F4,43,1.2364117010968668e-08
2,2-back,F4,44,8.820860727877805e-08
2,2-back,F4,45,2.7440283266155937e-08
2,2-back,F4,46,4.702074998753793e-08
2,2-back,F4,47,2.1346202351301247e-08
2,2-back,F4,48,5.662792654984894e-08
2,2-back,F4,49,5.4854754872532925e-08
2,2-back,F4,50,4.044335245150973e-08
2,2-back,F4,51,1.4491376232090228e-08
2,2-back,F4,52,6.788934379610139e-08
2,2-back,F4,53,7.348296532058503e-08
2,2-back,F4,54,4.1776451250943944e-08
2,2-back,F4,55,4.512980976220041e-08
2,2-back,F4,56,3.965031299127334e-08
2,2-back,F4,57,5.16889026118953e-08
2,2-back,F4,58,6.930498559957255e-08
2,2-back,F4,59,2.4810929902487857e-08
2,2-back,F4,60,6.476113612060449e-08
2,2-back,F4,61,2.8533953552617845e-08
2,2-back,F4,62,3.7486895729862224e-08
2,2-back,F4,63,2.3909634790984965e-08
2,2-back,F4,64,3.791562413805645e-08
2,2-back,F4,65,4.325635831314311e-08
2,2-back,F4,66,3.4735386912904433e-08
2,2-back,F4,67,4.223913144806151e-08
2,2-back,F7,1,1.16410601285312e-08
2,2-back,F7,2,9.137504015809412e-08
2,2-back,F7,3,9.137869531850573e-09
2,2-back,F7,4,1.30464746790744e-07
2,2-back,F7,5,6.944766889758945e-09
2,2-back,F7,6,8.446181078378922e-08
2,2-back,F7,7,6.878534035974142e-08
2,2-back,F7,8,4.964801226698587e-08
2,2-back,F7,9,9.832361889334147e-08
2,2-back,F7,10,9.510946341176005e-08
2,2-back,F7,11,9.308648465216681e-09
2,2-back,F7,12,8.712627639119516e-08
2,2-back,F7,13,1.2837720885438458e-07
2,2-back,F7,14,9.748543645716964e-08
2,2-back,F7,15,8.949846845597686e-09
2,2-back,F7,16,1.2996309785572045e-07
2,2-back,F7,17,2.3900638575336496e-08
2,2-back,F7,18,4.007321731093363e-08
2,2-back,F7,19,9.256210763716449e-08
2,2-back,F7,20,9.751782210070507e-09
2,2-back,F7,21,9.87853407615222e-08
2,2-back,F7,22,1.4424667061046104e-07
2,2-back,F7,23,9.328557996134891e-08
2,2-back,F7,24,2.894521907525292e-08
2,2-back,F7,25,1.7747926116746272e-07
2,2-back,F7,26,8.606254552444708e-09
2,2-back,F7,27,4.2644335596161514e-08
2,2-back,F7,28,1.3941841632830361e-08
2,2-back,F7,29,1.4991139600256405e-07
2,2-back,F7,30,1.246327043457416e-08
2,2-back,F7,31,1.0164346505942558e-07
2,2-back,F7,32,1.3839325260078882e-08
2,2-back,F7,33,1.0546757040154982e-07
2,2-back,F7,34,1.2113027093977337e-08
2,2-back,F7,35,2.5178935964053106e-08
2,2-back,F7,36,1.2579112555577002e-07
2,2-back,F7,37,1.5151992998478298e-07
2,2-back,F7,38,1.4107387229934027e-07
2,2-back,F7,39,1.7565888694405523e-07
2,2-back,F7,40,2.2414619642271645e-07
2,2-back,F7,41,1.019479563579242e-08
2,2-back,F7,42,1.3711070470569642e-07
2,2-back,F7,43,7.692069506463182e-09
2,2-back,F7,44,1.848820655607565e-07
2,2-back,F7,45,7.740316132404794e-08
2,2-back,F7,46,1.250589935928043e-07
2,2-back,F7,47,1.48293076233989e-08
2,2-back,F7,48,1.0549186441683549e-07
2,2-back,F7,49,1.498925496079725e-07
2,2-back,F7,50,4.921606521973108e-08
2,2-back,F7,51,1.04346440133384e-08
2,2-back,F7,52,1.4991835508367592e-07
2,2-back,F7,53,1.1212665226527178e-07
2,2-back,F7,54,1.0404096708511679e-07
2,2-back,F7,55,8.624281527454002e-08
2,2-back,F7,56,5.98611421294235e-08
2,2-back,F7,57,1.348518138787465e-07
2,2-back,F7,58,1.890873124810524e-07
2,2-back,F7,59,3.418513837788895e-08
2,2-back,F7,60,1.591101933135122e-07
2,2-back,F7,61,3.706900913273168e-08
2,2-back,F7,62,7.269111301944937e-08
2,2-back,F7,63,1.8433409014982046e-08
2,2-back,F7,64,7.282447213651057e-08
2,2-back,F7,65,6.666445325810402e-08
2,2-back,F7,66,5.976370933373452e-08
2,2-back,F7,67,9.462289179793385e-08
2,2-back,F8,1,1.536780704166478e-08
2,2-back,F8,2,7.514142180933076e-08
2,2-back,F8,3,8.894177415820528e-09
2,2-back,F8,4,6.938285581226739e-08
2,2-back,F8,5,1.5339588390656983e-08
2,2-back,F8,6,7.493059076521445e-08
2,2-back,F8,7,7.633976295585933e-08
2,2-back,F8,8,3.447001826964144e-08
2,2-back,F8,9,7.366532868210448e-08
2,2-back,F8,10,6.45604640311578e-08
2,2-back,F8,11,1.271244857648838e-08
2,2-back,F8,12,4.623140481797104e-08
2,2-back,F8,13,8.979843654962446e-08
2,2-back,F8,14,7.335947000167436e-08
2,2-back,F8,15,1.1523533036225794e-08
2,2-back,F8,16,8.465951231909618e-08
2,2-back,F8,17,2.7956879231693235e-08
2,2-back,F8,18,2.9695470142239735e-08
2,2-back,F8,19,5.4120700466955125e-08
2,2-back,F8,20,8.514585880491065e-09
2,2-back,F8,21,4.443860163274942e-08
2,2-back,F8,22,5.721617517598495e-08
2,2-back,F8,23,8.572786060658068e-08
2,2-back,F8,24,1.580853013102133e-08
2,2-back,F8,25,1.0656333535976395e-07
2,2-back,F8,26,1.0731679715557615e-08
2,2-back,F8,27,3.264687649006375e-08
2,2-back,F8,28,8.016400515176125e-09
2,2-back,F8,29,1.0340374004583544e-07
2,2-back,F8,30,9.457976193555004e-09
2,2-back,F8,31,8.004930493840783e-08
2,2-back,F8,32,1.115723997946528e-08
2,2-back,F8,33,3.3952317225998234e-08
2,2-back,F8,34,1.409759980923576e-08
2,2-back,F8,35,1.723876207413723e-08
2,2-back,F8,36,5.137589117502574e-08
2,2-back,F8,37,8.736262717403015e-08
2,2-back,F8,38,7.639317043174465e-08
2,2-back,F8,39,5.085509653384613e-08
2,2-back,F8,40,1.2065625466873967e-07
2,2-back,F8,41,1.085050887287892e-08
2,2-back,F8,42,6.986956229727543e-08
2,2-back,F8,43,1.1641120185138986e-08
2,2-back,F8,44,9.107300369331833e-08
2,2-back,F8,45,2.898480796323452e-08
2,2-back,F8,46,7.158821017370081e-08
2,2-back,F8,47,2.344666568755797e-08
2,2-back,F8,48,4.986315213276448e-08
2,2-back,F8,49,9.007922316040036e-08
2,2-back,F8,50,4.103724796956052e-08
2,2-back,F8,51,9.954997330450015e-09
2,2-back,F8,52,8.487185352239053e-08
2,2-back,F8,53,9.107877059463058e-08
2,2-back,F8,54,6.186224124376697e-08
2,2-back,F8,55,5.6985098727114677e-08
2,2-back,F8,56,2.7600878900757723e-08
2,2-back,F8,57,7.798793555216108e-08
2,2-back,F8,58,8.702060748729443e-08
2,2-back,F8,59,1.5145020156561924e-08
2,2-back,F8,60,1.0400495540856906e-07
2,2-back,F8,61,3.705822635020226e-08
2,2-back,F8,62,6.44399653736783e-08
2,2-back,F8,63,1.439117499475004e-08
2,2-back,F8,64,5.752087737415627e-08
2,2-back,F8,65,4.9484070832364604e-08
2,2-back,F8,66,3.9968642224874195e-08
2,2-back,F8,67,4.218215994620926e-08
2,2-back,Fz,1,1.3301425855966082e-08
2,2-back,Fz,2,5.61936136846477e-08
2,2-back,Fz,3,1.6471517797729494e-08
2,2-back,Fz,4,4.735921967492073e-08
2,2-back,Fz,5,9.539632995806502e-09
2,2-back,Fz,6,5.9463527510235866e-08
2,2-back,Fz,7,7.73080186431867e-08
2,2-back,Fz,8,3.9928688594552417e-08
2,2-back,Fz,9,5.769094032283475e-08
2,2-back,Fz,10,5.629804996725936e-08
2,2-back,Fz,11,2.453220317320915e-08
2,2-back,Fz,12,6.50195606995834e-08
2,2-back,Fz,13,7.078206303515548e-08
2,2-back,Fz,14,6.226779590886067e-08
2,2-back,Fz,15,1.0275498644203003e-08
2,2-back,Fz,16,7.464822664934761e-08
2,2-back,Fz,17,3.682284832552301e-08
2,2-back,Fz,18,4.0219816517383824e-08
2,2-back,Fz,19,5.8712129585091576e-08
2,2-back,Fz,20,1.2831460394875496e-08
2,2-back,Fz,21,5.483632665371729e-08
2,2-back,Fz,22,8.380771110774483e-08
2,2-back,Fz,23,6.641676660501534e-08
2,2-back,Fz,24,3.761879875297019e-08
2,2-back,Fz,25,1.0014590647373799e-07
2,2-back,Fz,26,1.0326678854135302e-08
2,2-back,Fz,27,3.525729768783978e-08
2,2-back,Fz,28,1.4362311680352794e-08
2,2-back,Fz,29,1.1083411116394103e-07
2,2-back,Fz,30,1.6596661285573364e-08
2,2-back,Fz,31,7.377669183879272e-08
2,2-back,Fz,32,1.938039751905909e-08
2,2-back,Fz,33,6.091000627792422e-08
2,2-back,Fz,34,1.589916261944176e-08
2,2-back,Fz,35,2.7263606699512e-08
2,2-back,Fz,36,5.027616292057783e-08
2,2-back,Fz,37,7.522171638757555e-08
2,2-back,Fz,38,6.194584885469858e-08
2,2-back,Fz,39,7.315931608725625e-08
2,2-back,Fz,40,1.1008374576727974e-07
2,2-back,Fz,41,1.316133901577411e-08
2,2-back,Fz,42,5.734223927746293e-08
2,2-back,Fz,43,1.6238622322693258e-08
2,2-back,Fz,44,9.418607152933727e-08
2,2-back,Fz,45,3.267154651644885e-08
2,2-back,Fz,46,6.81726105306014e-08
2,2-back,Fz,47,1.7826457190651268e-08
2,2-back,Fz,48,6.498403141400031e-08
2,2-back,Fz,49,7.419521960914058e-08
2,2-back,Fz,50,3.828052873488403e-08
2,2-back,Fz,51,1.8900922994879246e-08
2,2-back,Fz,52,7.48639737993354e-08
2,2-back,Fz,53,8.076992572850033e-08
2,2-back,Fz,54,4.8713046847319154e-08
2,2-back,Fz,55,4.939369952590707e-08
2,2-back,Fz,56,4.6772579243335135e-08
2,2-back,Fz,57,6.28162780786988e-08
2,2-back,Fz,58,7.836552234707985e-08
2,2-back,Fz,59,3.1260948915279154e-08
2,2-back,Fz,60,7.668583244508318e-08
2,2-back,Fz,61,2.7799441350777296e-08
2,2-back,Fz,62,4.217631498779411e-08
2,2-back,Fz,63,2.0632716928829962e-08
2,2-back,Fz,64,4.416138515442455e-08
2,2-back,Fz,65,5.1959845651469534e-08
2,2-back,Fz,66,4.562340151124858e-08
2,2-back,Fz,67,5.258473212458034e-08
2,3-back,F3,1,9.091136026142029e-08
2,3-back,F3,2,6.598676327298663e-08
2,3-back,F3,3,6.48997898365515e-08
2,3-back,F3,4,1.1766758444832259e-07
2,3-back,F3,5,2.274496180637115e-08
2,3-back,F3,6,1.4683883302140025e-07
2,3-back,F3,7,6.107272751746804e-08
2,3-back,F3,8,8.472653387880783e-08
2,3-back,F3,9,1.1177358665658452e-08
2,3-back,F3,10,7.836056170111523e-08
2,3-back,F3,11,8.575757033511639e-08
2,3-back,F3,12,7.253669290487053e-08
2,3-back,F3,13,1.6791151173743798e-08
2,3-back,F3,14,1.3479554504743207e-07
2,3-back,F3,15,2.0300173845014126e-08
2,3-back,F3,16,1.1601400768911944e-07
2,3-back,F3,17,8.499737676098693e-09
2,3-back,F3,18,5.978533450160438e-08
2,3-back,F3,19,8.295815873712494e-08
2,3-back,F3,20,1.44194005134712e-08
2,3-back,F3,21,1.0500608942293886e-07
2,3-back,F3,22,1.2273307097771865e-07
2,3-back,F3,23,6.162410660473323e-08
2,3-back,F3,24,4.87065765606674e-08
2,3-back,F3,25,9.051499069101634e-08
2,3-back,F3,26,2.6570234101223588e-08
2,3-back,F3,27,9.098796666547078e-08
2,3-back,F3,28,1.0443870647069384e-07
2,3-back,F3,29,1.077649506220582e-07
2,3-back,F3,30,8.436390915057284e-08
2,3-back,F3,31,5.263929120988147e-08
2,3-back,F3,32,6.282479018278683e-08
2,3-back,F3,33,4.8858746143583426e-08
2,3-back,F3,34,9.086457959063541e-08
2,3-back,F3,35,9.146700933831028e-08
2,3-back,F3,36,5.458861405753839e-08
2,3-back,F3,37,2.916037724364165e-08
2,3-back,F3,38,2.721447865459339e-07
2,3-back,F3,39,6.795921270611852e-08
2,3-back,F3,40,5.647537431932424e-08
2,3-back,F3,41,2.4788786624699315e-08
2,3-back,F3,42,8.314064703049669e-08
2,3-back,F3,43,1.942244963429078e-08
2,3-back,F3,44,7.509523018092871e-08
2,3-back,F3,45,9.002695431673208e-08
2,3-back,F3,46,1.1096668636024953e-07
2,3-back,F3,47,5.334320543508354e-08
2,3-back,F3,48,3.5384882691880563e-08
2,3-back,F3,49,4.344784813492896e-08
2,3-back,F3,50,1.1635016557862754e-07
2,3-back,F3,51,6.136858774884385e-08
2,3-back,F3,52,2.0633887199064046e-07
2,3-back,F3,53,5.408097995075942e-08
2,3-back,F3,54,4.722181550403667e-08
2,3-back,F3,55,3.1974144814555234e-08
2,3-back,F3,56,1.3058321526749046e-08
2,3-back,F3,57,3.0690862114572193e-08
2,3-back,F3,58,3.9079513873066905e-08
2,3-back,F3,59,4.763660770714151e-08
2,3-back,F3,60,9.913307338444698e-08
2,3-back,F3,61,1.2040059361354864e-08
2,3-back,F3,62,1.2676026045862384e-08
2,3-back,F3,63,7.409747372534163e-08
2,3-back,F3,64,4.007227422803546e-08
2,3-back,F3,65,4.402280795305083e-08
2,3-back,F3,66,2.521520591994662e-07
2,3-back,F3,67,2.2669812156054323e-08
2,3-back,F3,68,3.20739929581949e-08
2,3-back,F3,69,1.9711201150629183e-07
2,3-back,F4,1,6.474178777171463e-08
2,3-back,F4,2,4.879420908494172e-08
2,3-back,F4,3,3.7908708081508986e-08
2,3-back,F4,4,9.489048966874461e-08
2,3-back,F4,5,1.561652403607324e-08
2,3-back,F4,6,1.375269428776531e-07
2,3-back,F4,7,6.105810580481657e-08
2,3-back,F4,8,7.296639230255604e-08
2,3-back,F4,9,1.257507631494368e-08
2,3-back,F4,10,7.398172841144362e-08
2,3-back,F4,11,6.495173905205596e-08
2,3-back,F4,12,7.488756562941384e-08
2,3-back,F4,13,2.003641300291958e-08
2,3-back,F4,14,1.2087495707564616e-07
2,3-back,F4,15,1.4753350121953283e-08
2,3-back,F4,16,8.326925217827905e-08
2,3-back,F4,17,9.998001857347841e-09
2,3-back,F4,18,4.0161198274683357e-08
2,3-back,F4,19,7.406065598663232e-08
2,3-back,F4,20,1.3292250815488287e-08
2,3-back,F4,21,7.793295040341682e-08
2,3-back,F4,22,1.2840334289074044e-07
2,3-back,F4,23,6.317461228884392e-08
2,3-back,F4,24,3.479913301841241e-08
2,3-back,F4,25,5.932449234857745e-08
2,3-back,F4,26,1.4787288726926851e-08
2,3-back,F4,27,6.32497931426831e-08
2,3-back,F4,28,1.1595430752524816e-07
2,3-back,F4,29,8.870514000080831e-08
2,3-back,F4,30,5.8373428479126476e-08
2,3-back,F4,31,5.178855913360105e-08
2,3-back,F4,32,4.324055344813107e-08
2,3-back,F4,33,4.079978411596052e-08
2,3-back,F4,34,5.088406814619395e-08
2,3-back,F4,35,7.755982113290145e-08
2,3-back,F4,36,5.48852026803869e-08
2,3-back,F4,37,2.35632911300182e-08
2,3-back,F4,38,2.1788911627494242e-07
2,3-back,F4,39,7.423235107173399e-08
2,3-back,F4,40,4.94774531641992e-08
2,3-back,F4,41,1.3171288392053844e-08
2,3-back,F4,42,5.434975495886984e-08
2,3-back,F4,43,1.8626299929435787e-08
2,3-back,F4,44,5.48516960278729e-08
2,3-back,F4,45,6.05502435664234e-08
2,3-back,F4,46,8.006260352612758e-08
2,3-back,F4,47,3.802208066292744e-08
2,3-back,F4,48,3.378908164542391e-08
2,3-back,F4,49,3.3674601835701205e-08
2,3-back,F4,50,8.823494828350222e-08
2,3-back,F4,51,4.847700769878418e-08
2,3-back,F4,52,3.3222435902887856e-08
2,3-back,F4,53,4.7790595249625845e-08
2,3-back,F4,54,3.886271162394957e-08
2,3-back,F4,55,2.6264210552070525e-08
2,3-back,F4,56,1.719111185157105e-08
2,3-back,F4,57,3.7554637466898035e-08
2,3-back,F4,58,2.744105555095926e-08
2,3-back,F4,59,2.7339999605883407e-08
2,3-back,F4,60,6.629437074191062e-08
2,3-back,F4,61,8.771726345577124e-09
2,3-back,F4,62,9.104570305137708e-09
2,3-back,F4,63,4.789556765691839e-08
2,3-back,F4,64,3.328131237257564e-08
2,3-back,F4,65,1.2430861020975477e-08
2,3-back,F4,66,1.2154671981303913e-08
2,3-back,F4,67,2.8297438903426666e-08
2,3-back,F4,68,1.2598260288907399e-08
2,3-back,F4,69,4.062872836611507e-08
2,3-back,F7,1,1.3666436763920067e-07
2,3-back,F7,2,1.2876077735616683e-07
2,3-back,F7,3,8.044542613380223e-08
2,3-back,F7,4,2.1123965846910242e-07
2,3-back,F7,5,1.7515272964556753e-08
2,3-back,F7,6,2.431912871577137e-07
2,3-back,F7,7,7.816948060542112e-08
2,3-back,F7,8,1.6182547094824139e-07
2,3-back,F7,9,1.0533781852087499e-08
2,3-back,F7,10,1.188240718567889e-07
2,3-back,F7,11,1.2093140451421017e-07
2,3-back,F7,12,1.3442643150020254e-07
2,3-back,F7,13,1.5863768660419348e-08
2,3-back,F7,14,1.7727922884437296e-07
2,3-back,F7,15,2.6481451632948462e-08
2,3-back,F7,16,1.7214332278690394e-07
2,3-back,F7,17,1.0211618885048954e-08
2,3-back,F7,18,7.503028058751881e-08
2,3-back,F7,19,1.0762647116634207e-07
2,3-back,F7,20,2.72724749148854e-08
2,3-back,F7,21,1.5811088784524792e-07
2,3-back,F7,22,2.0301847260948178e-07
2,3-back,F7,23,1.2706571132798727e-07
2,3-back,F7,24,1.0535318207302225e-07
2,3-back,F7,25,9.821667802755518e-08
2,3-back,F7,26,2.209206463778597e-08
2,3-back,F7,27,1.6333419489001687e-07
2,3-back,F7,28,1.588296061494472e-07
2,3-back,F7,29,1.478595577026673e-07
2,3-back,F7,30,1.2863529030059855e-07
2,3-back,F7,31,9.12342399578248e-08
2,3-back,F7,32,1.1814677032232188e-07
2,3-back,F7,33,7.300799761730112e-08
2,3-back,F7,34,1.316856061591215e-07
2,3-back,F7,35,1.2913299644825657e-07
2,3-back,F7,36,8.707066292099874e-08
2,3-back,F7,37,1.6353441283126694e-08
2,3-back,F7,38,3.1264109788283664e-07
2,3-back,F7,39,8.38775425802173e-08
2,3-back,F7,40,1.1228143832732896e-07
2,3-back,F7,41,1.950163742562639e-08
2,3-back,F7,42,1.416802825232014e-07
2,3-back,F7,43,1.1388179961623616e-08
2,3-back,F7,44,1.403558438511123e-07
2,3-back,F7,45,1.1969837338853366e-07
2,3-back,F7,46,1.914154341138929e-07
2,3-back,F7,47,7.38596646572358e-08
2,3-back,F7,48,1.4707471507128699e-08
2,3-back,F7,49,6.932880018697661e-08
2,3-back,F7,50,1.6658797853835742e-07
2,3-back,F7,51,1.0202269947944497e-07
2,3-back,F7,52,2.119667882634941e-08
2,3-back,F7,53,9.147057530290599e-08
2,3-back,F7,54,6.378297110106684e-08
2,3-back,F7,55,2.986211987584807e-08
2,3-back,F7,56,1.3819045932552008e-08
2,3-back,F7,57,1.6998611609913916e-08
2,3-back,F7,58,8.250383853635275e-08
2,3-back,F7,59,7.596707263509325e-08
2,3-back,F7,60,1.9516343880728345e-07
2,3-back,F7,61,1.5371376045595793e-08
2,3-back,F7,62,6.296591148390581e-09
2,3-back,F7,63,8.820718646342608e-08
2,3-back,F7,64,3.8125272445814814e-08
2,3-back,F7,65,1.09073232386013e-08
2,3-back,F7,66,5.945146450390716e-09
2,3-back,F7,67,1.6052641688529008e-08
2,3-back,F7,68,1.1709693575124679e-08
2,3-back,F7,69,9.790040202636439e-08
2,3-back,F8,1,8.645517346422866e-08
2,3-back,F8,2,6.456783006917335e-08
2,3-back,F8,3,3.5097783766405325e-08
2,3-back,F8,4,1.271403785559952e-07
2,3-back,F8,5,1.1024180552679467e-08
2,3-back,F8,6,1.9593802073819004e-07
2,3-back,F8,7,7.727782427505052e-08
2,3-back,F8,8,9.17773384393363e-08
2,3-back,F8,9,1.3394840723594795e-08
2,3-back,F8,10,1.0652257119903498e-07
2,3-back,F8,11,7.154742075137157e-08
2,3-back,F8,12,8.0826493891234e-08
2,3-back,F8,13,1.4336477891733657e-08
2,3-back,F8,14,1.3467108076104214e-07
2,3-back,F8,15,9.68157985682191e-09
2,3-back,F8,16,8.76900999395936e-08
2,3-back,F8,17,1.4004343309114832e-08
2,3-back,F8,18,5.4759389755948585e-08
2,3-back,F8,19,7.854945678801725e-08
2,3-back,F8,20,9.403081234068864e-09
2,3-back,F8,21,1.0214086129117513e-07
2,3-back,F8,22,1.301658657002403e-07
2,3-back,F8,23,8.632846572533231e-08
2,3-back,F8,24,5.085410541034739e-08
2,3-back,F8,25,4.7196755026696924e-08
2,3-back,F8,26,1.1571907342427273e-08
2,3-back,F8,27,8.336486290925774e-08
2,3-back,F8,28,1.4183355566614972e-07
2,3-back,F8,29,1.1884648109014239e-07
2,3-back,F8,30,7.762007600024912e-08
2,3-back,F8,31,6.528542885593384e-08
2,3-back,F8,32,6.669590468083584e-08
2,3-back,F8,33,5.666504474466366e-08
2,3-back,F8,34,5.825551506352448e-08
2,3-back,F8,35,1.1950679071997906e-07
2,3-back,F8,36,7.298827888270906e-08
2,3-back,F8,37,2.0457947723584516e-08
2,3-back,F8,38,2.4497763544189106e-07
2,3-back,F8,39,9.342443528641915e-08
2,3-back,F8,40,7.263963192118854e-08
2,3-back,F8,41,1.427319241952055e-08
2,3-back,F8,42,6.837670411581892e-08
2,3-back,F8,43,2.0467865036941378e-08
2,3-back,F8,44,8.428556109018447e-08
2,3-back,F8,45,6.39445022639516e-08
2,3-back,F8,46,1.1722276313829619e-07
2,3-back,F8,47,4.319094492921323e-08
2,3-back,F8,48,2.4278842669402136e-08
2,3-back,F8,49,5.205922036483808e-08
2,3-back,F8,50,1.0366923709305634e-07
2,3-back,F8,51,5.976800343306462e-08
2,3-back,F8,52,2.334907034204489e-08
2,3-back,F8,53,7.244653256100016e-08
2,3-back,F8,54,4.435309130956741e-08
2,3-back,F8,55,2.7122903478324796e-08
2,3-back,F8,56,1.3036793830457038e-08
2,3-back,F8,57,6.0441339093963e-08
2,3-back,F8,58,3.387624529850066e-08
2,3-back,F8,59,3.718812265788233e-08
2,3-back,F8,60,8.923166942159093e-08
2,3-back,F8,61,5.2716952391373935e-09
2,3-back,F8,62,1.0208357730840821e-08
2,3-back,F8,63,5.320664273275249e-08
2,3-back,F8,64,6.019174580413606e-08
2,3-back,F8,65,7.918985101568731e-09
2,3-back,F8,66,6.744053840616144e-09
2,3-back,F8,67,3.916798542354925e-08
2,3-back,F8,68,7.8850191793593e-09
2,3-back,F8,69,6.543266738252279e-08
2,3-back,Fz,1,8.42139876435929e-08
2,3-back,Fz,2,6.48086833639041e-08
2,3-back,Fz,3,4.1849259427855386e-08
2,3-back,Fz,4,1.0858198135297306e-07
2,3-back,Fz,5,1.5731984991698088e-08
2,3-back,Fz,6,1.605798314512562e-07
2,3-back,Fz,7,6.418980132449971e-08
2,3-back,Fz,8,9.261030923607276e-08
2,3-back,Fz,9,1.3958453184810107e-08
2,3-back,Fz,10,8.958108140288163e-08
2,3-back,Fz,11,8.336204800149768e-08
2,3-back,Fz,12,7.923957028097158e-08
2,3-back,Fz,13,2.672754837459275e-08
2,3-back,Fz,14,1.419993080136291e-07
2,3-back,Fz,15,2.2278458836618945e-08
2,3-back,Fz,16,1.026491063575369e-07
2,3-back,Fz,17,7.397046008340134e-09
2,3-back,Fz,18,4.643174526165622e-08
2,3-back,Fz,19,7.889558613814673e-08
2,3-back,Fz,20,1.456536519152858e-08
2,3-back,Fz,21,9.173058234445196e-08
2,3-back,Fz,22,1.2488788482378076e-07
2,3-back,Fz,23,6.33633109630179e-08
2,3-back,Fz,24,4.56876702407086e-08
2,3-back,Fz,25,8.100648632198588e-08
2,3-back,Fz,26,2.3513678466796067e-08
2,3-back,Fz,27,8.089633189280515e-08
2,3-back,Fz,28,1.1754477110834635e-07
2,3-back,Fz,29,1.0596629320061834e-07
2,3-back,Fz,30,7.397507734442328e-08
2,3-back,Fz,31,5.204868614817859e-08
2,3-back,Fz,32,5.779880602933193e-08
2,3-back,Fz,33,4.359458011073725e-08
2,3-back,Fz,34,6.432916075946675e-08
2,3-back,Fz,35,8.295011105271096e-08
2,3-back,Fz,36,6.648199874184353e-08
2,3-back,Fz,37,3.4269976364277505e-08
2,3-back,Fz,38,2.412735230675527e-07
2,3-back,Fz,39,7.348445668308481e-08
2,3-back,Fz,40,6.329093883683558e-08
2,3-back,Fz,41,1.7681988133974886e-08
2,3-back,Fz,42,5.777309676711928e-08
2,3-back,Fz,43,1.6023890817015155e-08
2,3-back,Fz,44,7.22409707085012e-08
2,3-back,Fz,45,8.238258713071853e-08
2,3-back,Fz,46,9.651553004138422e-08
2,3-back,Fz,47,4.406341946841837e-08
2,3-back,Fz,48,3.527537442163751e-08
2,3-back,Fz,49,4.492190863414683e-08
2,3-back,Fz,50,9.427554957328924e-08
2,3-back,Fz,51,5.6612551395069856e-08
2,3-back,Fz,52,2.4749644248125185e-08
2,3-back,Fz,53,5.5257994035121436e-08
2,3-back,Fz,54,4.552767388971904e-08
2,3-back,Fz,55,3.6074095365277826e-08
2,3-back,Fz,56,1.710355235260144e-08
2,3-back,Fz,57,3.2885152101528163e-08
2,3-back,Fz,58,3.669557258058936e-08
2,3-back,Fz,59,3.4450366815044495e-08
2,3-back,Fz,60,8.98591411478617e-08
2,3-back,Fz,61,1.06646203995213e-08
2,3-back,Fz,62,7.92924144290556e-09
2,3-back,Fz,63,5.075608789457875e-08
2,3-back,Fz,64,3.042954777708245e-08
2,3-back,Fz,65,1.8203559718393968e-08
2,3-back,Fz,66,1.723905111972456e-08
2,3-back,Fz,67,1.932759233824861e-08
2,3-back,Fz,68,1.14348385110912e-08
2,3-back,Fz,69,5.11973602819814e-08
2,4-back,F3,1,3.8494180365966516e-07
2,4-back,F3,2,1.5155383583662897e-07
2,4-back,F3,3,1.4730639631379994e-07
2,4-back,F3,4,2.9290128836870075e-08
2,4-back,F3,5,1.055217737309814e-07
2,4-back,F3,6,8.717304906965131e-08
2,4-back,F3,7,7.679620751276946e-08
2,4-back,F3,8,1.8837524795182176e-07
2,4-back,F3,9,7.077157898161166e-08
2,4-back,F3,10,7.081090973958236e-08
2,4-back,F3,11,6.260189129059736e-08
2,4-back,F3,12,9.89013035489349e-08
2,4-back,F3,13,1.2144761752173707e-07
2,4-back,F3,14,1.163538687087134e-07
2,4-back,F3,15,2.644889037660831e-07
2,4-back,F3,16,1.0202616481075172e-07
2,4-back,F3,17,9.922869517466187e-08
2,4-back,F3,18,3.7905605342232325e-08
2,4-back,F3,19,6.567875747214072e-08
2,4-back,F3,20,1.0459576742424834e-07
2,4-back,F3,21,1.6060978115528075e-08
2,4-back,F3,22,5.0185987530304514e-08
2,4-back,F3,23,9.26599542009154e-08
2,4-back,F3,24,2.2777418201209908e-07
2,4-back,F3,25,1.4213405774344936e-07
2,4-back,F3,26,6.109806939603136e-08
2,4-back,F3,27,4.9473950108563367e-08
2,4-back,F3,28,1.0028407072150453e-07
2,4-back,F3,29,1.3121690820657618e-07
2,4-back,F3,30,4.383614799286435e-08
2,4-back,F3,31,3.4514489190787425e-07
2,4-back,F3,32,1.3240152576919416e-07
2,4-back,F3,33,1.728673864655692e-07
2,4-back,F3,34,1.0199650738542037e-07
2,4-back,F3,35,1.1874778939338446e-07
2,4-back,F3,36,8.275563392627879e-08
2,4-back,F3,37,1.993648973885186e-07
2,4-back,F3,38,5.791720291665185e-08
2,4-back,F3,39,2.1444634313904034e-06
2,4-back,F3,40,2.306420160749153e-07
2,4-back,F3,41,1.8218654593930925e-07
2,4-back,F3,42,1.3842248082819963e-07
2,4-back,F3,43,1.3521801730159457e-07
2,4-back,F3,44,2.5865408580339487e-08
2,4-back,F3,45,1.1226315815852436e-07
2,4-back,F3,46,1.2664201535192793e-07
2,4-back,F3,47,2.470427879185354e-07
2,4-back,F3,48,1.5337693469478646e-07
2,4-back,F3,49,2.5985442354870576e-07
2,4-back,F3,50,1.1841595114441605e-07
2,4-back,F3,51,2.3696230797654739e-07
2,4-back,F3,52,2.136828253763559e-07
2,4-back,F3,53,1.6639847809289158e-07
2,4-back,F3,54,8.597429003589667e-08
2,4-back,F3,55,9.550904234445276e-08
2,4-back,F3,56,1.1670645848278102e-07
2,4-back,F3,57,6.15006869427296e-08
2,4-back,F3,58,1.1920723148884153e-07
2,4-back,F3,59,5.59059171445468e-07
2,4-back,F3,60,1.453614882084932e-07
2,4-back,F3,61,8.624679288408755e-08
2,4-back,F3,62,1.5332503448950674e-07
2,4-back,F3,63,1.1170091861529375e-07
2,4-back,F4,1,9.078675668063964e-08
2,4-back,F4,2,1.0277279028961258e-07
2,4-back,F4,3,1.0780301873420496e-07
2,4-back,F4,4,4.7878128326771244e-08
2,4-back,F4,5,7.821798157628003e-08
2,4-back,F4,6,6.339918094894071e-08
2,4-back,F4,7,5.821304409452402e-08
2,4-back,F4,8,1.457939675930784e-07
2,4-back,F4,9,5.760506747886821e-08
2,4-back,F4,10,4.321009655274685e-08
2,4-back,F4,11,1.2918301287579658e-08
2,4-back,F4,12,7.742867090950155e-08
2,4-back,F4,13,9.369946679818635e-08
2,4-back,F4,14,9.370984025152535e-08
2,4-back,F4,15,2.0203780460607057e-08
2,4-back,F4,16,8.146686412833245e-08
2,4-back,F4,17,9.549176915733051e-08
2,4-back,F4,18,2.8328079393931452e-08
2,4-back,F4,19,4.178742488864514e-08
2,4-back,F4,20,6.898749016491553e-08
2,4-back,F4,21,9.229667795401709e-09
2,4-back,F4,22,4.153561472242709e-08
2,4-back,F4,23,5.4501689982227635e-08
2,4-back,F4,24,7.783524663692399e-08
2,4-back,F4,25,6.709379952352898e-08
2,4-back,F4,26,2.5657357839116472e-08
2,4-back,F4,27,3.2747515601331834e-08
2,4-back,F4,28,8.175058111713901e-08
2,4-back,F4,29,1.023278321694391e-07
2,4-back,F4,30,3.883772746377756e-08
2,4-back,F4,31,1.7366742455047076e-08
2,4-back,F4,32,2.2969024415215216e-08
2,4-back,F4,33,8.945029836226317e-08
2,4-back,F4,34,7.538487768835227e-08
2,4-back,F4,35,3.8627693795608616e-08
2,4-back,F4,36,1.5827578013713112e-08
2,4-back,F4,37,8.785114855979062e-08
2,4-back,F4,38,2.5119870248749262e-08
2,4-back,F4,39,2.421842644721744e-06
2,4-back,F4,40,2.3002345072912624e-07
2,4-back,F4,41,1.9483061501325248e-07
2,4-back,F4,42,1.352037760504642e-07
2,4-back,F4,43,1.2512149873890785e-07
2,4-back,F4,44,4.1273705256404634e-08
2,4-back,F4,45,6.962348811044829e-08
2,4-back,F4,46,7.387083004984497e-08
2,4-back,F4,47,6.603862249553735e-08
2,4-back,F4,48,2.2203149385819533e-07
2,4-back,F4,49,7.56245048377385e-08
2,4-back,F4,50,6.158501085371404e-08
2,4-back,F4,51,1.3835007179352864e-07
2,4-back,F4,52,8.995229881272145e-08
2,4-back,F4,53,1.0963782445856354e-07
2,4-back,F4,54,5.8041896158298796e-08
2,4-back,F4,55,4.07732553015531e-08
2,4-back,F4,56,8.22356923564027e-08
2,4-back,F4,57,5.0172538672116065e-08
2,4-back,F4,58,9.560570700344124e-08
2,4-back,F4,59,1.1058935628620975e-07
2,4-back,F4,60,1.1940539971373354e-07
2,4-back,F4,61,2.693257452242356e-08
2,4-back,F4,62,6.987491759957628e-08
2,4-back,F4,63,7.773079267083242e-08
2,4-back,F7,1,1.46523073809826e-07
2,4-back,F7,2,2.47832062860256e-07
2,4-back,F7,3,2.62229921200045e-07
2,4-back,F7,4,2.6646700651784088e-08
2,4-back,F7,5,1.1934545036143164e-07
2,4-back,F7,6,2.0143372379980237e-07
2,4-back,F7,7,1.7688468586029161e-07
2,4-back,F7,8,2.4622775312632083e-07
2,4-back,F7,9,9.387513754799098e-08
2,4-back,F7,10,1.0772448590912714e-07
2,4-back,F7,11,1.4539473043396205e-08
2,4-back,F7,12,1.2116436047497015e-07
2,4-back,F7,13,1.852713198772859e-07
2,4-back,F7,14,1.9733922491808444e-07
2,4-back,F7,15,2.3236996044589396e-08
2,4-back,F7,16,1.486642582779665e-07
2,4-back,F7,17,2.17154128669372e-08
2,4-back,F7,18,7.31882780708522e-08
2,4-back,F7,19,6.901136585570083e-08
2,4-back,F7,20,1.8435405278382665e-07
2,4-back,F7,21,3.064398055049079e-08
2,4-back,F7,22,6.936801306633149e-08
2,4-back,F7,23,1.2560631968910015e-07
2,4-back,F7,24,5.5756369128652044e-08
2,4-back,F7,25,1.4628221663667555e-07
2,4-back,F7,26,3.6749037007249314e-08
2,4-back,F7,27,1.0577572451167745e-07
2,4-back,F7,28,1.9522654637282788e-07
2,4-back,F7,29,2.7091362600991633e-07
2,4-back,F7,30,4.2744825267994e-08
2,4-back,F7,31,2.6679300686338442e-08
2,4-back,F7,32,3.0466080309560375e-08
2,4-back,F7,33,3.9723518921221155e-07
2,4-back,F7,34,2.188133176163239e-07
2,4-back,F7,35,9.069695366739192e-08
2,4-back,F7,36,2.1992355309165914e-08
2,4-back,F7,37,2.537680339932523e-07
2,4-back,F7,38,8.777098381620914e-08
2,4-back,F7,39,2.0886741040378557e-06
2,4-back,F7,40,2.4218142418070976e-07
2,4-back,F7,41,2.0726811997509724e-07
2,4-back,F7,42,1.2015911599425008e-07
2,4-back,F7,43,2.3685589152690816e-07
2,4-back,F7,44,2.383332570683748e-08
2,4-back,F7,45,2.160658373988644e-07
2,4-back,F7,46,2.8876055996658637e-07
2,4-back,F7,47,1.2525495550679063e-07
2,4-back,F7,48,2.754745038413396e-07
2,4-back,F7,49,2.434333912090748e-07
2,4-back,F7,50,1.4890922446284688e-07
2,4-back,F7,51,2.7622833777724594e-07
2,4-back,F7,52,1.356925188466667e-07
2,4-back,F7,53,2.3321272735037878e-07
2,4-back,F7,54,8.294329544943318e-08
2,4-back,F7,55,9.002751538366906e-08
2,4-back,F7,56,1.4904575667006467e-07
2,4-back,F7,57,1.0298788107641949e-07
2,4-back,F7,58,1.5267596822806404e-07
2,4-back,F7,59,2.47322268449798e-07
2,4-back,F7,60,2.2269684543287086e-07
2,4-back,F7,61,6.049898907399547e-08
2,4-back,F7,62,1.4936143498263508e-07
2,4-back,F7,63,1.3523241797077044e-07
2,4-back,F8,1,1.3043314460207357e-07
2,4-back,F8,2,1.2304031944862172e-07
2,4-back,F8,3,1.3060948216546432e-07
2,4-back,F8,4,6.124014108647412e-08
2,4-back,F8,5,9.051443594523718e-08
2,4-back,F8,6,9.060546897609091e-08
2,4-back,F8,7,7.928357002632175e-08
2,4-back,F8,8,2.0603275494322422e-07
2,4-back,F8,9,5.753592724274975e-08
2,4-back,F8,10,5.1848452233670206e-08
2,4-back,F8,11,1.0114017878864096e-08
2,4-back,F8,12,1.1087229267795853e-07
2,4-back,F8,13,1.0926766309297491e-07
2,4-back,F8,14,1.2575115646028616e-07
2,4-back,F8,15,1.4781075601305431e-08
2,4-back,F8,16,8.300327513614062e-08
2,4-back,F8,17,1.5097364985480864e-07
2,4-back,F8,18,2.3139475737528077e-08
2,4-back,F8,19,4.7501076641296076e-08
2,4-back,F8,20,1.0976111797740672e-07
2,4-back,F8,21,8.697009006008992e-09
2,4-back,F8,22,4.190488366682353e-08
2,4-back,F8,23,8.079213415388636e-08
2,4-back,F8,24,9.45983168106523e-08
2,4-back,F8,25,9.28971860239857e-08
2,4-back,F8,26,1.5270080587567227e-08
2,4-back,F8,27,4.901521790954087e-08
2,4-back,F8,28,1.1053906442370266e-07
2,4-back,F8,29,1.461873385553967e-07
2,4-back,F8,30,3.4487052866484106e-08
2,4-back,F8,31,6.9865574783170695e-09
2,4-back,F8,32,1.9343914239078097e-08
2,4-back,F8,33,1.1517592909828836e-07
2,4-back,F8,34,1.1479969129363981e-07
2,4-back,F8,35,6.353845048804597e-08
2,4-back,F8,36,7.634202193708627e-09
2,4-back,F8,37,1.0407495110038514e-07
2,4-back,F8,38,3.2371062396013624e-08
2,4-back,F8,39,2.358397643792163e-06
2,4-back,F8,40,2.045166467623181e-07
2,4-back,F8,41,1.9182581905385816e-07
2,4-back,F8,42,1.108141152446963e-07
2,4-back,F8,43,1.4932709644206893e-07
2,4-back,F8,44,3.094861893065292e-08
2,4-back,F8,45,1.0802655227008342e-07
2,4-back,F8,46,9.670975334174683e-08
2,4-back,F8,47,7.187446278027855e-08
2,4-back,F8,48,2.1172703363093741e-07
2,4-back,F8,49,1.0796790469825011e-07
2,4-back,F8,50,1.0653254569328259e-07
2,4-back,F8,51,1.7268645679011398e-07
2,4-back,F8,52,1.0264292929130208e-07
2,4-back,F8,53,1.6046062889147872e-07
2,4-back,F8,54,5.497547634375106e-08
2,4-back,F8,55,4.967686819115376e-08
2,4-back,F8,56,9.029436518352633e-08
2,4-back,F8,57,8.119768626847801e-08
2,4-back,F8,58,1.0506862064676299e-07
2,4-back,F8,59,1.3122504070696445e-07
2,4-back,F8,60,1.748886149635707e-07
2,4-back,F8,61,4.200124224029456e-08
2,4-back,F8,62,1.2063529564972047e-07
2,4-back,F8,63,1.1824939766654294e-07
2,4-back,Fz,1,9.82167982495441e-08
2,4-back,Fz,2,1.2833297246450516e-07
2,4-back,Fz,3,1.2922512957762852e-07
2,4-back,Fz,4,4.271440366913262e-08
2,4-back,Fz,5,8.677638144157195e-08
2,4-back,Fz,6,8.92151204146962e-08
2,4-back,Fz,7,6.762306519248918e-08
2,4-back,Fz,8,1.6976568012483473e-07
2,4-back,Fz,9,6.882842259824924e-08
2,4-back,Fz,10,5.273578636115185e-08
2,4-back,Fz,11,1.5822478836732968e-08
2,4-back,Fz,12,9.18451387098879e-08
2,4-back,Fz,13,1.0097382224398009e-07
2,4-back,Fz,14,1.1261360193001092e-07
2,4-back,Fz,15,1.7688267563658467e-08
2,4-back,Fz,16,1.0399204286806134e-07
2,4-back,Fz,17,7.679798368521073e-08
2,4-back,Fz,18,2.6464953778345355e-08
2,4-back,Fz,19,4.3960646618893866e-08
2,4-back,Fz,20,8.272955253548736e-08
2,4-back,Fz,21,1.2710792505539052e-08
2,4-back,Fz,22,5.022490628619413e-08
2,4-back,Fz,23,6.133144922018351e-08
2,4-back,Fz,24,4.627035051881842e-08
2,4-back,Fz,25,8.483757353188989e-08
2,4-back,Fz,26,3.6316520130340205e-08
2,4-back,Fz,27,4.5191406578769706e-08
2,4-back,Fz,28,9.56869686526162e-08
2,4-back,Fz,29,1.2098073032978986e-07
2,4-back,Fz,30,4.078242424949235e-08
2,4-back,Fz,31,1.866961985937658e-08
2,4-back,Fz,32,3.1874197166193064e-08
2,4-back,Fz,33,1.4389500724001942e-07
2,4-back,Fz,34,8.928338310500884e-08
2,4-back,Fz,35,4.961896420407845e-08
2,4-back,Fz,36,2.642727231558935e-08
2,4-back,Fz,37,1.0678592002000026e-07
2,4-back,Fz,38,3.6776164896245274e-08
2,4-back,Fz,39,2.3816637829383885e-06
2,4-back,Fz,40,2.4323669566729195e-07
2,4-back,Fz,41,2.0604500515154434e-07
2,4-back,Fz,42,1.4481637371073451e-07
2,4-back,Fz,43,1.2338934679363343e-07
2,4-back,Fz,44,4.964541629142071e-08
2,4-back,Fz,45,8.679560472758775e-08
2,4-back,Fz,46,9.277488743378669e-08
2,4-back,Fz,47,9.629171242195191e-08
2,4-back,Fz,48,2.124845536660487e-07
2,4-back,Fz,49,9.404980198735199e-08
2,4-back,Fz,50,8.380233898101213e-08
2,4-back,Fz,51,1.9409532263059207e-07
2,4-back,Fz,52,9.83102249595434e-08
2,4-back,Fz,53,1.3797506361287398e-07
2,4-back,Fz,54,5.560642392131084e-08
2,4-back,Fz,55,4.4268905524027955e-08
2,4-back,Fz,56,1.0058392494615896e-07
2,4-back,Fz,57,5.549262239609373e-08
2,4-back,Fz,58,1.0839466728874637e-07
2,4-back,Fz,59,1.3284325450753422e-07
2,4-back,Fz,60,1.1994270246822206e-07
2,4-back,Fz,61,3.068639089273755e-08
2,4-back,Fz,62,8.212965562688676e-08
2,4-back,Fz,63,7.622566490571022e-08
3,1-back,F3,1,1.6317332450217268e-08
3,1-back,F3,2,3.731956698507864e-08
3,1-back,F3,3,1.5342317331809708e-07
3,1-back,F3,4,1.2212481555258924e-07
3,1-back,F3,5,2.2647518487190303e-08
3,1-back,F3,6,1.1683584949731062e-07
3,1-back,F3,7,1.550343891987333e-07
3,1-back,F3,8,1.0933042646029438e-08
3,1-back,F3,9,2.053918825533124e-08
3,1-back,F3,10,1.108211137706375e-08
3,1-back,F3,11,1.4781181130093228e-07
3,1-back,F3,12,4.242511234854355e-08
3,1-back,F3,13,9.75228160893534e-08
3,1-back,F3,14,1.3262166176009959e-08
3,1-back,F3,15,6.544019632077073e-08
3,1-back,F3,16,1.3892414884084195e-07
3,1-back,F3,17,2.0965748104005984e-08
3,1-back,F3,18,2.2709159590131933e-08
3,1-back,F3,19,5.1123959593169535e-08
3,1-back,F3,20,1.2059185931067876e-07
3,1-back,F3,21,3.713047256129634e-08
3,1-back,F3,22,1.88159099149775e-07
3,1-back,F3,23,1.9945955217545703e-08
3,1-back,F3,24,1.53127208039424e-07
3,1-back,F3,25,9.15096633880146e-08
3,1-back,F3,26,2.8753595946933132e-08
3,1-back,F3,27,9.603434922243243e-08
3,1-back,F3,28,1.8323847070284793e-07
3,1-back,F3,29,1.1376858683608044e-07
3,1-back,F3,30,9.765170539814043e-08
3,1-back,F4,1,1.2148562310000079e-08
3,1-back,F4,2,2.3153643495575246e-08
3,1-back,F4,3,1.628576219486583e-07
3,1-back,F4,4,1.3684253391088915e-07
3,1-back,F4,5,1.591692274727074e-08
3,1-back,F4,6,1.0433294801862338e-07
3,1-back,F4,7,1.4649480210003217e-07
3,1-back,F4,8,2.3483528408016663e-08
3,1-back,F4,9,2.4261430990086945e-08
3,1-back,F4,10,1.1256362049212088e-08
3,1-back,F4,11,1.3189913668209154e-07
3,1-back,F4,12,5.398452719713598e-08
3,1-back,F4,13,1.0045538387885396e-07
3,1-back,F4,14,1.4328900649566818e-08
3,1-back,F4,15,7.911137561232652e-08
3,1-back,F4,16,1.1510036176943882e-07
3,1-back,F4,17,1.650906230855047e-08
3,1-back,F4,18,1.680139808910453e-08
3,1-back,F4,19,4.76572350149184e-08
3,1-back,F4,20,1.072995777929335e-07
3,1-back,F4,21,5.325467442850152e-08
3,1-back,F4,22,1.8297206851099344e-07
3,1-back,F4,23,2.0250643997715972e-08
3,1-back,F4,24,1.3955070616618426e-07
3,1-back,F4,25,7.937256015853831e-08
3,1-back,F4,26,3.1434609527976614e-08
3,1-back,F4,27,1.670897994951412e-07
3,1-back,F4,28,1.7030651219788333e-07
3,1-back,F4,29,6.263937409105514e-08
3,1-back,F4,30,7.44258399373332e-08
3,1-back,F7,1,8.535630305490142e-08
3,1-back,F7,2,1.0570112256030993e-07
3,1-back,F7,3,2.0429036911651343e-07
3,1-back,F7,4,1.3676694957366828e-07
3,1-back,F7,5,1.3685599033463488e-07
3,1-back,F7,6,1.9052871934944266e-07
3,1-back,F7,7,3.998621456909543e-07
3,1-back,F7,8,2.7974434183610687e-07
3,1-back,F7,9,2.2067878981549542e-08
3,1-back,F7,10,2.371007190710091e-08
3,1-back,F7,11,2.1554275249869826e-07
3,1-back,F7,12,5.709588232395052e-08
3,1-back,F7,13,1.5898378896355828e-07
3,1-back,F7,14,1.719215235619231e-08
3,1-back,F7,15,8.06403524593951e-08
3,1-back,F7,16,1.4667080802826588e-07
3,1-back,F7,17,3.0955519081691025e-08
3,1-back,F7,18,1.7413065129362957e-08
3,1-back,F7,19,9.908236758474718e-08
3,1-back,F7,20,1.639615664288025e-07
3,1-back,F7,21,4.465139043506741e-08
3,1-back,F7,22,2.732287999843181e-07
3,1-back,F7,23,1.776768709253034e-07
3,1-back,F7,24,1.826766583679801e-07
3,1-back,F7,25,1.424895518392574e-07
3,1-back,F7,26,5.095279484607503e-08
3,1-back,F7,27,2.2691754815239883e-07
3,1-back,F7,28,2.1347392699469828e-07
3,1-back,F7,29,2.700094238544031e-07
3,1-back,F7,30,1.9343209858933884e-07
3,1-back,F8,1,1.3014436321412546e-08
3,1-back,F8,2,2.5864840614361952e-08
3,1-back,F8,3,3.6183981667496184e-07
3,1-back,F8,4,1.9929225156975628e-07
3,1-back,F8,5,9.369862721316838e-09
3,1-back,F8,6,2.0103233540837792e-07
3,1-back,F8,7,2.940668452144321e-07
3,1-back,F8,8,2.2464654945841066e-08
3,1-back,F8,9,1.6800399131958032e-08
3,1-back,F8,10,6.398555563180981e-09
3,1-back,F8,11,2.636391464217122e-07
3,1-back,F8,12,2.5075995777526596e-08
3,1-back,F8,13,2.604311698022576e-07
3,1-back,F8,14,6.9233350935226575e-09
3,1-back,F8,15,1.561992060758258e-07
3,1-back,F8,16,2.162391082315499e-07
3,1-back,F8,17,9.396314899134483e-09
3,1-back,F8,18,6.610229668781259e-09
3,1-back,F8,19,1.050303891268856e-07
3,1-back,F8,20,1.7666104138075633e-07
3,1-back,F8,21,2.0768622802827592e-08
3,1-back,F8,22,2.756593484127529e-07
3,1-back,F8,23,7.299329307367229e-09
3,1-back,F8,24,2.1131504873971358e-07
3,1-back,F8,25,1.267162768882031e-07
3,1-back,F8,26,1.3923603355533184e-08
3,1-back,F8,27,1.7591999980415974e-07
3,1-back,F8,28,2.7053507473936395e-07
3,1-back,F8,29,1.677850252883323e-07
3,1-back,F8,30,1.0788742358270433e-07
3,1-back,Fz,1,2.3518346269299763e-08
3,1-back,Fz,2,3.361985953744706e-08
3,1-back,Fz,3,1.5997634359716622e-07
3,1-back,Fz,4,1.2620090951542417e-07
3,1-back,Fz,5,1.8891878226222147e-08
3,1-back,Fz,6,1.23618806989935e-07
3,1-back,Fz,7,1.4842398240037026e-07
3,1-back,Fz,8,1.6303530293861565e-08
3,1-back,Fz,9,2.460082821452073e-08
3,1-back,Fz,10,1.4974024456092487e-08
3,1-back,Fz,11,1.3058722360607073e-07
3,1-back,Fz,12,3.703566155213665e-08
3,1-back,Fz,13,1.0594038408402233e-07
3,1-back,Fz,14,1.5877736206896668e-08
3,1-back,Fz,15,9.951261714310072e-08
3,1-back,Fz,16,1.1959186619487165e-07
3,1-back,Fz,17,1.7844853916763123e-08
3,1-back,Fz,18,1.524579560393004e-08
3,1-back,Fz,19,5.770064324825912e-08
3,1-back,Fz,20,1.0193688452470031e-07
3,1-back,Fz,21,3.218322357216149e-08
3,1-back,Fz,22,1.822418786506074e-07
3,1-back,Fz,23,1.0773251055154179e-08
3,1-back,Fz,24,1.140396613038781e-07
3,1-back,Fz,25,1.066784247796119e-07
3,1-back,Fz,26,3.0951102031895776e-08
3,1-back,Fz,27,5.569765167377341e-08
3,1-back,Fz,28,1.6335229271298357e-07
3,1-back,Fz,29,8.528031357790471e-08
3,1-back,Fz,30,9.356264866245875e-08
3,2-back,F3,1,7.917420488703657e-08
3,2-back,F3,2,2.575871725197716e-07
3,2-back,F3,3,2.340010736843649e-08
3,2-back,F3,4,1.5330157818869915e-07
3,2-back,F3,5,5.5081381341197234e-08
3,2-back,F3,6,1.1871993592311057e-07
3,2-back,F3,7,7.705965640201331e-08
3,2-back,F3,8,7.348754688927114e-08
3,2-back,F3,9,1.3030123599097097e-08
3,2-back,F3,10,1.5363692659905424e-07
3,2-back,F3,11,2.619302422079894e-07
3,2-back,F3,12,1.7069113377853888e-07
3,2-back,F3,13,6.741288050797882e-08
3,2-back,F3,14,1.911884513085935e-07
3,2-back,F3,15,1.3859906633305376e-07
3,2-back,F3,16,7.823436031617893e-08
3,2-back,F3,17,3.251601562818036e-07
3,2-back,F3,18,6.722495041336141e-08
3,2-back,F3,19,1.1164451462312923e-07
3,2-back,F3,20,3.29875158105153e-08
3,2-back,F3,21,1.514796156718033e-07
3,2-back,F3,22,1.7386869178803522e-07
3,2-back,F3,23,1.2378263593870641e-07
3,2-back,F3,24,7.993351370712337e-08
3,2-back,F3,25,1.148830448361936e-07
3,2-back,F3,26,2.1648965811525898e-08
3,2-back,F3,27,6.158887537142907e-07
3,2-back,F3,28,1.0680554900343153e-07
3,2-back,F3,29,1.392044709116851e-07
3,2-back,F3,30,1.668759257530989e-07
3,2-back,F3,31,4.2575878578796034e-08
3,2-back,F3,32,1.1784957117165883e-08
3,2-back,F3,33,1.4224859435984186e-07
3,2-back,F3,34,3.169833917797758e-08
3,2-back,F3,35,1.4979487533506955e-07
3,2-back,F3,36,7.930862717323241e-08
3,2-back,F3,37,1.6342900561041135e-07
3,2-back,F4,1,7.922509835368997e-08
3,2-back,F4,2,4.970974469969567e-07
3,2-back,F4,3,2.3585451479679735e-08
3,2-back,F4,4,1.499936818273887e-07
3,2-back,F4,5,4.621466488860725e-08
3,2-back,F4,6,1.350568280704026e-07
3,2-back,F4,7,6.059805404033993e-08
3,2-back,F4,8,6.395170777585461e-08
3,2-back,F4,9,7.612102977429886e-09
3,2-back,F4,10,1.3273693304764777e-07
3,2-back,F4,11,2.402109780658e-07
3,2-back,F4,12,1.3874110755770645e-07
3,2-back,F4,13,2.035851704225324e-07
3,2-back,F4,14,1.876110093518333e-07
3,2-back,F4,15,1.5216115806447506e-07
3,2-back,F4,16,7.014325539032559e-08
3,2-back,F4,17,2.2184004364495109e-07
3,2-back,F4,18,8.232055059265192e-08
3,2-back,F4,19,9.278207707409633e-08
3,2-back,F4,20,3.062941558710357e-08
3,2-back,F4,21,1.4061387318050254e-07
3,2-back,F4,22,1.7060697975692618e-07
3,2-back,F4,23,1.1085422693144879e-07
3,2-back,F4,24,7.616719703173064e-08
3,2-back,F4,25,1.3900822226712704e-07
3,2-back,F4,26,3.303902323756884e-08
3,2-back,F4,27,9.063282721953562e-07
3,2-back,F4,28,1.2589964095247873e-07
3,2-back,F4,29,1.107797475936654e-07
3,2-back,F4,30,3.8340805687000073e-07
3,2-back,F4,31,1.5484405716167633e-07
3,2-back,F4,32,4.2961930414965936e-08
3,2-back,F4,33,2.624728478408805e-07
3,2-back,F4,34,8.094567642072715e-08
3,2-back,F4,35,3.9472428694573946e-07
3,2-back,F4,36,6.956641321465253e-08
3,2-back,F4,37,1.3039066947943283e-07
3,2-back,F7,1,2.695854710121796e-07
3,2-back,F7,2,4.119619010224937e-07
3,2-back,F7,3,9.090367399431772e-08
3,2-back,F7,4,2.2698516942330532e-07
3,2-back,F7,5,1.2055601606884098e-07
3,2-back,F7,6,1.8441147834249524e-07
3,2-back,F7,7,1.1796915258885147e-07
3,2-back,F7,8,2.6230318717525454e-07
3,2-back,F7,9,1.5875621955505108e-07
3,2-back,F7,10,4.218284145486151e-07
3,2-back,F7,11,3.89291150146791e-07
3,2-back,F7,12,2.5024350212037423e-07
3,2-back,F7,13,1.1904354114629254e-07
3,2-back,F7,14,2.9193549826553353e-07
3,2-back,F7,15,1.6641530566724114e-07
3,2-back,F7,16,1.285146815094874e-07
3,2-back,F7,17,6.220780531845308e-07
3,2-back,F7,18,1.0232320723958036e-07
3,2-back,F7,19,1.5394358906929546e-07
3,2-back,F7,20,1.0445416217709259e-07
3,2-back,F7,21,2.0852507250103803e-07
3,2-back,F7,22,4.6024359715733115e-07
3,2-back,F7,23,1.790936199370371e-07
3,2-back,F7,24,1.3936870642046237e-07
3,2-back,F7,25,2.6972499011671135e-07
3,2-back,F7,26,2.19965195268012e-08
3,2-back,F7,27,4.348087397774781e-07
3,2-back,F7,28,1.742786809206907e-07
3,2-back,F7,29,1.7697757069620135e-07
3,2-back,F7,30,2.4003599486777615e-07
3,2-back,F7,31,6.984686473754997e-08
3,2-back,F7,32,5.882943274698239e-08
3,2-back,F7,33,2.3457000666891138e-07
3,2-back,F7,34,1.1654962722706933e-07
3,2-back,F7,35,1.512578738887421e-07
3,2-back,F7,36,1.0775623832293936e-07
3,2-back,F7,37,3.4651005208392797e-07
3,2-back,F8,1,1.3077318819428e-07
3,2-back,F8,2,2.9633744297249044e-07
3,2-back,F8,3,1.6778280348571673e-08
3,2-back,F8,4,2.215410333239848e-07
3,2-back,F8,5,9.643013161019626e-08
3,2-back,F8,6,2.4024735925495543e-07
3,2-back,F8,7,1.2439164438218952e-07
3,2-back,F8,8,1.171642787826674e-07
3,2-back,F8,9,1.3077983114695452e-08
3,2-back,F8,10,2.407698429174438e-07
3,2-back,F8,11,3.7930832349734956e-07
3,2-back,F8,12,3.0190436361018223e-07
3,2-back,F8,13,1.6067831008799266e-07
3,2-back,F8,14,1.694739206756671e-07
3,2-back,F8,15,2.659151686840821e-07
3,2-back,F8,16,9.18885360310144e-08
3,2-back,F8,17,4.288511320249769e-07
3,2-back,F8,18,1.7083026417212523e-07
3,2-back,F8,19,2.015985536652161e-07
3,2-back,F8,20,1.3294985977628027e-08
3,2-back,F8,21,2.2203824239665457e-07
3,2-back,F8,22,2.5391133714641214e-07
3,2-back,F8,23,1.8527344822030255e-07
3,2-back,F8,24,1.394308519105192e-07
3,2-back,F8,25,2.1026589422707728e-07
3,2-back,F8,26,1.0308521302676203e-08
3,2-back,F8,27,4.808450537106236e-07
3,2-back,F8,28,2.0989472631849437e-07
3,2-back,F8,29,1.6165993557795833e-07
3,2-back,F8,30,1.603137692326412e-07
3,2-back,F8,31,8.172728426272347e-09
3,2-back,F8,32,6.581611558265911e-09
3,2-back,F8,33,1.9649435303383732e-07
3,2-back,F8,34,9.52932147903629e-09
3,2-back,F8,35,1.4820287308535393e-07
3,2-back,F8,36,1.350624087146254e-07
3,2-back,F8,37,2.25298088965794e-07
3,2-back,Fz,1,7.862961709308455e-08
3,2-back,Fz,2,2.94279609275454e-07
3,2-back,Fz,3,2.294017121043997e-08
3,2-back,Fz,4,1.3764272110271882e-07
3,2-back,Fz,5,5.057648692574125e-08
3,2-back,Fz,6,1.3057723253844398e-07
3,2-back,Fz,7,5.968516747176303e-08
3,2-back,Fz,8,6.670745630658896e-08
3,2-back,Fz,9,1.1852484929654109e-08
3,2-back,Fz,10,1.3590207391281127e-07
3,2-back,Fz,11,2.4174239282698684e-07
3,2-back,Fz,12,1.5573492527132395e-07
3,2-back,Fz,13,6.531022486592337e-08
3,2-back,Fz,14,1.6637509523413545e-07
3,2-back,Fz,15,1.3225569170626434e-07
3,2-back,Fz,16,6.948468069680531e-08
3,2-back,Fz,17,2.747019927835148e-07
3,2-back,Fz,18,7.425391056162556e-08
3,2-back,Fz,19,9.672504352837615e-08
3,2-back,Fz,20,3.89965900776339e-08
3,2-back,Fz,21,1.5495453673798207e-07
3,2-back,Fz,22,1.7119079696961417e-07
3,2-back,Fz,23,1.0539318406631883e-07
3,2-back,Fz,24,6.889094188634015e-08
3,2-back,Fz,25,1.0990480434630813e-07
3,2-back,Fz,26,2.0400627377764825e-08
3,2-back,Fz,27,4.1492437749136774e-07
3,2-back,Fz,28,1.0579292829693971e-07
3,2-back,Fz,29,1.3813860399492557e-07
3,2-back,Fz,30,1.6182623721588834e-07
3,2-back,Fz,31,2.7392990758324923e-08
3,2-back,Fz,32,2.6899636553969135e-08
3,2-back,Fz,33,1.6699872849086914e-07
3,2-back,Fz,34,2.5456831551436216e-08
3,2-back,Fz,35,1.35492928079227e-07
3,2-back,Fz,36,7.98376409582061e-08
3,2-back,Fz,37,1.4955590555942491e-07
3,3-back,F3,1,1.6674943223692172e-07
3,3-back,F3,2,1.704895423726057e-07
3,3-back,F3,3,1.0564716029288794e-07
3,3-back,F3,4,2.2459868523642804e-08
3,3-back,F3,5,2.3772872257214087e-08
3,3-back,F3,6,1.1703806758846125e-07
3,3-back,F3,7,1.6558084226562515e-07
3,3-back,F3,8,1.8680590008499276e-07
3,3-back,F3,9,1.0907436132993934e-07
3,3-back,F3,10,1.2460053278901848e-07
3,3-back,F3,11,9.376511254434727e-08
3,3-back,F3,12,1.1903363179310852e-07
3,3-back,F3,13,1.8168623719544135e-07
3,3-back,F3,14,5.954675292390984e-08
3,3-back,F3,15,1.5186384994441947e-07
3,3-back,F3,16,1.5330700193149263e-07
3,3-back,F3,17,1.1518061548198631e-07
3,3-back,F3,18,7.932795658116354e-08
3,3-back,F3,19,1.2262727653144904e-07
3,3-back,F3,20,1.169531607312506e-07
3,3-back,F3,21,1.914138200461654e-08
3,3-back,F3,22,2.4088165134771737e-08
3,3-back,F3,23,3.3999843953432494e-08
3,3-back,F3,24,1.0986438857236121e-08
3,3-back,F3,25,1.384446627116897e-07
3,3-back,F3,26,3.9342711311331606e-08
3,3-back,F3,27,7.621210657431447e-08
3,3-back,F3,28,2.7385294635531685e-07
3,3-back,F3,29,2.62837416895313e-07
3,3-back,F3,30,2.594883088260607e-08
3,3-back,F3,31,9.14243897695974e-08
3,3-back,F3,32,1.724435750145739e-07
3,3-back,F3,33,5.2676095255575994e-08
3,3-back,F3,34,9.267599857457838e-08
3,3-back,F3,35,2.1118951424017522e-07
3,3-back,F3,36,1.271476163123616e-07
3,3-back,F3,37,8.925113834878673e-08
3,3-back,F3,38,1.6224934823516994e-07
3,3-back,F3,39,2.0652461752208286e-07
3,3-back,F4,1,3.3951589908023706e-07
3,3-back,F4,2,2.531157905189314e-07
3,3-back,F4,3,1.542858379095866e-07
3,3-back,F4,4,2.9074728786416348e-08
3,3-back,F4,5,1.0592578382868799e-07
3,3-back,F4,6,1.6771241383465362e-07
3,3-back,F4,7,1.4861246008996208e-07
3,3-back,F4,8,1.6237528377096647e-07
3,3-back,F4,9,9.487144634018885e-08
3,3-back,F4,10,1.1888700954809818e-07
3,3-back,F4,11,7.772097296907933e-08
3,3-back,F4,12,8.316504579893694e-08
3,3-back,F4,13,1.3771231527545124e-07
3,3-back,F4,14,5.8704409253617105e-08
3,3-back,F4,15,1.1390433229925553e-07
3,3-back,F4,16,1.347288115310984e-07
3,3-back,F4,17,1.207448870903959e-07
3,3-back,F4,18,6.103084243749088e-08
3,3-back,F4,19,1.1294829764378962e-07
3,3-back,F4,20,1.140636533596922e-07
3,3-back,F4,21,1.456822113800306e-08
3,3-back,F4,22,1.9877624306389102e-08
3,3-back,F4,23,2.566786683128237e-08
3,3-back,F4,24,1.0425556619258275e-08
3,3-back,F4,25,1.9621806254823615e-07
3,3-back,F4,26,3.801671690771083e-08
3,3-back,F4,27,7.039651504192156e-08
3,3-back,F4,28,2.011780752044556e-07
3,3-back,F4,29,2.264278438881679e-07
3,3-back,F4,30,1.9733440871423135e-08
3,3-back,F4,31,8.915984975472689e-08
3,3-back,F4,32,1.5774567764601883e-07
3,3-back,F4,33,5.196610652646662e-08
3,3-back,F4,34,8.33263655019995e-08
3,3-back,F4,35,8.089772433314141e-06
3,3-back,F4,36,9.944346644771251e-08
3,3-back,F4,37,6.166071706444612e-08
3,3-back,F4,38,1.1030039531295438e-07
3,3-back,F4,39,1.678195431954919e-07
3,3-back,F7,1,1.7960081177318218e-07
3,3-back,F7,2,2.4394447160641e-07
3,3-back,F7,3,1.4547872795580285e-07
3,3-back,F7,4,3.394679340120579e-08
3,3-back,F7,5,4.754981059366354e-08
3,3-back,F7,6,1.9233690872257376e-07
3,3-back,F7,7,2.3713023435133728e-07
3,3-back,F7,8,2.9116285783668904e-07
3,3-back,F7,9,1.3945218565040879e-07
3,3-back,F7,10,1.8186621809195354e-07
3,3-back,F7,11,1.2959839910979528e-07
3,3-back,F7,12,1.469932102289483e-07
3,3-back,F7,13,2.659282276110359e-07
3,3-back,F7,14,7.835334402779601e-08
3,3-back,F7,15,1.7788541077035123e-07
3,3-back,F7,16,2.4952462985481595e-07
3,3-back,F7,17,1.533590665129658e-07
3,3-back,F7,18,1.1834074798394513e-07
3,3-back,F7,19,1.69407597359718e-07
3,3-back,F7,20,1.3776887527101154e-07
3,3-back,F7,21,2.3975880192424307e-08
3,3-back,F7,22,1.8625337803623013e-08
3,3-back,F7,23,2.7081248576535638e-08
3,3-back,F7,24,1.554419139275312e-08
3,3-back,F7,25,1.5588945070955925e-07
3,3-back,F7,26,4.266965532740588e-08
3,3-back,F7,27,1.0233481139497979e-07
3,3-back,F7,28,3.406380264515094e-07
3,3-back,F7,29,3.0030472908090923e-07
3,3-back,F7,30,2.6865633103216142e-08
3,3-back,F7,31,1.0844153561372219e-07
3,3-back,F7,32,1.905037428757628e-07
3,3-back,F7,33,6.713752003096294e-08
3,3-back,F7,34,1.2702357324063282e-07
3,3-back,F7,35,4.947051550056613e-06
3,3-back,F7,36,1.388273855677741e-07
3,3-back,F7,37,1.456782250918402e-07
3,3-back,F7,38,2.1605771646754288e-07
3,3-back,F7,39,2.2428319828056235e-07
3,3-back,F8,1,1.7801737613855306e-07
3,3-back,F8,2,2.8210996865321145e-07
3,3-back,F8,3,1.7816885786409142e-07
3,3-back,F8,4,9.820529768828497e-09
3,3-back,F8,5,1.9423885958797058e-08
3,3-back,F8,6,1.934306834564935e-07
3,3-back,F8,7,2.6009210527491953e-07
3,3-back,F8,8,3.4573696756611265e-07
3,3-back,F8,9,1.3932082234217868e-07
3,3-back,F8,10,3.1840401505112797e-07
3,3-back,F8,11,1.5808909167192423e-07
3,3-back,F8,12,2.13937887159339e-07
3,3-back,F8,13,2.7497901173614157e-07
3,3-back,F8,14,8.348854456610366e-08
3,3-back,F8,15,2.1656827652239993e-07
3,3-back,F8,16,2.3817775329297203e-07
3,3-back,F8,17,1.4840507627613848e-07
3,3-back,F8,18,1.245947849588711e-07
3,3-back,F8,19,1.986691916539995e-07
3,3-back,F8,20,2.2138695124543693e-07
3,3-back,F8,21,9.225699351432791e-09
3,3-back,F8,22,1.6404056374130668e-08
3,3-back,F8,23,1.5873217922253916e-08
3,3-back,F8,24,1.096867961404704e-08
3,3-back,F8,25,2.035925553805563e-07
3,3-back,F8,26,3.607367191335466e-08
3,3-back,F8,27,1.1958886319780525e-07
3,3-back,F8,28,3.341057712418126e-07
3,3-back,F8,29,4.159936538206067e-07
3,3-back,F8,30,1.3701818217466998e-08
3,3-back,F8,31,1.766998189407846e-07
3,3-back,F8,32,2.2992190782236054e-07
3,3-back,F8,33,1.6681195149262865e-07
3,3-back,F8,34,1.7712047124741068e-07
3,3-back,F8,35,3.2486733629900545e-06
3,3-back,F8,36,2.1837144788764582e-07
3,3-back,F8,37,1.503544112419564e-07
3,3-back,F8,38,2.3574222101811198e-07
3,3-back,F8,39,2.79349587523326e-07
3,3-back,Fz,1,1.2036517651974956e-07
3,3-back,Fz,2,1.862399247514294e-07
3,3-back,Fz,3,1.380754114951461e-07
3,3-back,Fz,4,2.6866870015359285e-08
3,3-back,Fz,5,3.0482948159788536e-08
3,3-back,Fz,6,1.2338951634092773e-07
3,3-back,Fz,7,1.4735733875222973e-07
3,3-back,Fz,8,1.7678674512085073e-07
3,3-back,Fz,9,9.583945125297983e-08
3,3-back,Fz,10,1.2372059927504354e-07
3,3-back,Fz,11,9.165352061995616e-08
3,3-back,Fz,12,1.0025362416456927e-07
3,3-back,Fz,13,1.4966903694597747e-07
3,3-back,Fz,14,5.808892160042733e-08
3,3-back,Fz,15,1.3247739094873136e-07
3,3-back,Fz,16,1.384571773537827e-07
3,3-back,Fz,17,1.096052208026681e-07
3,3-back,Fz,18,6.744553922714277e-08
3,3-back,Fz,19,1.141872450053617e-07
3,3-back,Fz,20,1.0793842051409931e-07
3,3-back,Fz,21,2.73386532953804e-08
3,3-back,Fz,22,2.3822936457226513e-08
3,3-back,Fz,23,3.046876666467167e-08
3,3-back,Fz,24,9.079997038665596e-09
3,3-back,Fz,25,1.253402959059492e-07
3,3-back,Fz,26,4.19000019988013e-08
3,3-back,Fz,27,7.484849260983031e-08
3,3-back,Fz,28,2.5565371803143824e-07
3,3-back,Fz,29,2.5490466288594634e-07
3,3-back,Fz,30,2.679587200935149e-08
3,3-back,Fz,31,1.0591443740714644e-07
3,3-back,Fz,32,1.7612883440261115e-07
3,3-back,Fz,33,6.228666594006446e-08
3,3-back,Fz,34,9.117394484594222e-08
3,3-back,Fz,35,2.2024156012311125e-07
3,3-back,Fz,36,1.0678251529854457e-07
3,3-back,Fz,37,7.030230351683365e-08
3,3-back,Fz,38,1.42474643834589e-07
3,3-back,Fz,39,1.951961731743381e-07
3,4-back,F3,1,9.753084352112238e-08
3,4-back,F3,2,1.5489978184283012e-07
3,4-back,F3,3,2.564889940485684e-08
3,4-back,F3,4,1.424461261127677e-07
3,4-back,F3,5,1.3693467759218063e-07
3,4-back,F3,6,2.3079411820647943e-08
3,4-back,F3,7,2.3097310064239318e-07
3,4-back,F3,8,2.167371102150399e-07
3,4-back,F3,9,1.2780305761481187e-07
3,4-back,F3,10,8.444792096409886e-08
3,4-back,F3,11,7.281859253590941e-08
3,4-back,F3,12,6.059116450524384e-07
3,4-back,F3,13,1.6251366353277016e-07
3,4-back,F3,14,1.8238509538810393e-07
3,4-back,F3,15,1.6773056296971125e-07
3,4-back,F3,16,1.2658484681132282e-07
3,4-back,F3,17,1.086709882000881e-07
3,4-back,F3,18,1.925056155098062e-07
3,4-back,F3,19,1.63499977283161e-07
3,4-back,F3,20,7.62049401743229e-08
3,4-back,F3,21,9.327716145534395e-08
3,4-back,F3,22,5.821960068794317e-07
3,4-back,F3,23,2.2347095620127835e-07
3,4-back,F3,24,1.1378562418554579e-07
3,4-back,F3,25,7.956288162707322e-08
3,4-back,F3,26,1.3512867618990419e-07
3,4-back,F3,27,2.413694672758867e-07
3,4-back,F3,28,1.5954057293833055e-07
3,4-back,F3,29,3.77607763068565e-08
3,4-back,F3,30,2.0366152449230728e-07
3,4-back,F3,31,2.5449285364130826e-07
3,4-back,F3,32,7.527141540136619e-08
3,4-back,F3,33,1.2022349289773175e-07
3,4-back,F3,34,1.7403933260442815e-07
3,4-back,F3,35,8.259246856718927e-08
3,4-back,F3,36,1.8093924232779392e-07
3,4-back,F3,37,1.820836820529562e-08
3,4-back,F3,38,1.7354000784398676e-07
3,4-back,F3,39,1.6827397511990263e-07
3,4-back,F3,40,6.263577719557885e-08
3,4-back,F4,1,7.247623326671152e-08
3,4-back,F4,2,1.1102813335504879e-07
3,4-back,F4,3,2.3105258364609326e-08
3,4-back,F4,4,1.2088216453132473e-07
3,4-back,F4,5,1.3864578031001854e-07
3,4-back,F4,6,4.233710635728525e-08
3,4-back,F4,7,2.0753147915165031e-07
3,4-back,F4,8,1.7185076688675526e-07
3,4-back,F4,9,1.2856027158854037e-07
3,4-back,F4,10,7.073097737039052e-08
3,4-back,F4,11,7.111015515469556e-08
3,4-back,F4,12,4.547850239094279e-07
3,4-back,F4,13,1.4255660260727864e-07
3,4-back,F4,14,1.4684954897571612e-07
3,4-back,F4,15,1.348556277272492e-07
3,4-back,F4,16,8.417489301036015e-08
3,4-back,F4,17,8.392087290417056e-08
3,4-back,F4,18,1.8253218684790504e-07
3,4-back,F4,19,1.2701435287296675e-07
3,4-back,F4,20,7.180997035279838e-08
3,4-back,F4,21,7.534625618948709e-08
3,4-back,F4,22,5.476022640325744e-06
3,4-back,F4,23,2.034708113011881e-07
3,4-back,F4,24,2.905981074480743e-07
3,4-back,F4,25,6.930953125972372e-08
3,4-back,F4,26,1.1575060724878248e-07
3,4-back,F4,27,2.522404776827137e-07
3,4-back,F4,28,1.4343578943359502e-07
3,4-back,F4,29,1.27523877641268e-07
3,4-back,F4,30,1.0962792430667465e-07
3,4-back,F4,31,1.6861836242869094e-07
3,4-back,F4,32,1.5034953588334432e-07
3,4-back,F4,33,1.1202793744887915e-07
3,4-back,F4,34,1.506839186381032e-07
3,4-back,F4,35,8.325489902503307e-08
3,4-back,F4,36,1.9784148647560839e-07
3,4-back,F4,37,2.5679421386572317e-08
3,4-back,F4,38,1.4218589695905686e-07
3,4-back,F4,39,1.5853043284946304e-07
3,4-back,F4,40,9.30776672796944e-08
3,4-back,F7,1,5.019983286249657e-08
3,4-back,F7,2,6.298937488318718e-07
3,4-back,F7,3,1.1323117566218936e-07
3,4-back,F7,4,1.8712673794202513e-07
3,4-back,F7,5,1.8440066654485846e-07
3,4-back,F7,6,2.2344707895250505e-08
3,4-back,F7,7,2.660617460540925e-07
3,4-back,F7,8,3.1793773636673757e-07
3,4-back,F7,9,1.7674939179663084e-07
3,4-back,F7,10,1.0444868876863723e-07
3,4-back,F7,11,1.0669531627347352e-07
3,4-back,F7,12,8.572576900010417e-07
3,4-back,F7,13,2.3816605219824623e-07
3,4-back,F7,14,2.3215537175041505e-07
3,4-back,F7,15,2.375048176113992e-07
3,4-back,F7,16,2.3061714097106172e-07
3,4-back,F7,17,1.6075962821516523e-07
3,4-back,F7,18,3.760332752691878e-07
3,4-back,F7,19,2.0368346226423528e-07
3,4-back,F7,20,1.7022989354251708e-07
3,4-back,F7,21,1.2325956217030906e-07
3,4-back,F7,22,5.732754650416485e-06
3,4-back,F7,23,3.7135403348856666e-07
3,4-back,F7,24,4.307929547038686e-07
3,4-back,F7,25,3.0352601889185346e-07
3,4-back,F7,26,2.9229338709744297e-07
3,4-back,F7,27,4.186194828822262e-07
3,4-back,F7,28,1.7957181431630807e-07
3,4-back,F7,29,5.680600157891574e-08
3,4-back,F7,30,2.3194685369998115e-07
3,4-back,F7,31,4.6075988809715523e-07
3,4-back,F7,32,1.3013341115369887e-07
3,4-back,F7,33,1.7508087109693947e-07
3,4-back,F7,34,2.6047060157324623e-07
3,4-back,F7,35,1.3302420903478815e-07
3,4-back,F7,36,2.1943136484417508e-07
3,4-back,F7,37,2.1335681778259888e-08
3,4-back,F7,38,2.6552388210407394e-07
3,4-back,F7,39,2.033247083161639e-07
3,4-back,F7,40,1.445583390251495e-07
3,4-back,F8,1,9.115456435412157e-08
3,4-back,F8,2,2.3197406498976478e-07
3,4-back,F8,3,1.4666470827787958e-08
3,4-back,F8,4,1.9208742597661633e-07
3,4-back,F8,5,2.9914353166202646e-07
3,4-back,F8,6,2.6755964236367604e-08
3,4-back,F8,7,4.123350591194431e-07
3,4-back,F8,8,3.270979935533062e-07
3,4-back,F8,9,1.6771816278622538e-07
3,4-back,F8,10,1.2680764347756775e-07
3,4-back,F8,11,1.262864261203303e-07
3,4-back,F8,12,8.799352052559475e-07
3,4-back,F8,13,1.7952072162762254e-07
3,4-back,F8,14,2.0597063170720665e-07
3,4-back,F8,15,3.003214051046648e-07
3,4-back,F8,16,1.456687604350828e-07
3,4-back,F8,17,1.4280753431115498e-07
3,4-back,F8,18,2.7704921497260803e-07
3,4-back,F8,19,2.0426181152078578e-07
3,4-back,F8,20,8.943504966654211e-08
3,4-back,F8,21,1.490586659076155e-07
3,4-back,F8,22,5.669795714857142e-06
3,4-back,F8,23,3.680098455680413e-07
3,4-back,F8,24,4.95606789057473e-07
3,4-back,F8,25,9.738071323669945e-08
3,4-back,F8,26,2.0425315635775319e-07
3,4-back,F8,27,4.7303242839268137e-07
3,4-back,F8,28,2.0757434596997622e-07
3,4-back,F8,29,5.250447269909885e-08
3,4-back,F8,30,1.5006412903830786e-07
3,4-back,F8,31,3.4634247386386877e-07
3,4-back,F8,32,4.5740491700401286e-08
3,4-back,F8,33,1.6690709876715976e-07
3,4-back,F8,34,3.0060558783524804e-07
3,4-back,F8,35,1.504783016062094e-07
3,4-back,F8,36,2.754344549735683e-07
3,4-back,F8,37,2.418715287331849e-08
3,4-back,F8,38,1.8441882041786903e-07
3,4-back,F8,39,2.356873330915133e-07
3,4-back,F8,40,2.542197058802387e-08
3,4-back,Fz,1,9.197101233490419e-08
3,4-back,Fz,2,1.431327967960196e-07
3,4-back,Fz,3,3.050674674360432e-08
3,4-back,Fz,4,1.465514231670466e-07
3,4-back,Fz,5,1.4084096969554653e-07
3,4-back,Fz,6,2.59228921808998e-08
3,4-back,Fz,7,2.2462904903873602e-07
3,4-back,Fz,8,2.096790272676469e-07
3,4-back,Fz,9,1.0510762942772875e-07
3,4-back,Fz,10,8.466701011803347e-08
3,4-back,Fz,11,6.635191308231871e-08
3,4-back,Fz,12,5.259413595137073e-07
3,4-back,Fz,13,1.4518886283296626e-07
3,4-back,Fz,14,1.7279136949270497e-07
3,4-back,Fz,15,1.619568203533665e-07
3,4-back,Fz,16,1.0154486077048724e-07
3,4-back,Fz,17,1.0630373642584088e-07
3,4-back,Fz,18,1.7334038657409205e-07
3,4-back,Fz,19,1.6286685908678627e-07
3,4-back,Fz,20,7.563246582939147e-08
3,4-back,Fz,21,9.339362184227212e-08
3,4-back,Fz,22,6.231634818548048e-07
3,4-back,Fz,23,2.2159177159696381e-07
3,4-back,Fz,24,1.2152558739755082e-07
3,4-back,Fz,25,7.518571863587898e-08
3,4-back,Fz,26,1.0793361300711655e-07
3,4-back,Fz,27,2.410907972305119e-07
3,4-back,Fz,28,1.4188161098525418e-07
3,4-back,Fz,29,3.659333663852075e-08
3,4-back,Fz,30,1.202090332496822e-07
3,4-back,Fz,31,2.091543925711058e-07
3,4-back,Fz,32,4.979626705912006e-08
3,4-back,Fz,33,1.0535668793933516e-07
3,4-back,Fz,34,1.5354646068545354e-07
3,4-back,Fz,35,7.64456366116839e-08
3,4-back,Fz,36,1.7921806374864033e-07
3,4-back,Fz,37,3.302002294737914e-08
3,4-back,Fz,38,1.564728326097075e-07
3,4-back,Fz,39,1.436258633732401e-07
3,4-back,Fz,40,4.912667737668449e-08
4,1-back,F3,1,2.7327651534423132e-08
4,1-back,F3,2,2.449283464550466e-07
4,1-back,F3,3,4.163918014135549e-08
4,1-back,F3,4,2.3092850630484173e-07
4,1-back,F3,5,2.1628158433168643e-07
4,1-back,F3,6,1.5091663366901795e-07
4,1-back,F3,7,1.5967606095921437e-07
4,1-back,F3,8,1.5596554548398443e-07
4,1-back,F3,9,2.1080175851902572e-07
4,1-back,F3,10,3.05837786475414e-08
4,1-back,F3,11,1.3444782020555872e-07
4,1-back,F3,12,1.258161126918327e-07
4,1-back,F3,13,5.2463708181415074e-08
4,1-back,F3,14,2.744999697741114e-08
4,1-back,F3,15,1.7684400428942862e-07
4,1-back,F3,16,1.290343749767822e-07
4,1-back,F3,17,2.9424712806054093e-08
4,1-back,F3,18,3.094890873748555e-08
4,1-back,F3,19,1.8847329780432927e-07
4,1-back,F3,20,3.2647147069129e-08
4,1-back,F3,21,5.230050604683423e-08
4,1-back,F3,22,1.7281811809667882e-07
4,1-back,F3,23,1.8462992120844868e-07
4,1-back,F3,24,2.742957299285363e-08
4,1-back,F3,25,8.960789487109864e-08
4,1-back,F3,26,4.6783358884568e-08
4,1-back,F3,27,1.0624096154103186e-07
4,1-back,F3,28,3.682174002357335e-08
4,1-back,F3,29,1.5601107461053059e-07
4,1-back,F3,30,3.560495805237406e-08
4,1-back,F3,31,1.2485446117772754e-07
4,1-back,F3,32,1.1639218074194389e-07
4,1-back,F3,33,1.385326790815367e-07
4,1-back,F3,34,3.176470662568566e-08
4,1-back,F3,35,1.0652677943025375e-07
4,1-back,F3,36,2.589966087260986e-08
4,1-back,F3,37,1.683375720408918e-07
4,1-back,F3,38,1.2368275976120014e-07
4,1-back,F4,1,2.6605822108213634e-08
4,1-back,F4,2,1.690815619431095e-07
4,1-back,F4,3,2.5080755482467667e-08
4,1-back,F4,4,1.598088726098518e-07
4,1-back,F4,5,1.5537114839708145e-07
4,1-back,F4,6,1.1469073595430924e-07
4,1-back,F4,7,1.0585740273107826e-07
4,1-back,F4,8,1.28973004992016e-07
4,1-back,F4,9,1.5508232084789373e-07
4,1-back,F4,10,4.666613878237581e-08
4,1-back,F4,11,1.2388233638968658e-07
4,1-back,F4,12,1.075180148246087e-07
4,1-back,F4,13,4.550446400347289e-08
4,1-back,F4,14,2.3316045929878516e-08
4,1-back,F4,15,1.2147152718197293e-07
4,1-back,F4,16,9.458969595974055e-08
4,1-back,F4,17,3.093534201075132e-08
4,1-back,F4,18,2.498903332391219e-08
4,1-back,F4,19,1.2859960636876397e-07
4,1-back,F4,20,2.870082937134016e-08
4,1-back,F4,21,4.291661919942036e-08
4,1-back,F4,22,1.314077280773698e-07
4,1-back,F4,23,1.468021527040361e-07
4,1-back,F4,24,2.7632969252176247e-08
4,1-back,F4,25,7.744699515533023e-08
4,1-back,F4,26,2.9079905898219624e-08
4,1-back,F4,27,9.106904702202032e-08
4,1-back,F4,28,2.0405783795777244e-08
4,1-back,F4,29,9.956953697156038e-08
4,1-back,F4,30,3.851789557413746e-08
4,1-back,F4,31,7.896451741321159e-08
4,1-back,F4,32,1.1685064825777416e-07
4,1-back,F4,33,1.2657538968356365e-07
4,1-back,F4,34,2.2856710608114057e-08
4,1-back,F4,35,7.831242582323598e-08
4,1-back,F4,36,2.450943353527171e-08
4,1-back,F4,37,1.6458598807100801e-07
4,1-back,F4,38,1.0131225364099485e-07
4,1-back,F7,1,1.4333169550166012e-08
4,1-back,F7,2,3.371748768896572e-07
4,1-back,F7,3,4.782492636119853e-08
4,1-back,F7,4,3.660465337036617e-07
4,1-back,F7,5,3.704581795747916e-07
4,1-back,F7,6,2.159282010366437e-07
4,1-back,F7,7,2.8202959217410195e-07
4,1-back,F7,8,2.375416969943258e-07
4,1-back,F7,9,2.6956456924557983e-07
4,1-back,F7,10,2.0233739111963826e-08
4,1-back,F7,11,1.9623770485533106e-07
4,1-back,F7,12,1.950359513523153e-07
4,1-back,F7,13,3.5322960374494434e-08
4,1-back,F7,14,1.5054299806035917e-08
4,1-back,F7,15,2.1179257726028772e-07
4,1-back,F7,16,1.4065541436057904e-07
4,1-back,F7,17,1.426604934221028e-08
4,1-back,F7,18,1.7651585489913515e-08
4,1-back,F7,19,2.7180638127714664e-07
4,1-back,F7,20,1.9293593770416967e-08
4,1-back,F7,21,5.0799254032603064e-08
4,1-back,F7,22,2.808622013696353e-07
4,1-back,F7,23,2.614077669854899e-07
4,1-back,F7,24,1.546790707540306e-08
4,1-back,F7,25,1.475503960573962e-07
4,1-back,F7,26,2.6187543514292186e-08
4,1-back,F7,27,1.7094053160304404e-07
4,1-back,F7,28,1.1703217469526988e-08
4,1-back,F7,29,2.5233121510697655e-07
4,1-back,F7,30,2.6209707773184817e-08
4,1-back,F7,31,2.0145290011869545e-07
4,1-back,F7,32,1.6303321345245811e-07
4,1-back,F7,33,2.048485169640334e-07
4,1-back,F7,34,2.579136653464563e-08
4,1-back,F7,35,2.0233446713327882e-07
4,1-back,F7,36,2.4391029228790824e-08
4,1-back,F7,37,2.1480521613710339e-07
4,1-back,F7,38,1.8956061179357654e-07
4,1-back,F8,1,1.2017290142528898e-08
4,1-back,F8,2,3.522983887299793e-07
4,1-back,F8,3,2.2036774528344922e-08
4,1-back,F8,4,3.188470577523287e-07
4,1-back,F8,5,3.072390239894819e-07
4,1-back,F8,6,2.3430202268247242e-07
4,1-back,F8,7,2.3852755466683757e-07
4,1-back,F8,8,2.441001238091408e-07
4,1-back,F8,9,2.871577282741642e-07
4,1-back,F8,10,3.262628170949403e-08
4,1-back,F8,11,2.46207237118537e-07
4,1-back,F8,12,2.1902690064314749e-07
4,1-back,F8,13,2.519355653926154e-08
4,1-back,F8,14,2.0843569904557284e-08
4,1-back,F8,15,1.9484558286510515e-07
4,1-back,F8,16,1.5276336400952192e-07
4,1-back,F8,17,2.3445058019524124e-08
4,1-back,F8,18,2.651006430612771e-08
4,1-back,F8,19,2.7174473249801623e-07
4,1-back,F8,20,1.724310250054176e-08
4,1-back,F8,21,2.8540894851464174e-08
4,1-back,F8,22,2.6402808812494854e-07
4,1-back,F8,23,2.493356974766322e-07
4,1-back,F8,24,2.9005142916043242e-08
4,1-back,F8,25,1.6893954261308672e-07
4,1-back,F8,26,1.947753376655845e-08
4,1-back,F8,27,1.4640621093943748e-07
4,1-back,F8,28,1.506504643744514e-08
4,1-back,F8,29,2.288173005862271e-07
4,1-back,F8,30,1.4382715538092859e-08
4,1-back,F8,31,1.4986490611244537e-07
4,1-back,F8,32,2.3701387845188685e-07
4,1-back,F8,33,2.3524922943376335e-07
4,1-back,F8,34,1.3631208077014222e-08
4,1-back,F8,35,1.9378252581151194e-07
4,1-back,F8,36,1.4060468858301293e-08
4,1-back,F8,37,2.130909619061559e-07
4,1-back,F8,38,2.250259465359898e-07
4,1-back,Fz,1,3.999342472859277e-08
4,1-back,Fz,2,1.9837827393910073e-07
4,1-back,Fz,3,3.75077183029166e-08
4,1-back,Fz,4,1.9303666318169686e-07
4,1-back,Fz,5,1.8297003608388056e-07
4,1-back,Fz,6,1.3691916088394647e-07
4,1-back,Fz,7,1.4122758771004822e-07
4,1-back,Fz,8,1.3471587099513862e-07
4,1-back,Fz,9,1.8820153383590387e-07
4,1-back,Fz,10,3.6801580405669787e-08
4,1-back,Fz,11,1.4515649467594118e-07
4,1-back,Fz,12,1.1995310667760177e-07
4,1-back,Fz,13,4.597288888487216e-08
4,1-back,Fz,14,2.537101034585634e-08
4,1-back,Fz,15,1.6409931186200135e-07
4,1-back,Fz,16,1.1807581847411677e-07
4,1-back,Fz,17,3.0291320712861035e-08
4,1-back,Fz,18,3.038468058649191e-08
4,1-back,Fz,19,1.6427781118321777e-07
4,1-back,Fz,20,3.2089552997734476e-08
4,1-back,Fz,21,4.4699833441749877e-08
4,1-back,Fz,22,1.5011629685549196e-07
4,1-back,Fz,23,1.7319788557317025e-07
4,1-back,Fz,24,4.050015000724994e-08
4,1-back,Fz,25,8.336879530206699e-08
4,1-back,Fz,26,4.185700008798714e-08
4,1-back,Fz,27,1.0235862078417046e-07
4,1-back,Fz,28,3.638207335316788e-08
4,1-back,Fz,29,1.2019103899006407e-07
4,1-back,Fz,30,5.149613168999019e-08
4,1-back,Fz,31,8.820437320216973e-08
4,1-back,Fz,32,1.4365347377210438e-07
4,1-back,Fz,33,1.1755288423926776e-07
4,1-back,Fz,34,3.330957846015168e-08
4,1-back,Fz,35,8.555978280636906e-08
4,1-back,Fz,36,3.218725015401409e-08
4,1-back,Fz,37,1.8458021289052905e-07
4,1-back,Fz,38,1.1450086047426851e-07
4,2-back,F3,1,1.4016049811221348e-07
4,2-back,F3,2,1.0138368136143416e-07
4,2-back,F3,3,3.494506904855957e-08
4,2-back,F3,4,2.2071763293017444e-07
4,2-back,F3,5,3.3818552760235045e-07
4,2-back,F3,6,2.2804193131477532e-07
4,2-back,F3,7,2.680073125426396e-07
4,2-back,F3,8,1.6938144709202527e-07
4,2-back,F3,9,1.8915189723995765e-08
4,2-back,F3,10,2.496993117127746e-07
4,2-back,F3,11,3.6821950048002144e-07
4,2-back,F3,12,7.845716029837457e-08
4,2-back,F3,13,1.2271300906225843e-07
4,2-back,F3,14,1.8533276992051914e-07
4,2-back,F3,15,2.5679762641964755e-08
4,2-back,F3,16,1.2676735967169312e-07
4,2-back,F3,17,1.8766501105686012e-07
4,2-back,F3,18,1.4904588648694398e-07
4,2-back,F3,19,1.5323146731662185e-07
4,2-back,F3,20,1.4164883233904656e-07
4,2-back,F3,21,9.05060647429665e-08
4,2-back,F3,22,2.3306657829235812e-07
4,2-back,F3,23,2.590750824975672e-07
4,2-back,F3,24,1.8159280293139904e-07
4,2-back,F3,25,2.746086712104545e-07
4,2-back,F3,26,2.2053594665986024e-08
4,2-back,F3,27,1.9502979063124138e-07
4,2-back,F3,28,3.3183534770471335e-07
4,2-back,F3,29,1.2220113243548746e-07
4,2-back,F3,30,1.2895357268793992e-07
4,2-back,F3,31,2.98290044607001e-08
4,2-back,F3,32,1.6375462782668764e-07
4,2-back,F3,33,1.614728285521633e-07
4,2-back,F3,34,1.2903047666252026e-07
4,2-back,F3,35,2.242153933490792e-08
4,2-back,F4,1,1.2611482698774073e-07
4,2-back,F4,2,1.0279645537399367e-07
4,2-back,F4,3,1.9111941949419147e-08
4,2-back,F4,4,1.8905488736932241e-07
4,2-back,F4,5,2.5725616786743864e-07
4,2-back,F4,6,1.7269414213656816e-07
4,2-back,F4,7,1.769706745628447e-07
4,2-back,F4,8,1.3511646200706265e-07
4,2-back,F4,9,1.8526790648229176e-08
4,2-back,F4,10,2.0261747122920998e-07
4,2-back,F4,11,2.3434339620507962e-07
4,2-back,F4,12,7.418263106505763e-08
4,2-back,F4,13,6.399080806074912e-08
4,2-back,F4,14,1.2773431646012667e-07
4,2-back,F4,15,3.842493268350014e-08
4,2-back,F4,16,1.0096998804691453e-07
4,2-back,F4,17,1.5070697502641233e-07
4,2-back,F4,18,1.2086024623947835e-07
4,2-back,F4,19,1.1816982205743071e-07
4,2-back,F4,20,1.1339952466527956e-07
4,2-back,F4,21,7.40032132640345e-08
4,2-back,F4,22,1.4684547236078215e-07
4,2-back,F4,23,2.1478247467325376e-07
4,2-back,F4,24,1.2756167767800885e-07
4,2-back,F4,25,1.9505514926112494e-07
4,2-back,F4,26,1.6966079205951624e-08
4,2-back,F4,27,2.066487990746154e-07
4,2-back,F4,28,2.453538393574951e-07
4,2-back,F4,29,7.909666406627774e-08
4,2-back,F4,30,1.2028042179003706e-07
4,2-back,F4,31,4.94696963211162e-08
4,2-back,F4,32,1.5179016813972524e-07
4,2-back,F4,33,1.1537595406149429e-07
4,2-back,F4,34,1.2299834682461962e-07
4,2-back,F4,35,1.5639315065085767e-08
4,2-back,F7,1,2.5146339626901516e-07
4,2-back,F7,2,1.6005720380479002e-07
4,2-back,F7,3,1.4848352921204171e-08
4,2-back,F7,4,3.4714258143426645e-07
4,2-back,F7,5,5.214758313383035e-07
4,2-back,F7,6,3.0588693382475586e-07
4,2-back,F7,7,3.164122203841363e-07
4,2-back,F7,8,2.4198541346911395e-07
4,2-back,F7,9,1.275186760429701e-08
4,2-back,F7,10,3.0068963592266375e-07
4,2-back,F7,11,5.040443512075386e-07
4,2-back,F7,12,1.1060020631808652e-07
4,2-back,F7,13,1.5345768593198222e-07
4,2-back,F7,14,2.4176009643527334e-07
4,2-back,F7,15,5.273973518358298e-08
4,2-back,F7,16,1.667902595647669e-07
4,2-back,F7,17,2.3594287705145578e-07
4,2-back,F7,18,2.0577961223575736e-07
4,2-back,F7,19,2.1750158387753893e-07
4,2-back,F7,20,2.3017810891246845e-07
4,2-back,F7,21,1.6075731070619908e-07
4,2-back,F7,22,3.682656520735771e-07
4,2-back,F7,23,4.079208457768664e-07
4,2-back,F7,24,2.6109976268893045e-07
4,2-back,F7,25,4.15342840850105e-07
4,2-back,F7,26,2.0189745157156798e-08
4,2-back,F7,27,3.4164592038522906e-07
4,2-back,F7,28,4.43632179666037e-07
4,2-back,F7,29,1.8147391844974995e-07
4,2-back,F7,30,1.6216904366948335e-07
4,2-back,F7,31,2.6958226777071925e-08
4,2-back,F7,32,2.5934336152471357e-07
4,2-back,F7,33,2.1698392757152712e-07
4,2-back,F7,34,1.8919169594189412e-07
4,2-back,F7,35,2.3268668082358908e-08
4,2-back,F8,1,2.3504605006205008e-07
4,2-back,F8,2,2.296307074462395e-07
4,2-back,F8,3,1.575319853092097e-08
4,2-back,F8,4,4.4650794095434745e-07
4,2-back,F8,5,6.15787756924925e-07
4,2-back,F8,6,3.183779492797995e-07
4,2-back,F8,7,2.8536585688992375e-07
4,2-back,F8,8,2.68539353869263e-07
4,2-back,F8,9,1.3395545175422949e-08
4,2-back,F8,10,3.40106527672329e-07
4,2-back,F8,11,5.258025080430076e-07
4,2-back,F8,12,1.406667304037247e-07
4,2-back,F8,13,1.6022578431732483e-07
4,2-back,F8,14,2.8981118747287763e-07
4,2-back,F8,15,6.72172312292397e-08
4,2-back,F8,16,2.0195420756777396e-07
4,2-back,F8,17,2.0857190262236782e-07
4,2-back,F8,18,2.4561521329368887e-07
4,2-back,F8,19,2.2983974012781262e-07
4,2-back,F8,20,2.5410424976922237e-07
4,2-back,F8,21,2.1501865036531179e-07
4,2-back,F8,22,3.6820332192295723e-07
4,2-back,F8,23,4.4855498737338887e-07
4,2-back,F8,24,2.1210415658110935e-07
4,2-back,F8,25,4.13937401313426e-07
4,2-back,F8,26,1.6542190326494555e-08
4,2-back,F8,27,5.033906877676607e-07
4,2-back,F8,28,4.461246083719026e-07
4,2-back,F8,29,1.880198308038731e-07
4,2-back,F8,30,1.923454226488172e-07
4,2-back,F8,31,2.7706663884184494e-08
4,2-back,F8,32,4.1177161967481753e-07
4,2-back,F8,33,2.850695325415965e-07
4,2-back,F8,34,2.173913170397053e-07
4,2-back,F8,35,9.306852482170418e-09
4,2-back,Fz,1,1.3382029520682472e-07
4,2-back,Fz,2,8.669425861045611e-08
4,2-back,Fz,3,3.41781532867016e-08
4,2-back,Fz,4,2.1204183817329816e-07
4,2-back,Fz,5,3.3910653637463717e-07
4,2-back,Fz,6,2.3187950751621978e-07
4,2-back,Fz,7,2.3659956186543763e-07
4,2-back,Fz,8,1.6622190312768925e-07
4,2-back,Fz,9,2.5205639025286833e-08
4,2-back,Fz,10,2.600855582899475e-07
4,2-back,Fz,11,2.7401909503446324e-07
4,2-back,Fz,12,8.890266586284527e-08
4,2-back,Fz,13,1.3258363730232173e-07
4,2-back,Fz,14,1.595625263472357e-07
4,2-back,Fz,15,5.0637231619567473e-08
4,2-back,Fz,16,1.2887363144434176e-07
4,2-back,Fz,17,1.750819306192057e-07
4,2-back,Fz,18,1.376883274639528e-07
4,2-back,Fz,19,1.3250430023147156e-07
4,2-back,Fz,20,1.337474446334887e-07
4,2-back,Fz,21,9.418807400524337e-08
4,2-back,Fz,22,1.906946884790186e-07
4,2-back,Fz,23,2.510890173181464e-07
4,2-back,Fz,24,1.7056035435233895e-07
4,2-back,Fz,25,2.463100833605243e-07
4,2-back,Fz,26,3.0801205926266846e-08
4,2-back,Fz,27,1.9284878038631315e-07
4,2-back,Fz,28,2.8615996998582317e-07
4,2-back,Fz,29,1.025366642169311e-07
4,2-back,Fz,30,1.1861933521428348e-07
4,2-back,Fz,31,3.9112034085337925e-08
4,2-back,Fz,32,1.5889343245512179e-07
4,2-back,Fz,33,1.4127235359451025e-07
4,2-back,Fz,34,1.2533896669036776e-07
4,2-back,Fz,35,1.8438101446414936e-08
4,3-back,F3,1,3.486129397063004e-07
4,3-back,F3,2,1.7202814614838655e-07
4,3-back,F3,3,1.9342845265090062e-07
4,3-back,F3,4,3.176539970960441e-07
4,3-back,F3,5,1.2741197559235218e-07
4,3-back,F3,6,2.742279317115618e-07
4,3-back,F3,7,1.4107394646759297e-07
4,3-back,F3,8,8.74718789659892e-08
4,3-back,F3,9,4.60828977639345e-08
4,3-back,F3,10,1.579079545437629e-07
4,3-back,F3,11,2.586067854263158e-07
4,3-back,F3,12,1.8151486230107188e-07
4,3-back,F3,13,2.2304424909211544e-07
4,3-back,F3,14,2.1045056263821691e-07
4,3-back,F3,15,1.5454182108176128e-07
4,3-back,F3,16,3.0664331064542607e-07
4,3-back,F3,17,3.1996467080666083e-07
4,3-back,F3,18,9.256541437002327e-08
4,3-back,F3,19,1.446830425700443e-07
4,3-back,F3,20,1.1347640310482485e-07
4,3-back,F3,21,2.5003305752770522e-08
4,3-back,F3,22,3.511131952534543e-08
4,3-back,F3,23,1.9678735315125402e-07
4,3-back,F3,24,1.268745240895406e-07
4,3-back,F3,25,1.0739342503819407e-07
4,3-back,F3,26,4.178910498183514e-08
4,3-back,F3,27,2.9302435220468977e-07
4,3-back,F3,28,1.0540601177366876e-07
4,3-back,F3,29,1.1468455085360982e-07
4,3-back,F3,30,1.184962489336421e-07
4,3-back,F3,31,1.5411075244931611e-07
4,3-back,F3,32,1.3435358401189005e-07
4,3-back,F3,33,1.8941910395270146e-07
4,3-back,F3,34,1.0825638449377238e-07
4,3-back,F3,35,1.5907367900726724e-07
4,3-back,F3,36,1.363109414945712e-07
4,3-back,F3,37,1.0839576452478194e-07
4,3-back,F3,38,1.0018257920889455e-07
4,3-back,F3,39,1.1564864369600695e-07
4,3-back,F4,1,2.7426066991189504e-07
4,3-back,F4,2,1.101843306465461e-07
4,3-back,F4,3,1.1384675450964314e-07
4,3-back,F4,4,2.4986589623351956e-07
4,3-back,F4,5,1.2533750598904828e-07
4,3-back,F4,6,1.928358878660179e-07
4,3-back,F4,7,1.1525274889223213e-07
4,3-back,F4,8,8.120311954262086e-08
4,3-back,F4,9,3.5708878226558576e-08
4,3-back,F4,10,1.4223737180712414e-07
4,3-back,F4,11,2.3404545174562153e-07
4,3-back,F4,12,1.5267096354979077e-07
4,3-back,F4,13,2.0912783049697033e-07
4,3-back,F4,14,2.3086828775644445e-07
4,3-back,F4,15,1.566961603051239e-07
4,3-back,F4,16,3.080465175320292e-07
4,3-back,F4,17,2.2479366163155913e-07
4,3-back,F4,18,7.344596931476654e-08
4,3-back,F4,19,1.2216079146368313e-07
4,3-back,F4,20,1.4249935003331162e-07
4,3-back,F4,21,2.9372817780902642e-08
4,3-back,F4,22,2.6470253057500457e-08
4,3-back,F4,23,2.3362402826938215e-07
4,3-back,F4,24,2.5710486324852365e-07
4,3-back,F4,25,1.0140181730597991e-07
4,3-back,F4,26,3.942367565161784e-08
4,3-back,F4,27,2.2090867432363405e-07
4,3-back,F4,28,1.176763504606589e-07
4,3-back,F4,29,8.910808256491527e-08
4,3-back,F4,30,9.131914375546162e-08
4,3-back,F4,31,1.069239664713065e-07
4,3-back,F4,32,1.1276730986011596e-07
4,3-back,F4,33,1.5473732231141634e-07
4,3-back,F4,34,8.291522579461822e-08
4,3-back,F4,35,1.395716348492704e-07
4,3-back,F4,36,1.1476625460032723e-07
4,3-back,F4,37,9.10306428774866e-08
4,3-back,F4,38,9.727212418150185e-08
4,3-back,F4,39,1.0008028359316547e-07
4,3-back,F7,1,5.10041851648957e-07
4,3-back,F7,2,2.2591970391107595e-07
4,3-back,F7,3,2.901857838690091e-07
4,3-back,F7,4,4.894407447850082e-07
4,3-back,F7,5,1.7612876206325948e-07
4,3-back,F7,6,4.0149515330116795e-07
4,3-back,F7,7,2.4246360443354043e-07
4,3-back,F7,8,1.4152771506286768e-07
4,3-back,F7,9,2.0435502755485453e-08
4,3-back,F7,10,1.885854699837467e-07
4,3-back,F7,11,4.292722766302892e-07
4,3-back,F7,12,2.869185066822129e-07
4,3-back,F7,13,3.9217958107784585e-07
4,3-back,F7,14,3.149929556341817e-07
4,3-back,F7,15,2.1513093241708266e-07
4,3-back,F7,16,4.2997933606816637e-07
4,3-back,F7,17,4.942960144574328e-07
4,3-back,F7,18,1.6320952661125364e-07
4,3-back,F7,19,2.010868871268154e-07
4,3-back,F7,20,1.8226191152837192e-07
4,3-back,F7,21,2.029994381101618e-08
4,3-back,F7,22,2.3716996411334153e-08
4,3-back,F7,23,2.6522251149169446e-07
4,3-back,F7,24,1.3827673102424033e-07
4,3-back,F7,25,1.3754856180592345e-07
4,3-back,F7,26,2.3514804666489432e-08
4,3-back,F7,27,3.7062603346028156e-07
4,3-back,F7,28,1.6535303971064012e-07
4,3-back,F7,29,1.7781905558388752e-07
4,3-back,F7,30,1.6622942246786441e-07
4,3-back,F7,31,1.8276278445000596e-07
4,3-back,F7,32,2.0531681121113706e-07
4,3-back,F7,33,3.279859699845734e-07
4,3-back,F7,34,1.637196774069698e-07
4,3-back,F7,35,2.0003829883975397e-07
4,3-back,F7,36,2.110657157185124e-07
4,3-back,F7,37,1.1385720756696695e-07
4,3-back,F7,38,1.5986400044785094e-07
4,3-back,F7,39,1.8210765288415693e-07
4,3-back,F8,1,6.023518545403323e-07
4,3-back,F8,2,2.3677502671022955e-07
4,3-back,F8,3,2.939688082419623e-07
4,3-back,F8,4,5.409129116035244e-07
4,3-back,F8,5,2.2445538419378578e-07
4,3-back,F8,6,4.6981185847248584e-07
4,3-back,F8,7,2.066355687973177e-07
4,3-back,F8,8,2.5363268339731083e-07
4,3-back,F8,9,2.29764944563174e-08
4,3-back,F8,10,2.080734840895562e-07
4,3-back,F8,11,5.231404606145429e-07
4,3-back,F8,12,2.805493234810956e-07
4,3-back,F8,13,4.253738899228182e-07
4,3-back,F8,14,4.2152246006803497e-07
4,3-back,F8,15,2.0677740962189792e-07
4,3-back,F8,16,5.020979452663028e-07
4,3-back,F8,17,4.567542164652298e-07
4,3-back,F8,18,1.693662786969125e-07
4,3-back,F8,19,1.9260130521984456e-07
4,3-back,F8,20,2.1454698032567655e-07
4,3-back,F8,21,1.28962105648404e-08
4,3-back,F8,22,2.163690210161115e-08
4,3-back,F8,23,3.6750791387137015e-07
4,3-back,F8,24,2.936081088967989e-07
4,3-back,F8,25,1.9261171501548427e-07
4,3-back,F8,26,2.622069708492341e-08
4,3-back,F8,27,5.174172337407027e-07
4,3-back,F8,28,2.0224984364602468e-07
4,3-back,F8,29,1.4883304999294513e-07
4,3-back,F8,30,1.419495346336978e-07
4,3-back,F8,31,2.132679592198222e-07
4,3-back,F8,32,2.1669431508650043e-07
4,3-back,F8,33,3.578829114838866e-07
4,3-back,F8,34,1.492618454068346e-07
4,3-back,F8,35,2.272234840273153e-07
4,3-back,F8,36,2.2458550222111225e-07
4,3-back,F8,37,7.771045974748448e-08
4,3-back,F8,38,2.0925060333597132e-07
4,3-back,F8,39,2.1332554975134156e-07
4,3-back,Fz,1,3.241352392199911e-07
4,3-back,Fz,2,1.3590265148558543e-07
4,3-back,Fz,3,1.755787321340743e-07
4,3-back,Fz,4,3.099545573185329e-07
4,3-back,Fz,5,1.439099590092256e-07
4,3-back,Fz,6,2.3045604469464167e-07
4,3-back,Fz,7,1.347251878773975e-07
4,3-back,Fz,8,9.114077266942409e-08
4,3-back,Fz,9,6.563052572579592e-08
4,3-back,Fz,10,1.4140442673793767e-07
4,3-back,Fz,11,2.401423675980356e-07
4,3-back,Fz,12,1.357152516558055e-07
4,3-back,Fz,13,1.9552385849412788e-07
4,3-back,Fz,14,2.0846800906445067e-07
4,3-back,Fz,15,1.4772318602560207e-07
4,3-back,Fz,16,2.443469302156203e-07
4,3-back,Fz,17,2.49891028969318e-07
4,3-back,Fz,18,7.781752504734279e-08
4,3-back,Fz,19,1.286620630697151e-07
4,3-back,Fz,20,1.0776521375323782e-07
4,3-back,Fz,21,3.053584179866576e-08
4,3-back,Fz,22,3.793039578996121e-08
4,3-back,Fz,23,2.133096343931822e-07
4,3-back,Fz,24,8.486101365875824e-08
4,3-back,Fz,25,1.0739302861739744e-07
4,3-back,Fz,26,4.449488462883239e-08
4,3-back,Fz,27,2.5755407795589017e-07
4,3-back,Fz,28,9.329919803579139e-08
4,3-back,Fz,29,1.0126669129217443e-07
4,3-back,Fz,30,9.946805823105427e-08
4,3-back,Fz,31,1.4452014732040377e-07
4,3-back,Fz,32,1.0762539571148498e-07
4,3-back,Fz,33,1.8847261078398928e-07
4,3-back,Fz,34,8.44687550297081e-08
4,3-back,Fz,35,1.727340009095002e-07
4,3-back,Fz,36,1.333430286652905e-07
4,3-back,Fz,37,1.0651584791456552e-07
4,3-back,Fz,38,9.778280265449907e-08
4,3-back,Fz,39,1.0616810875154916e-07
4,4-back,F3,1,1.8269080879525316e-07
4,4-back,F3,2,3.899144008516326e-08
4,4-back,F3,3,3.15555073474665e-08
4,4-back,F3,4,2.016930358827325e-08
4,4-back,F3,5,1.9569235261149176e-07
4,4-back,F3,6,1.354821947969671e-07
4,4-back,F3,7,1.222625474463012e-07
4,4-back,F3,8,2.5321386429877515e-08
4,4-back,F3,9,9.312025430008353e-08
4,4-back,F3,10,2.0156652694211628e-08
4,4-back,F3,11,1.4170885102659573e-07
4,4-back,F3,12,1.3742241830050972e-07
4,4-back,F3,13,2.50874037009979e-07
4,4-back,F3,14,1.4026726350042002e-07
4,4-back,F3,15,1.295428421329564e-07
4,4-back,F3,16,1.8794784075136014e-07
4,4-back,F3,17,2.790728126069404e-08
4,4-back,F3,18,1.8758958481220838e-07
4,4-back,F3,19,7.843257863294365e-08
4,4-back,F3,20,2.3468114242782186e-07
4,4-back,F3,21,1.5997939919497039e-07
4,4-back,F3,22,1.7367518259790343e-07
4,4-back,F3,23,2.9953941990986596e-08
4,4-back,F3,24,2.529668780022369e-08
4,4-back,F3,25,8.820751435340264e-08
4,4-back,F3,26,1.1218182343740936e-07
4,4-back,F3,27,2.113189128010236e-07
4,4-back,F3,28,2.2823241244208808e-07
4,4-back,F3,29,9.040660683802875e-08
4,4-back,F3,30,4.430728120676605e-08
4,4-back,F3,31,2.738100469958165e-08
4,4-back,F3,32,1.3035493503757333e-07
4,4-back,F3,33,1.001598771068552e-07
4,4-back,F3,34,1.0507250941670284e-07
4,4-back,F3,35,1.723602350717898e-07
4,4-back,F3,36,1.538442629451245e-07
4,4-back,F3,37,4.749033890188465e-08
4,4-back,F3,38,1.4524144683577665e-07
4,4-back,F3,39,2.535869775341126e-07
4,4-back,F3,40,1.114377860056188e-07
4,4-back,F4,1,1.4282988238432139e-07
4,4-back,F4,2,2.2820133449409776e-08
4,4-back,F4,3,2.7314827248114113e-08
4,4-back,F4,4,2.9232029156196283e-08
4,4-back,F4,5,1.7453637319960427e-07
4,4-back,F4,6,1.2592474823511914e-07
4,4-back,F4,7,1.0065862460074723e-07
4,4-back,F4,8,2.4940700209696547e-08
4,4-back,F4,9,8.267188874962621e-08
4,4-back,F4,10,3.690261079580467e-08
4,4-back,F4,11,1.230633812968001e-07
4,4-back,F4,12,1.0796660753339481e-07
4,4-back,F4,13,2.3762406986547664e-07
4,4-back,F4,14,1.1999655970483753e-07
4,4-back,F4,15,9.037133930903054e-08
4,4-back,F4,16,1.6676742726277518e-07
4,4-back,F4,17,1.6687201528180034e-08
4,4-back,F4,18,1.381958573729409e-07
4,4-back,F4,19,7.46709331981152e-08
4,4-back,F4,20,2.277492506024458e-07
4,4-back,F4,21,1.554461014620591e-07
4,4-back,F4,22,1.3548065542934463e-07
4,4-back,F4,23,2.1914047326832356e-08
4,4-back,F4,24,2.3766449125399393e-08
4,4-back,F4,25,6.450242269578338e-08
4,4-back,F4,26,7.508883950232201e-08
4,4-back,F4,27,1.4737817873640687e-07
4,4-back,F4,28,1.6665115402378914e-07
4,4-back,F4,29,6.884807517028188e-08
4,4-back,F4,30,1.5810859540663863e-08
4,4-back,F4,31,2.4317641044562034e-08
4,4-back,F4,32,9.398265994748389e-08
4,4-back,F4,33,6.9596123845505e-08
4,4-back,F4,34,8.008909984606787e-08
4,4-back,F4,35,1.1706488343539178e-07
4,4-back,F4,36,1.3166372827638227e-07
4,4-back,F4,37,3.846142887293836e-08
4,4-back,F4,38,1.0004547641100895e-07
4,4-back,F4,39,1.9061364415359682e-07
4,4-back,F4,40,8.532295550726413e-08
4,4-back,F7,1,2.6252561910177524e-07
4,4-back,F7,2,5.429304601550166e-08
4,4-back,F7,3,2.6522753456990633e-08
4,4-back,F7,4,1.3290647114662817e-08
4,4-back,F7,5,2.8617108110218476e-07
4,4-back,F7,6,1.823310744846679e-07
4,4-back,F7,7,2.1912344036714998e-07
4,4-back,F7,8,2.7642076843724206e-08
4,4-back,F7,9,1.187837185798371e-07
4,4-back,F7,10,1.1274631636196183e-08
4,4-back,F7,11,1.821680146668024e-07
4,4-back,F7,12,1.7360122883298154e-07
4,4-back,F7,13,4.193452234654287e-07
4,4-back,F7,14,1.671192438233142e-07
4,4-back,F7,15,1.7878376576563506e-07
4,4-back,F7,16,2.402887538357992e-07
4,4-back,F7,17,1.750667142178711e-08
4,4-back,F7,18,3.3109284991330056e-07
4,4-back,F7,19,1.4266350576081266e-07
4,4-back,F7,20,3.4220547349500747e-07
4,4-back,F7,21,2.1204094510443424e-07
4,4-back,F7,22,2.470752404853755e-07
4,4-back,F7,23,1.4893731558377926e-08
4,4-back,F7,24,1.6809994807011786e-08
4,4-back,F7,25,1.1390137664517189e-07
4,4-back,F7,26,1.4532631734994716e-07
4,4-back,F7,27,2.564026655822127e-07
4,4-back,F7,28,3.440609674367103e-07
4,4-back,F7,29,1.3540239464125768e-07
4,4-back,F7,30,3.288127299508538e-08
4,4-back,F7,31,1.836570952086458e-08
4,4-back,F7,32,1.7172260414550618e-07
4,4-back,F7,33,1.5994644576866394e-07
4,4-back,F7,34,1.534798436773034e-07
4,4-back,F7,35,2.2482007052820772e-07
4,4-back,F7,36,1.7790502485260342e-07
4,4-back,F7,37,2.4816027873809777e-08
4,4-back,F7,38,1.41536926031773e-07
4,4-back,F7,39,3.962955348050091e-07
4,4-back,F7,40,1.7930855884802624e-07
4,4-back,F8,1,2.9638202416570674e-07
4,4-back,F8,2,5.182268199365157e-08
4,4-back,F8,3,2.1179009315682883e-08
4,4-back,F8,4,2.2285142991164017e-08
4,4-back,F8,5,2.8782359259818536e-07
4,4-back,F8,6,2.3075280329078877e-07
4,4-back,F8,7,2.16949031359841e-07
4,4-back,F8,8,1.9314264176547883e-08
4,4-back,F8,9,1.2299562563059296e-07
4,4-back,F8,10,2.5595887604881974e-08
4,4-back,F8,11,1.924152930909437e-07
4,4-back,F8,12,1.8897419293796812e-07
4,4-back,F8,13,4.17513136031472e-07
4,4-back,F8,14,1.9996202234808504e-07
4,4-back,F8,15,1.5321763275998822e-07
4,4-back,F8,16,2.7971387444810397e-07
4,4-back,F8,17,1.0716797212985707e-08
4,4-back,F8,18,3.6418450613806214e-07
4,4-back,F8,19,1.5600096944863062e-07
4,4-back,F8,20,3.77117558236344e-07
4,4-back,F8,21,2.2091851856058718e-07
4,4-back,F8,22,2.299034354037052e-07
4,4-back,F8,23,1.4064477134361153e-08
4,4-back,F8,24,1.783896822476962e-08
4,4-back,F8,25,1.0249589393250804e-07
4,4-back,F8,26,1.7813434610254425e-07
4,4-back,F8,27,2.435289135415641e-07
4,4-back,F8,28,3.3395987959119495e-07
4,4-back,F8,29,1.6046466301045744e-07
4,4-back,F8,30,1.018248428472156e-08
4,4-back,F8,31,2.1133902318981902e-08
4,4-back,F8,32,1.8961325336856824e-07
4,4-back,F8,33,1.8426224062227568e-07
4,4-back,F8,34,1.543215105636942e-07
4,4-back,F8,35,2.160468054887062e-07
4,4-back,F8,36,2.2228882355856016e-07
4,4-back,F8,37,2.0867540690643068e-08
4,4-back,F8,38,1.2672781752286313e-07
4,4-back,F8,39,3.6243284037161546e-07
4,4-back,F8,40,1.8661075609078858e-07
4,4-back,Fz,1,1.9375541953187638e-07
4,4-back,Fz,2,4.8426502643727816e-08
4,4-back,Fz,3,4.030509215051223e-08
4,4-back,Fz,4,2.9649315754145307e-08
4,4-back,Fz,5,1.7038479085231497e-07
4,4-back,Fz,6,1.39819289360366e-07
4,4-back,Fz,7,1.1523465550385448e-07
4,4-back,Fz,8,2.942081617624197e-08
4,4-back,Fz,9,8.469250012550115e-08
4,4-back,Fz,10,3.4642356645564905e-08
4,4-back,Fz,11,1.3274729975438368e-07
4,4-back,Fz,12,1.569305961728402e-07
4,4-back,Fz,13,2.3379284773265235e-07
4,4-back,Fz,14,1.4037030936807784e-07
4,4-back,Fz,15,1.2275574906927984e-07
4,4-back,Fz,16,1.728036408620311e-07
4,4-back,Fz,17,2.6507358035890274e-08
4,4-back,Fz,18,1.626129090218161e-07
4,4-back,Fz,19,6.760693658447e-08
4,4-back,Fz,20,2.3215365801554489e-07
4,4-back,Fz,21,1.6033028500240855e-07
4,4-back,Fz,22,1.6772573348169722e-07
4,4-back,Fz,23,2.678375156422687e-08
4,4-back,Fz,24,2.660475634250406e-08
4,4-back,Fz,25,8.526885589036056e-08
4,4-back,Fz,26,1.0597044261201142e-07
4,4-back,Fz,27,2.0138425737426127e-07
4,4-back,Fz,28,2.201027386767108e-07
4,4-back,Fz,29,9.082052297603464e-08
4,4-back,Fz,30,3.3926718350977193e-08
4,4-back,Fz,31,2.5584727122043193e-08
4,4-back,Fz,32,1.1805912530631787e-07
4,4-back,Fz,33,8.17699647471415e-08
4,4-back,Fz,34,9.94051746011151e-08
4,4-back,Fz,35,1.404300228022941e-07
4,4-back,Fz,36,1.7764029150664063e-07
4,4-back,Fz,37,4.676506278561988e-08
4,4-back,Fz,38,1.4120761884136658e-07
4,4-back,Fz,39,2.1476221444543063e-07
4,4-back,Fz,40,8.90020008474675e-08
5,1-back,F3,1,3.195165249180205e-08
5,1-back,F3,2,3.1810632656631966e-08
5,1-back,F3,3,2.2639278076801143e-08
5,1-back,F3,4,1.6683695614601622e-08
5,1-back,F3,5,2.440096161426083e-08
5,1-back,F3,6,2.085123411361137e-08
5,1-back,F3,7,1.3930503244177218e-08
5,1-back,F3,8,2.365441988634111e-08
5,1-back,F3,9,2.8798165596867815e-08
5,1-back,F3,10,2.352114014620515e-08
5,1-back,F3,11,3.834017817222437e-08
5,1-back,F3,12,5.525515089486099e-08
5,1-back,F3,13,8.332016604702908e-08
5,1-back,F3,14,3.085958728606039e-08
5,1-back,F3,15,5.566674005547939e-08
5,1-back,F3,16,4.107955457610106e-08
5,1-back,F3,17,2.9051834208940755e-08
5,1-back,F3,18,1.3452841614630857e-08
5,1-back,F3,19,8.439733572777572e-08
5,1-back,F3,20,1.8192914332616777e-08
5,1-back,F3,21,3.5011127673271655e-08
5,1-back,F3,22,2.9243156357358928e-08
5,1-back,F3,23,5.196492496046131e-08
5,1-back,F3,24,6.760711655860525e-08
5,1-back,F3,25,3.4684557462002054e-08
5,1-back,F3,26,6.090022617295683e-08
5,1-back,F3,27,3.869052400465608e-08
5,1-back,F3,28,2.0690873076858068e-08
5,1-back,F3,29,3.245290190236793e-08
5,1-back,F3,30,6.646682521759424e-08
5,1-back,F3,31,1.1221523923833496e-07
5,1-back,F3,32,3.813586977125108e-08
5,1-back,F4,1,5.603624748675692e-08
5,1-back,F4,2,3.976199302961404e-08
5,1-back,F4,3,3.620170187776363e-08
5,1-back,F4,4,2.589528980608278e-08
5,1-back,F4,5,6.12699478277955e-08
5,1-back,F4,6,3.3482185415117465e-08
5,1-back,F4,7,4.051427202709648e-08
5,1-back,F4,8,2.388163489233568e-08
5,1-back,F4,9,3.746813070425049e-08
5,1-back,F4,10,4.1790182911036084e-08
5,1-back,F4,11,5.48637574542607e-08
5,1-back,F4,12,5.1229397553086315e-08
5,1-back,F4,13,1.313188608189639e-07
5,1-back,F4,14,6.181087895316179e-08
5,1-back,F4,15,3.5661443337308024e-08
5,1-back,F4,16,5.111036491653793e-08
5,1-back,F4,17,4.718217381990997e-08
5,1-back,F4,18,2.727259928869055e-08
5,1-back,F4,19,8.374157300257662e-08
5,1-back,F4,20,3.0783213534691424e-08
5,1-back,F4,21,4.674630879781425e-08
5,1-back,F4,22,3.7758338079445075e-08
5,1-back,F4,23,6.274570855815102e-08
5,1-back,F4,24,3.8987944977868634e-08
5,1-back,F4,25,3.717424964280501e-08
5,1-back,F4,26,8.556858382913126e-08
5,1-back,F4,27,4.668146198021427e-08
5,1-back,F4,28,3.999398887272019e-08
5,1-back,F4,29,5.861116164782428e-08
5,1-back,F4,30,1.1314421428136299e-07
5,1-back,F4,31,1.4039346331644544e-07
5,1-back,F4,32,4.777422628903164e-08
5,1-back,F7,1,1.0258028525675533e-08
5,1-back,F7,2,1.1851903788536885e-08
5,1-back,F7,3,1.1870468633745981e-08
5,1-back,F7,4,7.142376130449489e-09
5,1-back,F7,5,1.2351098653864975e-08
5,1-back,F7,6,1.2300480958257944e-08
5,1-back,F7,7,1.0226024902388548e-08
5,1-back,F7,8,1.870350346433421e-08
5,1-back,F7,9,1.2815106944361139e-08
5,1-back,F7,10,1.2762494763151745e-08
5,1-back,F7,11,2.285217616535295e-08
5,1-back,F7,12,2.275898782858303e-08
5,1-back,F7,13,5.463465934628251e-08
5,1-back,F7,14,1.165017186082778e-08
5,1-back,F7,15,2.483075994327966e-08
5,1-back,F7,16,2.4816755485858113e-08
5,1-back,F7,17,1.404740230900057e-08
5,1-back,F7,18,1.3843423581114876e-08
5,1-back,F7,19,2.731073971303109e-08
5,1-back,F7,20,1.0629201089752845e-08
5,1-back,F7,21,3.1339300683391056e-08
5,1-back,F7,22,1.505475817951274e-08
5,1-back,F7,23,2.6665225857546598e-08
5,1-back,F7,24,3.075730889987259e-08
5,1-back,F7,25,1.249871772649201e-08
5,1-back,F7,26,4.089603253385139e-08
5,1-back,F7,27,2.295380144230585e-08
5,1-back,F7,28,1.3460195678441225e-08
5,1-back,F7,29,1.7711893056297938e-08
5,1-back,F7,30,1.6725701214507475e-08
5,1-back,F7,31,5.269276357155104e-08
5,1-back,F7,32,1.6061993629382163e-08
5,1-back,F8,1,3.670562582000471e-08
5,1-back,F8,2,3.359404800424131e-08
5,1-back,F8,3,3.172499193536147e-08
5,1-back,F8,4,2.0617959746854867e-08
5,1-back,F8,5,5.9554680029795486e-08
5,1-back,F8,6,3.527612670432702e-08
5,1-back,F8,7,3.341169859683324e-08
5,1-back,F8,8,3.88221823935661e-08
5,1-back,F8,9,4.6745998944950624e-08
5,1-back,F8,10,4.5891467115892805e-08
5,1-back,F8,11,1.3176862347888027e-07
5,1-back,F8,12,6.671012369319606e-08
5,1-back,F8,13,7.610207724671901e-08
5,1-back,F8,14,4.5594395514676503e-08
5,1-back,F8,15,3.036793098644538e-08
5,1-back,F8,16,5.3266635325260476e-08
5,1-back,F8,17,5.317100715816102e-08
5,1-back,F8,18,3.7179286211327425e-08
5,1-back,F8,19,6.605765775483145e-08
5,1-back,F8,20,3.190688176403817e-08
5,1-back,F8,21,5.2949895076624384e-08
5,1-back,F8,22,3.106852872805972e-08
5,1-back,F8,23,6.814566460484686e-08
5,1-back,F8,24,5.1312804551730965e-08
5,1-back,F8,25,4.04175624065409e-08
5,1-back,F8,26,8.72299468165551e-08
5,1-back,F8,27,2.818687645818047e-08
5,1-back,F8,28,6.01759229601744e-08
5,1-back,F8,29,5.6533685072229633e-08
5,1-back,F8,30,9.816705483134236e-08
5,1-back,F8,31,1.073642796162159e-07
5,1-back,F8,32,2.925361246366677e-08
5,1-back,Fz,1,3.9145506291425365e-08
5,1-back,Fz,2,4.678611357349604e-08
5,1-back,Fz,3,3.938224450108298e-08
5,1-back,Fz,4,3.8267128396494384e-08
5,1-back,Fz,5,3.173797677126875e-08
5,1-back,Fz,6,4.098889335098767e-08
5,1-back,Fz,7,3.2475397991794255e-08
5,1-back,Fz,8,2.8288878469832457e-08
5,1-back,Fz,9,3.698689049004384e-08
5,1-back,Fz,10,4.573745310686519e-08
5,1-back,Fz,11,6.018550246002426e-08
5,1-back,Fz,12,8.392151654414501e-08
5,1-back,Fz,13,1.56850447330276e-07
5,1-back,Fz,14,3.93782951093806e-08
5,1-back,Fz,15,5.201250970464764e-08
5,1-back,Fz,16,6.032852556993572e-08
5,1-back,Fz,17,3.6337155925513167e-08
5,1-back,Fz,18,2.382278918332421e-08
5,1-back,Fz,19,1.0447853992761528e-07
5,1-back,Fz,20,4.0655338237386474e-08
5,1-back,Fz,21,4.257455065133657e-08
5,1-back,Fz,22,3.078755021541208e-08
5,1-back,Fz,23,1.1530522695190194e-07
5,1-back,Fz,24,8.317341136753218e-08
5,1-back,Fz,25,5.011382268896234e-08
5,1-back,Fz,26,9.7432440850317e-08
5,1-back,Fz,27,5.7169015395266656e-08
5,1-back,Fz,28,1.6571007073282504e-08
5,1-back,Fz,29,6.366113347656272e-08
5,1-back,Fz,30,1.3743914806489365e-07
5,1-back,Fz,31,1.2454670439309576e-07
5,1-back,Fz,32,4.323564638541663e-08
5,2-back,F3,1,2.097146232169736e-08
5,2-back,F3,2,3.7067622982010404e-08
5,2-back,F3,3,4.505077234072352e-08
5,2-back,F3,4,2.528651855183964e-08
5,2-back,F3,5,2.4366219942226078e-08
5,2-back,F3,6,3.411238447495185e-08
5,2-back,F3,7,2.3221401245613772e-08
5,2-back,F3,8,2.0976970010772962e-08
5,2-back,F3,9,1.0353305016826329e-08
5,2-back,F3,10,4.5459902132637227e-08
5,2-back,F3,11,3.5196515621526606e-08
5,2-back,F3,12,3.541684643550523e-08
5,2-back,F3,13,3.2521493764700576e-08
5,2-back,F3,14,3.80470301088269e-08
5,2-back,F3,15,3.446551532405425e-08
5,2-back,F3,16,3.88282034422705e-08
5,2-back,F3,17,3.354977701613288e-08
5,2-back,F3,18,4.389797064432473e-08
5,2-back,F3,19,4.299885785881001e-08
5,2-back,F3,20,4.417957769228693e-08
5,2-back,F3,21,3.789505486472427e-08
5,2-back,F3,22,3.6413832770622526e-08
5,2-back,F3,23,3.188253579349301e-08
5,2-back,F3,24,2.8407488690426238e-08
5,2-back,F3,25,3.787346597947415e-08
5,2-back,F3,26,5.243173305958187e-08
5,2-back,F3,27,5.06207806562251e-08
5,2-back,F3,28,4.561823502008708e-08
5,2-back,F3,29,3.438218374010177e-08
5,2-back,F3,30,8.100820047366751e-08
5,2-back,F3,31,2.986488038954418e-08
5,2-back,F3,32,5.5202808507848794e-08
5,2-back,F3,33,2.8468642266662e-08
5,2-back,F3,34,2.8109129469124028e-08
5,2-back,F3,35,4.6578563904441174e-08
5,2-back,F4,1,3.322722106790501e-08
5,2-back,F4,2,2.9201891360563163e-08
5,2-back,F4,3,4.97696245901417e-08
5,2-back,F4,4,4.8208168298614085e-08
5,2-back,F4,5,1.548973210712922e-08
5,2-back,F4,6,3.526080407258432e-08
5,2-back,F4,7,2.836952953716992e-08
5,2-back,F4,8,1.833811876069065e-08
5,2-back,F4,9,2.6371136419577435e-08
5,2-back,F4,10,5.0522631320164154e-08
5,2-back,F4,11,3.6949429774930925e-08
5,2-back,F4,12,5.710293425854274e-08
5,2-back,F4,13,5.0625449353020204e-08
5,2-back,F4,14,2.7545747422649508e-08
5,2-back,F4,15,5.024163083915879e-08
5,2-back,F4,16,3.787863903220527e-08
5,2-back,F4,17,4.567451696357134e-08
5,2-back,F4,18,4.530873098803133e-08
5,2-back,F4,19,5.10064264538358e-08
5,2-back,F4,20,3.547076550111632e-08
5,2-back,F4,21,4.0666733890456e-08
5,2-back,F4,22,2.7467714737222954e-08
5,2-back,F4,23,2.640618401530758e-08
5,2-back,F4,24,4.19888318887476e-08
5,2-back,F4,25,5.790321981575228e-08
5,2-back,F4,26,5.659564090739668e-08
5,2-back,F4,27,6.568028826333107e-08
5,2-back,F4,28,6.312220257300505e-08
5,2-back,F4,29,3.187628419229101e-08
5,2-back,F4,30,7.098305364264959e-08
5,2-back,F4,31,2.2170417065062946e-08
5,2-back,F4,32,6.048426248404257e-08
5,2-back,F4,33,2.876419710596729e-08
5,2-back,F4,34,3.139705534991306e-08
5,2-back,F4,35,3.166904440701869e-08
5,2-back,F7,1,1.0112909862959678e-08
5,2-back,F7,2,2.9484973667165657e-08
5,2-back,F7,3,1.5988278823784503e-08
5,2-back,F7,4,1.8126450939923994e-08
5,2-back,F7,5,6.5864354469201204e-09
5,2-back,F7,6,1.4471228291633759e-08
5,2-back,F7,7,9.645088961345585e-09
5,2-back,F7,8,1.2572432655612002e-08
5,2-back,F7,9,1.1672927849121474e-08
5,2-back,F7,10,1.7534002344305996e-08
5,2-back,F7,11,1.0248161936466412e-08
5,2-back,F7,12,1.6727764973416834e-08
5,2-back,F7,13,2.034436827269326e-08
5,2-back,F7,14,2.36695683380134e-08
5,2-back,F7,15,1.448973813401651e-08
5,2-back,F7,16,2.079660656188725e-08
5,2-back,F7,17,1.4799671246433969e-08
5,2-back,F7,18,1.3233996308079273e-08
5,2-back,F7,19,2.2696167779655768e-08
5,2-back,F7,20,1.982382297094372e-08
5,2-back,F7,21,2.2626121007530552e-08
5,2-back,F7,22,2.155297488879016e-08
5,2-back,F7,23,2.5495421576411244e-08
5,2-back,F7,24,2.996906544260348e-08
5,2-back,F7,25,2.3181690576635853e-08
5,2-back,F7,26,3.068367075190807e-08
5,2-back,F7,27,2.806465935075091e-08
5,2-back,F7,28,2.5274304373596762e-08
5,2-back,F7,29,1.516666268017241e-08
5,2-back,F7,30,2.1822754999411313e-08
5,2-back,F7,31,1.8868550997004634e-08
5,2-back,F7,32,1.7531913952580776e-08
5,2-back,F7,33,1.4999557759114457e-08
5,2-back,F7,34,7.951138977030424e-09
5,2-back,F7,35,3.205866569122751e-08
5,2-back,F8,1,3.8201613153669167e-08
5,2-back,F8,2,3.764231684958746e-08
5,2-back,F8,3,3.608384119890683e-08
5,2-back,F8,4,3.034973167108861e-08
5,2-back,F8,5,2.9109177480471174e-08
5,2-back,F8,6,3.471257845689135e-08
5,2-back,F8,7,3.246909150826531e-08
5,2-back,F8,8,3.42862134335531e-08
5,2-back,F8,9,2.603449587520545e-08
5,2-back,F8,10,4.706833342987279e-08
5,2-back,F8,11,3.635868687615556e-08
5,2-back,F8,12,1.1239997263129565e-07
5,2-back,F8,13,7.60408212445657e-08
5,2-back,F8,14,2.351061565590397e-08
5,2-back,F8,15,3.599174039309173e-08
5,2-back,F8,16,3.6926593534904605e-08
5,2-back,F8,17,4.2994399342330635e-08
5,2-back,F8,18,6.443945281044706e-08
5,2-back,F8,19,3.631070884265489e-08
5,2-back,F8,20,5.635579251718845e-08
5,2-back,F8,21,4.7460701682197826e-08
5,2-back,F8,22,2.9293174707545536e-08
5,2-back,F8,23,4.14469063285135e-08
5,2-back,F8,24,2.5088943919829823e-08
5,2-back,F8,25,6.541004472972533e-08
5,2-back,F8,26,6.502029618953453e-08
5,2-back,F8,27,5.5226481342368036e-08
5,2-back,F8,28,5.3570364132403525e-08
5,2-back,F8,29,2.6168648829234483e-08
5,2-back,F8,30,7.495361776342075e-08
5,2-back,F8,31,3.477096709289914e-08
5,2-back,F8,32,6.214561672880438e-08
5,2-back,F8,33,1.2665143679171442e-08
5,2-back,F8,34,4.0575342845676895e-08
5,2-back,F8,35,3.096332169498995e-08
5,2-back,Fz,1,3.4859008300659404e-08
5,2-back,Fz,2,5.004690739013394e-08
5,2-back,Fz,3,8.758955025509271e-08
5,2-back,Fz,4,3.792664785765614e-08
5,2-back,Fz,5,4.430061636847836e-08
5,2-back,Fz,6,4.5844872381982236e-08
5,2-back,Fz,7,4.1731297724168936e-08
5,2-back,Fz,8,3.232128366326523e-08
5,2-back,Fz,9,3.246857900766175e-08
5,2-back,Fz,10,7.807881911575117e-08
5,2-back,Fz,11,5.4015241393507345e-08
5,2-back,Fz,12,4.0843188101152434e-08
5,2-back,Fz,13,4.432510488193641e-08
5,2-back,Fz,14,3.9478512471744136e-08
5,2-back,Fz,15,4.190299632590202e-08
5,2-back,Fz,16,5.4770141277034304e-08
5,2-back,Fz,17,2.2444296505703705e-07
5,2-back,Fz,18,4.239611269654058e-08
5,2-back,Fz,19,6.955839648727671e-08
5,2-back,Fz,20,6.013030152338939e-08
5,2-back,Fz,21,4.0245020842300575e-08
5,2-back,Fz,22,4.0053497374929444e-08
5,2-back,Fz,23,4.043455005793013e-08
5,2-back,Fz,24,6.970912654421622e-08
5,2-back,Fz,25,6.55415442826519e-08
5,2-back,Fz,26,7.12428281881148e-08
5,2-back,Fz,27,6.094913812020407e-08
5,2-back,Fz,28,7.408116136189156e-08
5,2-back,Fz,29,4.6253371914403446e-08
5,2-back,Fz,30,8.611356966419947e-08
5,2-back,Fz,31,4.2239956756984384e-08
5,2-back,Fz,32,1.174871542999329e-06
5,2-back,Fz,33,3.710981014346031e-08
5,2-back,Fz,34,5.766715540098403e-08
5,2-back,Fz,35,4.178552385164952e-08
5,3-back,F3,1,2.8300028634390627e-08
5,3-back,F3,2,1.7287461863904066e-08
5,3-back,F3,3,3.448654826478161e-08
5,3-back,F3,4,4.6005909624378786e-08
5,3-back,F3,5,3.8378214844570586e-08
5,3-back,F3,6,3.996772027124576e-08
5,3-back,F3,7,2.7819898404902277e-08
5,3-back,F3,8,2.5419029471778267e-08
5,3-back,F3,9,2.3428079962946536e-08
5,3-back,F3,10,3.451147510386599e-08
5,3-back,F3,11,4.495138241796888e-08
5,3-back,F3,12,3.228645439943234e-08
5,3-back,F3,13,2.005286810387254e-08
5,3-back,F3,14,1.637856153980813e-08
5,3-back,F3,15,3.2612738862324524e-08
5,3-back,F3,16,3.030081222876648e-08
5,3-back,F3,17,3.766119483043884e-08
5,3-back,F3,18,7.724074965499522e-08
5,3-back,F3,19,4.090323451979884e-08
5,3-back,F3,20,3.3369480342906254e-08
5,3-back,F3,21,2.034173874390089e-08
5,3-back,F3,22,3.962871640094527e-08
5,3-back,F3,23,3.0281152719112245e-08
5,3-back,F3,24,4.250952543832438e-08
5,3-back,F3,25,4.1322950090732346e-08
5,3-back,F3,26,2.198168046781688e-08
5,3-back,F4,1,3.8023641716050265e-08
5,3-back,F4,2,3.2897853700126594e-08
5,3-back,F4,3,4.907610831495439e-08
5,3-back,F4,4,6.734674702651213e-08
5,3-back,F4,5,3.550701350465014e-08
5,3-back,F4,6,2.5031077728768284e-08
5,3-back,F4,7,2.7437801415260758e-08
5,3-back,F4,8,2.9506794165794938e-08
5,3-back,F4,9,3.151548749938705e-08
5,3-back,F4,10,3.911128451535837e-08
5,3-back,F4,11,4.075409702973138e-08
5,3-back,F4,12,3.9734073226122285e-08
5,3-back,F4,13,4.4085918908140547e-08
5,3-back,F4,14,1.899577820692567e-08
5,3-back,F4,15,3.71783675230454e-08
5,3-back,F4,16,3.649812568143475e-08
5,3-back,F4,17,2.3957796926654213e-08
5,3-back,F4,18,6.06983756162521e-08
5,3-back,F4,19,4.733407928195203e-08
5,3-back,F4,20,4.444931183478366e-08
5,3-back,F4,21,3.0260383581228914e-08
5,3-back,F4,22,6.988989745857858e-08
5,3-back,F4,23,4.121501435713624e-08
5,3-back,F4,24,2.8878583967792247e-08
5,3-back,F4,25,5.145239526986617e-08
5,3-back,F4,26,3.0390806898322905e-08
5,3-back,F7,1,1.2935675660828176e-08
5,3-back,F7,2,8.278048685908019e-09
5,3-back,F7,3,1.3703151259485071e-08
5,3-back,F7,4,1.740352615630522e-08
5,3-back,F7,5,2.201291042417263e-08
5,3-back,F7,6,1.72441373637753e-08
5,3-back,F7,7,1.7806538992368654e-08
5,3-back,F7,8,1.3035546083727307e-08
5,3-back,F7,9,1.4134299314072088e-08
5,3-back,F7,10,2.4487575798423746e-08
5,3-back,F7,11,2.232058058547066e-08
5,3-back,F7,12,1.4481636037463113e-08
5,3-back,F7,13,8.814272166998441e-09
5,3-back,F7,14,1.1486965766605287e-08
5,3-back,F7,15,2.3993978405555738e-08
5,3-back,F7,16,9.598281774905504e-09
5,3-back,F7,17,2.1445006501962014e-08
5,3-back,F7,18,3.659161940571684e-08
5,3-back,F7,19,1.1772490203658374e-08
5,3-back,F7,20,2.1258932811134983e-08
5,3-back,F7,21,1.1733074622840889e-08
5,3-back,F7,22,1.4135260700141798e-08
5,3-back,F7,23,2.5557503458360904e-08
5,3-back,F7,24,2.433379638095414e-08
5,3-back,F7,25,2.4631769139086414e-08
5,3-back,F7,26,1.3770535879841957e-08
5,3-back,F8,1,5.5986215925172896e-08
5,3-back,F8,2,3.660025338750472e-08
5,3-back,F8,3,3.5785017531704546e-08
5,3-back,F8,4,4.000229850592386e-08
5,3-back,F8,5,4.764012547697422e-08
5,3-back,F8,6,1.934206970961037e-08
5,3-back,F8,7,2.6004274630780156e-08
5,3-back,F8,8,2.4001595482145238e-08
5,3-back,F8,9,5.033043683757972e-08
5,3-back,F8,10,3.008779632552867e-08
5,3-back,F8,11,4.402527717688371e-08
5,3-back,F8,12,2.4114446358809413e-08
5,3-back,F8,13,1.0549273334615199e-07
5,3-back,F8,14,2.2049479760314553e-08
5,3-back,F8,15,2.8557272035295978e-08
5,3-back,F8,16,5.201337982226988e-08
5,3-back,F8,17,4.112546863153339e-08
5,3-back,F8,18,6.908782251554465e-08
5,3-back,F8,19,3.901848064482587e-08
5,3-back,F8,20,4.219716597069605e-08
5,3-back,F8,21,3.181114833133366e-08
5,3-back,F8,22,4.029620891745382e-08
5,3-back,F8,23,4.189552681885095e-08
5,3-back,F8,24,1.2082402229409942e-07
5,3-back,F8,25,4.212929083353566e-08
5,3-back,F8,26,4.2904988956943144e-08
5,3-back,Fz,1,4.304663600599563e-08
5,3-back,Fz,2,3.7081016314677595e-08
5,3-back,Fz,3,1.329101500322215e-07
5,3-back,Fz,4,7.434376805281699e-08
5,3-back,Fz,5,5.5891695277958766e-08
5,3-back,Fz,6,5.83880350183646e-08
5,3-back,Fz,7,3.498191808225026e-08
5,3-back,Fz,8,2.6392273922589405e-08
5,3-back,Fz,9,1.4237462017504727e-07
5,3-back,Fz,10,4.706464356892127e-07
5,3-back,Fz,11,5.142990865731249e-08
5,3-back,Fz,12,4.033167012697145e-08
5,3-back,Fz,13,2.6532501327662457e-08
5,3-back,Fz,14,3.910454414490512e-08
5,3-back,Fz,15,4.191119767516805e-08
5,3-back,Fz,16,3.770847353532871e-08
5,3-back,Fz,17,5.296229786686743e-08
5,3-back,Fz,18,1.1699353468250299e-07
5,3-back,Fz,19,5.995741802834317e-08
5,3-back,Fz,20,4.151447506380228e-08
5,3-back,Fz,21,3.1413274539163086e-08
5,3-back,Fz,22,7.060172527393762e-08
5,3-back,Fz,23,4.0173570866816436e-08
5,3-back,Fz,24,5.2450489723781504e-08
5,3-back,Fz,25,7.282058849143266e-08
5,3-back,Fz,26,2.9698114944622405e-08
5,4-back,F3,1,3.005675757243349e-08
5,4-back,F3,2,2.4588954268891186e-08
5,4-back,F3,3,3.762743049756716e-08
5,4-back,F3,4,3.3454796044804064e-08
5,4-back,F3,5,6.651407119114193e-08
5,4-back,F3,6,6.907677571851842e-08
5,4-back,F3,7,5.7393259969605037e-08
5,4-back,F3,8,5.9727484716263e-08
5,4-back,F3,9,8.901533329359145e-08
5,4-back,F3,10,4.751597290736491e-08
5,4-back,F3,11,3.927533847055699e-08
5,4-back,F3,12,4.0874665344116826e-08
5,4-back,F3,13,3.3807122204778036e-08
5,4-back,F3,14,2.381494976758234e-08
5,4-back,F3,15,8.80685070207567e-08
5,4-back,F3,16,4.839643139385823e-08
5,4-back,F3,17,2.924003765278421e-08
5,4-back,F3,18,2.5494640161577165e-08
5,4-back,F3,19,5.188444660823855e-08
5,4-back,F3,20,4.637838124997246e-08
5,4-back,F3,21,7.751588276511516e-08
5,4-back,F3,22,3.6513599312553205e-08
5,4-back,F3,23,3.592817386355842e-08
5,4-back,F3,24,7.58137851453712e-08
5,4-back,F3,25,5.0313556824000825e-08
5,4-back,F3,26,3.737299898276342e-08
5,4-back,F3,27,1.914272806774124e-08
5,4-back,F3,28,1.8682701400027585e-08
5,4-back,F3,29,4.2263318288883176e-08
5,4-back,F3,30,1.696506228198125e-08
5,4-back,F3,31,3.1287000234757485e-08
5,4-back,F3,32,2.550809259379324e-08
5,4-back,F3,33,2.4176619017080998e-08
5,4-back,F4,1,3.5465462865815276e-08
5,4-back,F4,2,4.158657110386965e-08
5,4-back,F4,3,5.378752468575093e-08
5,4-back,F4,4,6.077966513240793e-08
5,4-back,F4,5,7.709211069469541e-08
5,4-back,F4,6,7.332941623236312e-08
5,4-back,F4,7,6.02445632028727e-08
5,4-back,F4,8,6.11822565207982e-08
5,4-back,F4,9,7.088682704990889e-08
5,4-back,F4,10,4.2595335604257234e-08
5,4-back,F4,11,3.879955166766055e-08
5,4-back,F4,12,4.510070230276139e-08
5,4-back,F4,13,4.928481221848009e-08
5,4-back,F4,14,2.3467908362592133e-08
5,4-back,F4,15,9.228686136452707e-08
5,4-back,F4,16,6.970444783677512e-08
5,4-back,F4,17,3.635880793570333e-08
5,4-back,F4,18,2.200898374378303e-08
5,4-back,F4,19,5.6354686746053825e-08
5,4-back,F4,20,4.4019578277319776e-08
5,4-back,F4,21,7.177135193646491e-08
5,4-back,F4,22,2.9538471725520166e-08
5,4-back,F4,23,6.095719912659956e-08
5,4-back,F4,24,7.007839895353259e-08
5,4-back,F4,25,7.849782780862767e-08
5,4-back,F4,26,5.228203951968337e-08
5,4-back,F4,27,1.8722460560279123e-08
5,4-back,F4,28,3.3615965945488854e-08
5,4-back,F4,29,4.603510693936317e-08
5,4-back,F4,30,5.8572707798800946e-08
5,4-back,F4,31,3.486834639891742e-08
5,4-back,F4,32,4.343415195199348e-08
5,4-back,F4,33,1.8805321769969226e-08
5,4-back,F7,1,1.1203772201075536e-08
5,4-back,F7,2,1.4149083275096373e-08
5,4-back,F7,3,2.3395261776521566e-08
5,4-back,F7,4,2.6636533536909015e-08
5,4-back,F7,5,2.984512547401788e-08
5,4-back,F7,6,4.603497277851904e-08
5,4-back,F7,7,3.447828867135125e-08
5,4-back,F7,8,3.979250585248356e-08
5,4-back,F7,9,3.551465459450275e-08
5,4-back,F7,10,3.2110384840383736e-08
5,4-back,F7,11,3.7242287789807625e-08
5,4-back,F7,12,2.4773315377073066e-08
5,4-back,F7,13,3.037490487943044e-08
5,4-back,F7,14,1.7207053005436916e-08
5,4-back,F7,15,2.6846144859535806e-08
5,4-back,F7,16,1.8593579760627426e-08
5,4-back,F7,17,2.047762046176834e-08
5,4-back,F7,18,2.4985375407353727e-08
5,4-back,F7,19,3.749369377916273e-08
5,4-back,F7,20,3.914328100084993e-08
5,4-back,F7,21,4.2928513253027535e-08
5,4-back,F7,22,2.6494888919197664e-08
5,4-back,F7,23,3.944797180014819e-08
5,4-back,F7,24,3.725693880048527e-08
5,4-back,F7,25,2.4748777050293644e-08
5,4-back,F7,26,8.535340298920332e-09
5,4-back,F7,27,9.66282966925965e-09
5,4-back,F7,28,6.6128036390751e-09
5,4-back,F7,29,1.4170805682575574e-08
5,4-back,F7,30,1.3359666963757763e-08
5,4-back,F7,31,2.134161805369814e-08
5,4-back,F7,32,8.035681641591956e-09
5,4-back,F7,33,1.2460144689272176e-08
5,4-back,F8,1,4.006232842469326e-08
5,4-back,F8,2,3.61707728952115e-08
5,4-back,F8,3,5.28506706584698e-08
5,4-back,F8,4,7.238647598977883e-08
5,4-back,F8,5,6.782293527207312e-08
5,4-back,F8,6,5.380799242215915e-08
5,4-back,F8,7,4.996937783622555e-08
5,4-back,F8,8,5.68676500267098e-08
5,4-back,F8,9,5.225468935388256e-08
5,4-back,F8,10,4.157481028457084e-08
5,4-back,F8,11,5.555624219623729e-08
5,4-back,F8,12,6.464034928924854e-08
5,4-back,F8,13,4.557971202198769e-08
5,4-back,F8,14,3.410559752921161e-08
5,4-back,F8,15,3.901183443586939e-08
5,4-back,F8,16,4.581378541642902e-08
5,4-back,F8,17,2.4626961172791737e-08
5,4-back,F8,18,2.413549820798131e-08
5,4-back,F8,19,5.458167076535735e-08
5,4-back,F8,20,6.312215948189521e-08
5,4-back,F8,21,8.93729656426826e-08
5,4-back,F8,22,3.213544012114372e-08
5,4-back,F8,23,9.055608054947083e-08
5,4-back,F8,24,6.970135607163815e-08
5,4-back,F8,25,7.458476240847263e-08
5,4-back,F8,26,7.463673402340377e-08
5,4-back,F8,27,3.2823542817134785e-08
5,4-back,F8,28,4.612174032040533e-08
5,4-back,F8,29,6.447530635555382e-08
5,4-back,F8,30,4.315464116061326e-08
5,4-back,F8,31,3.335476511544388e-08
5,4-back,F8,32,3.1967112853923647e-08
5,4-back,F8,33,3.0796674178492e-08
5,4-back,Fz,1,3.244814125337435e-08
5,4-back,Fz,2,5.013836062716264e-08
5,4-back,Fz,3,6.677362103984542e-08
5,4-back,Fz,4,4.394290527680153e-08
5,4-back,Fz,5,7.846508821261109e-08
5,4-back,Fz,6,8.438214940500868e-08
5,4-back,Fz,7,6.18567744756359e-08
5,4-back,Fz,8,6.377816469837224e-08
5,4-back,Fz,9,9.404250928318344e-08
5,4-back,Fz,10,4.483151556908327e-08
5,4-back,Fz,11,6.058091491429182e-08
5,4-back,Fz,12,4.204128747548075e-08
5,4-back,Fz,13,3.611468301746993e-08
5,4-back,Fz,14,2.705106595736539e-08
5,4-back,Fz,15,1.1037098701635759e-07
5,4-back,Fz,16,7.970630048367094e-08
5,4-back,Fz,17,3.916766304890668e-08
5,4-back,Fz,18,1.9896468441469885e-08
5,4-back,Fz,19,9.584080369107979e-08
5,4-back,Fz,20,5.6792305465504676e-08
5,4-back,Fz,21,1.0242611030952952e-07
5,4-back,Fz,22,3.169034178658934e-08
5,4-back,Fz,23,3.8455012333703274e-08
5,4-back,Fz,24,9.041087488768154e-08
5,4-back,Fz,25,8.531145829674823e-08
5,4-back,Fz,26,6.931324891969268e-08
5,4-back,Fz,27,2.2545808584850456e-08
5,4-back,Fz,28,3.3076839896455285e-08
5,4-back,Fz,29,5.174248205017089e-08
5,4-back,Fz,30,3.5499323340433255e-08
5,4-back,Fz,31,3.403985585854418e-08
5,4-back,Fz,32,3.6516606803430294e-08
5,4-back,Fz,33,2.4090861890143046e-08
6,1-back,F3,1,1.701174433552775e-08
6,1-back,F3,2,1.754125295512411e-08
6,1-back,F3,3,3.509501455031569e-08
6,1-back,F3,4,2.8836481697375135e-08
6,1-back,F3,5,2.996715644665591e-08
6,1-back,F3,6,2.722992778713554e-08
6,1-back,F3,7,2.5353927937637752e-08
6,1-back,F3,8,3.762850497535528e-08
6,1-back,F3,9,3.8670878974822965e-08
6,1-back,F3,10,5.7452245226734e-08
6,1-back,F3,11,4.364770121297254e-08
6,1-back,F3,12,3.6049102061233104e-08
6,1-back,F3,13,3.326784387917725e-08
6,1-back,F3,14,2.5777887617690758e-08
6,1-back,F3,15,4.0601124325600425e-08
6,1-back,F3,16,2.4888812107564676e-08
6,1-back,F3,17,3.7712671068064185e-08
6,1-back,F3,18,2.827137298174612e-08
6,1-back,F3,19,6.971597215106909e-08
6,1-back,F3,20,7.473969452529941e-08
6,1-back,F3,21,4.480054704014575e-08
6,1-back,F3,22,3.203009266163262e-08
6,1-back,F3,23,3.1487014606478066e-08
6,1-back,F3,24,1.0514736359215057e-07
6,1-back,F3,25,3.4700957754397444e-08
6,1-back,F3,26,7.885295340262421e-08
6,1-back,F3,27,3.181428253699923e-08
6,1-back,F3,28,1.1731364394189041e-07
6,1-back,F3,29,4.6964163399626073e-08
6,1-back,F3,30,6.294802440850402e-08
6,1-back,F3,31,2.2708415623773267e-08
6,1-back,F3,32,2.1099225648320177e-08
6,1-back,F3,33,4.158374912570262e-08
6,1-back,F3,34,1.745222576023732e-08
6,1-back,F3,35,4.4900394433511666e-08
6,1-back,F3,36,3.281928579849563e-08
6,1-back,F3,37,3.5883526485471005e-08
6,1-back,F3,38,1.8860911447361034e-08
6,1-back,F3,39,4.475822888863587e-08
6,1-back,F3,40,3.965979537075722e-08
6,1-back,F3,41,1.7945134983530116e-08
6,1-back,F3,42,3.2678862516706364e-08
6,1-back,F3,43,1.0738106339200606e-07
6,1-back,F3,44,3.7859793493707804e-08
6,1-back,F3,45,4.1121733830509525e-08
6,1-back,F3,46,5.847562551812995e-08
6,1-back,F3,47,1.9108758051166367e-08
6,1-back,F3,48,6.883869714794085e-08
6,1-back,F3,49,4.4528256800523006e-08
6,1-back,F3,50,7.858978633840962e-08
6,1-back,F3,51,2.3288171272953847e-08
6,1-back,F3,52,4.185010925233894e-08
6,1-back,F3,53,2.430330957777338e-08
6,1-back,F3,54,9.186724865215153e-09
6,1-back,F3,55,3.507184168856692e-08
6,1-back,F3,56,3.930501053099124e-08
6,1-back,F3,57,8.026532357726638e-08
6,1-back,F3,58,1.450626808984332e-07
6,1-back,F3,59,5.7917640973689745e-08
6,1-back,F3,60,4.2608749686602496e-08
6,1-back,F3,61,4.331078838469094e-08
6,1-back,F3,62,4.3717509277060295e-08
6,1-back,F3,63,3.499086913249759e-08
6,1-back,F3,64,6.427165594723528e-08
6,1-back,F3,65,5.198652804183541e-08
6,1-back,F3,66,6.357570063360313e-08
6,1-back,F3,67,2.3079813811844547e-08
6,1-back,F3,68,4.707724838316172e-08
6,1-back,F3,69,3.718919378784956e-08
6,1-back,F3,70,2.3640803041486866e-08
6,1-back,F3,71,3.2469534878451844e-08
6,1-back,F3,72,6.972820440758795e-08
6,1-back,F3,73,7.757453450390627e-08
6,1-back,F3,74,3.9890092821429436e-08
6,1-back,F4,1,1.6492783649408197e-08
6,1-back,F4,2,1.4842014208812404e-08
6,1-back,F4,3,2.6103826086169334e-08
6,1-back,F4,4,3.201846796735051e-08
6,1-back,F4,5,1.809130012091245e-08
6,1-back,F4,6,2.3196171731563496e-08
6,1-back,F4,7,3.102612918279553e-08
6,1-back,F4,8,2.481316625514275e-08
6,1-back,F4,9,2.9766467910367616e-08
6,1-back,F4,10,3.7644116425104634e-08
6,1-back,F4,11,2.8069413517915782e-08
6,1-back,F4,12,3.9048972645837223e-08
6,1-back,F4,13,2.6353396219458923e-08
6,1-back,F4,14,2.7276386491724625e-08
6,1-back,F4,15,2.8455377352818068e-08
6,1-back,F4,16,1.8239735129674168e-08
6,1-back,F4,17,1.2072713411089769e-08
6,1-back,F4,18,2.98858151634237e-08
6,1-back,F4,19,7.681307234717524e-08
6,1-back,F4,20,8.022480491319526e-08
6,1-back,F4,21,3.191696396777342e-08
6,1-back,F4,22,3.402480163255791e-08
6,1-back,F4,23,1.964664902738589e-08
6,1-back,F4,24,9.990331266397188e-08
6,1-back,F4,25,4.524941147503149e-08
6,1-back,F4,26,5.802880610669643e-08
6,1-back,F4,27,2.6941254381708487e-08
6,1-back,F4,28,9.859217271153028e-08
6,1-back,F4,29,4.543307232777532e-08
6,1-back,F4,30,3.8228226781799164e-08
6,1-back,F4,31,1.68647950533829e-08
6,1-back,F4,32,2.4792044992346682e-08
6,1-back,F4,33,3.359958201569289e-08
6,1-back,F4,34,1.0445029075543449e-08
6,1-back,F4,35,3.280839543551455e-08
6,1-back,F4,36,2.5442343083416073e-08
6,1-back,F4,37,2.8167087269125235e-08
6,1-back,F4,38,1.9162307479308365e-08
6,1-back,F4,39,3.352061141618246e-08
6,1-back,F4,40,2.056757305919988e-08
6,1-back,F4,41,1.4812855609946518e-08
6,1-back,F4,42,2.5172069371283893e-08
6,1-back,F4,43,1.0763168224120878e-07
6,1-back,F4,44,2.1378678571532036e-08
6,1-back,F4,45,4.9069953717292484e-08
6,1-back,F4,46,4.6616308678001756e-08
6,1-back,F4,47,2.2462254547814794e-08
6,1-back,F4,48,6.30839736030957e-08
6,1-back,F4,49,2.634546116354516e-08
6,1-back,F4,50,4.842169785353231e-08
6,1-back,F4,51,1.5856900194616962e-08
6,1-back,F4,52,2.5489443275557516e-08
6,1-back,F4,53,2.003477080136439e-08
6,1-back,F4,54,1.035573413515307e-08
6,1-back,F4,55,2.975725996341276e-08
6,1-back,F4,56,2.411391347327876e-08
6,1-back,F4,57,9.013501991179224e-08
6,1-back,F4,58,1.4524219365447174e-07
6,1-back,F4,59,4.397293439457232e-08
6,1-back,F4,60,4.362167367938323e-08
6,1-back,F4,61,4.118119793657558e-08
6,1-back,F4,62,2.916636703651868e-08
6,1-back,F4,63,4.007384341324434e-08
6,1-back,F4,64,5.800950430069965e-08
6,1-back,F4,65,4.3023320748798285e-08
6,1-back,F4,66,6.717730874746314e-08
6,1-back,F4,67,1.9642841754860064e-08
6,1-back,F4,68,2.3213918575508488e-08
6,1-back,F4,69,2.2288587805591436e-08
6,1-back,F4,70,2.069482770647229e-08
6,1-back,F4,71,2.6588436408708597e-08
6,1-back,F4,72,4.244491122539203e-08
6,1-back,F4,73,3.250384370107489e-08
6,1-back,F4,74,1.9969580321348132e-08
6,1-back,F7,1,2.362342446917086e-08
6,1-back,F7,2,8.895407024954257e-08
6,1-back,F7,3,3.8975853468165824e-08
6,1-back,F7,4,1.585684271959802e-08
6,1-back,F7,5,3.192678604242096e-08
6,1-back,F7,6,4.138280063137745e-08
6,1-back,F7,7,2.0216959460479514e-08
6,1-back,F7,8,3.273696029595325e-08
6,1-back,F7,9,5.7249734666890746e-08
6,1-back,F7,10,2.9130811756872637e-08
6,1-back,F7,11,3.409726216701678e-08
6,1-back,F7,12,1.85690665135134e-08
6,1-back,F7,13,1.930173259600232e-08
6,1-back,F7,14,2.3300740231475418e-08
6,1-back,F7,15,1.878609969074764e-08
6,1-back,F7,16,1.3822740181490216e-08
6,1-back,F7,17,1.3069732103556479e-08
6,1-back,F7,18,2.911935097499518e-08
6,1-back,F7,19,1.1184800289932092e-07
6,1-back,F7,20,3.4652612597751046e-08
6,1-back,F7,21,2.9226634823853656e-08
6,1-back,F7,22,3.187525281322229e-08
6,1-back,F7,23,3.772918111820639e-08
6,1-back,F7,24,7.303829182000593e-08
6,1-back,F7,25,2.7832266101280205e-08
6,1-back,F7,26,4.663854896505756e-08
6,1-back,F7,27,2.72593346307711e-08
6,1-back,F7,28,1.2528819621665975e-07
6,1-back,F7,29,3.130531498889789e-08
6,1-back,F7,30,3.585116154203034e-08
6,1-back,F7,31,1.2378254771892808e-08
6,1-back,F7,32,1.3427818221870994e-08
6,1-back,F7,33,2.6110459630955872e-08
6,1-back,F7,34,2.9617337519844916e-08
6,1-back,F7,35,2.339379507321862e-08
6,1-back,F7,36,4.0020167749365946e-08
6,1-back,F7,37,1.7195080371968654e-08
6,1-back,F7,38,1.988441091853559e-08
6,1-back,F7,39,2.3470772169983087e-08
6,1-back,F7,40,1.9967547826448503e-08
6,1-back,F7,41,2.0515435477368636e-08
6,1-back,F7,42,1.3860810105986397e-08
6,1-back,F7,43,1.3813279137279142e-07
6,1-back,F7,44,2.8003799253217832e-08
6,1-back,F7,45,2.3817042277458633e-08
6,1-back,F7,46,6.33581214752299e-08
6,1-back,F7,47,1.1713225042673276e-08
6,1-back,F7,48,4.287629122748452e-08
6,1-back,F7,49,3.055091602984078e-08
6,1-back,F7,50,7.748886002228582e-08
6,1-back,F7,51,1.692944888736733e-08
6,1-back,F7,52,2.136328929420164e-08
6,1-back,F7,53,1.8927573442023163e-08
6,1-back,F7,54,2.530936472387853e-08
6,1-back,F7,55,5.300504729686203e-08
6,1-back,F7,56,2.71307963800777e-08
6,1-back,F7,57,9.745686485765762e-08
6,1-back,F7,58,1.1805914485962883e-07
6,1-back,F7,59,2.6880685192230418e-08
6,1-back,F7,60,3.0251694484172086e-08
6,1-back,F7,61,2.917688855480303e-08
6,1-back,F7,62,1.6539080031816462e-08
6,1-back,F7,63,2.1993072210871983e-08
6,1-back,F7,64,7.72431578800072e-08
6,1-back,F7,65,5.7091564395011233e-08
6,1-back,F7,66,9.030086899026031e-08
6,1-back,F7,67,1.4665777147661127e-08
6,1-back,F7,68,1.4863694714517874e-08
6,1-back,F7,69,8.805937384266354e-09
6,1-back,F7,70,1.840823255996431e-08
6,1-back,F7,71,2.357462741461691e-08
6,1-back,F7,72,5.007629735545884e-08
6,1-back,F7,73,4.78757131289327e-08
6,1-back,F7,74,2.6231326412023087e-08
6,1-back,F8,1,7.2664696598826414e-09
6,1-back,F8,2,1.1285916094126828e-08
6,1-back,F8,3,1.2016369410844472e-08
6,1-back,F8,4,1.3462036095413575e-08
6,1-back,F8,5,7.489946165017915e-09
6,1-back,F8,6,1.0135676860141012e-08
6,1-back,F8,7,1.77701685722449e-08
6,1-back,F8,8,1.6607510646417556e-08
6,1-back,F8,9,1.6809473536602576e-08
6,1-back,F8,10,1.1868511400384194e-08
6,1-back,F8,11,2.3026390756273247e-08
6,1-back,F8,12,1.869984982275318e-08
6,1-back,F8,13,1.4010842483959173e-08
6,1-back,F8,14,1.473653557667692e-08
6,1-back,F8,15,1.6720799764235262e-08
6,1-back,F8,16,1.226599008513301e-08
6,1-back,F8,17,7.511480114618278e-09
6,1-back,F8,18,1.2781386077117934e-08
6,1-back,F8,19,1.0395496738976572e-07
6,1-back,F8,20,4.3529863876162886e-08
6,1-back,F8,21,1.6014477505103114e-08
6,1-back,F8,22,2.3761894547447357e-08
6,1-back,F8,23,2.073485171746257e-08
6,1-back,F8,24,5.244825197519744e-08
6,1-back,F8,25,2.7473527433381042e-08
6,1-back,F8,26,3.9143358956604544e-08
6,1-back,F8,27,1.396466263450411e-08
6,1-back,F8,28,9.591269407893304e-08
6,1-back,F8,29,2.9297567512259573e-08
6,1-back,F8,30,1.8914776859705482e-08
6,1-back,F8,31,1.5348993238771502e-08
6,1-back,F8,32,1.4935047034690747e-08
6,1-back,F8,33,1.4140882244728451e-08
6,1-back,F8,34,6.04813023463277e-09
6,1-back,F8,35,2.2209487586291073e-08
6,1-back,F8,36,1.863123408465363e-08
6,1-back,F8,37,1.3439384147295304e-08
6,1-back,F8,38,9.457583899786277e-09
6,1-back,F8,39,2.221725150262168e-08
6,1-back,F8,40,1.6831266799446596e-08
6,1-back,F8,41,1.3003340636407944e-08
6,1-back,F8,42,1.5089031989007267e-08
6,1-back,F8,43,1.2622290472926382e-07
6,1-back,F8,44,1.4706568698004993e-08
6,1-back,F8,45,3.262988340504059e-08
6,1-back,F8,46,5.684365636882737e-08
6,1-back,F8,47,9.264303455092472e-09
6,1-back,F8,48,3.9044133547140523e-08
6,1-back,F8,49,1.2722588916392977e-08
6,1-back,F8,50,2.992664593114378e-08
6,1-back,F8,51,1.3349953292695116e-08
6,1-back,F8,52,1.1740240828517942e-08
6,1-back,F8,53,1.6290653828859692e-08
6,1-back,F8,54,7.268219529674698e-09
6,1-back,F8,55,1.2635002304697408e-08
6,1-back,F8,56,1.254875396902614e-08
6,1-back,F8,57,8.370843226655119e-08
6,1-back,F8,58,1.221362059589212e-07
6,1-back,F8,59,3.203178384513145e-08
6,1-back,F8,60,3.130491298229423e-08
6,1-back,F8,61,3.015702223615931e-08
6,1-back,F8,62,1.0998941839332988e-08
6,1-back,F8,63,2.105275862962312e-08
6,1-back,F8,64,5.570065393970614e-08
6,1-back,F8,65,2.790371820271115e-08
6,1-back,F8,66,6.873515676420691e-08
6,1-back,F8,67,1.2354905205164135e-08
6,1-back,F8,68,1.6462555338997227e-08
6,1-back,F8,69,8.842749341813012e-09
6,1-back,F8,70,1.2281312229962912e-08
6,1-back,F8,71,1.0090624425829029e-08
6,1-back,F8,72,2.353389093205529e-08
6,1-back,F8,73,1.118855963870818e-08
6,1-back,F8,74,1.868765745671746e-08
6,1-back,Fz,1,1.821507726705371e-08
6,1-back,Fz,2,1.7633346080368274e-08
6,1-back,Fz,3,4.324014232838569e-08
6,1-back,Fz,4,3.653873377733389e-08
6,1-back,Fz,5,3.2122880054625873e-08
6,1-back,Fz,6,3.4688340850327914e-08
6,1-back,Fz,7,2.8413752782088356e-08
6,1-back,Fz,8,3.13155864287507e-08
6,1-back,Fz,9,3.72773928723841e-08
6,1-back,Fz,10,5.191102361033166e-08
6,1-back,Fz,11,3.3075387824097146e-08
6,1-back,Fz,12,4.0394430760003815e-08
6,1-back,Fz,13,4.016414861993251e-08
6,1-back,Fz,14,3.348235170607498e-08
6,1-back,Fz,15,3.747624099667313e-08
6,1-back,Fz,16,2.5695430219386292e-08
6,1-back,Fz,17,1.833302273676542e-08
6,1-back,Fz,18,3.451743215806971e-08
6,1-back,Fz,19,8.103370673167253e-08
6,1-back,Fz,20,7.499510399283623e-08
6,1-back,Fz,21,3.5123031553150806e-08
6,1-back,Fz,22,3.754129555634095e-08
6,1-back,Fz,23,2.7271835366196965e-08
6,1-back,Fz,24,1.035629046623875e-07
6,1-back,Fz,25,4.624553974088752e-08
6,1-back,Fz,26,6.980238579849155e-08
6,1-back,Fz,27,3.5336656404870834e-08
6,1-back,Fz,28,1.2324684176257087e-07
6,1-back,Fz,29,5.229388752576575e-08
6,1-back,Fz,30,5.80173591350975e-08
6,1-back,Fz,31,1.901450099293287e-08
6,1-back,Fz,32,2.737017949565389e-08
6,1-back,Fz,33,4.312366124580075e-08
6,1-back,Fz,34,1.4485523383577942e-08
6,1-back,Fz,35,4.0594964479855417e-08
6,1-back,Fz,36,3.3823012746648884e-08
6,1-back,Fz,37,3.6672376128815725e-08
6,1-back,Fz,38,2.7970618738087603e-08
6,1-back,Fz,39,4.424677161276797e-08
6,1-back,Fz,40,2.9696604851511413e-08
6,1-back,Fz,41,2.2456751533111036e-08
6,1-back,Fz,42,3.2201949170302035e-08
6,1-back,Fz,43,1.2775458993922553e-07
6,1-back,Fz,44,3.5038769495190664e-08
6,1-back,Fz,45,6.02316119314389e-08
6,1-back,Fz,46,5.2187567977802944e-08
6,1-back,Fz,47,2.1968007429544418e-08
6,1-back,Fz,48,6.793039786936204e-08
6,1-back,Fz,49,3.822755951744979e-08
6,1-back,Fz,50,7.365006118893529e-08
6,1-back,Fz,51,2.1070675658079646e-08
6,1-back,Fz,52,3.04840408714995e-08
6,1-back,Fz,53,2.8923140068070352e-08
6,1-back,Fz,54,1.2088515629949673e-08
6,1-back,Fz,55,3.298811974029517e-08
6,1-back,Fz,56,3.469860668076843e-08
6,1-back,Fz,57,7.644046023752227e-08
6,1-back,Fz,58,1.386303756667431e-07
6,1-back,Fz,59,5.6277195733737785e-08
6,1-back,Fz,60,5.714085140597422e-08
6,1-back,Fz,61,3.9143161632758616e-08
6,1-back,Fz,62,3.822340357872249e-08
6,1-back,Fz,63,4.270717276264503e-08
6,1-back,Fz,64,6.817969671743597e-08
6,1-back,Fz,65,5.97050651804462e-08
6,1-back,Fz,66,7.272165930949396e-08
6,1-back,Fz,67,1.8669402452934337e-08
6,1-back,Fz,68,2.3954662551188287e-08
6,1-back,Fz,69,2.5414224058038175e-08
6,1-back,Fz,70,2.370069367790914e-08
6,1-back,Fz,71,3.2749182952037275e-08
6,1-back,Fz,72,6.775313814500996e-08
6,1-back,Fz,73,5.554359811110185e-08
6,1-back,Fz,74,2.5178669369301826e-08
6,2-back,F3,1,3.510727849197524e-08
6,2-back,F3,2,2.485308891099638e-08
6,2-back,F3,3,4.983982261891847e-08
6,2-back,F3,4,1.797062436969287e-08
6,2-back,F3,5,2.3593061887251568e-07
6,2-back,F3,6,1.0787315941999066e-07
6,2-back,F3,7,1.6458385406899572e-07
6,2-back,F3,8,2.6091820631145367e-08
6,2-back,F3,9,6.666056540099065e-08
6,2-back,F3,10,5.104717569764302e-08
6,2-back,F3,11,1.7314680359509384e-08
6,2-back,F3,12,4.8692843944794894e-08
6,2-back,F3,13,5.386652126355178e-08
6,2-back,F3,14,9.524246598012961e-08
6,2-back,F3,15,4.3795047285804416e-08
6,2-back,F3,16,6.27718801733313e-08
6,2-back,F3,17,7.304695100255742e-08
6,2-back,F3,18,8.932796332642159e-08
6,2-back,F3,19,9.246606247060505e-08
6,2-back,F3,20,4.245167896913535e-08
6,2-back,F3,21,2.5786427662423483e-08
6,2-back,F3,22,2.8279318875243158e-08
6,2-back,F3,23,1.6863694219754042e-08
6,2-back,F3,24,5.406223617678362e-08
6,2-back,F3,25,6.201992550943113e-08
6,2-back,F3,26,1.314266899773317e-07
6,2-back,F3,27,1.0119497281113171e-07
6,2-back,F3,28,2.7029987733519405e-08
6,2-back,F3,29,4.807769458733462e-08
6,2-back,F3,30,6.194169109212394e-08
6,2-back,F3,31,7.389529789948197e-08
6,2-back,F3,32,5.575399242291649e-08
6,2-back,F3,33,3.1326119196658154e-08
6,2-back,F3,34,2.8482841536686637e-08
6,2-back,F3,35,5.2991067870788e-08
6,2-back,F3,36,2.8327030633410314e-08
6,2-back,F3,37,1.0803485299556724e-08
6,2-back,F3,38,6.183238737384439e-08
6,2-back,F3,39,4.148078024876505e-08
6,2-back,F3,40,3.3605426636293796e-08
6,2-back,F3,41,5.98078814336018e-08
6,2-back,F3,42,3.007688498499593e-08
6,2-back,F3,43,8.139840627609958e-08
6,2-back,F3,44,4.45687384841579e-08
6,2-back,F3,45,7.771515145941592e-08
6,2-back,F3,46,1.0135540027353145e-07
6,2-back,F3,47,8.522221168098118e-08
6,2-back,F3,48,8.056478554268924e-08
6,2-back,F3,49,4.45069247397975e-08
6,2-back,F3,50,6.895858441426066e-08
6,2-back,F3,51,9.0689731018303e-08
6,2-back,F3,52,1.8303848720086872e-07
6,2-back,F3,53,1.2562355003683338e-07
6,2-back,F3,54,4.498949160127688e-08
6,2-back,F3,55,2.602560240751614e-08
6,2-back,F3,56,2.911878881767519e-08
6,2-back,F3,57,2.8794438684191188e-08
6,2-back,F3,58,2.782812488711233e-08
6,2-back,F3,59,6.724220172445967e-08
6,2-back,F3,60,4.883961908489113e-08
6,2-back,F3,61,4.9779059435327085e-08
6,2-back,F3,62,6.503729295177262e-08
6,2-back,F3,63,2.8616788981178405e-08
6,2-back,F4,1,1.262942673054232e-08
6,2-back,F4,2,1.907944821658196e-08
6,2-back,F4,3,2.919126398463e-08
6,2-back,F4,4,1.652266964860908e-08
6,2-back,F4,5,2.436304597128066e-07
6,2-back,F4,6,1.5926832951499873e-08
6,2-back,F4,7,1.617646053215974e-07
6,2-back,F4,8,1.7813337351957354e-08
6,2-back,F4,9,4.125237980966659e-08
6,2-back,F4,10,3.69215415944416e-08
6,2-back,F4,11,1.2329318496433334e-08
6,2-back,F4,12,4.0046184132073075e-08
6,2-back,F4,13,1.6931241006185745e-08
6,2-back,F4,14,1.8313193673750837e-08
6,2-back,F4,15,4.2283963137837944e-08
6,2-back,F4,16,1.69745319830962e-08
6,2-back,F4,17,4.786091619840079e-08
6,2-back,F4,18,8.186145043430935e-08
6,2-back,F4,19,6.098734244713486e-08
6,2-back,F4,20,3.741898602053368e-08
6,2-back,F4,21,1.695583462101419e-08
6,2-back,F4,22,2.5704076749860988e-08
6,2-back,F4,23,1.9100329370917873e-08
6,2-back,F4,24,1.547168390374801e-08
6,2-back,F4,25,1.7760600979528892e-08
6,2-back,F4,26,6.017690817688792e-08
6,2-back,F4,27,2.1177144752588047e-08
6,2-back,F4,28,1.548378140028198e-08
6,2-back,F4,29,1.683328748003222e-08
6,2-back,F4,30,2.3045222883540197e-08
6,2-back,F4,31,2.255449317919133e-08
6,2-back,F4,32,2.7028313792109554e-08
6,2-back,F4,33,8.349024564982699e-09
6,2-back,F4,34,7.442770798609608e-09
6,2-back,F4,35,4.035543811546043e-08
6,2-back,F4,36,2.3182754197001293e-08
6,2-back,F4,37,1.591799299541574e-08
6,2-back,F4,38,2.9777173826594368e-08
6,2-back,F4,39,1.2617824183840856e-08
6,2-back,F4,40,1.4977034060207324e-08
6,2-back,F4,41,2.1552425364370462e-08
6,2-back,F4,42,9.310869546868927e-09
6,2-back,F4,43,4.9020004114610764e-08
6,2-back,F4,44,1.3018389298976001e-08
6,2-back,F4,45,3.021852184138057e-08
6,2-back,F4,46,4.338913798819595e-08
6,2-back,F4,47,3.0118386898866946e-08
6,2-back,F4,48,1.2089537628367483e-08
6,2-back,F4,49,3.000402627987181e-08
6,2-back,F4,50,8.047285549925016e-09
6,2-back,F4,51,3.089146869970269e-08
6,2-back,F4,52,4.196900572304105e-08
6,2-back,F4,53,4.844357588855337e-08
6,2-back,F4,54,1.0191162631540143e-08
6,2-back,F4,55,1.81329120461698e-08
6,2-back,F4,56,1.3735969662586366e-08
6,2-back,F4,57,1.562476600184343e-08
6,2-back,F4,58,1.2746306931041037e-08
6,2-back,F4,59,1.420725462281276e-08
6,2-back,F4,60,2.342116645286054e-08
6,2-back,F4,61,1.9058870707194412e-08
6,2-back,F4,62,1.987948532833828e-08
6,2-back,F4,63,2.177006982714529e-08
6,2-back,F7,1,1.0656271956845359e-08
6,2-back,F7,2,2.4009093135298988e-08
6,2-back,F7,3,2.5419582521548964e-08
6,2-back,F7,4,8.158324751289331e-09
6,2-back,F7,5,3.034042845439629e-07
6,2-back,F7,6,1.5421254722020974e-08
6,2-back,F7,7,3.1417104828936504e-07
6,2-back,F7,8,1.888451091589373e-08
6,2-back,F7,9,2.8635178251870797e-08
6,2-back,F7,10,2.1506373333544975e-08
6,2-back,F7,11,8.429495766614453e-09
6,2-back,F7,12,2.716274601624974e-08
6,2-back,F7,13,1.636329560978059e-08
6,2-back,F7,14,2.120373708127622e-08
6,2-back,F7,15,2.8685340717402665e-08
6,2-back,F7,16,2.3252219642036233e-08
6,2-back,F7,17,5.8504079410834684e-08
6,2-back,F7,18,1.0491846310000031e-07
6,2-back,F7,19,1.3650182037130533e-07
6,2-back,F7,20,1.8721558664229667e-08
6,2-back,F7,21,1.0522847018140903e-08
6,2-back,F7,22,1.212145275803494e-08
6,2-back,F7,23,8.566129766833446e-09
6,2-back,F7,24,1.0696061085331323e-08
6,2-back,F7,25,1.856991116476155e-08
6,2-back,F7,26,1.110404920234193e-07
6,2-back,F7,27,1.3078395855107285e-08
6,2-back,F7,28,2.1460626187430785e-08
6,2-back,F7,29,2.6730382565915286e-08
6,2-back,F7,30,1.9003033195971523e-08
6,2-back,F7,31,3.160057804916896e-08
6,2-back,F7,32,4.2846551117819886e-08
6,2-back,F7,33,1.8029524469270087e-08
6,2-back,F7,34,6.382492024435916e-09
6,2-back,F7,35,6.84470355146783e-08
6,2-back,F7,36,9.390011359397094e-09
6,2-back,F7,37,8.552831900611735e-09
6,2-back,F7,38,4.466984251115461e-08
6,2-back,F7,39,2.7152105381582272e-08
6,2-back,F7,40,7.099629041509278e-09
6,2-back,F7,41,1.689302692301475e-08
6,2-back,F7,42,1.0382925635082565e-08
6,2-back,F7,43,5.7415628264732964e-08
6,2-back,F7,44,1.341867017792006e-08
6,2-back,F7,45,5.3207389503918406e-08
6,2-back,F7,46,7.638064365817555e-08
6,2-back,F7,47,1.428667012218222e-08
6,2-back,F7,48,1.0465882173008865e-08
6,2-back,F7,49,1.7562095946486304e-08
6,2-back,F7,50,6.9119929075262884e-09
6,2-back,F7,51,3.2518962725066935e-08
6,2-back,F7,52,3.9313521790592455e-08
6,2-back,F7,53,3.828145471026115e-08
6,2-back,F7,54,9.086742557564918e-09
6,2-back,F7,55,9.806979436308444e-09
6,2-back,F7,56,9.224491657414732e-09
6,2-back,F7,57,9.440629146106747e-09
6,2-back,F7,58,9.315292638179651e-09
6,2-back,F7,59,9.375282099027436e-09
6,2-back,F7,60,1.3460182840858348e-08
6,2-back,F7,61,1.4154235982733753e-08
6,2-back,F7,62,1.1606521404969588e-08
6,2-back,F7,63,1.0216494799866198e-08
6,2-back,F8,1,8.05289209359922e-09
6,2-back,F8,2,1.5707923537853325e-08
6,2-back,F8,3,1.341833166238995e-08
6,2-back,F8,4,6.967815120322969e-09
6,2-back,F8,5,3.1145016521492044e-07
6,2-back,F8,6,1.2652038590963688e-08
6,2-back,F8,7,2.1191047195585067e-07
6,2-back,F8,8,8.487611148168042e-09
6,2-back,F8,9,1.6253421981221546e-08
6,2-back,F8,10,1.5438154703042715e-08
6,2-back,F8,11,6.651403194432481e-09
6,2-back,F8,12,1.670571291246636e-08
6,2-back,F8,13,1.1697880199550902e-08
6,2-back,F8,14,1.052192498198746e-08
6,2-back,F8,15,2.3261535161375735e-08
6,2-back,F8,16,9.644808792779044e-09
6,2-back,F8,17,4.058256269001528e-08
6,2-back,F8,18,7.838663743988894e-08
6,2-back,F8,19,6.699524553237827e-08
6,2-back,F8,20,1.7103340018669162e-08
6,2-back,F8,21,9.461228864800793e-09
6,2-back,F8,22,1.3038643928191153e-08
6,2-back,F8,23,9.296077171703045e-09
6,2-back,F8,24,1.0711000190782395e-08
6,2-back,F8,25,8.286542136804317e-09
6,2-back,F8,26,6.351843021285321e-08
6,2-back,F8,27,1.2070935126812238e-08
6,2-back,F8,28,1.0444528115313304e-08
6,2-back,F8,29,1.0954618397798206e-08
6,2-back,F8,30,1.311933461247797e-08
6,2-back,F8,31,1.7693893186083198e-08
6,2-back,F8,32,2.800153937893904e-08
6,2-back,F8,33,3.5500446224892886e-09
6,2-back,F8,34,6.956811510103875e-09
6,2-back,F8,35,4.3245910726452354e-08
6,2-back,F8,36,1.1557498689568658e-08
6,2-back,F8,37,1.0634734874408683e-08
6,2-back,F8,38,2.6694131211084666e-08
6,2-back,F8,39,9.536573665692856e-09
6,2-back,F8,40,5.053021273216286e-09
6,2-back,F8,41,8.887753207993947e-09
6,2-back,F8,42,6.3110713416224916e-09
6,2-back,F8,43,5.0906144589463104e-08
6,2-back,F8,44,1.0374525397113028e-08
6,2-back,F8,45,3.1553792053338855e-08
6,2-back,F8,46,5.675837697855171e-08
6,2-back,F8,47,1.519977444141989e-08
6,2-back,F8,48,9.309869937181137e-09
6,2-back,F8,49,1.1184974913461687e-08
6,2-back,F8,50,9.938855173514663e-09
6,2-back,F8,51,2.1398592182831e-08
6,2-back,F8,52,4.3992596138993513e-08
6,2-back,F8,53,1.985140499369116e-08
6,2-back,F8,54,8.148013107205428e-09
6,2-back,F8,55,1.1111202100827815e-08
6,2-back,F8,56,7.426186847619852e-09
6,2-back,F8,57,9.311724280471674e-09
6,2-back,F8,58,5.901404318756813e-09
6,2-back,F8,59,7.290536489007672e-09
6,2-back,F8,60,1.6937724748480565e-08
6,2-back,F8,61,1.0155545121730545e-08
6,2-back,F8,62,1.1183684609306607e-08
6,2-back,F8,63,9.993439590156524e-09
6,2-back,Fz,1,1.1880160157617326e-08
6,2-back,Fz,2,2.513291394617446e-08
6,2-back,Fz,3,3.6127530107437606e-08
6,2-back,Fz,4,1.8938302470004372e-08
6,2-back,Fz,5,2.8858192042945066e-07
6,2-back,Fz,6,1.8796230742834837e-08
6,2-back,Fz,7,1.9421648747007794e-07
6,2-back,Fz,8,2.8596975850214525e-08
6,2-back,Fz,9,6.107890959992993e-08
6,2-back,Fz,10,5.7774099196455435e-08
6,2-back,Fz,11,1.321857764834576e-08
6,2-back,Fz,12,4.374627044744845e-08
6,2-back,Fz,13,2.0416889818912927e-08
6,2-back,Fz,14,2.70272718035973e-08
6,2-back,Fz,15,4.553836902863802e-08
6,2-back,Fz,16,3.072021842093998e-08
6,2-back,Fz,17,6.377471643673387e-08
6,2-back,Fz,18,1.0603489703261714e-07
6,2-back,Fz,19,7.600036614505886e-08
6,2-back,Fz,20,4.879260712018698e-08
6,2-back,Fz,21,2.5723635649160577e-08
6,2-back,Fz,22,3.613220170312049e-08
6,2-back,Fz,23,2.388559034257014e-08
6,2-back,Fz,24,1.914762525276241e-08
6,2-back,Fz,25,1.8191256899809452e-08
6,2-back,Fz,26,9.57272285138162e-08
6,2-back,Fz,27,3.087940824946377e-08
6,2-back,Fz,28,2.238778684109788e-08
6,2-back,Fz,29,2.7656060388704686e-08
6,2-back,Fz,30,3.100569470736748e-08
6,2-back,Fz,31,2.8666771910438162e-08
6,2-back,Fz,32,3.6348065081681385e-08
6,2-back,Fz,33,1.2176344248483524e-08
6,2-back,Fz,34,8.87581026080245e-09
6,2-back,Fz,35,5.307067076409985e-08
6,2-back,Fz,36,3.179083882576856e-08
6,2-back,Fz,37,1.3698464885079798e-08
6,2-back,Fz,38,3.872479308089526e-08
6,2-back,Fz,39,2.096687157049723e-08
6,2-back,Fz,40,1.7486837781292034e-08
6,2-back,Fz,41,2.7706321589644407e-08
6,2-back,Fz,42,9.824023346203735e-09
6,2-back,Fz,43,5.718592178947797e-08
6,2-back,Fz,44,2.132500791742321e-08
6,2-back,Fz,45,4.152938297830042e-08
6,2-back,Fz,46,5.2631391195782394e-08
6,2-back,Fz,47,4.86557365393399e-08
6,2-back,Fz,48,1.0591768539937799e-08
6,2-back,Fz,49,3.88218616031519e-08
6,2-back,Fz,50,1.1210077509797646e-08
6,2-back,Fz,51,3.95860480203652e-08
6,2-back,Fz,52,5.125242844669693e-08
6,2-back,Fz,53,5.3650386427058e-08
6,2-back,Fz,54,1.3614794049002188e-08
6,2-back,Fz,55,1.962155279990945e-08
6,2-back,Fz,56,1.8639997836704283e-08
6,2-back,Fz,57,1.793947111649597e-08
6,2-back,Fz,58,1.8802161745992316e-08
6,2-back,Fz,59,1.181736566299389e-08
6,2-back,Fz,60,3.4158193030871855e-08
6,2-back,Fz,61,2.0168069461034826e-08
6,2-back,Fz,62,2.65991216334462e-08
6,2-back,Fz,63,2.3911946508609316e-08
6,3-back,F3,1,4.686221683358323e-08
6,3-back,F3,2,2.7344532441003423e-08
6,3-back,F3,3,2.051274643195963e-08
6,3-back,F3,4,2.6610394317844234e-08
6,3-back,F3,5,2.9219973899188793e-08
6,3-back,F3,6,1.0193684449695013e-08
6,3-back,F3,7,1.1851789033932775e-07
6,3-back,F3,8,3.835149850595521e-08
6,3-back,F3,9,5.4310009591767373e-08
6,3-back,F3,10,4.1230496613051225e-08
6,3-back,F3,11,7.744142879848191e-08
6,3-back,F3,12,3.282976193000047e-08
6,3-back,F3,13,2.8636001040514767e-08
6,3-back,F3,14,7.462580755758197e-08
6,3-back,F3,15,4.1328665338296e-08
6,3-back,F3,16,4.476652689909331e-08
6,3-back,F3,17,2.1539955153717453e-08
6,3-back,F3,18,3.380225054158131e-08
6,3-back,F3,19,4.688189690022593e-08
6,3-back,F3,20,5.637409911900585e-08
6,3-back,F3,21,8.31647438729468e-08
6,3-back,F3,22,9.142386366735662e-08
6,3-back,F3,23,2.7201545579243638e-08
6,3-back,F3,24,3.086109396076173e-08
6,3-back,F3,25,4.511728444536532e-08
6,3-back,F3,26,5.037328656487495e-08
6,3-back,F3,27,6.441630097309927e-08
6,3-back,F3,28,7.42901984799099e-08
6,3-back,F3,29,7.256891575652234e-08
6,3-back,F3,30,7.00164004992778e-08
6,3-back,F3,31,1.0813280516057267e-07
6,3-back,F3,32,8.691152864489351e-08
6,3-back,F3,33,3.2015425347281145e-08
6,3-back,F3,34,5.0387165768508284e-08
6,3-back,F3,35,7.762303374626275e-08
6,3-back,F3,36,5.8630793971691025e-08
6,3-back,F3,37,9.12041729934119e-08
6,3-back,F3,38,1.6391960797548735e-07
6,3-back,F3,39,6.592212391549393e-08
6,3-back,F3,40,6.82771126861242e-08
6,3-back,F3,41,3.4087313257648394e-08
6,3-back,F3,42,6.253697380475012e-08
6,3-back,F3,43,2.0539133827919294e-08
6,3-back,F3,44,4.615000142235331e-08
6,3-back,F3,45,5.1298098721746675e-08
6,3-back,F3,46,1.3989731625234465e-07
6,3-back,F3,47,3.953091908861975e-08
6,3-back,F3,48,3.0919060129828756e-08
6,3-back,F3,49,3.181742979297902e-08
6,3-back,F3,50,2.253155706642792e-08
6,3-back,F3,51,3.6149112872631366e-08
6,3-back,F3,52,1.9882188520607198e-08
6,3-back,F3,53,3.38419447907009e-08
6,3-back,F3,54,4.6741440041358954e-08
6,3-back,F3,55,2.799722912780608e-08
6,3-back,F3,56,4.763436869174994e-08
6,3-back,F3,57,7.076104713410591e-08
6,3-back,F3,58,4.308934009879427e-08
6,3-back,F3,59,4.6825574696362345e-08
6,3-back,F3,60,1.0075876840035055e-07
6,3-back,F3,61,8.779010746015565e-08
6,3-back,F3,62,3.9676340392992046e-08
6,3-back,F3,63,7.771710742313198e-08
6,3-back,F3,64,4.435609574338556e-08
6,3-back,F3,65,4.082763520086103e-08
6,3-back,F3,66,6.542449650628901e-08
6,3-back,F3,67,1.9310619206305887e-08
6,3-back,F3,68,1.6359083879667104e-07
6,3-back,F3,69,7.471952582033303e-08
6,3-back,F4,1,7.784365117646976e-09
6,3-back,F4,2,7.573658265294794e-09
6,3-back,F4,3,1.2562141250059319e-08
6,3-back,F4,4,2.7732049085811716e-08
6,3-back,F4,5,1.891920399016768e-08
6,3-back,F4,6,1.1941005573778078e-08
6,3-back,F4,7,6.252353695070901e-08
6,3-back,F4,8,1.0708264395700293e-08
6,3-back,F4,9,1.9534702704142175e-08
6,3-back,F4,10,2.1205461773574546e-08
6,3-back,F4,11,5.638849812947436e-08
6,3-back,F4,12,2.6660616981474877e-08
6,3-back,F4,13,3.118185612345551e-08
6,3-back,F4,14,5.455412707030318e-08
6,3-back,F4,15,2.5289383044016218e-08
6,3-back,F4,16,3.8018723734250516e-08
6,3-back,F4,17,1.0727933433656835e-08
6,3-back,F4,18,2.7665538325280196e-08
6,3-back,F4,19,4.518497736702008e-08
6,3-back,F4,20,3.619441551886276e-08
6,3-back,F4,21,4.7663597620570804e-08
6,3-back,F4,22,3.70291877071411e-08
6,3-back,F4,23,1.5709124943959363e-08
6,3-back,F4,24,1.6665042285361166e-08
6,3-back,F4,25,2.3895573121216672e-08
6,3-back,F4,26,8.350548154275125e-09
6,3-back,F4,27,3.642473789070642e-08
6,3-back,F4,28,2.6140797985750197e-08
6,3-back,F4,29,1.8227675268214083e-08
6,3-back,F4,30,2.4022975025439905e-08
6,3-back,F4,31,6.216858879331407e-08
6,3-back,F4,32,1.7139134163328458e-08
6,3-back,F4,33,3.3175751760343025e-08
6,3-back,F4,34,2.1606248791213517e-08
6,3-back,F4,35,2.058308601005988e-08
6,3-back,F4,36,1.716264499694703e-08
6,3-back,F4,37,6.274553403632313e-08
6,3-back,F4,38,1.3161169477592332e-07
6,3-back,F4,39,4.4344451144472836e-08
6,3-back,F4,40,2.6479410373097244e-08
6,3-back,F4,41,1.9584235019240672e-08
6,3-back,F4,42,5.979370725020534e-08
6,3-back,F4,43,1.1493027206245096e-08
6,3-back,F4,44,1.671737218782105e-08
6,3-back,F4,45,2.8076588574915902e-08
6,3-back,F4,46,1.1758707614147861e-07
6,3-back,F4,47,1.80087739221851e-08
6,3-back,F4,48,7.9101568337406e-09
6,3-back,F4,49,2.0195200570723005e-08
6,3-back,F4,50,1.2818459733815789e-08
6,3-back,F4,51,4.5692811569656445e-08
6,3-back,F4,52,1.1587667968828153e-08
6,3-back,F4,53,8.790015743725582e-09
6,3-back,F4,54,3.3298552640258714e-08
6,3-back,F4,55,1.0791633663042827e-08
6,3-back,F4,56,2.3784395072121567e-08
6,3-back,F4,57,5.122118358923595e-08
6,3-back,F4,58,2.716078532775555e-08
6,3-back,F4,59,2.382615026832357e-08
6,3-back,F4,60,9.994515933219033e-08
6,3-back,F4,61,9.573415931427589e-08
6,3-back,F4,62,2.857329361432334e-08
6,3-back,F4,63,6.123133693840733e-08
6,3-back,F4,64,2.1752012672683357e-08
6,3-back,F4,65,2.2114891688046724e-08
6,3-back,F4,66,6.955607007350878e-08
6,3-back,F4,67,1.765704413880352e-08
6,3-back,F4,68,8.928071634846816e-08
6,3-back,F4,69,2.128907864032084e-08
6,3-back,F7,1,1.5184853080796633e-08
6,3-back,F7,2,1.297445195771938e-08
6,3-back,F7,3,1.0560055433636738e-08
6,3-back,F7,4,2.2686153944009023e-08
6,3-back,F7,5,1.528377840537451e-08
6,3-back,F7,6,9.079363503756601e-09
6,3-back,F7,7,1.3860259635612738e-07
6,3-back,F7,8,2.0290400866001873e-08
6,3-back,F7,9,1.266315774079324e-08
6,3-back,F7,10,1.66987564935349e-08
6,3-back,F7,11,5.449383874661159e-08
6,3-back,F7,12,3.585159847256932e-08
6,3-back,F7,13,4.394779582041933e-08
6,3-back,F7,14,7.931381704922078e-08
6,3-back,F7,15,5.550532067822853e-08
6,3-back,F7,16,3.2846804136340905e-08
6,3-back,F7,17,1.0608799095969977e-08
6,3-back,F7,18,5.111477821920722e-08
6,3-back,F7,19,2.6163201476164093e-08
6,3-back,F7,20,8.258163452270366e-08
6,3-back,F7,21,1.0223785390437251e-07
6,3-back,F7,22,6.469620891841368e-08
6,3-back,F7,23,3.0204046974917444e-08
6,3-back,F7,24,1.3594965427729843e-08
6,3-back,F7,25,3.395902266390662e-08
6,3-back,F7,26,1.2920268447433586e-08
6,3-back,F7,27,6.22674823324804e-08
6,3-back,F7,28,6.079208660541851e-08
6,3-back,F7,29,1.3836387305518759e-08
6,3-back,F7,30,3.73797204406356e-08
6,3-back,F7,31,9.847438686629102e-08
6,3-back,F7,32,1.606628164434771e-08
6,3-back,F7,33,3.821258797202156e-08
6,3-back,F7,34,9.542179856244015e-09
6,3-back,F7,35,1.650973770828709e-08
6,3-back,F7,36,1.0271846185453539e-08
6,3-back,F7,37,7.189014211876959e-08
6,3-back,F7,38,1.2297346187611646e-07
6,3-back,F7,39,4.767028328291994e-08
6,3-back,F7,40,3.823175962126214e-08
6,3-back,F7,41,8.910686145455524e-09
6,3-back,F7,42,6.714015211351364e-08
6,3-back,F7,43,1.4577159870991335e-08
6,3-back,F7,44,3.0057820572116234e-08
6,3-back,F7,45,2.6405585109792492e-08
6,3-back,F7,46,2.0798194933916583e-07
6,3-back,F7,47,1.809094281525098e-08
6,3-back,F7,48,1.0479617753171885e-08
6,3-back,F7,49,1.5437666771877185e-08
6,3-back,F7,50,1.1323535215239208e-08
6,3-back,F7,51,4.1553831387932764e-08
6,3-back,F7,52,1.1445132283957361e-08
6,3-back,F7,53,3.7491278503909235e-08
6,3-back,F7,54,5.0135867010552026e-08
6,3-back,F7,55,2.186158998878188e-08
6,3-back,F7,56,2.81014770335076e-08
6,3-back,F7,57,6.429125028998264e-08
6,3-back,F7,58,4.0501100736586434e-08
6,3-back,F7,59,3.7314911684115036e-08
6,3-back,F7,60,9.952968460518581e-08
6,3-back,F7,61,8.316380391398003e-08
6,3-back,F7,62,4.0103903230357074e-08
6,3-back,F7,63,6.017903449478325e-08
6,3-back,F7,64,2.4302749393317597e-08
6,3-back,F7,65,3.515126001230545e-08
6,3-back,F7,66,4.625941603668987e-08
6,3-back,F7,67,2.0044888478268223e-08
6,3-back,F7,68,1.7905029891889827e-07
6,3-back,F7,69,4.449624715045862e-08
6,3-back,F8,1,4.139482819697222e-09
6,3-back,F8,2,3.771687447580141e-09
6,3-back,F8,3,4.611765855436919e-09
6,3-back,F8,4,1.0746259173537967e-08
6,3-back,F8,5,9.470226051049004e-09
6,3-back,F8,6,5.077953114437543e-09
6,3-back,F8,7,7.096101935390103e-08
6,3-back,F8,8,5.409879134968148e-09
6,3-back,F8,9,7.70808525063425e-09
6,3-back,F8,10,9.623220246663052e-09
6,3-back,F8,11,3.220573784750321e-08
6,3-back,F8,12,1.5464320604222332e-08
6,3-back,F8,13,3.4203521157840754e-08
6,3-back,F8,14,3.6305053682666614e-08
6,3-back,F8,15,2.6617163343661855e-08
6,3-back,F8,16,2.5205197135863727e-08
6,3-back,F8,17,4.2176102288612406e-09
6,3-back,F8,18,2.686300664999688e-08
6,3-back,F8,19,2.277875299630813e-08
6,3-back,F8,20,5.459010939549817e-08
6,3-back,F8,21,5.240273869351757e-08
6,3-back,F8,22,4.0353575897573906e-08
6,3-back,F8,23,1.0504313782865144e-08
6,3-back,F8,24,5.956417306902971e-09
6,3-back,F8,25,2.17764569143344e-08
6,3-back,F8,26,8.130558608308483e-09
6,3-back,F8,27,4.0471065915052144e-08
6,3-back,F8,28,3.611650708496458e-08
6,3-back,F8,29,8.467209272936337e-09
6,3-back,F8,30,1.7730371010498252e-08
6,3-back,F8,31,8.156481406600617e-08
6,3-back,F8,32,8.526344748852702e-09
6,3-back,F8,33,4.6083430474917134e-08
6,3-back,F8,34,1.0830682051045384e-08
6,3-back,F8,35,1.2193984632336189e-08
6,3-back,F8,36,8.44983386416989e-09
6,3-back,F8,37,5.870957910581867e-08
6,3-back,F8,38,1.151641718519068e-07
6,3-back,F8,39,3.068289276104652e-08
6,3-back,F8,40,2.6260960183106116e-08
6,3-back,F8,41,8.04181778223746e-09
6,3-back,F8,42,5.9171519581817956e-08
6,3-back,F8,43,6.9816007283617156e-09
6,3-back,F8,44,1.2853828103789745e-08
6,3-back,F8,45,2.310153345659364e-08
6,3-back,F8,46,1.6593501838917982e-07
6,3-back,F8,47,4.7827753477511665e-09
6,3-back,F8,48,6.197017474009933e-09
6,3-back,F8,49,1.039953624172418e-08
6,3-back,F8,50,6.233181084471031e-09
6,3-back,F8,51,2.9707293527567083e-08
6,3-back,F8,52,9.268617269613524e-09
6,3-back,F8,53,9.144605632106541e-09
6,3-back,F8,54,3.3658348745912474e-08
6,3-back,F8,55,5.865300220847242e-09
6,3-back,F8,56,1.9378685432306273e-08
6,3-back,F8,57,3.0142257510571217e-08
6,3-back,F8,58,2.3719151468885253e-08
6,3-back,F8,59,1.0983970290901584e-08
6,3-back,F8,60,5.518757326152369e-07
6,3-back,F8,61,1.4922651776935382e-07
6,3-back,F8,62,3.513043157752586e-08
6,3-back,F8,63,3.8363953323277774e-08
6,3-back,F8,64,1.462108763866631e-08
6,3-back,F8,65,2.719352163047666e-08
6,3-back,F8,66,4.0858841432709356e-08
6,3-back,F8,67,1.3802908201167246e-08
6,3-back,F8,68,5.4129861937271385e-08
6,3-back,F8,69,1.7623844765471056e-08
6,3-back,Fz,1,1.2351884787173216e-08
6,3-back,Fz,2,8.683619798460044e-09
6,3-back,Fz,3,2.3584503361814735e-08
6,3-back,Fz,4,4.412714559572985e-08
6,3-back,Fz,5,2.6361711070025635e-08
6,3-back,Fz,6,1.2363231136041175e-08
6,3-back,Fz,7,8.304238610883016e-08
6,3-back,Fz,8,1.3522813037534549e-08
6,3-back,Fz,9,2.3346676094993938e-08
6,3-back,Fz,10,2.7165395402979203e-08
6,3-back,Fz,11,7.454696671106701e-08
6,3-back,Fz,12,3.396990184929182e-08
6,3-back,Fz,13,4.091662515170434e-08
6,3-back,Fz,14,6.617943940187528e-08
6,3-back,Fz,15,3.9309923103307524e-08
6,3-back,Fz,16,4.4306303148875577e-08
6,3-back,Fz,17,1.3016625975158726e-08
6,3-back,Fz,18,3.3812332544173344e-08
6,3-back,Fz,19,5.937279864296064e-08
6,3-back,Fz,20,4.735366414300076e-08
6,3-back,Fz,21,5.935846836393687e-08
6,3-back,Fz,22,4.6513219438444994e-08
6,3-back,Fz,23,2.1485738741065758e-08
6,3-back,Fz,24,2.1116116053414585e-08
6,3-back,Fz,25,2.963874116744607e-08
6,3-back,Fz,26,1.258914794211933e-08
6,3-back,Fz,27,4.715606841196511e-08
6,3-back,Fz,28,3.371851959084725e-08
6,3-back,Fz,29,2.543034588030189e-08
6,3-back,Fz,30,2.9118799709895113e-08
6,3-back,Fz,31,7.324417951870202e-08
6,3-back,Fz,32,2.7012655531476002e-08
6,3-back,Fz,33,3.618410131001828e-08
6,3-back,Fz,34,2.736070457306592e-08
6,3-back,Fz,35,2.458518818447589e-08
6,3-back,Fz,36,1.973705916142612e-08
6,3-back,Fz,37,8.51905457399827e-08
6,3-back,Fz,38,1.6502982706152071e-07
6,3-back,Fz,39,6.695885544936672e-08
6,3-back,Fz,40,3.065750820213802e-08
6,3-back,Fz,41,2.2296822428939407e-08
6,3-back,Fz,42,7.5805959153812e-08
6,3-back,Fz,43,1.7493492738453767e-08
6,3-back,Fz,44,2.3409371901449713e-08
6,3-back,Fz,45,3.378809557831427e-08
6,3-back,Fz,46,1.3534270883513539e-07
6,3-back,Fz,47,2.6020409755271494e-08
6,3-back,Fz,48,1.7171884986915667e-08
6,3-back,Fz,49,3.2047322204862633e-08
6,3-back,Fz,50,1.831345839007008e-08
6,3-back,Fz,51,4.328961005819213e-08
6,3-back,Fz,52,1.2564632705540271e-08
6,3-back,Fz,53,1.2063910351896068e-08
6,3-back,Fz,54,3.8942390064406034e-08
6,3-back,Fz,55,1.8250089984279902e-08
6,3-back,Fz,56,2.9285932749546708e-08
6,3-back,Fz,57,7.664129743252297e-08
6,3-back,Fz,58,3.491563743373898e-08
6,3-back,Fz,59,3.528677683959906e-08
6,3-back,Fz,60,8.184490645453107e-08
6,3-back,Fz,61,9.483014424387879e-08
6,3-back,Fz,62,3.477983260740776e-08
6,3-back,Fz,63,7.921275743180815e-08
6,3-back,Fz,64,2.7830031456656083e-08
6,3-back,Fz,65,2.5932796826812523e-08
6,3-back,Fz,66,7.914226923058986e-08
6,3-back,Fz,67,2.0530053307240346e-08
6,3-back,Fz,68,9.986795286151334e-08
6,3-back,Fz,69,4.575083302110009e-08
6,4-back,F3,1,4.5364977867825256e-08
6,4-back,F3,2,2.216381773834553e-08
6,4-back,F3,3,2.8485051335859532e-08
6,4-back,F3,4,2.702929470995994e-08
6,4-back,F3,5,4.4681071279820624e-08
6,4-back,F3,6,3.593513045961408e-08
6,4-back,F3,7,2.982375807687589e-08
6,4-back,F3,8,2.4002176972152203e-08
6,4-back,F3,9,3.045812452732352e-08
6,4-back,F3,10,2.90523312652902e-08
6,4-back,F3,11,2.2670250011002353e-08
6,4-back,F3,12,7.67648423014279e-08
6,4-back,F3,13,7.257786403932889e-08
6,4-back,F3,14,4.3572124313302923e-08
6,4-back,F3,15,3.548115399132927e-08
6,4-back,F3,16,2.0717708918744874e-08
6,4-back,F3,17,1.210560089925374e-08
6,4-back,F3,18,2.2215681723150097e-08
6,4-back,F3,19,2.635834013659731e-08
6,4-back,F3,20,2.765689184528113e-08
6,4-back,F3,21,4.392956653818868e-08
6,4-back,F3,22,3.9397226328685634e-08
6,4-back,F3,23,1.4291585230180557e-07
6,4-back,F3,24,2.3834967778933782e-08
6,4-back,F3,25,2.0720198653923762e-08
6,4-back,F3,26,2.2218664058732637e-08
6,4-back,F3,27,6.415550894082967e-08
6,4-back,F3,28,1.032012636451197e-07
6,4-back,F3,29,4.2541607207567285e-08
6,4-back,F3,30,6.232120441065721e-08
6,4-back,F3,31,8.951163287728272e-08
6,4-back,F3,32,4.854351710083575e-08
6,4-back,F3,33,3.367314680590646e-08
6,4-back,F3,34,6.453594849882996e-08
6,4-back,F3,35,7.212731853108971e-08
6,4-back,F3,36,6.278939554829984e-08
6,4-back,F3,37,8.630782614782306e-08
6,4-back,F3,38,3.948781941123765e-08
6,4-back,F3,39,2.2490944239950784e-08
6,4-back,F3,40,6.268292923816994e-08
6,4-back,F3,41,5.772469461140592e-08
6,4-back,F3,42,1.391266923477878e-07
6,4-back,F3,43,7.615065938004064e-08
6,4-back,F3,44,1.3394036297452184e-07
6,4-back,F3,45,7.272138356652779e-08
6,4-back,F3,46,5.112645763015252e-08
6,4-back,F3,47,6.257885806024179e-08
6,4-back,F3,48,4.291938483454243e-08
6,4-back,F3,49,6.602133051378651e-08
6,4-back,F3,50,4.623458439447407e-08
6,4-back,F3,51,3.0521486774987205e-08
6,4-back,F3,52,3.3572920776115815e-08
6,4-back,F3,53,6.700040267228298e-08
6,4-back,F3,54,6.141353738853135e-08
6,4-back,F3,55,5.232845706767841e-08
6,4-back,F3,56,8.54363172764338e-09
6,4-back,F3,57,9.292279129083695e-09
6,4-back,F3,58,2.1610324390910755e-08
6,4-back,F3,59,5.002532275818919e-08
6,4-back,F3,60,6.966594783597331e-08
6,4-back,F3,61,2.5927386904795345e-08
6,4-back,F3,62,2.89933265811917e-08
6,4-back,F3,63,5.144849585722167e-08
6,4-back,F3,64,2.971151433395666e-08
6,4-back,F3,65,2.4342489499243854e-08
6,4-back,F3,66,4.2880514071877114e-08
6,4-back,F3,67,1.300033059560645e-07
6,4-back,F3,68,9.797337211301856e-08
6,4-back,F3,69,3.4618038602532094e-08
6,4-back,F3,70,7.116354475915868e-08
6,4-back,F3,71,5.079111352606223e-08
6,4-back,F3,72,5.9097052692389725e-08
6,4-back,F3,73,5.388305330946071e-08
6,4-back,F4,1,1.8045047543729423e-08
6,4-back,F4,2,7.599929043079893e-09
6,4-back,F4,3,1.4815311989161331e-08
6,4-back,F4,4,1.0837030657767124e-08
6,4-back,F4,5,1.5222216373738913e-08
6,4-back,F4,6,3.491717406689769e-08
6,4-back,F4,7,2.154577587798374e-08
6,4-back,F4,8,1.305117000162442e-08
6,4-back,F4,9,1.7610860497810087e-08
6,4-back,F4,10,1.2476817677731479e-08
6,4-back,F4,11,2.4662074415221635e-08
6,4-back,F4,12,3.954622416994508e-08
6,4-back,F4,13,5.864631615290426e-08
6,4-back,F4,14,3.088850876028604e-08
6,4-back,F4,15,2.0486185265613976e-08
6,4-back,F4,16,1.093681717985938e-08
6,4-back,F4,17,1.4600855255549056e-08
6,4-back,F4,18,1.531715333306253e-08
6,4-back,F4,19,2.9016488342848897e-08
6,4-back,F4,20,1.5728122081952277e-08
6,4-back,F4,21,3.7389795294964934e-08
6,4-back,F4,22,1.7243693078008317e-08
6,4-back,F4,23,6.042077563060367e-08
6,4-back,F4,24,1.2586003714572812e-08
6,4-back,F4,25,1.6433653951901587e-08
6,4-back,F4,26,3.084911914383381e-08
6,4-back,F4,27,3.2908493180813034e-08
6,4-back,F4,28,8.514212136218626e-08
6,4-back,F4,29,3.628766976273316e-08
6,4-back,F4,30,6.10216213101284e-08
6,4-back,F4,31,7.349893329815836e-08
6,4-back,F4,32,3.916296991019609e-08
6,4-back,F4,33,3.457396929267962e-08
6,4-back,F4,34,4.8166352669673105e-08
6,4-back,F4,35,6.161702538807069e-08
6,4-back,F4,36,5.7076565215315893e-08
6,4-back,F4,37,6.048442569321884e-08
6,4-back,F4,38,3.586002727343106e-08
6,4-back,F4,39,1.4870440674665961e-08
6,4-back,F4,40,4.011232761299243e-08
6,4-back,F4,41,5.990511624360575e-08
6,4-back,F4,42,9.940287013562486e-08
6,4-back,F4,43,8.097733474604268e-08
6,4-back,F4,44,1.3272581483651447e-07
6,4-back,F4,45,5.362629980282871e-08
6,4-back,F4,46,5.2764536630304805e-08
6,4-back,F4,47,6.340458014056172e-08
6,4-back,F4,48,3.9631481997751155e-08
6,4-back,F4,49,5.4050812494829294e-08
6,4-back,F4,50,3.9966457859531215e-08
6,4-back,F4,51,3.3564889928891857e-08
6,4-back,F4,52,2.2388738143887557e-08
6,4-back,F4,53,2.4730135702790963e-08
6,4-back,F4,54,4.9176321075402254e-08
6,4-back,F4,55,4.408778203973721e-08
6,4-back,F4,56,1.0030623175698626e-08
6,4-back,F4,57,1.0595894604821036e-08
6,4-back,F4,58,2.638413688545547e-08
6,4-back,F4,59,6.109824137324295e-08
6,4-back,F4,60,7.482897387096136e-08
6,4-back,F4,61,1.933262142883168e-08
6,4-back,F4,62,3.805539078256413e-08
6,4-back,F4,63,3.029357259618854e-08
6,4-back,F4,64,3.069601283514655e-08
6,4-back,F4,65,2.0203170545475768e-08
6,4-back,F4,66,3.743109629688418e-08
6,4-back,F4,67,9.490056677068302e-08
6,4-back,F4,68,1.0817086257898889e-07
6,4-back,F4,69,3.09204158432312e-08
6,4-back,F4,70,7.363991659566864e-08
6,4-back,F4,71,5.012300256649661e-08
6,4-back,F4,72,3.49291243897536e-08
6,4-back,F4,73,4.3156595523494704e-08
6,4-back,F7,1,1.5481620432280016e-08
6,4-back,F7,2,6.3438467041287376e-09
6,4-back,F7,3,1.3468958419916534e-08
6,4-back,F7,4,9.404128791305444e-09
6,4-back,F7,5,2.9831672674395655e-08
6,4-back,F7,6,3.1580448998979864e-08
6,4-back,F7,7,1.9621021984738165e-08
6,4-back,F7,8,1.0379842185748729e-08
6,4-back,F7,9,1.1301850281800522e-08
6,4-back,F7,10,2.11873251963828e-08
6,4-back,F7,11,1.718066701830518e-08
6,4-back,F7,12,7.511178116205584e-08
6,4-back,F7,13,8.504191178532995e-08
6,4-back,F7,14,4.291602697890141e-08
6,4-back,F7,15,6.109937422540648e-08
6,4-back,F7,16,2.814105727749178e-08
6,4-back,F7,17,1.5611360876677124e-08
6,4-back,F7,18,2.9162525128974053e-08
6,4-back,F7,19,2.3677711152557108e-08
6,4-back,F7,20,3.0517134502046544e-08
6,4-back,F7,21,5.794838082399917e-08
6,4-back,F7,22,2.7569887975072286e-08
6,4-back,F7,23,7.465823037782762e-08
6,4-back,F7,24,2.6700775230960603e-08
6,4-back,F7,25,1.5635241761836386e-08
6,4-back,F7,26,4.026340399104403e-08
6,4-back,F7,27,7.945296277877867e-08
6,4-back,F7,28,1.7799317477352226e-07
6,4-back,F7,29,4.5896242927390355e-08
6,4-back,F7,30,1.33752295750079e-07
6,4-back,F7,31,1.6646361658413333e-07
6,4-back,F7,32,3.655760558572968e-07
6,4-back,F7,33,3.451850782931498e-07
6,4-back,F7,34,6.471875756518933e-08
6,4-back,F7,35,9.615057630158745e-08
6,4-back,F7,36,1.0848739727416939e-07
6,4-back,F7,37,1.6975794286166598e-07
6,4-back,F7,38,1.2018223091609276e-06
6,4-back,F7,39,1.9251650323521455e-06
6,4-back,F7,40,1.973980036136429e-07
6,4-back,F7,41,2.1838467836697287e-07
6,4-back,F7,42,1.8725695743115364e-07
6,4-back,F7,43,1.0729774445358611e-07
6,4-back,F7,44,1.4735806602546847e-07
6,4-back,F7,45,7.242854194965415e-08
6,4-back,F7,46,2.8085972814833918e-08
6,4-back,F7,47,5.946786214392982e-08
6,4-back,F7,48,3.101731306467212e-08
6,4-back,F7,49,2.9540705847734616e-08
6,4-back,F7,50,2.5551136801995172e-08
6,4-back,F7,51,2.033797905801744e-08
6,4-back,F7,52,1.3519521913362771e-08
6,4-back,F7,53,4.4609434027579266e-08
6,4-back,F7,54,3.229652703299772e-08
6,4-back,F7,55,7.146622148895062e-08
6,4-back,F7,56,1.52879787204945e-08
6,4-back,F7,57,8.734772172424763e-09
6,4-back,F7,58,2.3417270080143492e-08
6,4-back,F7,59,6.01066046984303e-08
6,4-back,F7,60,5.775648005768374e-08
6,4-back,F7,61,2.845417319847436e-08
6,4-back,F7,62,2.723278038806244e-08
6,4-back,F7,63,3.0378570465348915e-08
6,4-back,F7,64,2.4946220312000412e-08
6,4-back,F7,65,3.298478615574013e-08
6,4-back,F7,66,6.540300280351463e-08
6,4-back,F7,67,1.5188105696557044e-07
6,4-back,F7,68,1.24482050044364e-07
6,4-back,F7,69,3.54141618206765e-08
6,4-back,F7,70,8.683926554436064e-08
6,4-back,F7,71,4.499269076146203e-08
6,4-back,F7,72,5.617811844468006e-08
6,4-back,F7,73,5.7492404430936495e-08
6,4-back,F8,1,1.1303905416708487e-08
6,4-back,F8,2,7.48381665511192e-09
6,4-back,F8,3,4.582466750437829e-09
6,4-back,F8,4,5.8420202237257685e-09
6,4-back,F8,5,1.3750541025572994e-08
6,4-back,F8,6,2.5306291122731145e-08
6,4-back,F8,7,1.4449515533161932e-08
6,4-back,F8,8,7.3630318606985e-09
6,4-back,F8,9,1.1370723004181331e-08
6,4-back,F8,10,1.075154369177668e-08
6,4-back,F8,11,7.794956173504966e-09
6,4-back,F8,12,5.2984258924448195e-08
6,4-back,F8,13,4.9879176481565914e-08
6,4-back,F8,14,2.6797129994609873e-08
6,4-back,F8,15,1.7685199513662375e-08
6,4-back,F8,16,6.2540777465133015e-09
6,4-back,F8,17,8.654602369101243e-09
6,4-back,F8,18,1.4597639631086912e-08
6,4-back,F8,19,1.8794902527333443e-08
6,4-back,F8,20,1.0208209385710096e-08
6,4-back,F8,21,3.726486933729191e-08
6,4-back,F8,22,1.4168087406125704e-08
6,4-back,F8,23,4.662903314485124e-08
6,4-back,F8,24,5.732541706188117e-09
6,4-back,F8,25,1.1814937182514097e-08
6,4-back,F8,26,2.9344365195205147e-08
6,4-back,F8,27,2.992624168772496e-08
6,4-back,F8,28,3.534868320803881e-08
6,4-back,F8,29,4.481375154116144e-08
6,4-back,F8,30,8.141187386243339e-08
6,4-back,F8,31,9.684969171124695e-08
6,4-back,F8,32,4.0339373604392555e-08
6,4-back,F8,33,3.501442644692266e-08
6,4-back,F8,34,5.416543997248128e-08
6,4-back,F8,35,9.250086238159683e-08
6,4-back,F8,36,8.048796082139468e-08
6,4-back,F8,37,9.902679264335029e-08
6,4-back,F8,38,4.4877426083382475e-08
6,4-back,F8,39,9.79567648077759e-09
6,4-back,F8,40,4.8494211044510696e-08
6,4-back,F8,41,1.1555668921371453e-07
6,4-back,F8,42,1.4228391143474262e-07
6,4-back,F8,43,1.0892705799305001e-07
6,4-back,F8,44,1.5409088412346003e-07
6,4-back,F8,45,5.395466444231358e-08
6,4-back,F8,46,3.409571279204295e-08
6,4-back,F8,47,4.8979789213403103e-08
6,4-back,F8,48,2.8450472456234486e-08
6,4-back,F8,49,2.5825571430720943e-08
6,4-back,F8,50,2.4457479619295784e-08
6,4-back,F8,51,1.4834670081767807e-08
6,4-back,F8,52,7.2248613627820694e-09
6,4-back,F8,53,3.2421573987467936e-08
6,4-back,F8,54,3.3601745039774285e-08
6,4-back,F8,55,2.2814308489271003e-08
6,4-back,F8,56,8.960569990418421e-09
6,4-back,F8,57,6.670522037810087e-09
6,4-back,F8,58,3.3669919455737594e-08
6,4-back,F8,59,7.310961834768659e-08
6,4-back,F8,60,7.87163208019912e-08
6,4-back,F8,61,1.1362164187883002e-08
6,4-back,F8,62,3.196728087221076e-08
6,4-back,F8,63,1.899685059750158e-08
6,4-back,F8,64,1.1914369013065525e-08
6,4-back,F8,65,2.425737691163468e-08
6,4-back,F8,66,5.2794309206202414e-08
6,4-back,F8,67,1.3093553251245464e-07
6,4-back,F8,68,1.25486221378038e-07
6,4-back,F8,69,3.078700454376627e-08
6,4-back,F8,70,8.894312741224685e-08
6,4-back,F8,71,6.165889342915604e-08
6,4-back,F8,72,5.0843396119115565e-08
6,4-back,F8,73,2.9763379046276492e-08
6,4-back,Fz,1,1.7787882300617494e-08
6,4-back,Fz,2,1.50691126958095e-08
6,4-back,Fz,3,2.1638251784957065e-08
6,4-back,Fz,4,1.449702892321435e-08
6,4-back,Fz,5,1.9334829552799512e-08
6,4-back,Fz,6,4.221044187475426e-08
6,4-back,Fz,7,3.200308701933599e-08
6,4-back,Fz,8,2.0381627030206357e-08
6,4-back,Fz,9,2.4644779712253663e-08
6,4-back,Fz,10,1.617385950653815e-08
6,4-back,Fz,11,3.9129540631311595e-08
6,4-back,Fz,12,5.654687212031209e-08
6,4-back,Fz,13,6.72581973223233e-08
6,4-back,Fz,14,4.767677822996703e-08
6,4-back,Fz,15,3.060900579172745e-08
6,4-back,Fz,16,2.455052187394384e-08
6,4-back,Fz,17,2.0122835911792022e-08
6,4-back,Fz,18,1.8979542328266022e-08
6,4-back,Fz,19,3.3699080887269555e-08
6,4-back,Fz,20,2.2809368405186605e-08
6,4-back,Fz,21,4.940994074938078e-08
6,4-back,Fz,22,2.8493819009737043e-08
6,4-back,Fz,23,5.961093400672664e-08
6,4-back,Fz,24,2.4444437509788183e-08
6,4-back,Fz,25,2.502026400732146e-08
6,4-back,Fz,26,5.620598069280958e-08
6,4-back,Fz,27,6.783861667060704e-08
6,4-back,Fz,28,1.1575379393938202e-07
6,4-back,Fz,29,4.64136925257615e-08
6,4-back,Fz,30,7.179297668058332e-08
6,4-back,Fz,31,9.57366710695077e-08
6,4-back,Fz,32,4.3510350785162176e-08
6,4-back,Fz,33,8.535217012654497e-08
6,4-back,Fz,34,8.405305278479569e-08
6,4-back,Fz,35,8.170865248561271e-08
6,4-back,Fz,36,7.263777413865632e-08
6,4-back,Fz,37,1.0814162534941018e-07
6,4-back,Fz,38,7.173603959669528e-08
6,4-back,Fz,39,4.003337370771736e-08
6,4-back,Fz,40,4.953248907626788e-08
6,4-back,Fz,41,6.943588831982976e-08
6,4-back,Fz,42,1.0215635090358211e-07
6,4-back,Fz,43,9.727336339505924e-08
6,4-back,Fz,44,1.5373186377509465e-07
6,4-back,Fz,45,6.840694636766535e-08
6,4-back,Fz,46,6.022048262911633e-08
6,4-back,Fz,47,7.446569407154551e-08
6,4-back,Fz,48,4.9194109165645686e-08
6,4-back,Fz,49,5.759558874764667e-08
6,4-back,Fz,50,4.888806037068536e-08
6,4-back,Fz,51,3.177060807210436e-08
6,4-back,Fz,52,2.3740622955057957e-08
6,4-back,Fz,53,3.883638743559989e-08
6,4-back,Fz,54,4.546958699800185e-08
6,4-back,Fz,55,4.4382839928999915e-08
6,4-back,Fz,56,1.1029232108995316e-08
6,4-back,Fz,57,1.0494112446969819e-08
6,4-back,Fz,58,2.535715275113945e-08
6,4-back,Fz,59,5.610137036968031e-08
6,4-back,Fz,60,7.822589650651634e-08
6,4-back,Fz,61,2.2190567561061873e-08
6,4-back,Fz,62,3.2610454281828724e-08
6,4-back,Fz,63,4.427965551937592e-08
6,4-back,Fz,64,3.324919997717999e-08
6,4-back,Fz,65,1.945973704318712e-08
6,4-back,Fz,66,4.5679092102430355e-08
6,4-back,Fz,67,1.2262869558670527e-07
6,4-back,Fz,68,1.209114341879656e-07
6,4-back,Fz,69,3.373470671835628e-08
6,4-back,Fz,70,7.530266613282341e-08
6,4-back,Fz,71,5.686279958669655e-08
6,4-back,Fz,72,4.937477855963041e-08
6,4-back,Fz,73,6.217700329887666e-08
7,1-back,F3,1,7.259047260268886e-08
7,1-back,F3,2,4.25382377236232e-08
7,1-back,F3,3,1.3609705300970434e-07
7,1-back,F3,4,1.4791390577613484e-07
7,1-back,F3,5,2.9307355795810803e-08
7,1-back,F3,6,8.526247737561619e-08
7,1-back,F3,7,2.5214465919391474e-08
7,1-back,F3,8,1.5336704822102857e-08
7,1-back,F3,9,2.877639722332181e-07
7,1-back,F3,10,1.3066261621382184e-07
7,1-back,F3,11,4.189469130867556e-08
7,1-back,F3,12,2.9485310521776698e-08
7,1-back,F3,13,2.526051190298276e-08
7,1-back,F3,14,1.1752809893025038e-08
7,1-back,F3,15,9.803326565246385e-08
7,1-back,F3,16,2.3034469630590063e-08
7,1-back,F3,17,1.8664607811919104e-07
7,1-back,F3,18,4.278978635558313e-08
7,1-back,F3,19,1.5866728603820236e-07
7,1-back,F3,20,2.7479809175670306e-08
7,1-back,F3,21,3.5298289437632945e-08
7,1-back,F3,22,3.759739539727827e-08
7,1-back,F3,23,4.030577045090389e-08
7,1-back,F3,24,3.861896293873565e-08
7,1-back,F3,25,1.9329881992164868e-07
7,1-back,F3,26,5.384527849657463e-08
7,1-back,F3,27,1.2001923614800608e-07
7,1-back,F3,28,3.370510077615609e-08
7,1-back,F4,1,6.684369526828117e-08
7,1-back,F4,2,5.61254821839304e-08
7,1-back,F4,3,1.2444324893956873e-07
7,1-back,F4,4,1.0818848429259702e-07
7,1-back,F4,5,3.007111772321088e-08
7,1-back,F4,6,6.453348805276684e-08
7,1-back,F4,7,2.4983403540286932e-08
7,1-back,F4,8,1.6616442581197775e-08
7,1-back,F4,9,2.0110358585418725e-07
7,1-back,F4,10,1.1264223463685575e-07
7,1-back,F4,11,3.118830730506571e-08
7,1-back,F4,12,2.7818837859241925e-08
7,1-back,F4,13,2.5383428256960726e-08
7,1-back,F4,14,1.5514919255654463e-08
7,1-back,F4,15,8.635477975341527e-08
7,1-back,F4,16,2.6940106421072098e-08
7,1-back,F4,17,1.367960897957542e-07
7,1-back,F4,18,4.8901637833406004e-08
7,1-back,F4,19,1.2000315623997148e-07
7,1-back,F4,20,2.1427156006543492e-08
7,1-back,F4,21,2.7718207671032164e-08
7,1-back,F4,22,3.933318368683767e-08
7,1-back,F4,23,3.164411704647542e-08
7,1-back,F4,24,3.2754938873659466e-08
7,1-back,F4,25,1.6226183420313005e-07
7,1-back,F4,26,4.510507309561019e-08
7,1-back,F4,27,1.1251930018718555e-07
7,1-back,F4,28,4.031364205873178e-08
7,1-back,F7,1,1.6924616507872168e-07
7,1-back,F7,2,5.878392113917239e-08
7,1-back,F7,3,3.033910425732114e-07
7,1-back,F7,4,2.9247254760589977e-07
7,1-back,F7,5,3.234518402604492e-08
7,1-back,F7,6,1.3153809587851917e-07
7,1-back,F7,7,2.8041624762158102e-08
7,1-back,F7,8,1.3223470551926893e-08
7,1-back,F7,9,7.009705776504814e-07
7,1-back,F7,10,2.5997107040330884e-07
7,1-back,F7,11,3.0272496612903836e-08
7,1-back,F7,12,1.9299017540246804e-08
7,1-back,F7,13,1.9492813762511663e-08
7,1-back,F7,14,1.2835487113378442e-08
7,1-back,F7,15,2.2984371471105912e-07
7,1-back,F7,16,2.0062199226100045e-08
7,1-back,F7,17,3.2346190562778497e-07
7,1-back,F7,18,3.184235823879671e-08
7,1-back,F7,19,3.1942109739591267e-07
7,1-back,F7,20,1.5841241582245518e-08
7,1-back,F7,21,1.6227870553858343e-08
7,1-back,F7,22,2.7055602540659873e-08
7,1-back,F7,23,2.5048777970583767e-08
7,1-back,F7,24,2.744988077339226e-08
7,1-back,F7,25,3.389639307971429e-07
7,1-back,F7,26,4.473174348294852e-08
7,1-back,F7,27,2.516810904379921e-07
7,1-back,F7,28,1.7387816084996663e-08
7,1-back,F8,1,1.1390503311322684e-07
7,1-back,F8,2,6.920399490124122e-08
7,1-back,F8,3,2.0922189000914726e-07
7,1-back,F8,4,1.8533762154806858e-07
7,1-back,F8,5,2.886616480207148e-08
7,1-back,F8,6,8.388081261285437e-08
7,1-back,F8,7,1.692693494601082e-08
7,1-back,F8,8,1.709889480284456e-08
7,1-back,F8,9,4.0525376397100845e-07
7,1-back,F8,10,1.9261601410363806e-07
7,1-back,F8,11,1.9357911443658787e-08
7,1-back,F8,12,2.151821156377254e-08
7,1-back,F8,13,2.0484646716327684e-08
7,1-back,F8,14,9.670799629816633e-09
7,1-back,F8,15,1.6877876186652147e-07
7,1-back,F8,16,2.238357983829726e-08
7,1-back,F8,17,2.0207830631662437e-07
7,1-back,F8,18,3.500749130274389e-08
7,1-back,F8,19,2.291626346495085e-07
7,1-back,F8,20,1.295680752702616e-08
7,1-back,F8,21,2.3243768052021665e-08
7,1-back,F8,22,2.5182564325986613e-08
7,1-back,F8,23,2.0071040438725312e-08
7,1-back,F8,24,2.9778131358766455e-08
7,1-back,F8,25,2.409268481576539e-07
7,1-back,F8,26,3.6384434534871504e-08
7,1-back,F8,27,1.6056120194846858e-07
7,1-back,F8,28,3.057752081878543e-08
7,1-back,Fz,1,6.527428138871101e-08
7,1-back,Fz,2,5.559728643816972e-08
7,1-back,Fz,3,1.286806364513624e-07
7,1-back,Fz,4,1.1181228771060567e-07
7,1-back,Fz,5,3.006736873580559e-08
7,1-back,Fz,6,8.2370478286468e-08
7,1-back,Fz,7,2.7283148306420476e-08
7,1-back,Fz,8,1.842771193099974e-08
7,1-back,Fz,9,2.372689841154367e-07
7,1-back,Fz,10,1.0944740270652416e-07
7,1-back,Fz,11,4.2778157998967306e-08
7,1-back,Fz,12,3.1037980073573656e-08
7,1-back,Fz,13,3.0068517737328785e-08
7,1-back,Fz,14,1.7260713468710584e-08
7,1-back,Fz,15,8.774970234946822e-08
7,1-back,Fz,16,2.741540762333812e-08
7,1-back,Fz,17,1.7269904460879768e-07
7,1-back,Fz,18,5.163567210307511e-08
7,1-back,Fz,19,1.4318531319710676e-07
7,1-back,Fz,20,2.6779896478835804e-08
7,1-back,Fz,21,3.003787939253722e-08
7,1-back,Fz,22,4.52113057461556e-08
7,1-back,Fz,23,3.9535401764682077e-08
7,1-back,Fz,24,3.452645982766828e-08
7,1-back,Fz,25,1.8849809965174719e-07
7,1-back,Fz,26,6.703636095045578e-08
7,1-back,Fz,27,1.3431276026576092e-07
7,1-back,Fz,28,4.5380494484709607e-08
7,2-back,F3,1,1.5209326429188884e-07
7,2-back,F3,2,3.0031252431927485e-08
7,2-back,F3,3,1.3240251092970825e-07
7,2-back,F3,4,4.319432873555724e-08
7,2-back,F3,5,8.877155812284186e-08
7,2-back,F3,6,4.1818654930799755e-08
7,2-back,F3,7,3.44691628152699e-08
7,2-back,F3,8,2.5158769576293652e-08
7,2-back,F3,9,1.51701202120773e-08
7,2-back,F3,10,6.26573211590803e-08
7,2-back,F3,11,1.2410678250799045e-07
7,2-back,F3,12,3.145403541600663e-08
7,2-back,F3,13,6.514782591213513e-08
7,2-back,F3,14,1.6578232480769298e-07
7,2-back,F3,15,1.7466778587008071e-07
7,2-back,F3,16,4.797103094056321e-08
7,2-back,F3,17,3.730306494722557e-08
7,2-back,F3,18,2.4435331927798157e-08
7,2-back,F3,19,2.650502955361592e-08
7,2-back,F4,1,1.0426703199479952e-07
7,2-back,F4,2,2.514559472980737e-08
7,2-back,F4,3,1.0810884226391432e-07
7,2-back,F4,4,2.6516942716160375e-08
7,2-back,F4,5,5.1735006194489003e-08
7,2-back,F4,6,2.606589990582328e-08
7,2-back,F4,7,2.4145080704772607e-08
7,2-back,F4,8,2.2345543743050842e-08
7,2-back,F4,9,2.2187890008595318e-08
7,2-back,F4,10,4.6101758140040097e-08
7,2-back,F4,11,9.010407077776896e-08
7,2-back,F4,12,3.066841651388447e-08
7,2-back,F4,13,3.207517731194984e-08
7,2-back,F4,14,1.2717654966798385e-07
7,2-back,F4,15,1.4073070038402612e-07
7,2-back,F4,16,3.2880354545737426e-08
7,2-back,F4,17,2.8393076616615044e-08
7,2-back,F4,18,2.9010099622293356e-08
7,2-back,F4,19,2.971939736635824e-08
7,2-back,F7,1,3.402942579159269e-07
7,2-back,F7,2,1.9133010539969657e-08
7,2-back,F7,3,2.493960900517388e-07
7,2-back,F7,4,2.8145121971493534e-08
7,2-back,F7,5,1.518063253944613e-07
7,2-back,F7,6,2.6352785580275986e-08
7,2-back,F7,7,3.243704709615902e-08
7,2-back,F7,8,1.9399512067706717e-08
7,2-back,F7,9,1.5422577517454587e-08
7,2-back,F7,10,6.178155747073933e-08
7,2-back,F7,11,3.245604567854381e-07
7,2-back,F7,12,3.990408985718545e-08
7,2-back,F7,13,2.0918988264276066e-07
7,2-back,F7,14,2.9585524960348035e-07
7,2-back,F7,15,3.96036417398961e-07
7,2-back,F7,16,2.411091199330329e-08
7,2-back,F7,17,2.4274304362037876e-08
7,2-back,F7,18,1.1376561774526742e-08
7,2-back,F7,19,1.760322584263799e-08
7,2-back,F8,1,1.9400382905131387e-07
7,2-back,F8,2,1.58104369858375e-08
7,2-back,F8,3,1.9764307692736648e-07
7,2-back,F8,4,2.0416716083425343e-08
7,2-back,F8,5,7.814890851407131e-08
7,2-back,F8,6,1.6888487282573723e-08
7,2-back,F8,7,2.048609844530374e-08
7,2-back,F8,8,2.026176784552117e-08
7,2-back,F8,9,1.5728915881608542e-08
7,2-back,F8,10,3.4077502960148456e-08
7,2-back,F8,11,1.641041527410008e-07
7,2-back,F8,12,2.993944528978592e-08
7,2-back,F8,13,8.748956663802345e-08
7,2-back,F8,14,1.7065895687516627e-07
7,2-back,F8,15,2.621012669703903e-07
7,2-back,F8,16,1.887547879396118e-08
7,2-back,F8,17,1.6457154158976387e-08
7,2-back,F8,18,3.489007034849333e-08
7,2-back,F8,19,2.612465965199248e-08
7,2-back,Fz,1,1.2753104990268118e-07
7,2-back,Fz,2,2.9069857100591445e-08
7,2-back,Fz,3,1.1387834995265943e-07
7,2-back,Fz,4,3.583888923189495e-08
7,2-back,Fz,5,6.297240635259754e-08
7,2-back,Fz,6,4.041055339236934e-08
7,2-back,Fz,7,3.119390718137563e-08
7,2-back,Fz,8,2.1476158347881326e-08
7,2-back,Fz,9,2.1772827143579926e-08
7,2-back,Fz,10,6.272656225736014e-08
7,2-back,Fz,11,9.67461597082765e-08
7,2-back,Fz,12,3.294048843366307e-08
7,2-back,Fz,13,4.349256679264009e-08
7,2-back,Fz,14,1.513427374926163e-07
7,2-back,Fz,15,1.651070597511154e-07
7,2-back,Fz,16,3.86640369322441e-08
7,2-back,Fz,17,3.186299917116267e-08
7,2-back,Fz,18,2.7038631895804217e-08
7,2-back,Fz,19,3.3856353490786856e-08
7,3-back,F3,1,1.1399052319790829e-08
7,3-back,F3,2,1.0238460408416265e-06
7,3-back,F3,3,2.3548230863881734e-08
7,3-back,F3,4,3.7370771951918106e-08
7,3-back,F3,5,1.4838998370508403e-07
7,3-back,F3,6,1.836018365472844e-08
7,3-back,F3,7,1.1439119405093288e-07
7,3-back,F3,8,3.628258191181185e-08
7,3-back,F3,9,1.5632109628545115e-08
7,3-back,F3,10,2.0534066062048173e-07
7,3-back,F3,11,9.174050403199912e-08
7,3-back,F3,12,4.335398018425484e-08
7,3-back,F3,13,4.277309763435048e-08
7,3-back,F3,14,8.975612682472519e-08
7,3-back,F3,15,1.941179833950581e-07
7,3-back,F3,16,3.107843426817695e-08
7,3-back,F3,17,8.73868061734018e-08
7,3-back,F3,18,1.5261823724179324e-07
7,3-back,F3,19,2.026745818616343e-07
7,3-back,F3,20,4.158695566605037e-08
7,3-back,F3,21,1.1373502468226724e-07
7,3-back,F3,22,2.0988734285493712e-07
7,3-back,F3,23,8.37902484779779e-08
7,3-back,F3,24,4.8111737567040396e-08
7,3-back,F3,25,5.0869271621963946e-08
7,3-back,F3,26,6.758433404260201e-08
7,3-back,F3,27,1.2457345799136223e-07
7,3-back,F3,28,3.5519628622665365e-08
7,3-back,F3,29,1.2211345050923792e-07
7,3-back,F3,30,1.0101556137426858e-07
7,3-back,F3,31,9.019730559780975e-08
7,3-back,F4,1,1.0558487589867473e-08
7,3-back,F4,2,9.195559951430598e-07
7,3-back,F4,3,1.813204550518496e-08
7,3-back,F4,4,1.8567947003416783e-08
7,3-back,F4,5,1.1797530565624128e-07
7,3-back,F4,6,2.150718750129071e-08
7,3-back,F4,7,1.2522447494500973e-07
7,3-back,F4,8,3.725431161658127e-08
7,3-back,F4,9,2.603254404036122e-08
7,3-back,F4,10,2.0507294338175474e-07
7,3-back,F4,11,7.076820137158696e-08
7,3-back,F4,12,3.504217814875803e-08
7,3-back,F4,13,5.3143766845887455e-08
7,3-back,F4,14,7.993949059615704e-08
7,3-back,F4,15,1.4943455812149631e-07
7,3-back,F4,16,2.3200072211631207e-08
7,3-back,F4,17,7.39026002738464e-08
7,3-back,F4,18,1.3580615001647024e-07
7,3-back,F4,19,1.1553206704879574e-07
7,3-back,F4,20,2.228844011272954e-08
7,3-back,F4,21,8.980822293407689e-08
7,3-back,F4,22,1.790770821667754e-07
7,3-back,F4,23,8.951272242563345e-08
7,3-back,F4,24,1.812858927677788e-08
7,3-back,F4,25,4.977301444098181e-08
7,3-back,F4,26,5.94892366604562e-08
7,3-back,F4,27,1.0102665501328091e-07
7,3-back,F4,28,2.4192592521345655e-08
7,3-back,F4,29,8.121794643048919e-08
7,3-back,F4,30,7.137585987194417e-08
7,3-back,F4,31,7.184924632981062e-08
7,3-back,F7,1,1.510693739634687e-08
7,3-back,F7,2,1.4075276629319703e-06
7,3-back,F7,3,2.2880632972799837e-08
7,3-back,F7,4,2.8574900915593277e-08
7,3-back,F7,5,3.8191672002351055e-07
7,3-back,F7,6,1.4504798766632909e-08
7,3-back,F7,7,2.984314520127196e-07
7,3-back,F7,8,4.246316125176816e-08
7,3-back,F7,9,1.8021072106492982e-08
7,3-back,F7,10,3.0624317963424685e-07
7,3-back,F7,11,2.0089857112625355e-07
7,3-back,F7,12,2.9131435785138782e-08
7,3-back,F7,13,2.6498427839554987e-08
7,3-back,F7,14,2.433912395193462e-07
7,3-back,F7,15,5.10933346707034e-07
7,3-back,F7,16,3.0021871296847366e-08
7,3-back,F7,17,2.22805309565128e-07
7,3-back,F7,18,3.5950700551557663e-07
7,3-back,F7,19,5.391521328075357e-07
7,3-back,F7,20,2.6678918204750876e-08
7,3-back,F7,21,2.9321369151733433e-07
7,3-back,F7,22,5.362850007207236e-07
7,3-back,F7,23,1.565028090632692e-07
7,3-back,F7,24,2.1264485346506425e-08
7,3-back,F7,25,2.2150743461638053e-08
7,3-back,F7,26,7.833509055020768e-08
7,3-back,F7,27,3.090347233029813e-07
7,3-back,F7,28,2.0193253885366696e-08
7,3-back,F7,29,1.8231343977891356e-07
7,3-back,F7,30,2.4058622049471125e-07
7,3-back,F7,31,2.5747914923352697e-07
7,3-back,F8,1,1.1683366230853002e-08
7,3-back,F8,2,1.1665854906336004e-06
7,3-back,F8,3,1.229063197857818e-08
7,3-back,F8,4,1.5236518176860365e-08
7,3-back,F8,5,2.1646889881176372e-07
7,3-back,F8,6,3.276400009209072e-08
7,3-back,F8,7,2.6219432242595185e-07
7,3-back,F8,8,3.585049134103201e-08
7,3-back,F8,9,2.5848307753956453e-08
7,3-back,F8,10,2.947013705862102e-07
7,3-back,F8,11,1.2105207505822295e-07
7,3-back,F8,12,1.961953764079866e-08
7,3-back,F8,13,3.623568943407431e-08
7,3-back,F8,14,1.6094337368262265e-07
7,3-back,F8,15,2.68891596003206e-07
7,3-back,F8,16,1.2830161758878675e-08
7,3-back,F8,17,1.522052868731726e-07
7,3-back,F8,18,2.555529421854876e-07
7,3-back,F8,19,1.800807294181326e-07
7,3-back,F8,20,1.57114956981702e-08
7,3-back,F8,21,1.9185778846415462e-07
7,3-back,F8,22,3.7717300016596325e-07
7,3-back,F8,23,1.4429615337399372e-07
7,3-back,F8,24,1.3998562489854398e-08
7,3-back,F8,25,2.8018988496442877e-08
7,3-back,F8,26,5.306686199019161e-08
7,3-back,F8,27,2.1444884509208787e-07
7,3-back,F8,28,2.207722036155034e-08
7,3-back,F8,29,1.317700796757173e-07
7,3-back,F8,30,1.4204934349609495e-07
7,3-back,F8,31,1.6712220634680476e-07
7,3-back,Fz,1,1.144816191011116e-08
7,3-back,Fz,2,9.537755659482734e-07
7,3-back,Fz,3,2.072930793548415e-08
7,3-back,Fz,4,2.8411681821093067e-08
7,3-back,Fz,5,1.4020740259752818e-07
7,3-back,Fz,6,1.956838186243423e-08
7,3-back,Fz,7,1.2680758524864195e-07
7,3-back,Fz,8,3.425480650636321e-08
7,3-back,Fz,9,2.628856231395145e-08
7,3-back,Fz,10,1.98422301685357e-07
7,3-back,Fz,11,8.447157212592626e-08
7,3-back,Fz,12,4.148492210408835e-08
7,3-back,Fz,13,5.359330442284734e-08
7,3-back,Fz,14,8.395418524051127e-08
7,3-back,Fz,15,1.9474426963859205e-07
7,3-back,Fz,16,3.10380146564765e-08
7,3-back,Fz,17,7.495202722424544e-08
7,3-back,Fz,18,1.606727456665668e-07
7,3-back,Fz,19,1.6324572352045794e-07
7,3-back,Fz,20,3.1077570224673124e-08
7,3-back,Fz,21,1.0150493058756687e-07
7,3-back,Fz,22,1.987177937034079e-07
7,3-back,Fz,23,9.927570799717488e-08
7,3-back,Fz,24,3.376646271863866e-08
7,3-back,Fz,25,5.907948669578646e-08
7,3-back,Fz,26,6.557779212547843e-08
7,3-back,Fz,27,1.1102123577885556e-07
7,3-back,Fz,28,3.117426242020751e-08
7,3-back,Fz,29,9.940649835972876e-08
7,3-back,Fz,30,8.560830143040988e-08
7,3-back,Fz,31,7.63861860358461e-08
7,4-back,F3,1,3.759468788312983e-07
7,4-back,F3,2,1.8333823499228464e-07
7,4-back,F3,3,2.7146359295146684e-08
7,4-back,F3,4,1.8198406511627996e-08
7,4-back,F3,5,1.5726231242926655e-07
7,4-back,F3,6,4.01383760011973e-08
7,4-back,F3,7,2.6840022728029184e-08
7,4-back,F3,8,1.4765784015302107e-07
7,4-back,F3,9,1.8774667456613834e-08
7,4-back,F3,10,4.6607098559630823e-08
7,4-back,F3,11,1.81681300778996e-07
7,4-back,F3,12,8.92906140410056e-08
7,4-back,F3,13,1.204004037494379e-07
7,4-back,F3,14,1.4202422459548848e-07
7,4-back,F3,15,1.4164052341316836e-07
7,4-back,F3,16,1.2466068723128424e-07
7,4-back,F3,17,4.645858581404e-08
7,4-back,F3,18,1.61258377542918e-07
7,4-back,F3,19,1.0962785672612433e-07
7,4-back,F3,20,4.189799647198593e-07
7,4-back,F3,21,3.232792784957597e-08
7,4-back,F3,22,2.2538791892184393e-08
7,4-back,F3,23,1.594698606949866e-07
7,4-back,F3,24,4.407990289781428e-07
7,4-back,F3,25,1.6898420464681183e-07
7,4-back,F3,26,8.968641686043037e-08
7,4-back,F3,27,3.7302863024246774e-08
7,4-back,F3,28,3.795433149659568e-08
7,4-back,F3,29,2.7163227635867898e-08
7,4-back,F4,1,3.176822091911123e-07
7,4-back,F4,2,1.6955997208641776e-07
7,4-back,F4,3,2.242433471604201e-08
7,4-back,F4,4,1.5453152119593285e-08
7,4-back,F4,5,1.3631990556460836e-07
7,4-back,F4,6,3.831939464077328e-08
7,4-back,F4,7,2.6135373147609863e-08
7,4-back,F4,8,1.2948483105048697e-07
7,4-back,F4,9,1.962868070652875e-08
7,4-back,F4,10,3.070229891186525e-08
7,4-back,F4,11,1.127391163128327e-07
7,4-back,F4,12,7.34482880265943e-08
7,4-back,F4,13,1.1062290513300107e-07
7,4-back,F4,14,1.1482972107929525e-07
7,4-back,F4,15,1.347228460250405e-07
7,4-back,F4,16,1.1714770215836737e-07
7,4-back,F4,17,2.2360042998711084e-08
7,4-back,F4,18,1.3548474634301653e-07
7,4-back,F4,19,7.922091430336514e-08
7,4-back,F4,20,2.8687860370910787e-07
7,4-back,F4,21,3.346800552739733e-08
7,4-back,F4,22,2.1470732314747254e-08
7,4-back,F4,23,9.349717811439485e-08
7,4-back,F4,24,3.83622057663917e-07
7,4-back,F4,25,1.0195832567119139e-07
7,4-back,F4,26,5.0881841841773175e-08
7,4-back,F4,27,2.3982442974835013e-08
7,4-back,F4,28,2.3117759995373627e-08
7,4-back,F4,29,3.342146601269292e-08
7,4-back,F7,1,7.465894046659852e-07
7,4-back,F7,2,4.172753766630797e-07
7,4-back,F7,3,2.621613443861864e-08
7,4-back,F7,4,1.6168408247862868e-08
7,4-back,F7,5,3.196923797581166e-07
7,4-back,F7,6,4.417844847751614e-08
7,4-back,F7,7,7.351659262990461e-08
7,4-back,F7,8,3.954829366518677e-07
7,4-back,F7,9,1.3145248832533307e-08
7,4-back,F7,10,1.5880896366469987e-08
7,4-back,F7,11,3.486888366220377e-07
7,4-back,F7,12,6.710982229616778e-08
7,4-back,F7,13,2.830701680100005e-07
7,4-back,F7,14,2.771815733490929e-07
7,4-back,F7,15,3.468579182679161e-07
7,4-back,F7,16,2.910811312184583e-07
7,4-back,F7,17,3.1579417804684893e-07
7,4-back,F7,18,3.4443019452675347e-07
7,4-back,F7,19,2.0398311225440618e-07
7,4-back,F7,20,8.084968560735568e-07
7,4-back,F7,21,1.6910828677181662e-08
7,4-back,F7,22,1.5928364863147695e-08
7,4-back,F7,23,3.0369586069619884e-07
7,4-back,F7,24,5.328066831649241e-07
7,4-back,F7,25,3.44041218991608e-07
7,4-back,F7,26,3.4242931014327746e-08
7,4-back,F7,27,2.024788289235897e-08
7,4-back,F7,28,2.6326346060919263e-08
7,4-back,F7,29,1.651385225071334e-08
7,4-back,F8,1,4.713239427697164e-07
7,4-back,F8,2,2.825594190064505e-07
7,4-back,F8,3,1.5347395542759276e-08
7,4-back,F8,4,1.2975335192913292e-08
7,4-back,F8,5,2.638960085153037e-07
7,4-back,F8,6,4.1037283183724364e-08
7,4-back,F8,7,5.780777959877305e-08
7,4-back,F8,8,2.603403134579739e-07
7,4-back,F8,9,1.4759977873939725e-08
7,4-back,F8,10,2.0506315737024037e-08
7,4-back,F8,11,2.2959774251208217e-07
7,4-back,F8,12,6.903834722631516e-08
7,4-back,F8,13,1.9352500088805e-07
7,4-back,F8,14,1.991805946000417e-07
7,4-back,F8,15,2.532032511865548e-07
7,4-back,F8,16,2.3221387633999682e-07
7,4-back,F8,17,1.7336186631786785e-08
7,4-back,F8,18,2.2261500509415105e-07
7,4-back,F8,19,1.5588643141495837e-07
7,4-back,F8,20,5.221426285021104e-07
7,4-back,F8,21,1.9756230616501567e-08
7,4-back,F8,22,2.321504746296429e-08
7,4-back,F8,23,1.5914230596986385e-07
7,4-back,F8,24,4.804399142998295e-07
7,4-back,F8,25,1.9163815914915745e-07
7,4-back,F8,26,3.8759657802203415e-08
7,4-back,F8,27,1.8229253130242117e-08
7,4-back,F8,28,2.8599424710410503e-08
7,4-back,F8,29,2.786105295301352e-08
7,4-back,Fz,1,3.3715254382401465e-07
7,4-back,Fz,2,1.9699112518459063e-07
7,4-back,Fz,3,2.5501827884976642e-08
7,4-back,Fz,4,3.0981143014894016e-08
7,4-back,Fz,5,1.8243025761532423e-07
7,4-back,Fz,6,4.691420547669608e-08
7,4-back,Fz,7,5.771142219335307e-08
7,4-back,Fz,8,1.6702700285523414e-07
7,4-back,Fz,9,3.574559490210269e-08
7,4-back,Fz,10,3.1282998619190245e-08
7,4-back,Fz,11,1.2994967380201976e-07
7,4-back,Fz,12,9.589679369965429e-08
7,4-back,Fz,13,1.3691148900678005e-07
7,4-back,Fz,14,1.387754240152791e-07
7,4-back,Fz,15,1.4437922937929178e-07
7,4-back,Fz,16,1.4486174306322544e-07
7,4-back,Fz,17,2.9669050893480408e-08
7,4-back,Fz,18,1.6234864233205763e-07
7,4-back,Fz,19,9.166235223761443e-08
7,4-back,Fz,20,3.6472366826763797e-07
7,4-back,Fz,21,3.3072302461885296e-08
7,4-back,Fz,22,2.1900922024983085e-08
7,4-back,Fz,23,1.2194208932613572e-07
7,4-back,Fz,24,4.1429933503349154e-07
7,4-back,Fz,25,1.241544026017874e-07
7,4-back,Fz,26,6.280235881222999e-08
7,4-back,Fz,27,1.9138041336053905e-08
7,4-back,Fz,28,2.5661143759079716e-08
7,4-back,Fz,29,3.627459748729226e-08
8,1-back,F3,1,1.0997340378427945e-07
8,1-back,F3,2,9.28087234643191e-08
8,1-back,F3,3,1.0614351820459578e-07
8,1-back,F3,4,9.388927890586369e-08
8,1-back,F3,5,4.5090042269025654e-08
8,1-back,F3,6,3.877239540591694e-08
8,1-back,F3,7,4.8924901566299376e-08
8,1-back,F3,8,4.873844791411301e-08
8,1-back,F3,9,4.1091287220277664e-08
8,1-back,F3,10,6.285031385697176e-08
8,1-back,F3,11,7.15651199054216e-08
8,1-back,F3,12,8.525604538528578e-08
8,1-back,F3,13,3.5216974822283685e-08
8,1-back,F3,14,4.66535428022333e-08
8,1-back,F3,15,1.1814808701355073e-07
8,1-back,F3,16,2.9613194847616286e-08
8,1-back,F3,17,5.656870458968234e-08
8,1-back,F3,18,5.913456894222181e-08
8,1-back,F3,19,4.456478332878932e-08
8,1-back,F3,20,1.4099996727070329e-08
8,1-back,F3,21,1.8636008966524024e-07
8,1-back,F4,1,1.1656359892579588e-07
8,1-back,F4,2,9.298493355757679e-08
8,1-back,F4,3,9.01255999422085e-08
8,1-back,F4,4,7.727385828393644e-08
8,1-back,F4,5,2.0400771385770947e-08
8,1-back,F4,6,3.1076750823110435e-08
8,1-back,F4,7,4.142509476865633e-08
8,1-back,F4,8,3.198125682257113e-08
8,1-back,F4,9,5.387534855651151e-08
8,1-back,F4,10,4.564029521612163e-08
8,1-back,F4,11,6.250827307134674e-08
8,1-back,F4,12,7.927480095714378e-08
8,1-back,F4,13,4.318119812826251e-08
8,1-back,F4,14,3.482957251227864e-08
8,1-back,F4,15,1.2772557101766672e-07
8,1-back,F4,16,3.9363244892635763e-08
8,1-back,F4,17,4.1941585124121584e-08
8,1-back,F4,18,4.453020149829847e-08
8,1-back,F4,19,4.2858121820085535e-08
8,1-back,F4,20,3.005398166467799e-08
8,1-back,F4,21,2.2099783789954586e-07
8,1-back,F7,1,1.405726160468841e-07
8,1-back,F7,2,1.1411480608237403e-07
8,1-back,F7,3,1.396881001765345e-07
8,1-back,F7,4,1.4708062802165153e-07
8,1-back,F7,5,4.94223677879672e-08
8,1-back,F7,6,2.7166348700098134e-08
8,1-back,F7,7,2.6044772993647216e-08
8,1-back,F7,8,3.539462369629342e-08
8,1-back,F7,9,1.9508478703270692e-08
8,1-back,F7,10,9.770694174252008e-08
8,1-back,F7,11,9.647871941300064e-08
8,1-back,F7,12,1.1052572819493112e-07
8,1-back,F7,13,2.1962962975077595e-08
8,1-back,F7,14,3.0878743273994786e-08
8,1-back,F7,15,9.87668713282996e-08
8,1-back,F7,16,1.2942701754085093e-08
8,1-back,F7,17,3.1746869552800854e-08
8,1-back,F7,18,7.25351390567706e-08
8,1-back,F7,19,4.831986118533738e-08
8,1-back,F7,20,1.2783981933378288e-08
8,1-back,F7,21,1.6271567030018475e-07
8,1-back,F8,1,1.1656249272337103e-07
8,1-back,F8,2,1.0552421716896765e-07
8,1-back,F8,3,7.793795914235186e-08
8,1-back,F8,4,1.0207849249681911e-07
8,1-back,F8,5,2.8315208528772575e-08
8,1-back,F8,6,2.3090570089493637e-08
8,1-back,F8,7,1.672269702069279e-08
8,1-back,F8,8,1.717766164451736e-08
8,1-back,F8,9,2.4352620586781066e-08
8,1-back,F8,10,7.7658458612961e-08
8,1-back,F8,11,8.316706862450726e-08
8,1-back,F8,12,7.723188146022355e-08
8,1-back,F8,13,2.2360347052496433e-08
8,1-back,F8,14,1.9050630997776533e-08
8,1-back,F8,15,1.2025966059951372e-07
8,1-back,F8,16,2.1601596116290782e-08
8,1-back,F8,17,2.3254782849754526e-08
8,1-back,F8,18,2.313549857696838e-08
8,1-back,F8,19,4.28036001075407e-08
8,1-back,F8,20,2.447668740098075e-08
8,1-back,F8,21,2.3467023992871127e-07
8,1-back,Fz,1,1.2294475380478665e-07
8,1-back,Fz,2,8.583696963551283e-08
8,1-back,Fz,3,1.1509703013556743e-07
8,1-back,Fz,4,8.771220978732715e-08
8,1-back,Fz,5,2.522523070718529e-08
8,1-back,Fz,6,5.017404729995198e-08
8,1-back,Fz,7,5.914570962591642e-08
8,1-back,Fz,8,7.09342931811048e-08
8,1-back,Fz,9,5.808440030932784e-08
8,1-back,Fz,10,5.743830571114985e-08
8,1-back,Fz,11,5.17724210721947e-08
8,1-back,Fz,12,8.51431847786355e-08
8,1-back,Fz,13,4.83404589276364e-08
8,1-back,Fz,14,5.725829145240413e-08
8,1-back,Fz,15,1.430557552583375e-07
8,1-back,Fz,16,5.277933607205024e-08
8,1-back,Fz,17,7.169148328463341e-08
8,1-back,Fz,18,5.76795787464537e-08
8,1-back,Fz,19,6.117278396845056e-08
8,1-back,Fz,20,2.7678917791351376e-08
8,1-back,Fz,21,2.1561312910298124e-07
8,2-back,F3,1,6.301144883654564e-08
8,2-back,F3,2,3.907458645235264e-08
8,2-back,F3,3,6.99899745380385e-08
8,2-back,F3,4,3.6777181321486955e-08
8,2-back,F3,5,8.421118397717984e-08
8,2-back,F3,6,1.0570015126442523e-07
8,2-back,F3,7,7.577514898587607e-08
8,2-back,F3,8,7.167645522456145e-08
8,2-back,F3,9,4.3086679135892825e-08
8,2-back,F3,10,4.6092561471747784e-08
8,2-back,F3,11,7.989218727255693e-08
8,2-back,F3,12,4.711904995469437e-08
8,2-back,F3,13,1.2168368243276489e-07
8,2-back,F3,14,1.2211506338588303e-07
8,2-back,F3,15,3.289684732773682e-08
8,2-back,F3,16,6.236913460854897e-08
8,2-back,F3,17,5.919787183245854e-08
8,2-back,F3,18,2.8746811680482015e-08
8,2-back,F3,19,9.050955172559802e-08
8,2-back,F3,20,3.1665018383531594e-08
8,2-back,F3,21,1.3521845569424072e-07
8,2-back,F3,22,9.717804800425715e-08
8,2-back,F3,23,2.381246278640828e-08
8,2-back,F3,24,4.148340950667183e-08
8,2-back,F3,25,6.275188811883156e-08
8,2-back,F4,1,7.476048736355822e-08
8,2-back,F4,2,4.0197824330388553e-08
8,2-back,F4,3,5.5741047872548115e-08
8,2-back,F4,4,5.306131377440204e-08
8,2-back,F4,5,9.494209591963436e-08
8,2-back,F4,6,1.5393254168967435e-07
8,2-back,F4,7,7.617285757779339e-08
8,2-back,F4,8,5.0744669424478874e-08
8,2-back,F4,9,4.084075040102273e-08
8,2-back,F4,10,5.997768435567967e-08
8,2-back,F4,11,8.121599853736377e-08
8,2-back,F4,12,3.124269148677366e-08
8,2-back,F4,13,1.1658431084958248e-07
8,2-back,F4,14,8.340013616451615e-08
8,2-back,F4,15,3.653661311779849e-08
8,2-back,F4,16,4.468083156545504e-08
8,2-back,F4,17,5.3217911053519593e-08
8,2-back,F4,18,2.6502952308591752e-08
8,2-back,F4,19,9.729054578961353e-08
8,2-back,F4,20,3.272888562978055e-08
8,2-back,F4,21,1.7393780074323424e-07
8,2-back,F4,22,8.613062354295586e-08
8,2-back,F4,23,1.635011032123746e-08
8,2-back,F4,24,3.801644961548387e-08
8,2-back,F4,25,4.762875281495754e-08
8,2-back,F7,1,2.7513133428487735e-08
8,2-back,F7,2,5.5610432864370545e-08
8,2-back,F7,3,9.043675529343e-08
8,2-back,F7,4,1.7341311704285237e-08
8,2-back,F7,5,1.0426185389401258e-07
8,2-back,F7,6,6.003562942486318e-08
8,2-back,F7,7,8.14531108139842e-08
8,2-back,F7,8,6.313548765643274e-08
8,2-back,F7,9,8.964472321606437e-08
8,2-back,F7,10,4.5254707223937856e-08
8,2-back,F7,11,1.0876592535043196e-07
8,2-back,F7,12,2.5783886444059237e-08
8,2-back,F7,13,1.198606051452239e-07
8,2-back,F7,14,9.970760377443773e-08
8,2-back,F7,15,2.114524600357293e-08
8,2-back,F7,16,3.1584546621728194e-08
8,2-back,F7,17,6.412388759492647e-08
8,2-back,F7,18,3.017770092233041e-08
8,2-back,F7,19,1.0481464348118003e-07
8,2-back,F7,20,4.545790936363496e-08
8,2-back,F7,21,5.843726650872663e-08
8,2-back,F7,22,4.4565864996241394e-08
8,2-back,F7,23,1.3187982812274917e-08
8,2-back,F7,24,2.248981105769096e-08
8,2-back,F7,25,4.928846567043427e-08
8,2-back,F8,1,3.1026032516685214e-08
8,2-back,F8,2,3.943211853332275e-08
8,2-back,F8,3,6.996727894301034e-08
8,2-back,F8,4,2.7434290379015837e-08
8,2-back,F8,5,7.057262185420195e-08
8,2-back,F8,6,6.685634505932199e-08
8,2-back,F8,7,6.361905408383434e-08
8,2-back,F8,8,5.216590905881147e-08
8,2-back,F8,9,5.1001564106734703e-08
8,2-back,F8,10,3.189385955724155e-08
8,2-back,F8,11,8.219616619845939e-08
8,2-back,F8,12,1.4284838826273797e-08
8,2-back,F8,13,9.901650458637187e-08
8,2-back,F8,14,7.055550382264096e-08
8,2-back,F8,15,1.883230034603538e-08
8,2-back,F8,16,2.4470114970725546e-08
8,2-back,F8,17,6.498907883066632e-08
8,2-back,F8,18,1.527763279280883e-08
8,2-back,F8,19,9.310951243849198e-08
8,2-back,F8,20,3.3699842635927495e-08
8,2-back,F8,21,8.601515046650777e-08
8,2-back,F8,22,4.8082822774636906e-08
8,2-back,F8,23,1.1117171673356004e-08
8,2-back,F8,24,2.475519433440297e-08
8,2-back,F8,25,3.7091855537278626e-08
8,2-back,Fz,1,1.0295395932764897e-07
8,2-back,Fz,2,3.755541486557869e-08
8,2-back,Fz,3,5.3563241727641683e-08
8,2-back,Fz,4,6.971151787225663e-08
8,2-back,Fz,5,1.130266326023459e-07
8,2-back,Fz,6,1.2501311864563515e-07
8,2-back,Fz,7,8.812289897386361e-08
8,2-back,Fz,8,6.01400111725854e-08
8,2-back,Fz,9,4.435566309404216e-08
8,2-back,Fz,10,6.887239945200137e-08
8,2-back,Fz,11,1.003913357548424e-07
8,2-back,Fz,12,5.6306578967899474e-08
8,2-back,Fz,13,1.504218778662993e-07
8,2-back,Fz,14,1.2710992982562126e-07
8,2-back,Fz,15,5.4522443684018216e-08
8,2-back,Fz,16,9.550562093705882e-08
8,2-back,Fz,17,5.286605240472475e-08
8,2-back,Fz,18,5.587668520632407e-08
8,2-back,Fz,19,1.1007943892337342e-07
8,2-back,Fz,20,4.295850123889562e-08
8,2-back,Fz,21,3.030779322119585e-07
8,2-back,Fz,22,1.6533671961635137e-07
8,2-back,Fz,23,2.3687130023825757e-08
8,2-back,Fz,24,4.643995559331088e-08
8,2-back,Fz,25,6.558288034801985e-08
8,3-back,F3,1,5.209950728508257e-08
8,3-back,F3,2,5.653072382937048e-08
8,3-back,F3,3,3.799682495023976e-08
8,3-back,F3,4,7.958829519658668e-08
8,3-back,F3,5,3.961363224580107e-08
8,3-back,F3,6,1.2501597204985069e-07
8,3-back,F3,7,5.0372119362679666e-08
8,3-back,F3,8,1.719287780658812e-08
8,3-back,F3,9,6.65080897731265e-08
8,3-back,F3,10,5.296548201785045e-08
8,3-back,F3,11,2.56015798299784e-08
8,3-back,F3,12,6.068284534929784e-08
8,3-back,F3,13,7.211245951892341e-08
8,3-back,F3,14,3.930597553213361e-08
8,3-back,F3,15,3.8559194045367757e-08
8,3-back,F3,16,5.4204759794076064e-08
8,3-back,F3,17,6.761858054947565e-08
8,3-back,F3,18,4.776891977548805e-08
8,3-back,F3,19,1.3659825401477882e-08
8,3-back,F3,20,3.100964302005041e-08
8,3-back,F3,21,3.341798562813487e-08
8,3-back,F3,22,5.172442634185635e-08
8,3-back,F3,23,5.5492820456921496e-08
8,3-back,F3,24,5.6388815808447546e-08
8,3-back,F3,25,3.661006969192761e-08
8,3-back,F3,26,1.5597006923408008e-08
8,3-back,F3,27,3.6305346622305145e-08
8,3-back,F3,28,5.335928217325551e-08
8,3-back,F3,29,5.1313803307077666e-08
8,3-back,F3,30,5.5174019710396194e-08
8,3-back,F3,31,4.984308118403927e-08
8,3-back,F4,1,4.077354936529514e-08
8,3-back,F4,2,3.56011717111493e-08
8,3-back,F4,3,3.9169288501191966e-08
8,3-back,F4,4,5.911591572249811e-08
8,3-back,F4,5,3.6326298643856795e-08
8,3-back,F4,6,1.031199663810506e-07
8,3-back,F4,7,4.0695521518291915e-08
8,3-back,F4,8,3.098683307972108e-08
8,3-back,F4,9,5.7259126408018216e-08
8,3-back,F4,10,4.2744056532851116e-08
8,3-back,F4,11,3.430666962227697e-08
8,3-back,F4,12,5.77483078852832e-08
8,3-back,F4,13,4.46932199909599e-08
8,3-back,F4,14,3.989107497978939e-08
8,3-back,F4,15,4.53189368644224e-08
8,3-back,F4,16,3.606091251597131e-08
8,3-back,F4,17,7.920131003782493e-08
8,3-back,F4,18,3.857273794601551e-08
8,3-back,F4,19,1.8661534632393027e-08
8,3-back,F4,20,3.329891464449662e-08
8,3-back,F4,21,3.119852876229717e-08
8,3-back,F4,22,5.715096702765821e-08
8,3-back,F4,23,6.313100964924512e-08
8,3-back,F4,24,6.556560731581729e-08
8,3-back,F4,25,4.566180279181123e-08
8,3-back,F4,26,1.3693293346566736e-08
8,3-back,F4,27,4.438726957530518e-08
8,3-back,F4,28,3.926373314837828e-08
8,3-back,F4,29,4.2661713613687606e-08
8,3-back,F4,30,7.545036905754859e-08
8,3-back,F4,31,4.457221552447736e-08
8,3-back,F7,1,6.171258850776938e-08
8,3-back,F7,2,3.680122248024472e-08
8,3-back,F7,3,4.827110898907602e-08
8,3-back,F7,4,8.011993927639395e-08
8,3-back,F7,5,2.953833145025299e-08
8,3-back,F7,6,1.0116179838614098e-07
8,3-back,F7,7,7.537782782105377e-08
8,3-back,F7,8,1.0042767795952236e-08
8,3-back,F7,9,4.557304666866852e-08
8,3-back,F7,10,4.6007983510566515e-08
8,3-back,F7,11,1.798870428586542e-08
8,3-back,F7,12,4.31255386605443e-08
8,3-back,F7,13,4.372456081720445e-08
8,3-back,F7,14,2.8517397208706894e-08
8,3-back,F7,15,2.377692223002672e-08
8,3-back,F7,16,4.109923120201725e-08
8,3-back,F7,17,9.039506939151646e-08
8,3-back,F7,18,3.5324939776072786e-08
8,3-back,F7,19,7.288951283119086e-09
8,3-back,F7,20,2.8813277500784705e-08
8,3-back,F7,21,2.173764114289137e-08
8,3-back,F7,22,3.3020669630474726e-08
8,3-back,F7,23,4.12608939413292e-08
8,3-back,F7,24,7.068755334355278e-08
8,3-back,F7,25,2.5206183836643883e-08
8,3-back,F7,26,1.5569709959138423e-08
8,3-back,F7,27,2.770932610351258e-08
8,3-back,F7,28,3.9561656082551054e-08
8,3-back,F7,29,4.3717030605357146e-08
8,3-back,F7,30,3.8555711800181e-08
8,3-back,F7,31,3.277182784022204e-08
8,3-back,F8,1,3.317591635030092e-08
8,3-back,F8,2,2.025423014372875e-08
8,3-back,F8,3,4.043453810533047e-08
8,3-back,F8,4,4.8406414029430514e-08
8,3-back,F8,5,2.4103981508236437e-08
8,3-back,F8,6,1.0098070506554517e-07
8,3-back,F8,7,2.7792955252752492e-08
8,3-back,F8,8,1.6881717238101323e-08
8,3-back,F8,9,5.2784243856542526e-08
8,3-back,F8,10,3.5327496965359316e-08
8,3-back,F8,11,2.0627148966012043e-08
8,3-back,F8,12,2.994512501397177e-08
8,3-back,F8,13,2.0733011329106795e-08
8,3-back,F8,14,1.4883136402232554e-08
8,3-back,F8,15,1.782481574625381e-08
8,3-back,F8,16,2.3108354975540833e-08
8,3-back,F8,17,7.122275083400303e-08
8,3-back,F8,18,3.1499272752369654e-08
8,3-back,F8,19,1.5491031733405962e-08
8,3-back,F8,20,2.393046808057909e-08
8,3-back,F8,21,1.4825987398064405e-08
8,3-back,F8,22,3.742182545430043e-08
8,3-back,F8,23,3.6319025677325066e-08
8,3-back,F8,24,7.246404876743927e-08
8,3-back,F8,25,2.3438304652724567e-08
8,3-back,F8,26,1.009102899770881e-08
8,3-back,F8,27,2.2185692002276056e-08
8,3-back,F8,28,2.3717723296559856e-08
8,3-back,F8,29,3.736504643281959e-08
8,3-back,F8,30,5.3832890788721334e-08
8,3-back,F8,31,2.0509017806917074e-08
8,3-back,Fz,1,4.847724763967928e-08
8,3-back,Fz,2,5.697720837775563e-08
8,3-back,Fz,3,4.0488398030880875e-08
8,3-back,Fz,4,7.340095267110092e-08
8,3-back,Fz,5,5.5533986576786425e-08
8,3-back,Fz,6,1.6628828619627171e-07
8,3-back,Fz,7,6.308436656078528e-08
8,3-back,Fz,8,3.4985735108083414e-08
8,3-back,Fz,9,9.24232642103554e-08
8,3-back,Fz,10,6.044504692481838e-08
8,3-back,Fz,11,4.170369377728727e-08
8,3-back,Fz,12,7.260679845052902e-08
8,3-back,Fz,13,8.243557743887548e-08
8,3-back,Fz,14,5.0234914243926826e-08
8,3-back,Fz,15,6.293226456228256e-08
8,3-back,Fz,16,6.977834810158867e-08
8,3-back,Fz,17,7.870911254426834e-08
8,3-back,Fz,18,6.478662022873662e-08
8,3-back,Fz,19,2.7516959606126677e-08
8,3-back,Fz,20,3.848005983985421e-08
8,3-back,Fz,21,5.975255874714724e-08
8,3-back,Fz,22,9.864027388264813e-08
8,3-back,Fz,23,9.163127221082276e-08
8,3-back,Fz,24,6.229888368379497e-08
8,3-back,Fz,25,7.361368810975402e-08
8,3-back,Fz,26,2.0574442887706127e-08
8,3-back,Fz,27,6.874640582902393e-08
8,3-back,Fz,28,5.1017594550192657e-08
8,3-back,Fz,29,4.676906221329491e-08
8,3-back,Fz,30,1.09200575684863e-07
8,3-back,Fz,31,6.413441200594009e-08
8,4-back,F3,1,4.214539982359168e-08
8,4-back,F3,2,1.3285872811873616e-07
8,4-back,F3,3,8.466019017511022e-08
8,4-back,F3,4,4.4643000545622094e-08
8,4-back,F3,5,1.543117448542266e-07
8,4-back,F3,6,2.9535433883612302e-08
8,4-back,F3,7,9.59559159947983e-08
8,4-back,F3,8,2.359329155337655e-08
8,4-back,F3,9,3.1789501475029555e-08
8,4-back,F3,10,2.5041287704649218e-08
8,4-back,F3,11,9.542230823472676e-08
8,4-back,F3,12,1.2437916114491654e-07
8,4-back,F3,13,4.893254751925599e-08
8,4-back,F3,14,4.0417933941119984e-08
8,4-back,F3,15,3.768816059649329e-08
8,4-back,F3,16,2.617835209114139e-08
8,4-back,F3,17,5.8110849446555517e-08
8,4-back,F3,18,8.416059038632994e-08
8,4-back,F3,19,9.900312326373128e-08
8,4-back,F3,20,1.7894925578878815e-07
8,4-back,F4,1,2.6463057460001933e-08
8,4-back,F4,2,1.1657281691725105e-07
8,4-back,F4,3,6.782941660168157e-08
8,4-back,F4,4,3.754365423407812e-08
8,4-back,F4,5,1.0692785226676425e-07
8,4-back,F4,6,2.5382562922787785e-08
8,4-back,F4,7,1.540042507422523e-07
8,4-back,F4,8,3.6667040938477936e-08
8,4-back,F4,9,4.37940911672386e-08
8,4-back,F4,10,2.3418156320940034e-08
8,4-back,F4,11,1.2726130385210686e-07
8,4-back,F4,12,1.0027985096841841e-07
8,4-back,F4,13,3.431538875914511e-08
8,4-back,F4,14,3.414126356868915e-08
8,4-back,F4,15,4.5544925698783124e-08
8,4-back,F4,16,3.198270219969592e-08
8,4-back,F4,17,6.969183985599316e-08
8,4-back,F4,18,1.0330855054064964e-07
8,4-back,F4,19,1.0539082048680209e-07
8,4-back,F4,20,2.3483935913556533e-07
8,4-back,F7,1,2.5517512813407798e-08
8,4-back,F7,2,7.531520248548826e-08
8,4-back,F7,3,8.139627150414394e-08
8,4-back,F7,4,3.6943852927753753e-08
8,4-back,F7,5,2.675871049754806e-07
8,4-back,F7,6,5.373952067169465e-08
8,4-back,F7,7,1.5903733208441402e-07
8,4-back,F7,8,1.5802220550182127e-08
8,4-back,F7,9,1.5923047255980353e-08
8,4-back,F7,10,1.608290042228324e-08
8,4-back,F7,11,1.25625553412192e-07
8,4-back,F7,12,1.550964105414086e-07
8,4-back,F7,13,7.381118145620335e-08
8,4-back,F7,14,2.7696168312383583e-08
8,4-back,F7,15,2.6133861701753227e-08
8,4-back,F7,16,2.114992258126899e-08
8,4-back,F7,17,5.3992448715194726e-08
8,4-back,F7,18,6.900525534464626e-08
8,4-back,F7,19,6.440187944836642e-08
8,4-back,F7,20,1.1034321217856143e-07
8,4-back,F8,1,1.6288850017900767e-08
8,4-back,F8,2,6.675087087816586e-08
8,4-back,F8,3,5.583994984979852e-08
8,4-back,F8,4,2.2658724814910023e-08
8,4-back,F8,5,1.112249601446216e-07
8,4-back,F8,6,4.262223883223467e-08
8,4-back,F8,7,2.286809877505496e-07
8,4-back,F8,8,2.9144519516152658e-08
8,4-back,F8,9,2.021072529816015e-08
8,4-back,F8,10,1.2402015762491911e-08
8,4-back,F8,11,1.1731198994769114e-07
8,4-back,F8,12,7.588306258208408e-08
8,4-back,F8,13,3.221034474619367e-08
8,4-back,F8,14,2.2344791517791908e-08
8,4-back,F8,15,4.746803594327391e-08
8,4-back,F8,16,2.2670398641983517e-08
8,4-back,F8,17,6.471820016825631e-08
8,4-back,F8,18,9.437028683920717e-08
8,4-back,F8,19,1.0424898558925943e-07
8,4-back,F8,20,2.388270265579156e-07
8,4-back,Fz,1,4.43493846252777e-08
8,4-back,Fz,2,2.1112077243156026e-07
8,4-back,Fz,3,1.015443949915614e-07
8,4-back,Fz,4,4.817350210874848e-08
8,4-back,Fz,5,1.1759372602961934e-07
8,4-back,Fz,6,2.5280777168035566e-08
8,4-back,Fz,7,1.384572332705022e-07
8,4-back,Fz,8,3.37083952664666e-08
8,4-back,Fz,9,5.8048319930124124e-08
8,4-back,Fz,10,3.8210355141515654e-08
8,4-back,Fz,11,1.3440607141324155e-07
8,4-back,Fz,12,1.5242471704731237e-07
8,4-back,Fz,13,3.269265119305206e-08
8,4-back,Fz,14,6.853685754987012e-08
8,4-back,Fz,15,7.511754017035979e-08
8,4-back,Fz,16,3.760759501460436e-08
8,4-back,Fz,17,7.850340525992116e-08
8,4-back,Fz,18,9.718849874518927e-08
8,4-back,Fz,19,1.0840795300896866e-07
8,4-back,Fz,20,2.3177656164724206e-07
9,1-back,F3,1,1.8173413771876918e-07
9,1-back,F3,2,6.22614420485279e-08
9,1-back,F3,3,1.2806618542028212e-07
9,1-back,F3,4,1.8441643512238537e-07
9,1-back,F3,5,4.005942539036394e-08
9,1-back,F3,6,5.91417880512398e-08
9,1-back,F3,7,1.8156013509453182e-07
9,1-back,F3,8,9.537097998667618e-08
9,1-back,F3,9,5.365170341554749e-08
9,1-back,F3,10,5.9604048309991306e-08
9,1-back,F3,11,9.33948005428945e-08
9,1-back,F3,12,7.867332992667237e-08
9,1-back,F3,13,5.4246560643629474e-08
9,1-back,F3,14,7.97917341656489e-08
9,1-back,F3,15,6.857072691437389e-08
9,1-back,F3,16,1.1761938728717915e-07
9,1-back,F3,17,1.7084165310475172e-07
9,1-back,F3,18,1.0092523904447434e-07
9,1-back,F3,19,2.779932850038139e-07
9,1-back,F3,20,1.427990446180453e-07
9,1-back,F3,21,1.18372121926988e-07
9,1-back,F3,22,3.664221317069058e-08
9,1-back,F3,23,9.914335650941861e-08
9,1-back,F3,24,9.018855002879345e-08
9,1-back,F3,25,1.2323229468058127e-07
9,1-back,F3,26,5.700186799354867e-08
9,1-back,F3,27,1.0464731688624313e-07
9,1-back,F3,28,9.931221133769923e-08
9,1-back,F3,29,7.802325152562094e-08
9,1-back,F3,30,1.3535942001909972e-07
9,1-back,F3,31,9.379194058570072e-08
9,1-back,F3,32,8.64278448734154e-08
9,1-back,F3,33,1.2698821756862128e-07
9,1-back,F3,34,4.000742117331e-08
9,1-back,F3,35,1.2716514491301304e-07
9,1-back,F3,36,6.951498538127078e-08
9,1-back,F3,37,1.4359368635539237e-07
9,1-back,F3,38,6.475317996083448e-08
9,1-back,F3,39,4.0718074234783946e-08
9,1-back,F3,40,8.559902929220016e-08
9,1-back,F3,41,1.0129103421577616e-07
9,1-back,F3,42,6.564324094542307e-08
9,1-back,F3,43,4.453918997286281e-08
9,1-back,F3,44,1.623297790111672e-07
9,1-back,F3,45,6.46435830590299e-08
9,1-back,F3,46,2.9855719285309757e-07
9,1-back,F3,47,8.495913966938548e-08
9,1-back,F3,48,9.782920535847376e-08
9,1-back,F3,49,8.904574673068874e-08
9,1-back,F3,50,7.292251414822639e-08
9,1-back,F3,51,4.3031045093685544e-08
9,1-back,F3,52,7.363713748536818e-08
9,1-back,F3,53,6.647328260122299e-08
9,1-back,F3,54,7.406512261081547e-08
9,1-back,F3,55,3.881105546146465e-08
9,1-back,F3,56,7.702575037004303e-08
9,1-back,F3,57,6.836895673688197e-08
9,1-back,F3,58,2.273603612094343e-08
9,1-back,F3,59,5.593111015394572e-08
9,1-back,F3,60,5.115136689529487e-08
9,1-back,F3,61,4.241303247754257e-08
9,1-back,F3,62,1.0160201095535239e-07
9,1-back,F3,63,6.238225988925081e-08
9,1-back,F3,64,3.600229936986733e-08
9,1-back,F3,65,4.9509901838447126e-08
9,1-back,F3,66,1.563002793052197e-07
9,1-back,F4,1,1.8020497673676867e-07
9,1-back,F4,2,7.233983293332337e-08
9,1-back,F4,3,1.507578925017118e-07
9,1-back,F4,4,2.736537722551886e-07
9,1-back,F4,5,5.23167726423974e-08
9,1-back,F4,6,7.480014033781396e-08
9,1-back,F4,7,1.8457556101429338e-07
9,1-back,F4,8,5.953602073536699e-08
9,1-back,F4,9,7.382069007705416e-08
9,1-back,F4,10,4.9133664526935114e-08
9,1-back,F4,11,1.1521529735663054e-07
9,1-back,F4,12,9.571444901009373e-08
9,1-back,F4,13,7.900505265310927e-08
9,1-back,F4,14,8.024012888062832e-08
9,1-back,F4,15,5.2922500535979774e-08
9,1-back,F4,16,1.2938793529754907e-07
9,1-back,F4,17,1.1955892702179958e-07
9,1-back,F4,18,1.3556029432199104e-07
9,1-back,F4,19,3.1273792556059867e-07
9,1-back,F4,20,1.7584536719677042e-07
9,1-back,F4,21,1.424425350764506e-07
9,1-back,F4,22,5.755151895598395e-08
9,1-back,F4,23,1.1712060992808033e-07
9,1-back,F4,24,9.298549334431225e-08
9,1-back,F4,25,8.102103140767771e-08
9,1-back,F4,26,7.3000939617943e-08
9,1-back,F4,27,1.2049654026353553e-07
9,1-back,F4,28,1.3557007545338598e-07
9,1-back,F4,29,8.423408002888905e-08
9,1-back,F4,30,6.842116583456125e-08
9,1-back,F4,31,1.0697685234325339e-07
9,1-back,F4,32,8.970898314915688e-08
9,1-back,F4,33,1.4929264913004442e-07
9,1-back,F4,34,6.864763371125432e-08
9,1-back,F4,35,1.484607494981328e-07
9,1-back,F4,36,6.79450228881966e-08
9,1-back,F4,37,1.2276364175603667e-07
9,1-back,F4,38,1.1927366820049058e-07
9,1-back,F4,39,7.118612518840058e-08
9,1-back,F4,40,1.0257133577270335e-07
9,1-back,F4,41,8.600254860758974e-08
9,1-back,F4,42,7.234175323932813e-08
9,1-back,F4,43,6.343437126007761e-08
9,1-back,F4,44,1.5158223027948752e-07
9,1-back,F4,45,9.237524538333471e-08
9,1-back,F4,46,3.3314366119313195e-07
9,1-back,F4,47,9.881899714100662e-08
9,1-back,F4,48,7.465733191264302e-08
9,1-back,F4,49,1.010266267949495e-07
9,1-back,F4,50,8.999569135184578e-08
9,1-back,F4,51,3.744885707671831e-08
9,1-back,F4,52,8.569458428366713e-08
9,1-back,F4,53,9.773149457056648e-08
9,1-back,F4,54,1.0991865652562009e-07
9,1-back,F4,55,9.199428806474017e-08
9,1-back,F4,56,1.1408607449848306e-07
9,1-back,F4,57,7.224997011808002e-08
9,1-back,F4,58,4.3878609335858546e-08
9,1-back,F4,59,1.1107543163214808e-07
9,1-back,F4,60,5.2077521585708593e-08
9,1-back,F4,61,9.239791199774322e-08
9,1-back,F4,62,1.1844768649253873e-07
9,1-back,F4,63,6.045117923352862e-08
9,1-back,F4,64,4.042240699763339e-08
9,1-back,F4,65,6.15689706718969e-08
9,1-back,F4,66,1.0840318067227507e-07
9,1-back,F7,1,3.4310248859432577e-07
9,1-back,F7,2,3.284541461323734e-08
9,1-back,F7,3,3.075072171261196e-07
9,1-back,F7,4,3.2428762754811446e-07
9,1-back,F7,5,2.6270922818686307e-08
9,1-back,F7,6,4.5602772979757393e-08
9,1-back,F7,7,3.2991557845517087e-07
9,1-back,F7,8,2.767536989796788e-08
9,1-back,F7,9,6.827229463329171e-08
9,1-back,F7,10,5.200532746953147e-08
9,1-back,F7,11,3.000375530785546e-08
9,1-back,F7,12,2.618650211565071e-08
9,1-back,F7,13,3.2896706089264646e-08
9,1-back,F7,14,4.272662195026797e-08
9,1-back,F7,15,2.5617773033951928e-08
9,1-back,F7,16,3.868338270271136e-08
9,1-back,F7,17,2.4303782252894695e-07
9,1-back,F7,18,7.314833210919253e-08
9,1-back,F7,19,2.4646728792422805e-07
9,1-back,F7,20,1.1894156216075569e-07
9,1-back,F7,21,1.4243816592591137e-07
9,1-back,F7,22,2.230958374610562e-08
9,1-back,F7,23,6.703130444049565e-08
9,1-back,F7,24,2.595523451215522e-08
9,1-back,F7,25,1.1361305604905725e-07
9,1-back,F7,26,3.430288253667214e-08
9,1-back,F7,27,1.562166658912384e-07
9,1-back,F7,28,5.088828446296884e-08
9,1-back,F7,29,3.3326721949694464e-08
9,1-back,F7,30,1.4182063716651563e-07
9,1-back,F7,31,7.084928666542491e-08
9,1-back,F7,32,4.360424188780987e-08
9,1-back,F7,33,6.533584896084093e-08
9,1-back,F7,34,2.8061364425499298e-08
9,1-back,F7,35,5.571825642733251e-08
9,1-back,F7,36,3.1263062598716127e-08
9,1-back,F7,37,7.323380926239354e-08
9,1-back,F7,38,2.7140157076744938e-08
9,1-back,F7,39,1.9794776776535597e-08
9,1-back,F7,40,3.26288458617217e-08
9,1-back,F7,41,1.3457665920274023e-07
9,1-back,F7,42,3.3617031524619335e-08
9,1-back,F7,43,4.0048790244794305e-08
9,1-back,F7,44,1.8635616517049118e-07
9,1-back,F7,45,3.9100517478680456e-08
9,1-back,F7,46,1.6971305430985436e-07
9,1-back,F7,47,1.1601154926687864e-07
9,1-back,F7,48,7.369136596797006e-08
9,1-back,F7,49,3.620879355256047e-08
9,1-back,F7,50,9.396097501848895e-08
9,1-back,F7,51,2.9994939247177127e-08
9,1-back,F7,52,5.6040891499843215e-08
9,1-back,F7,53,2.973005455364349e-08
9,1-back,F7,54,4.470014163603003e-08
9,1-back,F7,55,2.1181598376050397e-08
9,1-back,F7,56,4.9560589641159996e-08
9,1-back,F7,57,1.311454999830823e-07
9,1-back,F7,58,1.5890069188096515e-08
9,1-back,F7,59,4.021919677810273e-08
9,1-back,F7,60,2.05235443436052e-08
9,1-back,F7,61,2.0887721770897786e-08
9,1-back,F7,62,3.9093703860484665e-08
9,1-back,F7,63,2.4133035450338086e-08
9,1-back,F7,64,2.2344072941453577e-08
9,1-back,F7,65,1.4324998707046893e-08
9,1-back,F7,66,1.0632499040980748e-07
9,1-back,F8,1,3.2264583190781647e-07
9,1-back,F8,2,4.2965164596076276e-08
9,1-back,F8,3,3.3309430713823285e-07
9,1-back,F8,4,5.560736982200559e-07
9,1-back,F8,5,4.1257635435049605e-08
9,1-back,F8,6,3.121085880888659e-08
9,1-back,F8,7,2.733748638840177e-07
9,1-back,F8,8,4.239425149116109e-08
9,1-back,F8,9,6.282997103045414e-08
9,1-back,F8,10,3.116094485032073e-08
9,1-back,F8,11,5.588922793000795e-08
9,1-back,F8,12,6.162206462356778e-08
9,1-back,F8,13,4.57182768567102e-08
9,1-back,F8,14,3.6045155399713004e-08
9,1-back,F8,15,1.4958131622089365e-08
9,1-back,F8,16,5.3943622873386645e-08
9,1-back,F8,17,2.0612695260518425e-07
9,1-back,F8,18,1.0272274804034958e-07
9,1-back,F8,19,3.85959298622584e-07
9,1-back,F8,20,1.9026443264412588e-07
9,1-back,F8,21,1.904624408428966e-07
9,1-back,F8,22,2.4078963302553867e-08
9,1-back,F8,23,6.648739702384066e-08
9,1-back,F8,24,4.675730558771644e-08
9,1-back,F8,25,9.210815892940718e-08
9,1-back,F8,26,5.165141962821375e-08
9,1-back,F8,27,1.6132607023702471e-07
9,1-back,F8,28,7.300354249614136e-08
9,1-back,F8,29,3.634282427387616e-08
9,1-back,F8,30,4.2902514079607764e-08
9,1-back,F8,31,9.333099315705659e-08
9,1-back,F8,32,6.127739376150202e-08
9,1-back,F8,33,6.64884644641893e-08
9,1-back,F8,34,3.3965813592006876e-08
9,1-back,F8,35,6.007445498630008e-08
9,1-back,F8,36,3.432914332997851e-08
9,1-back,F8,37,6.197352240715468e-08
9,1-back,F8,38,9.769049109411538e-08
9,1-back,F8,39,3.254173159011694e-08
9,1-back,F8,40,5.202435731417512e-08
9,1-back,F8,41,1.3218281762874254e-07
9,1-back,F8,42,3.422173944783853e-08
9,1-back,F8,43,3.288916368222218e-08
9,1-back,F8,44,1.8955420802416658e-07
9,1-back,F8,45,7.23114481266199e-08
9,1-back,F8,46,1.93153565644242e-07
9,1-back,F8,47,1.821650198312087e-07
9,1-back,F8,48,5.725360818085939e-08
9,1-back,F8,49,6.260400026575191e-08
9,1-back,F8,50,9.855575179114146e-08
9,1-back,F8,51,2.9071042275509235e-08
9,1-back,F8,52,5.412161764910599e-08
9,1-back,F8,53,5.572056145749382e-08
9,1-back,F8,54,7.451837609472566e-08
9,1-back,F8,55,5.325499952569048e-08
9,1-back,F8,56,5.997663982443221e-08
9,1-back,F8,57,5.787470223390616e-08
9,1-back,F8,58,2.160218815740779e-08
9,1-back,F8,59,9.536150415695146e-08
9,1-back,F8,60,3.968216416958514e-08
9,1-back,F8,61,3.9676795472401514e-08
9,1-back,F8,62,6.212813573423354e-08
9,1-back,F8,63,2.7954288876153307e-08
9,1-back,F8,64,2.04329458473336e-08
9,1-back,F8,65,2.8036022200320236e-08
9,1-back,F8,66,7.70370286354286e-08
9,1-back,Fz,1,2.198442560652009e-07
9,1-back,Fz,2,8.069143136798749e-08
9,1-back,Fz,3,1.6782207155407924e-07
9,1-back,Fz,4,2.611191196672359e-07
9,1-back,Fz,5,4.4730972194954754e-08
9,1-back,Fz,6,6.312847646744453e-08
9,1-back,Fz,7,2.2430247060407386e-07
9,1-back,Fz,8,7.90079190163024e-08
9,1-back,Fz,9,6.387980207743969e-08
9,1-back,Fz,10,8.411178959298078e-08
9,1-back,Fz,11,1.2007757846120987e-07
9,1-back,Fz,12,6.913564298632884e-08
9,1-back,Fz,13,5.8147700913217874e-08
9,1-back,Fz,14,6.64153267393502e-08
9,1-back,Fz,15,6.883832231100087e-08
9,1-back,Fz,16,1.3055150065325783e-07
9,1-back,Fz,17,1.8507273509241365e-07
9,1-back,Fz,18,9.990225029596009e-08
9,1-back,Fz,19,2.9154036642382324e-07
9,1-back,Fz,20,1.6603493634447906e-07
9,1-back,Fz,21,1.7562559769115835e-07
9,1-back,Fz,22,4.4032515908452744e-08
9,1-back,Fz,23,1.523914125684069e-07
9,1-back,Fz,24,1.0223290040172702e-07
9,1-back,Fz,25,7.059722674906061e-08
9,1-back,Fz,26,5.966801075538022e-08
9,1-back,Fz,27,1.8447633099445837e-07
9,1-back,Fz,28,1.3026807739798918e-07
9,1-back,Fz,29,1.0170246927066983e-07
9,1-back,Fz,30,1.154287577682469e-07
9,1-back,Fz,31,1.1165941932904349e-07
9,1-back,Fz,32,8.545616371031282e-08
9,1-back,Fz,33,1.4053111052591932e-07
9,1-back,Fz,34,5.6563324047941336e-08
9,1-back,Fz,35,1.496871565427078e-07
9,1-back,Fz,36,7.983371586839636e-08
9,1-back,Fz,37,1.1668837250997533e-07
9,1-back,Fz,38,6.873403643185325e-08
9,1-back,Fz,39,6.903114852037034e-08
9,1-back,Fz,40,8.390501611751277e-08
9,1-back,Fz,41,1.2251447682947677e-07
9,1-back,Fz,42,8.066546417824226e-08
9,1-back,Fz,43,8.807988048097125e-08
9,1-back,Fz,44,1.6078610783767176e-07
9,1-back,Fz,45,8.974960684025328e-08
9,1-back,Fz,46,3.221082366485291e-07
9,1-back,Fz,47,1.1128880102764581e-07
9,1-back,Fz,48,1.2912019108927742e-07
9,1-back,Fz,49,1.0686459232117314e-07
9,1-back,Fz,50,1.0979504460833062e-07
9,1-back,Fz,51,5.373378078006776e-08
9,1-back,Fz,52,7.389777115922363e-08
9,1-back,Fz,53,1.1077696937981661e-07
9,1-back,Fz,54,8.222836214973153e-08
9,1-back,Fz,55,6.260668599669579e-08
9,1-back,Fz,56,8.871966470587085e-08
9,1-back,Fz,57,6.829379458682597e-08
9,1-back,Fz,58,3.225173949276615e-08
9,1-back,Fz,59,1.0756714311677343e-07
9,1-back,Fz,60,5.8767847861780944e-08
9,1-back,Fz,61,6.329583198774554e-08
9,1-back,Fz,62,9.717693899408223e-08
9,1-back,Fz,63,5.708612174138434e-08
9,1-back,Fz,64,5.583262211252368e-08
9,1-back,Fz,65,5.365688044539848e-08
9,1-back,Fz,66,1.2397358384514458e-07
9,2-back,F3,1,9.858126134824309e-08
9,2-back,F3,2,4.900222539112482e-08
9,2-back,F3,3,2.8184720171028963e-08
9,2-back,F3,4,1.5799044782820108e-07
9,2-back,F3,5,1.2891825324197675e-07
9,2-back,F3,6,7.743259566032615e-08
9,2-back,F3,7,9.49822169011583e-08
9,2-back,F3,8,8.356558585901752e-08
9,2-back,F3,9,6.280688666968383e-08
9,2-back,F3,10,1.1747719216294591e-07
9,2-back,F3,11,2.385402186452142e-07
9,2-back,F3,12,1.1584082602847623e-07
9,2-back,F3,13,5.8424356921908584e-08
9,2-back,F3,14,1.4114232808073778e-07
9,2-back,F3,15,9.418033069866784e-08
9,2-back,F3,16,7.279063450151543e-08
9,2-back,F3,17,1.4990349903864985e-07
9,2-back,F3,18,4.5495277230595234e-08
9,2-back,F3,19,1.4946595405252358e-07
9,2-back,F3,20,1.1604104625011112e-07
9,2-back,F3,21,1.9569375348154323e-08
9,2-back,F3,22,6.169192783264647e-08
9,2-back,F3,23,1.277625546063007e-07
9,2-back,F3,24,7.572502250261634e-08
9,2-back,F3,25,1.1308493685478449e-07
9,2-back,F3,26,1.1300640004070091e-07
9,2-back,F3,27,1.0340670406728833e-07
9,2-back,F3,28,6.986113299232024e-08
9,2-back,F3,29,3.0292846550849616e-08
9,2-back,F3,30,1.163111917840976e-07
9,2-back,F3,31,6.448684425335617e-08
9,2-back,F3,32,1.5632857242144887e-07
9,2-back,F3,33,3.5905854735684905e-08
9,2-back,F3,34,7.531771551309412e-08
9,2-back,F3,35,9.466654681341697e-08
9,2-back,F3,36,4.760338071450352e-08
9,2-back,F3,37,1.8144358639809373e-07
9,2-back,F3,38,4.9532144086226236e-08
9,2-back,F3,39,3.4615861322757255e-08
9,2-back,F3,40,1.7212083944969102e-07
9,2-back,F4,1,1.0189638890770228e-07
9,2-back,F4,2,4.4157972255983834e-08
9,2-back,F4,3,3.23732611063205e-08
9,2-back,F4,4,1.5989339008148473e-07
9,2-back,F4,5,1.3582970779660194e-07
9,2-back,F4,6,1.294123063858407e-07
9,2-back,F4,7,1.3282463999524488e-07
9,2-back,F4,8,1.1635707604552001e-07
9,2-back,F4,9,8.64750112722546e-08
9,2-back,F4,10,1.1516430067096409e-07
9,2-back,F4,11,3.077315711793184e-07
9,2-back,F4,12,1.056059934463909e-07
9,2-back,F4,13,3.966901616917104e-08
9,2-back,F4,14,1.4880256459490948e-07
9,2-back,F4,15,1.2711101635592048e-07
9,2-back,F4,16,8.523077651175781e-08
9,2-back,F4,17,1.9181923245086412e-07
9,2-back,F4,18,5.5791874861505267e-08
9,2-back,F4,19,1.0620089914337806e-07
9,2-back,F4,20,1.3243697046147669e-07
9,2-back,F4,21,2.8308251002572467e-08
9,2-back,F4,22,9.053888622711073e-08
9,2-back,F4,23,1.0561832290572263e-07
9,2-back,F4,24,7.517367095396043e-08
9,2-back,F4,25,9.033874354812028e-08
9,2-back,F4,26,7.720783248286757e-08
9,2-back,F4,27,8.571244641787139e-08
9,2-back,F4,28,8.06041421775962e-08
9,2-back,F4,29,3.789740856241493e-08
9,2-back,F4,30,1.0108237929549032e-07
9,2-back,F4,31,6.325577356689292e-08
9,2-back,F4,32,1.6127406903285842e-07
9,2-back,F4,33,4.643408294336957e-08
9,2-back,F4,34,9.651876626651836e-08
9,2-back,F4,35,1.0831222717392911e-07
9,2-back,F4,36,6.629774328282676e-08
9,2-back,F4,37,2.2480022944472722e-07
9,2-back,F4,38,7.763820909511088e-08
9,2-back,F4,39,2.4928998097683532e-08
9,2-back,F4,40,1.2576587179268795e-07
9,2-back,F7,1,1.1022166117392274e-07
9,2-back,F7,2,3.436631233447456e-08
9,2-back,F7,3,1.3212925613197794e-08
9,2-back,F7,4,2.830964131533292e-07
9,2-back,F7,5,2.421585808091e-07
9,2-back,F7,6,1.420428179239543e-07
9,2-back,F7,7,7.367752657321661e-08
9,2-back,F7,8,2.944601212460562e-08
9,2-back,F7,9,4.170011459312655e-08
9,2-back,F7,10,4.811417729192681e-08
9,2-back,F7,11,3.7486189829897395e-07
9,2-back,F7,12,1.897597434505235e-07
9,2-back,F7,13,4.4681014404002925e-08
9,2-back,F7,14,2.436106065139544e-07
9,2-back,F7,15,3.990825513233917e-08
9,2-back,F7,16,3.080209805264605e-08
9,2-back,F7,17,1.630035958586558e-07
9,2-back,F7,18,3.6929165205351335e-08
9,2-back,F7,19,1.9207779015828938e-07
9,2-back,F7,20,2.082593698558604e-07
9,2-back,F7,21,8.272616448251976e-08
9,2-back,F7,22,7.476596960049228e-08
9,2-back,F7,23,1.0258696850875083e-07
9,2-back,F7,24,8.460107981119779e-08
9,2-back,F7,25,6.203946223008983e-08
9,2-back,F7,26,2.289789266361686e-07
9,2-back,F7,27,1.2053548233024035e-07
9,2-back,F7,28,8.809390068795538e-08
9,2-back,F7,29,4.661391190685205e-08
9,2-back,F7,30,1.2458362727920114e-07
9,2-back,F7,31,7.260675939583905e-08
9,2-back,F7,32,1.3674699905950525e-07
9,2-back,F7,33,3.085709498453499e-08
9,2-back,F7,34,1.6542427872772776e-07
9,2-back,F7,35,1.1037234764548283e-07
9,2-back,F7,36,4.845620517053664e-08
9,2-back,F7,37,3.140907310806316e-07
9,2-back,F7,38,3.372844066920199e-08
9,2-back,F7,39,2.6879355348558286e-08
9,2-back,F7,40,1.7466718444456505e-07
9,2-back,F8,1,1.2234869889342547e-07
9,2-back,F8,2,3.276736891846434e-08
9,2-back,F8,3,1.602789414588528e-08
9,2-back,F8,4,2.2695440538199555e-07
9,2-back,F8,5,2.153815860549465e-07
9,2-back,F8,6,1.686410554419314e-07
9,2-back,F8,7,1.1061668117797631e-07
9,2-back,F8,8,3.920336749349301e-08
9,2-back,F8,9,5.619120914288544e-08
9,2-back,F8,10,4.886683337200315e-08
9,2-back,F8,11,3.436999522659432e-07
9,2-back,F8,12,1.2556283087942393e-07
9,2-back,F8,13,1.874390787004216e-08
9,2-back,F8,14,2.796864750779026e-07
9,2-back,F8,15,3.196880650968722e-08
9,2-back,F8,16,4.22582534921613e-08
9,2-back,F8,17,3.039501781470284e-07
9,2-back,F8,18,2.9120005211513183e-08
9,2-back,F8,19,2.119195610842395e-07
9,2-back,F8,20,2.433945290679926e-07
9,2-back,F8,21,1.9535167049045623e-08
9,2-back,F8,22,5.059581425471157e-08
9,2-back,F8,23,5.6087419974799876e-08
9,2-back,F8,24,4.1100567037607624e-08
9,2-back,F8,25,3.61487776453299e-08
9,2-back,F8,26,1.4477253865879045e-07
9,2-back,F8,27,5.3295348079223144e-08
9,2-back,F8,28,1.232427114417431e-07
9,2-back,F8,29,2.6439793221415885e-08
9,2-back,F8,30,7.8153150637659e-08
9,2-back,F8,31,2.1237371737793857e-08
9,2-back,F8,32,1.5850110798418695e-07
9,2-back,F8,33,3.055153291193619e-08
9,2-back,F8,34,1.0673945564078434e-07
9,2-back,F8,35,7.627863607120857e-08
9,2-back,F8,36,6.462003931385849e-08
9,2-back,F8,37,3.8511225179429196e-07
9,2-back,F8,38,5.0813774213800124e-08
9,2-back,F8,39,3.0559568117240694e-08
9,2-back,F8,40,1.0786199821252895e-07
9,2-back,Fz,1,1.129120408281901e-07
9,2-back,Fz,2,4.22405664964933e-08
9,2-back,Fz,3,3.65294596038013e-08
9,2-back,Fz,4,1.7765521911728104e-07
9,2-back,Fz,5,1.8794539565779936e-07
9,2-back,Fz,6,1.528099702067502e-07
9,2-back,Fz,7,1.3158203822356982e-07
9,2-back,Fz,8,1.15159727519324e-07
9,2-back,Fz,9,9.549716228418427e-08
9,2-back,Fz,10,1.2079048365391371e-07
9,2-back,Fz,11,3.534253402329679e-07
9,2-back,Fz,12,1.1174935942566276e-07
9,2-back,Fz,13,6.001176397540096e-08
9,2-back,Fz,14,2.135581925507349e-07
9,2-back,Fz,15,9.314123080816119e-08
9,2-back,Fz,16,6.924990867655387e-08
9,2-back,Fz,17,2.3983174997022583e-07
9,2-back,Fz,18,5.103082046965489e-08
9,2-back,Fz,19,2.254760372383716e-07
9,2-back,Fz,20,1.6608876094471774e-07
9,2-back,Fz,21,4.939437109396377e-08
9,2-back,Fz,22,8.563518426261025e-08
9,2-back,Fz,23,1.486853434671217e-07
9,2-back,Fz,24,7.630431773589412e-08
9,2-back,Fz,25,1.2095013205239239e-07
9,2-back,Fz,26,1.3919978073271275e-07
9,2-back,Fz,27,9.450146495350623e-08
9,2-back,Fz,28,1.1520712185889691e-07
9,2-back,Fz,29,3.358174941456037e-08
9,2-back,Fz,30,1.0969942252187879e-07
9,2-back,Fz,31,3.8402735123716826e-08
9,2-back,Fz,32,2.131268147383337e-07
9,2-back,Fz,33,3.8498257811673554e-08
9,2-back,Fz,34,1.1918649736959282e-07
9,2-back,Fz,35,1.3347669082050942e-07
9,2-back,Fz,36,8.894507982747213e-08
9,2-back,Fz,37,2.843612271822985e-07
9,2-back,Fz,38,8.962536789074575e-08
9,2-back,Fz,39,3.2441323496885594e-08
9,2-back,Fz,40,1.1662202944900802e-07
9,3-back,F3,1,5.6331607758245863e-08
9,3-back,F3,2,1.1251266237348068e-07
9,3-back,F3,3,1.4530295577615184e-07
9,3-back,F3,4,1.4871605887259938e-07
9,3-back,F3,5,1.3808931696854315e-07
9,3-back,F3,6,1.5776825828677597e-07
9,3-back,F3,7,1.5214879610893926e-07
9,3-back,F3,8,1.8999869633099966e-07
9,3-back,F3,9,1.1616935987686283e-07
9,3-back,F3,10,1.5351555751312548e-07
9,3-back,F3,11,1.3748838898344268e-07
9,3-back,F3,12,2.118612963548305e-07
9,3-back,F3,13,1.038605663675695e-07
9,3-back,F3,14,1.111958386390142e-07
9,3-back,F3,15,1.435451058832397e-07
9,3-back,F3,16,1.5918675324776588e-07
9,3-back,F3,17,5.650704715682072e-08
9,3-back,F3,18,2.6239125105457122e-08
9,3-back,F3,19,6.359679748141617e-08
9,3-back,F3,20,8.389328280916063e-08
9,3-back,F3,21,4.900687597761821e-08
9,3-back,F3,22,1.2872369924827552e-07
9,3-back,F3,23,1.64252472487215e-07
9,3-back,F3,24,8.377218200499248e-08
9,3-back,F3,25,2.752490796940512e-07
9,3-back,F3,26,1.3254716936200254e-07
9,3-back,F3,27,3.176839995358413e-07
9,3-back,F3,28,8.244888627920363e-08
9,3-back,F3,29,4.855409661852167e-08
9,3-back,F3,30,9.292473827729326e-08
9,3-back,F3,31,6.261017446994349e-08
9,3-back,F3,32,4.248729972471809e-08
9,3-back,F3,33,6.351839092419155e-08
9,3-back,F3,34,2.1994322164606687e-07
9,3-back,F3,35,3.827207733511641e-07
9,3-back,F3,36,5.6384150328121914e-08
9,3-back,F3,37,4.6293155738475864e-08
9,3-back,F3,38,1.2485644987267867e-07
9,3-back,F3,39,8.537184005827998e-08
9,3-back,F3,40,1.6849019110527627e-07
9,3-back,F3,41,7.137414346624299e-08
9,3-back,F3,42,8.564201468376862e-08
9,3-back,F3,43,2.729467955256806e-07
9,3-back,F3,44,1.7545370590717172e-07
9,3-back,F3,45,2.1040506802967637e-07
9,3-back,F3,46,2.2790494769820806e-07
9,3-back,F3,47,1.5326891307172571e-07
9,3-back,F3,48,8.407611345045288e-08
9,3-back,F3,49,7.073895148459598e-08
9,3-back,F3,50,5.170051079438971e-08
9,3-back,F3,51,5.509481222134969e-08
9,3-back,F3,52,1.2432317939787044e-07
9,3-back,F3,53,6.256700860122712e-08
9,3-back,F3,54,5.626446853404869e-08
9,3-back,F3,55,1.4115635583491518e-07
9,3-back,F3,56,6.686397112226552e-08
9,3-back,F3,57,1.049608904284635e-07
9,3-back,F3,58,1.573346369045591e-07
9,3-back,F3,59,5.582215434621311e-08
9,3-back,F3,60,1.5936587463235625e-07
9,3-back,F3,61,7.236066179952404e-08
9,3-back,F3,62,1.0932172629834522e-07
9,3-back,F3,63,9.01011167662567e-08
9,3-back,F3,64,7.281955436151014e-08
9,3-back,F3,65,4.977624970932933e-08
9,3-back,F4,1,5.2388133756725866e-08
9,3-back,F4,2,1.288400110387838e-07
9,3-back,F4,3,1.6162769703424756e-07
9,3-back,F4,4,1.2385210461106574e-07
9,3-back,F4,5,1.1882288254753153e-07
9,3-back,F4,6,1.541539272089404e-07
9,3-back,F4,7,1.3768958452049908e-07
9,3-back,F4,8,1.9279648545414636e-07
9,3-back,F4,9,9.112603626968591e-08
9,3-back,F4,10,1.443526738732309e-07
9,3-back,F4,11,1.4060756195341026e-07
9,3-back,F4,12,2.0227084029478165e-07
9,3-back,F4,13,1.0288715368258252e-07
9,3-back,F4,14,8.012252720642738e-08
9,3-back,F4,15,1.443428574261436e-07
9,3-back,F4,16,2.0041097113164444e-07
9,3-back,F4,17,9.157954288031843e-08
9,3-back,F4,18,6.357259162691865e-08
9,3-back,F4,19,5.606719311983824e-08
9,3-back,F4,20,8.482355324846672e-08
9,3-back,F4,21,4.4185903075818907e-08
9,3-back,F4,22,1.084932729146847e-07
9,3-back,F4,23,1.6733120882545575e-07
9,3-back,F4,24,8.602318390253727e-08
9,3-back,F4,25,2.6172498062630384e-07
9,3-back,F4,26,1.2508569613013245e-07
9,3-back,F4,27,3.098196815817482e-07
9,3-back,F4,28,7.964994054202722e-08
9,3-back,F4,29,5.308791952306896e-08
9,3-back,F4,30,8.657058231146202e-08
9,3-back,F4,31,4.432867484346046e-08
9,3-back,F4,32,5.0544561680940046e-08
9,3-back,F4,33,7.143858399926417e-08
9,3-back,F4,34,2.101093936511593e-07
9,3-back,F4,35,2.689787621075685e-07
9,3-back,F4,36,4.139173971475144e-08
9,3-back,F4,37,5.07300338558189e-08
9,3-back,F4,38,2.49655972877979e-07
9,3-back,F4,39,8.038788517769467e-08
9,3-back,F4,40,1.613614235540427e-07
9,3-back,F4,41,9.095654645675732e-08
9,3-back,F4,42,5.513729213274298e-08
9,3-back,F4,43,2.548293507547527e-07
9,3-back,F4,44,2.0696061977975933e-07
9,3-back,F4,45,2.3011633826345536e-07
9,3-back,F4,46,2.609369363193046e-07
9,3-back,F4,47,1.532158013888119e-07
9,3-back,F4,48,6.597433494694238e-08
9,3-back,F4,49,5.953796948878861e-08
9,3-back,F4,50,4.5319932231086764e-08
9,3-back,F4,51,4.609616745385275e-08
9,3-back,F4,52,8.333854640664005e-08
9,3-back,F4,53,6.751715888958674e-08
9,3-back,F4,54,5.865146473032974e-08
9,3-back,F4,55,1.4914521308970482e-07
9,3-back,F4,56,7.223641599810705e-08
9,3-back,F4,57,9.525234085143428e-08
9,3-back,F4,58,1.0911555908171773e-07
9,3-back,F4,59,7.141278146817128e-08
9,3-back,F4,60,2.0491601935655367e-07
9,3-back,F4,61,6.358501245656046e-08
9,3-back,F4,62,8.909011097608751e-08
9,3-back,F4,63,1.4517876186171114e-07
9,3-back,F4,64,9.455197658937421e-08
9,3-back,F4,65,4.1568531455764255e-08
9,3-back,F7,1,9.154027969495576e-08
9,3-back,F7,2,1.8994524768648873e-07
9,3-back,F7,3,1.536619332007726e-07
9,3-back,F7,4,2.464356514676119e-07
9,3-back,F7,5,2.8847641195047923e-07
9,3-back,F7,6,2.354767002607627e-07
9,3-back,F7,7,2.5318337911949795e-07
9,3-back,F7,8,2.8793556706638333e-07
9,3-back,F7,9,1.4516914125821196e-07
9,3-back,F7,10,2.2022581805414775e-07
9,3-back,F7,11,1.938875827169574e-07
9,3-back,F7,12,4.862129143607086e-07
9,3-back,F7,13,3.170579996534618e-07
9,3-back,F7,14,2.9962940272430406e-07
9,3-back,F7,15,2.2432360754303615e-07
9,3-back,F7,16,3.2581417563209107e-07
9,3-back,F7,17,9.505619089566091e-08
9,3-back,F7,18,2.1391509462261123e-08
9,3-back,F7,19,5.6280018358938084e-08
9,3-back,F7,20,1.0356319193737723e-07
9,3-back,F7,21,7.065466155168255e-08
9,3-back,F7,22,1.1807625479446686e-07
9,3-back,F7,23,2.7208894018184026e-07
9,3-back,F7,24,4.859758505043784e-08
9,3-back,F7,25,3.4838415996445273e-07
9,3-back,F7,26,1.0130645375254729e-07
9,3-back,F7,27,2.99669805548766e-07
9,3-back,F7,28,1.8938743893226397e-07
9,3-back,F7,29,1.281744582700942e-07
9,3-back,F7,30,2.198762262491861e-07
9,3-back,F7,31,3.389255191209095e-08
9,3-back,F7,32,3.819869054620447e-08
9,3-back,F7,33,3.484918098379836e-08
9,3-back,F7,34,3.818524138564315e-07
9,3-back,F7,35,4.950811989934222e-07
9,3-back,F7,36,2.5161294880382154e-08
9,3-back,F7,37,4.310829379765214e-08
9,3-back,F7,38,5.928180929660837e-08
9,3-back,F7,39,1.2878775889089123e-07
9,3-back,F7,40,2.2318437058690906e-07
9,3-back,F7,41,1.11695824337263e-07
9,3-back,F7,42,4.308618279355399e-08
9,3-back,F7,43,6.486588289866102e-07
9,3-back,F7,44,2.3918037714214986e-07
9,3-back,F7,45,3.177629376993178e-07
9,3-back,F7,46,2.6297723122354216e-07
9,3-back,F7,47,1.800601775647201e-07
9,3-back,F7,48,9.475522738266432e-08
9,3-back,F7,49,2.5111572680255485e-08
9,3-back,F7,50,1.0490676268021363e-07
9,3-back,F7,51,3.662416196004993e-08
9,3-back,F7,52,2.199447293388814e-07
9,3-back,F7,53,6.798892393495417e-08
9,3-back,F7,54,2.7927745484327767e-08
9,3-back,F7,55,2.842942715521343e-07
9,3-back,F7,56,2.744217898201172e-08
9,3-back,F7,57,1.2565261308607392e-07
9,3-back,F7,58,1.6050999991209283e-07
9,3-back,F7,59,4.390156302831641e-08
9,3-back,F7,60,2.1969555335136473e-07
9,3-back,F7,61,2.6455902096828463e-08
9,3-back,F7,62,1.0739252953653976e-07
9,3-back,F7,63,9.363994663806779e-08
9,3-back,F7,64,4.086968832776148e-08
9,3-back,F7,65,4.495534235510185e-08
9,3-back,F8,1,4.135275314953209e-08
9,3-back,F8,2,2.0765223995069427e-07
9,3-back,F8,3,2.9232410271379124e-07
9,3-back,F8,4,2.8818222416102334e-07
9,3-back,F8,5,2.8732545217981836e-07
9,3-back,F8,6,2.5290620049160976e-07
9,3-back,F8,7,1.9594271224923255e-07
9,3-back,F8,8,2.556235720293209e-07
9,3-back,F8,9,1.6914920174106057e-07
9,3-back,F8,10,2.0764181807894938e-07
9,3-back,F8,11,2.2000705145653246e-07
9,3-back,F8,12,3.101727441812152e-07
9,3-back,F8,13,1.6161094414137053e-07
9,3-back,F8,14,1.1188532775151899e-07
9,3-back,F8,15,3.0616326762850213e-07
9,3-back,F8,16,3.0872518380238847e-07
9,3-back,F8,17,9.441268287384363e-08
9,3-back,F8,18,4.129824121787502e-08
9,3-back,F8,19,2.8211293837770646e-08
9,3-back,F8,20,8.582340354247901e-08
9,3-back,F8,21,5.064091023502967e-08
9,3-back,F8,22,1.6442000044660626e-07
9,3-back,F8,23,3.5488135927871526e-07
9,3-back,F8,24,3.485377988517724e-08
9,3-back,F8,25,3.3337142409682503e-07
9,3-back,F8,26,1.4136560033754565e-07
9,3-back,F8,27,3.462138590867501e-07
9,3-back,F8,28,1.7794964078394092e-07
9,3-back,F8,29,6.415676807319475e-08
9,3-back,F8,30,1.5609152638753795e-07
9,3-back,F8,31,2.5696518446483656e-08
9,3-back,F8,32,2.7962359204717455e-08
9,3-back,F8,33,6.098058362784061e-08
9,3-back,F8,34,2.426292642495809e-07
9,3-back,F8,35,2.8828817437959225e-07
9,3-back,F8,36,3.377112562073446e-08
9,3-back,F8,37,2.9696131891251967e-08
9,3-back,F8,38,1.468639512289164e-07
9,3-back,F8,39,1.1120945310302531e-07
9,3-back,F8,40,2.858246245605472e-07
9,3-back,F8,41,1.5165613976303297e-07
9,3-back,F8,42,2.68008861800358e-08
9,3-back,F8,43,4.2495876731549885e-07
9,3-back,F8,44,3.2975397069809745e-07
9,3-back,F8,45,4.0672829155295585e-07
9,3-back,F8,46,4.820010146186882e-07
9,3-back,F8,47,3.138279926399757e-07
9,3-back,F8,48,1.3472943584547722e-07
9,3-back,F8,49,2.7724687607760746e-08
9,3-back,F8,50,8.874774153169577e-08
9,3-back,F8,51,4.308688191275582e-08
9,3-back,F8,52,8.713223228703089e-08
9,3-back,F8,53,6.846169694525944e-08
9,3-back,F8,54,3.1589048687027856e-08
9,3-back,F8,55,2.0538771367558528e-07
9,3-back,F8,56,4.042924877080888e-08
9,3-back,F8,57,1.357297994410104e-07
9,3-back,F8,58,1.676069828407547e-07
9,3-back,F8,59,4.090667919358236e-08
9,3-back,F8,60,3.005533902893564e-07
9,3-back,F8,61,3.074724490124014e-08
9,3-back,F8,62,1.0657269238703133e-07
9,3-back,F8,63,2.1537330756220854e-07
9,3-back,F8,64,6.738147333222266e-08
9,3-back,F8,65,3.249970146690671e-08
9,3-back,Fz,1,7.257500688711958e-08
9,3-back,Fz,2,1.688770541195294e-07
9,3-back,Fz,3,2.0501329490832498e-07
9,3-back,Fz,4,1.6885023951535885e-07
9,3-back,Fz,5,1.9027105087962507e-07
9,3-back,Fz,6,2.1058791544007188e-07
9,3-back,Fz,7,2.071180194594854e-07
9,3-back,Fz,8,2.699667348661627e-07
9,3-back,Fz,9,1.474188109028871e-07
9,3-back,Fz,10,2.0383637412660388e-07
9,3-back,Fz,11,1.720544391663397e-07
9,3-back,Fz,12,3.409606006823969e-07
9,3-back,Fz,13,1.3613301312665105e-07
9,3-back,Fz,14,1.828562569561597e-07
9,3-back,Fz,15,2.2006749437187205e-07
9,3-back,Fz,16,2.3207450096210968e-07
9,3-back,Fz,17,9.946580396738998e-08
9,3-back,Fz,18,5.412119744127433e-08
9,3-back,Fz,19,6.231849090650207e-08
9,3-back,Fz,20,1.1372253147279289e-07
9,3-back,Fz,21,6.451782365954346e-08
9,3-back,Fz,22,1.5542374795003415e-07
9,3-back,Fz,23,2.538359582790112e-07
9,3-back,Fz,24,7.639047981861277e-08
9,3-back,Fz,25,3.671867811361399e-07
9,3-back,Fz,26,1.648329419690064e-07
9,3-back,Fz,27,3.6821485656350505e-07
9,3-back,Fz,28,1.3617495133269646e-07
9,3-back,Fz,29,6.509929619657666e-08
9,3-back,Fz,30,1.3369634911067473e-07
9,3-back,Fz,31,4.5229405733757876e-08
9,3-back,Fz,32,4.392384042559839e-08
9,3-back,Fz,33,6.19567478948884e-08
9,3-back,Fz,34,3.1895643357369343e-07
9,3-back,Fz,35,4.3826332783192893e-07
9,3-back,Fz,36,5.6973768367894424e-08
9,3-back,Fz,37,3.9363271030881144e-08
9,3-back,Fz,38,1.8690054502932728e-07
9,3-back,Fz,39,1.2836530369861206e-07
9,3-back,Fz,40,2.00562406651201e-07
9,3-back,Fz,41,1.033872095670274e-07
9,3-back,Fz,42,5.3339635625413314e-08
9,3-back,Fz,43,4.3205293707038073e-07
9,3-back,Fz,44,2.929404379989816e-07
9,3-back,Fz,45,3.1098109847118125e-07
9,3-back,Fz,46,2.7962986609100243e-07
9,3-back,Fz,47,1.9832354382006202e-07
9,3-back,Fz,48,1.1292205317257742e-07
9,3-back,Fz,49,4.8399815422649986e-08
9,3-back,Fz,50,8.985068970947967e-08
9,3-back,Fz,51,6.542958453864384e-08
9,3-back,Fz,52,1.3715385968529034e-07
9,3-back,Fz,53,8.353731354759264e-08
9,3-back,Fz,54,6.854195302557274e-08
9,3-back,Fz,55,1.8933051610306962e-07
9,3-back,Fz,56,6.719692215641196e-08
9,3-back,Fz,57,1.2467656989916332e-07
9,3-back,Fz,58,1.5170220453382008e-07
9,3-back,Fz,59,5.225709150548528e-08
9,3-back,Fz,60,2.7251345771996926e-07
9,3-back,Fz,61,6.62416100054441e-08
9,3-back,Fz,62,1.2887315984373014e-07
9,3-back,Fz,63,1.6855496166206515e-07
9,3-back,Fz,64,6.28299332419486e-08
9,3-back,Fz,65,4.815989261956367e-08
9,4-back,F3,1,5.342918259909784e-08
9,4-back,F3,2,6.449284172792242e-08
9,4-back,F3,3,6.706218493354355e-08
9,4-back,F3,4,1.0016136773529854e-07
9,4-back,F3,5,5.9093860409403033e-08
9,4-back,F3,6,4.44895719121552e-08
9,4-back,F3,7,1.00458274772081e-07
9,4-back,F3,8,5.7346405679479206e-08
9,4-back,F3,9,5.667396163331597e-08
9,4-back,F3,10,3.8267535386534264e-08
9,4-back,F3,11,1.27293491906159e-07
9,4-back,F3,12,6.872674610584989e-08
9,4-back,F3,13,6.199375550288865e-08
9,4-back,F3,14,9.150947452589647e-08
9,4-back,F3,15,7.465119039215923e-08
9,4-back,F3,16,1.0595615956628149e-07
9,4-back,F3,17,7.684880680168292e-08
9,4-back,F3,18,1.3527050843624125e-07
9,4-back,F3,19,9.422086155341944e-08
9,4-back,F3,20,8.02747730675763e-08
9,4-back,F3,21,1.1275440138418412e-07
9,4-back,F3,22,1.4613255204494817e-07
9,4-back,F3,23,1.2801648254963023e-07
9,4-back,F3,24,1.4438772611004178e-07
9,4-back,F3,25,8.197876685788018e-08
9,4-back,F3,26,6.29393918641533e-08
9,4-back,F3,27,8.990122833009317e-08
9,4-back,F3,28,9.85388691100027e-08
9,4-back,F3,29,1.3759328311548447e-07
9,4-back,F3,30,1.0874121056006957e-07
9,4-back,F3,31,4.948380691685735e-08
9,4-back,F3,32,4.855102265866255e-08
9,4-back,F3,33,5.5982749442524576e-08
9,4-back,F3,34,3.807450211627033e-08
9,4-back,F3,35,5.534249145873848e-08
9,4-back,F3,36,5.792063556149676e-08
9,4-back,F3,37,7.254517054015484e-08
9,4-back,F3,38,7.363593798507062e-08
9,4-back,F3,39,5.889045913879074e-08
9,4-back,F3,40,1.0487631353673352e-07
9,4-back,F3,41,1.0963892834861928e-07
9,4-back,F3,42,6.38485124967743e-08
9,4-back,F3,43,6.964049340528922e-08
9,4-back,F3,44,6.91903342830694e-08
9,4-back,F3,45,7.854066990235484e-08
9,4-back,F3,46,7.329269791066391e-08
9,4-back,F3,47,7.94706700571092e-08
9,4-back,F3,48,1.4880217178025054e-07
9,4-back,F3,49,7.43495862663651e-08
9,4-back,F3,50,4.5471202604692694e-08
9,4-back,F3,51,7.036482733272336e-08
9,4-back,F3,52,6.573140407958672e-08
9,4-back,F3,53,1.6846601816198566e-07
9,4-back,F3,54,9.98304914919755e-08
9,4-back,F4,1,8.004871031920529e-08
9,4-back,F4,2,6.214074901379491e-08
9,4-back,F4,3,7.276257954437608e-08
9,4-back,F4,4,8.393269499980245e-08
9,4-back,F4,5,9.463138364830099e-08
9,4-back,F4,6,3.7532785992961024e-08
9,4-back,F4,7,8.3500449055085e-08
9,4-back,F4,8,6.16255062250512e-08
9,4-back,F4,9,7.69028116009125e-08
9,4-back,F4,10,6.873658305965497e-08
9,4-back,F4,11,9.051866694941118e-08
9,4-back,F4,12,1.0004650097816647e-07
9,4-back,F4,13,5.8826330451438616e-08
9,4-back,F4,14,1.6092173124991876e-07
9,4-back,F4,15,6.486593237773562e-08
9,4-back,F4,16,1.1598198353961203e-07
9,4-back,F4,17,1.0456582404487041e-07
9,4-back,F4,18,1.0206390056294669e-07
9,4-back,F4,19,8.46408476273811e-08
9,4-back,F4,20,8.210732627963885e-08
9,4-back,F4,21,9.093570526293203e-08
9,4-back,F4,22,1.1173462793489043e-07
9,4-back,F4,23,6.214713875195443e-08
9,4-back,F4,24,1.5249406729687543e-07
9,4-back,F4,25,8.076731902224968e-08
9,4-back,F4,26,4.175521996587188e-08
9,4-back,F4,27,9.025952100019676e-08
9,4-back,F4,28,1.1759287694747429e-07
9,4-back,F4,29,1.4909622778808086e-07
9,4-back,F4,30,1.1313700872970555e-07
9,4-back,F4,31,5.6484164059232356e-08
9,4-back,F4,32,5.244983266487593e-08
9,4-back,F4,33,5.92422561877226e-08
9,4-back,F4,34,3.675300750275271e-08
9,4-back,F4,35,6.027115377211002e-08
9,4-back,F4,36,9.104831907405951e-08
9,4-back,F4,37,1.3503954881121256e-07
9,4-back,F4,38,8.824467516713008e-08
9,4-back,F4,39,5.341187833116047e-08
9,4-back,F4,40,1.2239780140063272e-07
9,4-back,F4,41,1.1409266050122957e-07
9,4-back,F4,42,5.697850742885925e-08
9,4-back,F4,43,8.837697582543239e-08
9,4-back,F4,44,7.235827865434095e-08
9,4-back,F4,45,1.1645817805473686e-07
9,4-back,F4,46,5.167462369849661e-08
9,4-back,F4,47,8.415611172060164e-08
9,4-back,F4,48,1.0657991468479779e-07
9,4-back,F4,49,5.4834589812995344e-08
9,4-back,F4,50,6.276840292713963e-08
9,4-back,F4,51,6.073707363095943e-08
9,4-back,F4,52,6.208836268600197e-08
9,4-back,F4,53,1.259560606844156e-07
9,4-back,F4,54,8.895655902251849e-08
9,4-back,F7,1,5.767145616798347e-08
9,4-back,F7,2,4.4241083066951286e-08
9,4-back,F7,3,4.725585106066238e-08
9,4-back,F7,4,3.8107309678594974e-08
9,4-back,F7,5,3.2402204239374436e-08
9,4-back,F7,6,2.9957837042340544e-08
9,4-back,F7,7,9.390019596890166e-08
9,4-back,F7,8,4.118050842300158e-08
9,4-back,F7,9,4.148532207086888e-08
9,4-back,F7,10,3.3992784614788215e-08
9,4-back,F7,11,1.1132660805906674e-07
9,4-back,F7,12,3.135100893494898e-08
9,4-back,F7,13,1.0980473832446174e-07
9,4-back,F7,14,2.8426855635918836e-08
9,4-back,F7,15,2.914248492757567e-08
9,4-back,F7,16,1.2633659579912454e-07
9,4-back,F7,17,3.316287181087343e-08
9,4-back,F7,18,8.665326008766007e-08
9,4-back,F7,19,6.604742680610737e-08
9,4-back,F7,20,5.8755555127197615e-08
9,4-back,F7,21,1.3692452517203153e-07
9,4-back,F7,22,5.622230505295179e-08
9,4-back,F7,23,1.0759944841759404e-07
9,4-back,F7,24,1.948824693205968e-07
9,4-back,F7,25,7.179500835994151e-08
9,4-back,F7,26,2.6765569814599124e-08
9,4-back,F7,27,6.666222917605363e-08
9,4-back,F7,28,3.3324635711007207e-08
9,4-back,F7,29,9.605965847144717e-08
9,4-back,F7,30,1.0871084341934022e-07
9,4-back,F7,31,2.3445095556282098e-08
9,4-back,F7,32,4.0819935189919484e-08
9,4-back,F7,33,4.0498244295812004e-08
9,4-back,F7,34,4.803445049427437e-08
9,4-back,F7,35,4.576516235361147e-08
9,4-back,F7,36,2.8819566592200283e-08
9,4-back,F7,37,9.206854622561667e-08
9,4-back,F7,38,4.167026881261058e-08
9,4-back,F7,39,3.6940333274329125e-08
9,4-back,F7,40,9.31206655096998e-08
9,4-back,F7,41,1.335370187673195e-07
9,4-back,F7,42,3.3957872345090697e-08
9,4-back,F7,43,2.8534539068461007e-08
9,4-back,F7,44,3.370894472544649e-08
9,4-back,F7,45,1.076657118597515e-07
9,4-back,F7,46,4.625215175417811e-08
9,4-back,F7,47,4.219170779568647e-08
9,4-back,F7,48,1.1310170175433437e-07
9,4-back,F7,49,5.740363382881853e-08
9,4-back,F7,50,5.3257368273237936e-08
9,4-back,F7,51,9.518259657288796e-08
9,4-back,F7,52,3.1742677096677e-08
9,4-back,F7,53,1.0580195561738059e-07
9,4-back,F7,54,1.5236806187058373e-07
9,4-back,F8,1,1.3990970311065233e-07
9,4-back,F8,2,2.939543215349024e-08
9,4-back,F8,3,5.026131182839278e-08
9,4-back,F8,4,5.118063911542766e-08
9,4-back,F8,5,6.449921920516689e-08
9,4-back,F8,6,2.698863509145247e-08
9,4-back,F8,7,1.081897852859563e-07
9,4-back,F8,8,3.715535865882757e-08
9,4-back,F8,9,4.925815161403724e-08
9,4-back,F8,10,3.2711556138856427e-08
9,4-back,F8,11,9.133172014533797e-08
9,4-back,F8,12,4.4340440483437444e-08
9,4-back,F8,13,7.112530031863487e-08
9,4-back,F8,14,8.16799229464467e-08
9,4-back,F8,15,4.245579220595151e-08
9,4-back,F8,16,9.535642150803193e-08
9,4-back,F8,17,6.296229091297957e-08
9,4-back,F8,18,5.815688019852967e-08
9,4-back,F8,19,6.768316234147259e-08
9,4-back,F8,20,5.6054321000923716e-08
9,4-back,F8,21,6.122224834394971e-08
9,4-back,F8,22,4.8368454976516114e-08
9,4-back,F8,23,6.253261697020732e-08
9,4-back,F8,24,2.4104501757865636e-07
9,4-back,F8,25,5.819619722552712e-08
9,4-back,F8,26,2.6261670364984635e-08
9,4-back,F8,27,6.521693203680283e-08
9,4-back,F8,28,5.6220132276345305e-08
9,4-back,F8,29,1.32986721004618e-07
9,4-back,F8,30,8.235633585435729e-08
9,4-back,F8,31,3.301642148615697e-08
9,4-back,F8,32,5.716925313141004e-08
9,4-back,F8,33,4.2496806914777753e-08
9,4-back,F8,34,4.448653401399026e-08
9,4-back,F8,35,5.5100625614601006e-08
9,4-back,F8,36,5.84449646760447e-08
9,4-back,F8,37,1.2394473218246614e-07
9,4-back,F8,38,6.285822275582205e-08
9,4-back,F8,39,6.924097790055202e-08
9,4-back,F8,40,6.642120389451603e-08
9,4-back,F8,41,1.6018241864800255e-07
9,4-back,F8,42,2.56981939528752e-08
9,4-back,F8,43,4.478298901521095e-08
9,4-back,F8,44,5.1127680444148353e-08
9,4-back,F8,45,1.1659172597979588e-07
9,4-back,F8,46,2.7816791812514243e-08
9,4-back,F8,47,4.1795125730168514e-08
9,4-back,F8,48,9.861664103227105e-08
9,4-back,F8,49,5.034024765986914e-08
9,4-back,F8,50,5.008502090263115e-08
9,4-back,F8,51,5.135481858117357e-08
9,4-back,F8,52,3.430246118346915e-08
9,4-back,F8,53,1.136664102922776e-07
9,4-back,F8,54,9.603834064436993e-08
9,4-back,Fz,1,8.677345494671201e-08
9,4-back,Fz,2,6.995549028317224e-08
9,4-back,Fz,3,1.0778637002508025e-07
9,4-back,Fz,4,9.185404007195525e-08
9,4-back,Fz,5,7.683821229057536e-08
9,4-back,Fz,6,5.4865474397521927e-08
9,4-back,Fz,7,9.075346046906918e-08
9,4-back,Fz,8,7.602058719180256e-08
9,4-back,Fz,9,8.069735372718937e-08
9,4-back,Fz,10,7.435706522077917e-08
9,4-back,Fz,11,1.5786769558201794e-07
9,4-back,Fz,12,7.662479366008455e-08
9,4-back,Fz,13,6.435170365969989e-08
9,4-back,Fz,14,1.3508510962832514e-07
9,4-back,Fz,15,5.7957593589655026e-08
9,4-back,Fz,16,1.426278565718632e-07
9,4-back,Fz,17,7.520591772882247e-08
9,4-back,Fz,18,1.3263783344302894e-07
9,4-back,Fz,19,1.1016445499027281e-07
9,4-back,Fz,20,1.1982307164356165e-07
9,4-back,Fz,21,1.4605306299625255e-07
9,4-back,Fz,22,1.1558953392214455e-07
9,4-back,Fz,23,9.1939122406265e-08
9,4-back,Fz,24,1.8515441295350915e-07
9,4-back,Fz,25,6.947124984183826e-08
9,4-back,Fz,26,6.559897587904941e-08
9,4-back,Fz,27,5.815348919467352e-08
9,4-back,Fz,28,1.0916885644782777e-07
9,4-back,Fz,29,1.9786482591464826e-07
9,4-back,Fz,30,1.7136552380187917e-07
9,4-back,Fz,31,9.312077585451019e-08
9,4-back,Fz,32,6.517767845357835e-08
9,4-back,Fz,33,8.834695485680007e-08
9,4-back,Fz,34,3.7148290547483904e-08
9,4-back,Fz,35,6.178445656173573e-08
9,4-back,Fz,36,8.084387867336378e-08
9,4-back,Fz,37,9.748516619206073e-08
9,4-back,Fz,38,9.42107669357669e-08
9,4-back,Fz,39,8.950989872279686e-08
9,4-back,Fz,40,1.6000879073844387e-07
9,4-back,Fz,41,1.3513446793742e-07
9,4-back,Fz,42,5.742438415203258e-08
9,4-back,Fz,43,1.0440964034755785e-07
9,4-back,Fz,44,6.639308406181991e-08
9,4-back,Fz,45,1.1507753798107388e-07
9,4-back,Fz,46,9.745998075528961e-08
9,4-back,Fz,47,9.611439968114321e-08
9,4-back,Fz,48,1.7687231957321487e-07
9,4-back,Fz,49,8.357543311660192e-08
9,4-back,Fz,50,8.944276678266292e-08
9,4-back,Fz,51,8.454631930142974e-08
9,4-back,Fz,52,7.16844911467937e-08
9,4-back,Fz,53,2.024475016791446e-07
9,4-back,Fz,54,1.2483702479255266e-07
10,1-back,F3,1,3.712423102878983e-08
10,1-back,F3,2,3.365641287928182e-07
10,1-back,F3,3,1.741316817398898e-07
10,1-back,F3,4,3.203680776252713e-07
10,1-back,F3,5,1.3033046600611364e-08
10,1-back,F3,6,2.6295272247143103e-08
10,1-back,F3,7,8.457668021222496e-08
10,1-back,F3,8,2.1086546092838695e-08
10,1-back,F3,9,5.38003725411471e-08
10,1-back,F3,10,3.47866148675482e-08
10,1-back,F3,11,1.2063323506131129e-07
10,1-back,F3,12,4.8462691092957207e-08
10,1-back,F3,13,2.065289952156881e-07
10,1-back,F3,14,2.3843042105783457e-08
10,1-back,F3,15,1.173277489481693e-07
10,1-back,F3,16,1.747440363647758e-07
10,1-back,F3,17,1.978320824505607e-07
10,1-back,F3,18,2.293404619657425e-08
10,1-back,F3,19,3.4110008456364744e-08
10,1-back,F3,20,4.0481420353014095e-08
10,1-back,F3,21,5.067881245964249e-08
10,1-back,F3,22,1.7014450063278044e-07
10,1-back,F3,23,3.5381203590429676e-08
10,1-back,F3,24,2.6449761784391025e-08
10,1-back,F3,25,2.5716532858724075e-07
10,1-back,F3,26,4.6753400908857164e-08
10,1-back,F3,27,2.231766864977006e-08
10,1-back,F3,28,2.6551024419395895e-08
10,1-back,F3,29,1.087716022555595e-07
10,1-back,F3,30,3.090858787411591e-08
10,1-back,F3,31,1.9945956325000882e-08
10,1-back,F4,1,2.1710532105219632e-08
10,1-back,F4,2,1.8753268346506996e-07
10,1-back,F4,3,9.463809117497031e-08
10,1-back,F4,4,1.579189829244701e-07
10,1-back,F4,5,1.7479022285652896e-08
10,1-back,F4,6,2.2033542142719506e-08
10,1-back,F4,7,5.293434663935144e-08
10,1-back,F4,8,3.0929123395713075e-08
10,1-back,F4,9,4.799545384672433e-08
10,1-back,F4,10,3.894275204772931e-08
10,1-back,F4,11,7.32615678509026e-08
10,1-back,F4,12,4.230445515714844e-08
10,1-back,F4,13,9.399480040093388e-08
10,1-back,F4,14,3.007278613179939e-08
10,1-back,F4,15,7.461890186035918e-08
10,1-back,F4,16,8.987920815862731e-08
10,1-back,F4,17,1.112936863983521e-07
10,1-back,F4,18,3.0679462937327825e-08
10,1-back,F4,19,2.253320483088755e-08
10,1-back,F4,20,3.434990398020352e-08
10,1-back,F4,21,2.5260502188008773e-08
10,1-back,F4,22,7.916028908817678e-08
10,1-back,F4,23,5.527868478627734e-08
10,1-back,F4,24,1.50096288783782e-08
10,1-back,F4,25,1.2657555108714296e-07
10,1-back,F4,26,3.112378886203689e-08
10,1-back,F4,27,2.1041436803182306e-08
10,1-back,F4,28,2.8191245322831837e-08
10,1-back,F4,29,5.1928253855962764e-08
10,1-back,F4,30,2.0290052611398428e-08
10,1-back,F4,31,1.5456147720149238e-08
10,1-back,F7,1,1.5537297613553335e-08
10,1-back,F7,2,6.050595986005941e-07
10,1-back,F7,3,4.983354942936094e-07
10,1-back,F7,4,6.318892598768824e-07
10,1-back,F7,5,1.9389338820512393e-08
10,1-back,F7,6,4.81609180557092e-08
10,1-back,F7,7,1.594962016480433e-07
10,1-back,F7,8,1.8895615000691876e-08
10,1-back,F7,9,3.811455838804827e-08
10,1-back,F7,10,3.3683705855771165e-08
10,1-back,F7,11,3.0249624570834867e-07
10,1-back,F7,12,4.775346006232505e-08
10,1-back,F7,13,4.0334197323264344e-07
10,1-back,F7,14,1.834532712749601e-08
10,1-back,F7,15,1.6765764423732895e-07
10,1-back,F7,16,3.4190067173132577e-07
10,1-back,F7,17,3.697269084448246e-07
10,1-back,F7,18,1.8740689302296218e-08
10,1-back,F7,19,3.1462828226302137e-08
10,1-back,F7,20,3.1802760997331684e-08
10,1-back,F7,21,1.7874404258520624e-08
10,1-back,F7,22,3.1078199980358453e-07
10,1-back,F7,23,1.634652957103677e-08
10,1-back,F7,24,2.7713807095678662e-08
10,1-back,F7,25,5.155061631498854e-07
10,1-back,F7,26,2.9539237213124888e-08
10,1-back,F7,27,1.648508587835362e-08
10,1-back,F7,28,2.4731611188360723e-08
10,1-back,F7,29,3.4362879860245816e-07
10,1-back,F7,30,3.078743996058657e-08
10,1-back,F7,31,2.043477203064516e-08
10,1-back,F8,1,2.285605675186061e-08
10,1-back,F8,2,2.6977943047805435e-07
10,1-back,F8,3,1.3593180313668007e-07
10,1-back,F8,4,2.3773109512866804e-07
10,1-back,F8,5,1.6908054258416172e-08
10,1-back,F8,6,1.5690990383417786e-08
10,1-back,F8,7,6.143285506842849e-08
10,1-back,F8,8,2.291752637107839e-08
10,1-back,F8,9,3.9590118127794683e-08
10,1-back,F8,10,2.7848297728490168e-08
10,1-back,F8,11,1.0850934030405313e-07
10,1-back,F8,12,3.432027513549472e-08
10,1-back,F8,13,1.5538629813381533e-07
10,1-back,F8,14,3.0212468780247724e-08
10,1-back,F8,15,9.860583308714961e-08
10,1-back,F8,16,1.2876591205428298e-07
10,1-back,F8,17,1.7863454895128993e-07
10,1-back,F8,18,2.563581654296943e-08
10,1-back,F8,19,1.9972231595940078e-08
10,1-back,F8,20,3.3910946667343796e-08
10,1-back,F8,21,2.5379356095045123e-08
10,1-back,F8,22,1.1372808791027078e-07
10,1-back,F8,23,3.979238035963137e-08
10,1-back,F8,24,1.4749112450661856e-08
10,1-back,F8,25,2.0204467254003065e-07
10,1-back,F8,26,3.561945451313403e-08
10,1-back,F8,27,1.6083442216603988e-08
10,1-back,F8,28,2.5450441664236823e-08
10,1-back,F8,29,9.291865324597258e-08
10,1-back,F8,30,2.2603127472544112e-08
10,1-back,F8,31,9.000758904121662e-09
10,1-back,Fz,1,3.673082260902542e-08
10,1-back,Fz,2,3.3419389079589765e-07
10,1-back,Fz,3,1.429680952036317e-07
10,1-back,Fz,4,2.8666647037727845e-07
10,1-back,Fz,5,2.6138053902956126e-08
10,1-back,Fz,6,2.9423507432862203e-08
10,1-back,Fz,7,7.648216374875954e-08
10,1-back,Fz,8,2.8125197767866808e-08
10,1-back,Fz,9,5.475753312819973e-08
10,1-back,Fz,10,4.6829454223039215e-08
10,1-back,Fz,11,1.2782301836910176e-07
10,1-back,Fz,12,5.281832545605539e-08
10,1-back,Fz,13,2.1958305654443983e-07
10,1-back,Fz,14,4.339858679259652e-08
10,1-back,Fz,15,1.1955991113311124e-07
10,1-back,Fz,16,1.7448113576685328e-07
10,1-back,Fz,17,1.700336880350039e-07
10,1-back,Fz,18,4.613922403256003e-08
10,1-back,Fz,19,3.3946192850940575e-08
10,1-back,Fz,20,4.986807845354148e-08
10,1-back,Fz,21,5.217122976872912e-08
10,1-back,Fz,22,1.6018466260419918e-07
10,1-back,Fz,23,5.165878881326309e-08
10,1-back,Fz,24,3.221302035727628e-08
10,1-back,Fz,25,2.522665889835656e-07
10,1-back,Fz,26,7.30602208822634e-08
10,1-back,Fz,27,1.9508846026125596e-08
10,1-back,Fz,28,3.49957720905859e-08
10,1-back,Fz,29,1.1524275912373675e-07
10,1-back,Fz,30,3.4210940760376694e-08
10,1-back,Fz,31,1.91088518123128e-08
10,2-back,F3,1,3.2483326887184306e-08
10,2-back,F3,2,3.2159715301144327e-07
10,2-back,F3,3,2.4104425879320234e-07
10,2-back,F3,4,2.0837310188626548e-07
10,2-back,F3,5,1.9738352242982142e-07
10,2-back,F3,6,3.936757500312716e-08
10,2-back,F3,7,3.2755522125523345e-07
10,2-back,F3,8,1.846972494398657e-07
10,2-back,F3,9,2.314149752782564e-07
10,2-back,F3,10,2.9761367680795646e-08
10,2-back,F3,11,2.3946884999862873e-07
10,2-back,F3,12,5.296899309461225e-08
10,2-back,F3,13,4.8605524230046465e-08
10,2-back,F3,14,1.8440848615797155e-07
10,2-back,F3,15,2.6564673771852415e-07
10,2-back,F3,16,3.210782323845687e-08
10,2-back,F3,17,1.9115279392341e-07
10,2-back,F3,18,2.090802718400232e-08
10,2-back,F3,19,2.6529953972089747e-08
10,2-back,F3,20,2.114691345534511e-07
10,2-back,F3,21,2.888986939786274e-08
10,2-back,F3,22,2.1253095967732478e-07
10,2-back,F3,23,2.0400503874475574e-07
10,2-back,F3,24,2.764007448008384e-07
10,2-back,F3,25,3.2861748937737926e-08
10,2-back,F3,26,2.8360792326481836e-07
10,2-back,F3,27,3.70314221256107e-08
10,2-back,F3,28,2.534293352453077e-07
10,2-back,F3,29,9.839908062039797e-08
10,2-back,F3,30,5.75809519304721e-07
10,2-back,F3,31,4.305476972364365e-07
10,2-back,F3,32,1.8095321397812277e-08
10,2-back,F3,33,3.695433736873613e-08
10,2-back,F3,34,1.775502999661727e-07
10,2-back,F3,35,2.3220449744076888e-07
10,2-back,F3,36,2.758830308723922e-08
10,2-back,F3,37,6.454675528149397e-08
10,2-back,F4,1,2.56479679196265e-08
10,2-back,F4,2,1.736852256089487e-07
10,2-back,F4,3,1.3045549427380867e-07
10,2-back,F4,4,1.1833536749398178e-07
10,2-back,F4,5,9.546536429139881e-08
10,2-back,F4,6,3.7207456255661665e-08
10,2-back,F4,7,1.261342056313665e-07
10,2-back,F4,8,1.1112293545729759e-07
10,2-back,F4,9,1.149419537779382e-07
10,2-back,F4,10,4.8424625498738844e-08
10,2-back,F4,11,1.227479480367066e-07
10,2-back,F4,12,3.638851681797376e-08
10,2-back,F4,13,3.0686441250463724e-08
10,2-back,F4,14,1.0494350056421589e-07
10,2-back,F4,15,1.5739404664597765e-07
10,2-back,F4,16,3.184404342879249e-08
10,2-back,F4,17,1.1694068796969212e-07
10,2-back,F4,18,1.7526677043686758e-08
10,2-back,F4,19,2.662429846358598e-08
10,2-back,F4,20,1.11822676886714e-07
10,2-back,F4,21,2.4959633123987292e-08
10,2-back,F4,22,1.1976645368493661e-07
10,2-back,F4,23,9.462545077218904e-08
10,2-back,F4,24,1.4646160970652743e-07
10,2-back,F4,25,3.77468414340407e-08
10,2-back,F4,26,1.282522206585564e-07
10,2-back,F4,27,2.8327921553205475e-08
10,2-back,F4,28,1.3004515781469356e-07
10,2-back,F4,29,7.412372514375228e-08
10,2-back,F4,30,3.161312408319371e-07
10,2-back,F4,31,2.336207309578673e-07
10,2-back,F4,32,2.145116621075178e-08
10,2-back,F4,33,3.454481895312011e-08
10,2-back,F4,34,1.042013810922821e-07
10,2-back,F4,35,1.1840812927220831e-07
10,2-back,F4,36,2.5315826477285365e-08
10,2-back,F4,37,5.138256268111794e-08
10,2-back,F7,1,2.4094056032712355e-08
10,2-back,F7,2,6.924960120377913e-07
10,2-back,F7,3,5.076052502155181e-07
10,2-back,F7,4,5.123837446517765e-07
10,2-back,F7,5,4.3744445042395807e-07
10,2-back,F7,6,1.971435406432842e-08
10,2-back,F7,7,7.30054421034682e-07
10,2-back,F7,8,4.234916317589025e-07
10,2-back,F7,9,3.9224000098424177e-07
10,2-back,F7,10,9.712192877312259e-09
10,2-back,F7,11,4.9726887989499e-07
10,2-back,F7,12,3.428400494593237e-08
10,2-back,F7,13,4.1259890744332556e-08
10,2-back,F7,14,4.0085453300156285e-07
10,2-back,F7,15,5.55968049784026e-07
10,2-back,F7,16,1.804511171933786e-08
10,2-back,F7,17,3.9782851821516334e-07
10,2-back,F7,18,1.4709861260939351e-08
10,2-back,F7,19,2.2896083725460868e-08
10,2-back,F7,20,4.424938476110538e-07
10,2-back,F7,21,2.234108056615342e-08
10,2-back,F7,22,4.6927714189552774e-07
10,2-back,F7,23,4.32613662154324e-07
10,2-back,F7,24,5.08998208142562e-07
10,2-back,F7,25,1.78788190366297e-08
10,2-back,F7,26,6.114396607390509e-07
10,2-back,F7,27,2.1488319851892414e-08
10,2-back,F7,28,5.140511456480893e-07
10,2-back,F7,29,6.579838608297506e-08
10,2-back,F7,30,1.2238746864597512e-06
10,2-back,F7,31,7.885236464989404e-07
10,2-back,F7,32,2.1242621755552534e-08
10,2-back,F7,33,3.183113248281674e-08
10,2-back,F7,34,3.5380416919304107e-07
10,2-back,F7,35,4.3419792947636314e-07
10,2-back,F7,36,2.0092318307647036e-08
10,2-back,F7,37,4.053148378903055e-08
10,2-back,F8,1,1.9360432955518275e-08
10,2-back,F8,2,2.7074973268356935e-07
10,2-back,F8,3,1.8267069912192063e-07
10,2-back,F8,4,1.717009612728088e-07
10,2-back,F8,5,1.5459071360728906e-07
10,2-back,F8,6,3.479617153974697e-08
10,2-back,F8,7,2.2115145056690336e-07
10,2-back,F8,8,1.7065033929950052e-07
10,2-back,F8,9,1.5204411107556816e-07
10,2-back,F8,10,3.30979558219481e-08
10,2-back,F8,11,1.940489786852977e-07
10,2-back,F8,12,3.64887354565946e-08
10,2-back,F8,13,3.589994181530545e-08
10,2-back,F8,14,1.6055347762343825e-07
10,2-back,F8,15,2.176390917325256e-07
10,2-back,F8,16,2.0524141606893327e-08
10,2-back,F8,17,1.509310083976676e-07
10,2-back,F8,18,1.58002740091232e-08
10,2-back,F8,19,2.1034217940731075e-08
10,2-back,F8,20,1.568156363188736e-07
10,2-back,F8,21,2.9823182065577966e-08
10,2-back,F8,22,1.8525392689349966e-07
10,2-back,F8,23,1.4853695877412748e-07
10,2-back,F8,24,2.063909639010814e-07
10,2-back,F8,25,3.509056966957305e-08
10,2-back,F8,26,2.3037412129000927e-07
10,2-back,F8,27,1.9080705046192097e-08
10,2-back,F8,28,1.954989519425972e-07
10,2-back,F8,29,6.5222775182967e-08
10,2-back,F8,30,4.918864048340085e-07
10,2-back,F8,31,3.2945389905932617e-07
10,2-back,F8,32,1.7453058465062003e-08
10,2-back,F8,33,3.437877364482238e-08
10,2-back,F8,34,1.4770300789231552e-07
10,2-back,F8,35,1.8550256295873782e-07
10,2-back,F8,36,2.464316269096662e-08
10,2-back,F8,37,4.9765108901224756e-08
10,2-back,Fz,1,3.5048728749574095e-08
10,2-back,Fz,2,3.179826557802363e-07
10,2-back,Fz,3,2.538889149944177e-07
10,2-back,Fz,4,2.2590396304651988e-07
10,2-back,Fz,5,1.8129920785696954e-07
10,2-back,Fz,6,5.278373295595103e-08
10,2-back,Fz,7,2.7728599378190526e-07
10,2-back,Fz,8,2.1034760322177685e-07
10,2-back,Fz,9,2.059031609362237e-07
10,2-back,Fz,10,5.4250446573332994e-08
10,2-back,Fz,11,2.104953658906488e-07
10,2-back,Fz,12,5.7941526467827736e-08
10,2-back,Fz,13,6.722267076212327e-08
10,2-back,Fz,14,1.7354820972302563e-07
10,2-back,Fz,15,2.612800943589033e-07
10,2-back,Fz,16,3.463405948987519e-08
10,2-back,Fz,17,2.2167665092659037e-07
10,2-back,Fz,18,3.910191130945167e-08
10,2-back,Fz,19,1.8599803543922437e-08
10,2-back,Fz,20,1.924705394184648e-07
10,2-back,Fz,21,4.1035474147681725e-08
10,2-back,Fz,22,2.2710655627810564e-07
10,2-back,Fz,23,1.9321005930090872e-07
10,2-back,Fz,24,2.21772236169329e-07
10,2-back,Fz,25,4.4689698291299516e-08
10,2-back,Fz,26,2.7946349714282074e-07
10,2-back,Fz,27,2.609525926466928e-08
10,2-back,Fz,28,2.086175063614217e-07
10,2-back,Fz,29,1.1451368027490307e-07
10,2-back,Fz,30,5.715373018209027e-07
10,2-back,Fz,31,4.0775942925100957e-07
10,2-back,Fz,32,2.8623892669061416e-08
10,2-back,Fz,33,4.4535987692257054e-08
10,2-back,Fz,34,1.9455366586721818e-07
10,2-back,Fz,35,2.55263374217297e-07
10,2-back,Fz,36,3.274770249863821e-08
10,2-back,Fz,37,6.9637514986864e-08
10,3-back,F3,1,2.3287292709595008e-08
10,3-back,F3,2,3.843391570040447e-07
10,3-back,F3,3,3.0437698232741967e-07
10,3-back,F3,4,3.405261437289777e-08
10,3-back,F3,5,2.648007595907371e-07
10,3-back,F3,6,3.6309053754441914e-07
10,3-back,F3,7,6.677214641245835e-08
10,3-back,F3,8,2.726851334569159e-07
10,3-back,F3,9,2.3369247502401995e-07
10,3-back,F3,10,3.356325757775353e-08
10,3-back,F3,11,2.429007376026543e-07
10,3-back,F3,12,4.0749523403004487e-08
10,3-back,F3,13,3.7999734661855573e-07
10,3-back,F3,14,2.1153888059438253e-08
10,3-back,F3,15,6.282863094568836e-08
10,3-back,F3,16,1.8200865282193124e-07
10,3-back,F3,17,1.2210724129972885e-08
10,3-back,F3,18,1.9251138191104093e-07
10,3-back,F3,19,2.954494287629953e-07
10,3-back,F3,20,3.370140149811914e-08
10,3-back,F3,21,3.459885901243003e-08
10,3-back,F3,22,2.3556955207953285e-07
10,3-back,F3,23,2.718209138970338e-08
10,3-back,F3,24,2.587886966519863e-07
10,3-back,F3,25,2.7997444711385734e-07
10,3-back,F3,26,2.050866271325737e-07
10,3-back,F3,27,2.647670603427692e-08
10,3-back,F3,28,2.443869464592252e-07
10,3-back,F3,29,2.095034934684451e-07
10,3-back,F3,30,3.6779445066528874e-08
10,3-back,F3,31,2.3806379711941728e-07
10,3-back,F3,32,2.8890158335060237e-07
10,3-back,F3,33,4.4612328350464906e-08
10,3-back,F3,34,6.162925105058966e-08
10,3-back,F3,35,3.554601176076057e-08
10,3-back,F3,36,2.786759756011869e-07
10,3-back,F3,37,4.0484667447635477e-08
10,3-back,F3,38,2.835857641921497e-07
10,3-back,F3,39,1.9828932076518315e-07
10,3-back,F3,40,1.614072410301023e-08
10,3-back,F3,41,3.020328803002208e-07
10,3-back,F3,42,3.3124844291656436e-07
10,3-back,F3,43,1.9956312723664368e-07
10,3-back,F3,44,3.082102232396251e-07
10,3-back,F3,45,2.4915204302887417e-07
10,3-back,F3,46,5.504683896302165e-08
10,3-back,F3,47,8.418468372297203e-08
10,3-back,F3,48,6.243715015544929e-08
10,3-back,F3,49,3.808792196470947e-08
10,3-back,F3,50,2.697675217067326e-07
10,3-back,F3,51,7.626105269918426e-08
10,3-back,F3,52,1.4514306747833432e-07
10,3-back,F3,53,1.3178445727201735e-07
10,3-back,F3,54,8.087246168469645e-08
10,3-back,F4,1,2.783333389872672e-08
10,3-back,F4,2,1.9651746513675337e-07
10,3-back,F4,3,1.559252433503016e-07
10,3-back,F4,4,3.367576055497125e-08
10,3-back,F4,5,1.5411481497204343e-07
10,3-back,F4,6,1.725203634267276e-07
10,3-back,F4,7,3.4936693685745925e-08
10,3-back,F4,8,1.6938342433315545e-07
10,3-back,F4,9,1.2793051757227502e-07
10,3-back,F4,10,4.5553107795059736e-08
10,3-back,F4,11,1.100763576104642e-07
10,3-back,F4,12,3.6840435789095385e-08
10,3-back,F4,13,2.2035910028791676e-07
10,3-back,F4,14,2.9337964462264558e-08
10,3-back,F4,15,4.385549882154404e-08
10,3-back,F4,16,9.222941360938101e-08
10,3-back,F4,17,2.4904138062016298e-08
10,3-back,F4,18,1.1357804534399238e-07
10,3-back,F4,19,1.4933969767869505e-07
10,3-back,F4,20,2.670533784900787e-08
10,3-back,F4,21,3.421889306834458e-08
10,3-back,F4,22,1.389883122933433e-07
10,3-back,F4,23,3.1340496132513574e-08
10,3-back,F4,24,1.800569266712863e-07
10,3-back,F4,25,1.3090494365181713e-07
10,3-back,F4,26,1.1139179073838188e-07
10,3-back,F4,27,2.1801502654637178e-08
10,3-back,F4,28,1.402950998543196e-07
10,3-back,F4,29,1.0477134558591588e-07
10,3-back,F4,30,2.73839419541003e-08
10,3-back,F4,31,1.4160039010578963e-07
10,3-back,F4,32,1.3422942749694633e-07
10,3-back,F4,33,2.9355997356426313e-08
10,3-back,F4,34,7.45093693601994e-08
10,3-back,F4,35,3.925582164580434e-08
10,3-back,F4,36,1.3662794048451602e-07
10,3-back,F4,37,2.505025047988562e-08
10,3-back,F4,38,1.1722526236460069e-07
10,3-back,F4,39,1.0166501480797622e-07
10,3-back,F4,40,1.530760019537531e-08
10,3-back,F4,41,1.894057685341078e-07
10,3-back,F4,42,1.5506381911595248e-07
10,3-back,F4,43,1.2107273540192789e-07
10,3-back,F4,44,1.6076373607296696e-07
10,3-back,F4,45,1.6165899641075935e-07
10,3-back,F4,46,3.3662904382278904e-08
10,3-back,F4,47,4.580281417706028e-08
10,3-back,F4,48,3.288316668772153e-08
10,3-back,F4,49,2.7212572778804304e-08
10,3-back,F4,50,1.7193331887395382e-07
10,3-back,F4,51,3.1641012612677555e-08
10,3-back,F4,52,2.3518990752490932e-08
10,3-back,F4,53,2.2044121347175867e-08
10,3-back,F4,54,4.030895758063397e-08
10,3-back,F7,1,3.2780198602010274e-08
10,3-back,F7,2,7.391282681202815e-07
10,3-back,F7,3,5.349118877903089e-07
10,3-back,F7,4,1.7614509816819737e-08
10,3-back,F7,5,5.33962014742347e-07
10,3-back,F7,6,7.640845859930531e-07
10,3-back,F7,7,1.3567312526837247e-07
10,3-back,F7,8,5.963857505279093e-07
10,3-back,F7,9,5.210511266763786e-07
10,3-back,F7,10,7.334082858763537e-08
10,3-back,F7,11,5.465200529521627e-07
10,3-back,F7,12,2.5022729785639352e-08
10,3-back,F7,13,6.599672815836174e-07
10,3-back,F7,14,2.55226897014468e-08
10,3-back,F7,15,7.239421441939062e-08
10,3-back,F7,16,5.249455489845286e-07
10,3-back,F7,17,2.0369253199773736e-08
10,3-back,F7,18,4.7437776220535745e-07
10,3-back,F7,19,4.356924131769637e-07
10,3-back,F7,20,1.7839794151825627e-08
10,3-back,F7,21,2.9763892885578478e-08
10,3-back,F7,22,5.044135010568726e-07
10,3-back,F7,23,3.5271048793416504e-08
10,3-back,F7,24,4.683434593219201e-07
10,3-back,F7,25,6.06935691689497e-07
10,3-back,F7,26,5.071316616554718e-07
10,3-back,F7,27,3.2452507493694766e-08
10,3-back,F7,28,4.601878061756906e-07
10,3-back,F7,29,4.5074513386195927e-07
10,3-back,F7,30,2.994740025533372e-08
10,3-back,F7,31,4.32947831358898e-07
10,3-back,F7,32,5.554126083089023e-07
10,3-back,F7,33,2.2019249482100975e-08
10,3-back,F7,34,4.420240192325329e-08
10,3-back,F7,35,2.1220513778831617e-08
10,3-back,F7,36,5.735933447997478e-07
10,3-back,F7,37,2.955237676771587e-08
10,3-back,F7,38,5.082434279258021e-07
10,3-back,F7,39,4.076398269180475e-07
10,3-back,F7,40,1.895848072996954e-08
10,3-back,F7,41,5.171495449177357e-07
10,3-back,F7,42,5.52357384218447e-07
10,3-back,F7,43,4.4952867487055795e-07
10,3-back,F7,44,6.195017096738876e-07
10,3-back,F7,45,5.785729710572402e-07
10,3-back,F7,46,3.124898198292284e-08
10,3-back,F7,47,3.687546974259852e-08
10,3-back,F7,48,3.547269056393862e-08
10,3-back,F7,49,5.6197619029486056e-08
10,3-back,F7,50,4.480645459631432e-07
10,3-back,F7,51,5.3262798022786556e-08
10,3-back,F7,52,7.477421418995438e-08
10,3-back,F7,53,5.182693154762056e-08
10,3-back,F7,54,4.5031389500161034e-08
10,3-back,F8,1,2.1004804551999846e-08
10,3-back,F8,2,3.001593455460398e-07
10,3-back,F8,3,1.9102457522223302e-07
10,3-back,F8,4,3.7029189414539656e-08
10,3-back,F8,5,2.2284642221321471e-07
10,3-back,F8,6,2.4902069423684557e-07
10,3-back,F8,7,4.1314979555752445e-08
10,3-back,F8,8,2.3446410461982836e-07
10,3-back,F8,9,1.7971782144191528e-07
10,3-back,F8,10,4.469665865156892e-08
10,3-back,F8,11,1.905621467813514e-07
10,3-back,F8,12,3.286223816547152e-08
10,3-back,F8,13,2.8296998495423624e-07
10,3-back,F8,14,2.517141837973077e-08
10,3-back,F8,15,3.8969053589487216e-08
10,3-back,F8,16,1.3296455153467757e-07
10,3-back,F8,17,1.998655012517996e-08
10,3-back,F8,18,1.5159025569048132e-07
10,3-back,F8,19,1.8334363038582662e-07
10,3-back,F8,20,2.517141424487045e-08
10,3-back,F8,21,2.728354810039323e-08
10,3-back,F8,22,1.9467521110608488e-07
10,3-back,F8,23,2.93186432747571e-08
10,3-back,F8,24,2.358282350175505e-07
10,3-back,F8,25,1.8771946404237944e-07
10,3-back,F8,26,1.562241189282626e-07
10,3-back,F8,27,2.356712197929808e-08
10,3-back,F8,28,1.9489559795616408e-07
10,3-back,F8,29,1.4201389873571015e-07
10,3-back,F8,30,2.2410226275698497e-08
10,3-back,F8,31,2.1518370563172966e-07
10,3-back,F8,32,1.8626700226426778e-07
10,3-back,F8,33,3.218024862498401e-08
10,3-back,F8,34,8.235995980640072e-08
10,3-back,F8,35,3.604693267624612e-08
10,3-back,F8,36,2.09750891906557e-07
10,3-back,F8,37,2.3533564487573847e-08
10,3-back,F8,38,1.701179827147883e-07
10,3-back,F8,39,1.6864838446302096e-07
10,3-back,F8,40,1.2127326774948175e-08
10,3-back,F8,41,2.3109830408483073e-07
10,3-back,F8,42,2.178127202353646e-07
10,3-back,F8,43,1.91046788118687e-07
10,3-back,F8,44,2.3431885333292116e-07
10,3-back,F8,45,2.145906700470233e-07
10,3-back,F8,46,2.9389244035643812e-08
10,3-back,F8,47,3.501528273151051e-08
10,3-back,F8,48,2.863679238530941e-08
10,3-back,F8,49,2.5608987834242393e-08
10,3-back,F8,50,2.3567385480315788e-07
10,3-back,F8,51,3.127084010550165e-08
10,3-back,F8,52,2.017692514470209e-08
10,3-back,F8,53,2.0918072451580345e-08
10,3-back,F8,54,4.284079831796091e-08
10,3-back,Fz,1,3.104233924210646e-08
10,3-back,Fz,2,3.529964438409942e-07
10,3-back,Fz,3,2.676562947776534e-07
10,3-back,Fz,4,4.6776375776867456e-08
10,3-back,Fz,5,2.797264856291794e-07
10,3-back,Fz,6,3.277216193002356e-07
10,3-back,Fz,7,6.574834776879633e-08
10,3-back,Fz,8,3.0437136243399187e-07
10,3-back,Fz,9,2.2398933780017102e-07
10,3-back,Fz,10,5.871879638323739e-08
10,3-back,Fz,11,2.4076977790975197e-07
10,3-back,Fz,12,4.592327216259401e-08
10,3-back,Fz,13,3.642937614868054e-07
10,3-back,Fz,14,3.0341308150729115e-08
10,3-back,Fz,15,6.04579182187671e-08
10,3-back,Fz,16,1.7278478534128218e-07
10,3-back,Fz,17,3.642308524128102e-08
10,3-back,Fz,18,1.952787153213444e-07
10,3-back,Fz,19,2.593247860080202e-07
10,3-back,Fz,20,3.754889838544708e-08
10,3-back,Fz,21,3.1683655180038534e-08
10,3-back,Fz,22,2.3814326250361335e-07
10,3-back,Fz,23,3.81805642311612e-08
10,3-back,Fz,24,2.80661330567997e-07
10,3-back,Fz,25,2.544519129699987e-07
10,3-back,Fz,26,1.7914941480512078e-07
10,3-back,Fz,27,2.9791175383382257e-08
10,3-back,Fz,28,2.4009372353010724e-07
10,3-back,Fz,29,1.6940881502708912e-07
10,3-back,Fz,30,4.258077534478948e-08
10,3-back,Fz,31,2.6314205354527597e-07
10,3-back,Fz,32,2.3237942344754536e-07
10,3-back,Fz,33,6.883537337162594e-08
10,3-back,Fz,34,8.730588496543148e-08
10,3-back,Fz,35,6.023834208517399e-08
10,3-back,Fz,36,2.535757367387494e-07
10,3-back,Fz,37,4.349084166418677e-08
10,3-back,Fz,38,2.636788373659785e-07
10,3-back,Fz,39,2.1901560058502664e-07
10,3-back,Fz,40,2.0296843944372577e-08
10,3-back,Fz,41,3.026050904349245e-07
10,3-back,Fz,42,2.966273091277877e-07
10,3-back,Fz,43,2.0194986739184988e-07
10,3-back,Fz,44,2.6274324149061216e-07
10,3-back,Fz,45,2.454581543265542e-07
10,3-back,Fz,46,4.844790454215489e-08
10,3-back,Fz,47,4.9454494452e-08
10,3-back,Fz,48,3.225168562657944e-08
10,3-back,Fz,49,3.652253767018504e-08
10,3-back,Fz,50,2.5373644323921196e-07
10,3-back,Fz,51,5.072794984082212e-08
10,3-back,Fz,52,2.909281529654039e-08
10,3-back,Fz,53,2.4148412505585232e-08
10,3-back,Fz,54,5.711415359261979e-08
10,4-back,F3,1,9.9936948708749e-08
10,4-back,F3,2,2.441561926326547e-07
10,4-back,F3,3,4.388783201444696e-07
10,4-back,F3,4,2.928408212371696e-07
10,4-back,F3,5,2.6141092020714684e-07
10,4-back,F3,6,2.7902956357865456e-07
10,4-back,F3,7,7.310801742261285e-08
10,4-back,F3,8,8.02143568023891e-08
10,4-back,F3,9,5.440249738273817e-08
10,4-back,F3,10,4.526763407468487e-08
10,4-back,F3,11,3.0486257227456436e-07
10,4-back,F3,12,9.078192322791221e-08
10,4-back,F3,13,5.7312766549756084e-08
10,4-back,F3,14,2.003369624179503e-07
10,4-back,F3,15,8.079287190829452e-08
10,4-back,F3,16,1.4509060434030947e-07
10,4-back,F3,17,4.037396220840296e-08
10,4-back,F3,18,2.3637044720734093e-07
10,4-back,F3,19,3.5595274571373966e-08
10,4-back,F3,20,3.0316865007148477e-07
10,4-back,F3,21,2.944062438397962e-08
10,4-back,F3,22,3.1963610042433763e-07
10,4-back,F3,23,3.657373814884624e-08
10,4-back,F3,24,2.639310086772405e-07
10,4-back,F3,25,2.73978839020466e-07
10,4-back,F3,26,2.3297346223896712e-07
10,4-back,F3,27,3.6645401767812676e-08
10,4-back,F3,28,1.4097823015604435e-07
10,4-back,F3,29,2.420776490606554e-07
10,4-back,F3,30,3.854607979179145e-08
10,4-back,F3,31,1.852163311053474e-07
10,4-back,F3,32,3.2586150071657597e-07
10,4-back,F3,33,2.0977649708510524e-08
10,4-back,F3,34,2.9350307726795423e-07
10,4-back,F3,35,2.1047832137938773e-08
10,4-back,F3,36,1.790459760498596e-07
10,4-back,F3,37,1.862247597020314e-07
10,4-back,F3,38,2.2833004166557953e-08
10,4-back,F3,39,2.212386058014284e-07
10,4-back,F3,40,2.861116511986577e-08
10,4-back,F3,41,2.8285695566871303e-07
10,4-back,F3,42,2.496976738508373e-07
10,4-back,F3,43,5.3316446165278583e-08
10,4-back,F4,1,5.088151841153082e-08
10,4-back,F4,2,1.1072082375807508e-07
10,4-back,F4,3,2.1710755034506581e-07
10,4-back,F4,4,1.4564163856260477e-07
10,4-back,F4,5,1.0651558786720474e-07
10,4-back,F4,6,1.1886469337289303e-07
10,4-back,F4,7,1.9611770618978796e-08
10,4-back,F4,8,2.1702693112091378e-08
10,4-back,F4,9,3.902161720573549e-08
10,4-back,F4,10,2.9089709852294135e-08
10,4-back,F4,11,1.577264071483226e-07
10,4-back,F4,12,7.652271874776211e-08
10,4-back,F4,13,4.471245195004528e-08
10,4-back,F4,14,1.1923608919860808e-07
10,4-back,F4,15,4.158047143041935e-08
10,4-back,F4,16,6.619230138893313e-08
10,4-back,F4,17,3.228173997330511e-08
10,4-back,F4,18,1.2521740715476297e-07
10,4-back,F4,19,3.688988884230312e-08
10,4-back,F4,20,1.480867576045088e-07
10,4-back,F4,21,1.7635423859195286e-08
10,4-back,F4,22,1.68338594113241e-07
10,4-back,F4,23,3.404971627603355e-08
10,4-back,F4,24,1.6016817902327482e-07
10,4-back,F4,25,1.5118751813922004e-07
10,4-back,F4,26,1.2427925061407803e-07
10,4-back,F4,27,3.185902739190217e-08
10,4-back,F4,28,5.914657383825112e-08
10,4-back,F4,29,1.1901283539390889e-07
10,4-back,F4,30,3.608617584533999e-08
10,4-back,F4,31,1.134896735018953e-07
10,4-back,F4,32,1.5905480197433428e-07
10,4-back,F4,33,2.7036724894749305e-08
10,4-back,F4,34,1.3714600167871427e-07
10,4-back,F4,35,3.223750166072334e-08
10,4-back,F4,36,9.918747358683157e-08
10,4-back,F4,37,8.803498931739196e-08
10,4-back,F4,38,2.4735759518014186e-08
10,4-back,F4,39,1.0247086334339941e-07
10,4-back,F4,40,1.9427052619527384e-08
10,4-back,F4,41,1.7491463817177731e-07
10,4-back,F4,42,1.0037919468567386e-07
10,4-back,F4,43,4.0965036823983356e-08
10,4-back,F7,1,6.511178061428676e-08
10,4-back,F7,2,5.013115729938299e-07
10,4-back,F7,3,7.199622415745922e-07
10,4-back,F7,4,5.745811883549303e-07
10,4-back,F7,5,6.073469961331032e-07
10,4-back,F7,6,5.739780241639967e-07
10,4-back,F7,7,3.632518564524761e-08
10,4-back,F7,8,1.3737600164792777e-07
10,4-back,F7,9,3.5088608290321454e-08
10,4-back,F7,10,2.714441723277043e-08
10,4-back,F7,11,4.3801418974124075e-07
10,4-back,F7,12,5.822511734471318e-08
10,4-back,F7,13,1.5736104780082115e-07
10,4-back,F7,14,5.367241115579947e-07
10,4-back,F7,15,3.0543230990188475e-08
10,4-back,F7,16,4.879709561514112e-07
10,4-back,F7,17,5.409588842672917e-08
10,4-back,F7,18,4.4507381555611707e-07
10,4-back,F7,19,2.620138593449081e-08
10,4-back,F7,20,6.00926019605435e-07
10,4-back,F7,21,2.9033908739807064e-08
10,4-back,F7,22,6.125065193025928e-07
10,4-back,F7,23,1.4071616641553753e-08
10,4-back,F7,24,5.286626679260681e-07
10,4-back,F7,25,5.484985254195535e-07
10,4-back,F7,26,5.369675894339972e-07
10,4-back,F7,27,3.3159052325869784e-08
10,4-back,F7,28,4.3310535732522e-07
10,4-back,F7,29,6.036615766907149e-07
10,4-back,F7,30,3.659993225471959e-08
10,4-back,F7,31,3.55535585229825e-07
10,4-back,F7,32,5.38433046036059e-07
10,4-back,F7,33,2.7484442208623452e-08
10,4-back,F7,34,6.259336063811813e-07
10,4-back,F7,35,1.621036827859513e-08
10,4-back,F7,36,3.6811289464241196e-07
10,4-back,F7,37,4.939460002811642e-07
10,4-back,F7,38,3.157873816883773e-08
10,4-back,F7,39,5.15317879113599e-07
10,4-back,F7,40,2.352617214004931e-08
10,4-back,F7,41,5.635589178870903e-07
10,4-back,F7,42,5.291033320561413e-07
10,4-back,F7,43,3.463439424829215e-08
10,4-back,F8,1,5.0813269092318627e-08
10,4-back,F8,2,1.8641705642172348e-07
10,4-back,F8,3,2.9631437681874774e-07
10,4-back,F8,4,2.167201380106667e-07
10,4-back,F8,5,1.5460983018713724e-07
10,4-back,F8,6,1.886750842277625e-07
10,4-back,F8,7,2.2718109983566834e-08
10,4-back,F8,8,3.4251630588114976e-08
10,4-back,F8,9,3.991325192829566e-08
10,4-back,F8,10,3.040815889150287e-08
10,4-back,F8,11,2.2837265664271338e-07
10,4-back,F8,12,8.372430882770934e-08
10,4-back,F8,13,5.539437552191133e-08
10,4-back,F8,14,1.5406492082773753e-07
10,4-back,F8,15,3.44462641637022e-08
10,4-back,F8,16,1.1464282834615566e-07
10,4-back,F8,17,2.5379873225849823e-08
10,4-back,F8,18,1.6582527434239912e-07
10,4-back,F8,19,3.4730652029902146e-08
10,4-back,F8,20,2.0959172992013582e-07
10,4-back,F8,21,1.9565194547196104e-08
10,4-back,F8,22,2.1540165979626838e-07
10,4-back,F8,23,3.437625359630158e-08
10,4-back,F8,24,1.947157277512521e-07
10,4-back,F8,25,2.0772770990042966e-07
10,4-back,F8,26,1.806427857760599e-07
10,4-back,F8,27,3.166855967458373e-08
10,4-back,F8,28,1.0540237739912129e-07
10,4-back,F8,29,1.7413726092178065e-07
10,4-back,F8,30,3.465962754760709e-08
10,4-back,F8,31,1.651914210664157e-07
10,4-back,F8,32,2.2763617956174698e-07
10,4-back,F8,33,2.1998136895371215e-08
10,4-back,F8,34,2.0795662284843613e-07
10,4-back,F8,35,3.091021089073679e-08
10,4-back,F8,36,1.385151034612439e-07
10,4-back,F8,37,1.4292628942183e-07
10,4-back,F8,38,2.197906229936191e-08
10,4-back,F8,39,1.806956377657133e-07
10,4-back,F8,40,1.9926655869288125e-08
10,4-back,F8,41,2.658315876687309e-07
10,4-back,F8,42,1.5719716487222655e-07
10,4-back,F8,43,3.619773749970578e-08
10,4-back,Fz,1,6.618960248400157e-08
10,4-back,Fz,2,2.432670530969121e-07
10,4-back,Fz,3,4.082990964880949e-07
10,4-back,Fz,4,2.565865753747991e-07
10,4-back,Fz,5,1.9051487045724195e-07
10,4-back,Fz,6,2.436979786408817e-07
10,4-back,Fz,7,4.6498539653007855e-08
10,4-back,Fz,8,4.293989386815715e-08
10,4-back,Fz,9,6.794441991991897e-08
10,4-back,Fz,10,3.218056373103432e-08
10,4-back,Fz,11,2.6189819269235953e-07
10,4-back,Fz,12,8.578960266721766e-08
10,4-back,Fz,13,6.452135468241511e-08
10,4-back,Fz,14,2.0575218976725642e-07
10,4-back,Fz,15,4.6967548565344705e-08
10,4-back,Fz,16,1.7603085479449517e-07
10,4-back,Fz,17,3.929372263506637e-08
10,4-back,Fz,18,2.5381805813546124e-07
10,4-back,Fz,19,3.8786047779850184e-08
10,4-back,Fz,20,2.788521808828533e-07
10,4-back,Fz,21,2.7056336680399893e-08
10,4-back,Fz,22,2.9805218251917913e-07
10,4-back,Fz,23,5.658633072618194e-08
10,4-back,Fz,24,2.7429757809971374e-07
10,4-back,Fz,25,2.8421746834071663e-07
10,4-back,Fz,26,2.2027325133019818e-07
10,4-back,Fz,27,4.117125341641465e-08
10,4-back,Fz,28,1.3840665465762695e-07
10,4-back,Fz,29,2.3705116587029286e-07
10,4-back,Fz,30,3.967828760464827e-08
10,4-back,Fz,31,1.9372307075001497e-07
10,4-back,Fz,32,3.1074947429109055e-07
10,4-back,Fz,33,3.361470376463229e-08
10,4-back,Fz,34,2.6938714915689786e-07
10,4-back,Fz,35,3.514739101673698e-08
10,4-back,Fz,36,1.7029036578776735e-07
10,4-back,Fz,37,1.8509481853598925e-07
10,4-back,Fz,38,3.4503683397341776e-08
10,4-back,Fz,39,2.222115939844357e-07
10,4-back,Fz,40,3.32832649522021e-08
10,4-back,Fz,41,3.39327723031351e-07
10,4-back,Fz,42,2.221127125908845e-07
10,4-back,Fz,43,6.206322095018312e-08
11,1-back,F3,1,2.637047592347855e-08
11,1-back,F3,2,1.4182612414507098e-08
11,1-back,F3,3,2.8858715163046393e-08
11,1-back,F3,4,1.970429585996407e-08
11,1-back,F3,5,4.9632543518968545e-08
11,1-back,F3,6,4.0853601563379935e-08
11,1-back,F3,7,1.1188629491811414e-08
11,1-back,F3,8,4.977506060559538e-08
11,1-back,F3,9,2.1950109003788404e-08
11,1-back,F3,10,7.839286543681204e-08
11,1-back,F4,1,3.322514979693063e-08
11,1-back,F4,2,2.0397538568441296e-08
11,1-back,F4,3,2.9834082081757943e-08
11,1-back,F4,4,2.71812892145336e-08
11,1-back,F4,5,5.955218962737877e-08
11,1-back,F4,6,4.967522894183255e-08
11,1-back,F4,7,2.076939271850895e-08
11,1-back,F4,8,4.6031763555348455e-08
11,1-back,F4,9,2.4100274150009223e-08
11,1-back,F4,10,7.477340797181888e-08
11,1-back,F7,1,1.4722636598273693e-08
11,1-back,F7,2,3.77830928804707e-09
11,1-back,F7,3,1.2609283185526531e-08
11,1-back,F7,4,6.839662095405988e-09
11,1-back,F7,5,2.8584556980949738e-08
11,1-back,F7,6,3.232398162592168e-08
11,1-back,F7,7,7.75680819088739e-09
11,1-back,F7,8,2.3849495620465547e-08
11,1-back,F7,9,1.0568691280697113e-08
11,1-back,F7,10,6.081986115739854e-08
11,1-back,F8,1,3.674360646698197e-08
11,1-back,F8,2,1.4259111313600159e-08
11,1-back,F8,3,3.008408171655763e-08
11,1-back,F8,4,1.5747101449196294e-08
11,1-back,F8,5,6.326406934830012e-08
11,1-back,F8,6,4.637743542698029e-08
11,1-back,F8,7,6.919929352740959e-09
11,1-back,F8,8,4.812572785847486e-08
11,1-back,F8,9,1.5926824789568748e-08
11,1-back,F8,10,1.0328289042872468e-07
11,1-back,Fz,1,3.4621107316819545e-08
11,1-back,Fz,2,2.5621383564953775e-08
11,1-back,Fz,3,3.579353878097483e-08
11,1-back,Fz,4,4.329908339224958e-08
11,1-back,Fz,5,6.975881853257518e-08
11,1-back,Fz,6,5.317037920679199e-08
11,1-back,Fz,7,3.253908003339925e-08
11,1-back,Fz,8,5.6751400724844075e-08
11,1-back,Fz,9,2.7163516228461365e-08
11,1-back,Fz,10,7.531522725632163e-08
11,2-back,F3,1,4.1250590366993566e-08
11,2-back,F3,2,2.7441439866110133e-08
11,2-back,F3,3,3.531166106837821e-08
11,2-back,F3,4,1.4956456898053978e-08
11,2-back,F3,5,2.2283339139644317e-08
11,2-back,F3,6,8.078573346488272e-09
11,2-back,F3,7,1.542471575080765e-08
11,2-back,F3,8,2.5300358906967457e-08
11,2-back,F3,9,4.842642722001808e-08
11,2-back,F3,10,1.7534755579440075e-08
11,2-back,F3,11,3.9244418394490704e-08
11,2-back,F3,12,5.377623537272258e-08
11,2-back,F3,13,8.44196050583185e-09
11,2-back,F3,14,3.831519698221511e-08
11,2-back,F3,15,2.331989076683044e-08
11,2-back,F3,16,2.3687644162854693e-08
11,2-back,F3,17,1.6887837709519087e-08
11,2-back,F3,18,3.396479209985629e-08
11,2-back,F3,19,4.164941637961981e-08
11,2-back,F3,20,1.2037546689651267e-08
11,2-back,F3,21,2.7738621068078866e-08
11,2-back,F3,22,2.204084471473021e-08
11,2-back,F3,23,1.3617784849025204e-08
11,2-back,F3,24,2.7854073182741763e-08
11,2-back,F3,25,4.737489173617605e-08
11,2-back,F3,26,3.6650809926863503e-08
11,2-back,F3,27,1.3767713548933873e-08
11,2-back,F3,28,4.4302020656211295e-08
11,2-back,F3,29,3.2206296919718544e-08
11,2-back,F3,30,1.0653558882212752e-08
11,2-back,F3,31,4.5210725424330157e-08
11,2-back,F3,32,3.931668079263251e-08
11,2-back,F3,33,2.4364939695715624e-08
11,2-back,F3,34,3.628645253790149e-08
11,2-back,F3,35,3.202945811594272e-08
11,2-back,F3,36,2.3836123498194768e-08
11,2-back,F3,37,3.7187286532867745e-08
11,2-back,F3,38,2.202020199930244e-08
11,2-back,F4,1,5.513669397354231e-08
11,2-back,F4,2,4.279344593722834e-08
11,2-back,F4,3,4.9664693155029945e-08
11,2-back,F4,4,1.9814896328947123e-08
11,2-back,F4,5,1.8220251919947348e-08
11,2-back,F4,6,1.0621935983368732e-08
11,2-back,F4,7,1.5784885172814972e-08
11,2-back,F4,8,3.4306709689645696e-08
11,2-back,F4,9,4.286739490377221e-08
11,2-back,F4,10,2.235295815566335e-08
11,2-back,F4,11,5.002524910931753e-08
11,2-back,F4,12,6.482430953126569e-08
11,2-back,F4,13,1.746580886280794e-08
11,2-back,F4,14,4.2034302704692715e-08
11,2-back,F4,15,3.371821221014359e-08
11,2-back,F4,16,3.9863739660756365e-08
11,2-back,F4,17,2.0735100845443648e-08
11,2-back,F4,18,3.953427610174917e-08
11,2-back,F4,19,4.67095600526509e-08
11,2-back,F4,20,1.2049647634967676e-08
11,2-back,F4,21,1.9982801325051495e-08
11,2-back,F4,22,3.514039895368735e-08
11,2-back,F4,23,2.053917285163397e-08
11,2-back,F4,24,3.358927180937066e-08
11,2-back,F4,25,5.480755917745289e-08
11,2-back,F4,26,5.34502415457991e-08
11,2-back,F4,27,2.201715865875656e-08
11,2-back,F4,28,3.466498714639235e-08
11,2-back,F4,29,4.2247746301650006e-08
11,2-back,F4,30,2.352145879599058e-08
11,2-back,F4,31,4.820334008158282e-08
11,2-back,F4,32,4.501789862157802e-08
11,2-back,F4,33,3.725424132316132e-08
11,2-back,F4,34,4.8037076905584794e-08
11,2-back,F4,35,6.012501893466851e-08
11,2-back,F4,36,2.4278953030750985e-08
11,2-back,F4,37,5.271350744095991e-08
11,2-back,F4,38,3.898628029173347e-08
11,2-back,F7,1,2.1419145862001308e-08
11,2-back,F7,2,2.3152856079720732e-08
11,2-back,F7,3,1.3687191604008767e-08
11,2-back,F7,4,7.211643154321033e-09
11,2-back,F7,5,8.750473286617746e-09
11,2-back,F7,6,7.158919372123229e-09
11,2-back,F7,7,1.0496887140739972e-08
11,2-back,F7,8,1.0831256141872943e-08
11,2-back,F7,9,3.969700868972056e-08
11,2-back,F7,10,4.612264381399264e-09
11,2-back,F7,11,2.4034385567149295e-08
11,2-back,F7,12,3.507030324221741e-08
11,2-back,F7,13,5.3261290684058595e-09
11,2-back,F7,14,3.322988901204514e-08
11,2-back,F7,15,7.270370312681367e-09
11,2-back,F7,16,1.3974451978359256e-08
11,2-back,F7,17,5.93497669783144e-09
11,2-back,F7,18,2.3817981423854052e-08
11,2-back,F7,19,2.8349742527066628e-08
11,2-back,F7,20,5.768846113469279e-09
11,2-back,F7,21,9.563106679771269e-09
11,2-back,F7,22,8.34387999473284e-09
11,2-back,F7,23,7.92166069168347e-09
11,2-back,F7,24,6.896093191138713e-09
11,2-back,F7,25,3.067392451981357e-08
11,2-back,F7,26,2.0012023762781477e-08
11,2-back,F7,27,1.0675413419286481e-08
11,2-back,F7,28,2.316962148903887e-08
11,2-back,F7,29,7.617568547919495e-09
11,2-back,F7,30,3.972539465191137e-09
11,2-back,F7,31,3.093782461489775e-08
11,2-back,F7,32,2.6116619542710618e-08
11,2-back,F7,33,1.1843023563181258e-08
11,2-back,F7,34,2.0621942439972086e-08
11,2-back,F7,35,2.173843384751112e-08
11,2-back,F7,36,9.221478182795588e-09
11,2-back,F7,37,3.081698417639987e-08
11,2-back,F7,38,6.692057609060874e-09
11,2-back,F8,1,5.2719541718283206e-08
11,2-back,F8,2,5.9033545724580096e-08
11,2-back,F8,3,3.6040876222333296e-08
11,2-back,F8,4,2.049150380375328e-08
11,2-back,F8,5,1.267546819561345e-08
11,2-back,F8,6,1.0279761985245125e-08
11,2-back,F8,7,1.2214227261469787e-08
11,2-back,F8,8,1.990381893346659e-08
11,2-back,F8,9,5.2162543164029054e-08
11,2-back,F8,10,1.0590627473291077e-08
11,2-back,F8,11,3.3459643329677715e-08
11,2-back,F8,12,6.720638437564566e-08
11,2-back,F8,13,9.198465637158465e-09
11,2-back,F8,14,4.2184801422426286e-08
11,2-back,F8,15,1.5852030325334037e-08
11,2-back,F8,16,5.6729809903412765e-08
11,2-back,F8,17,1.9663206998509638e-08
11,2-back,F8,18,3.899846263298596e-08
11,2-back,F8,19,4.962214243126957e-08
11,2-back,F8,20,1.0285701663137106e-08
11,2-back,F8,21,1.456990585603207e-08
11,2-back,F8,22,2.864156723811528e-08
11,2-back,F8,23,1.9481294890856267e-08
11,2-back,F8,24,2.038046960897868e-08
11,2-back,F8,25,5.84596437739586e-08
11,2-back,F8,26,4.797361724574439e-08
11,2-back,F8,27,2.2543021092909418e-08
11,2-back,F8,28,3.101299139636372e-08
11,2-back,F8,29,2.0457702607207554e-08
11,2-back,F8,30,1.6650695693532756e-08
11,2-back,F8,31,5.807020133894316e-08
11,2-back,F8,32,5.656019176706365e-08
11,2-back,F8,33,2.4183894717332324e-08
11,2-back,F8,34,4.6031657060422935e-08
11,2-back,F8,35,5.880537549512319e-08
11,2-back,F8,36,1.6926186526554907e-08
11,2-back,F8,37,5.611120074861128e-08
11,2-back,F8,38,1.6595437554618937e-08
11,2-back,Fz,1,5.459979225063106e-08
11,2-back,Fz,2,3.3455335776751767e-08
11,2-back,Fz,3,5.8144166055107316e-08
11,2-back,Fz,4,3.034729221089131e-08
11,2-back,Fz,5,3.3627052603873714e-08
11,2-back,Fz,6,2.0970310903768155e-08
11,2-back,Fz,7,2.3881753530529252e-08
11,2-back,Fz,8,4.710790159301757e-08
11,2-back,Fz,9,6.700528228629235e-08
11,2-back,Fz,10,4.4196498314246736e-08
11,2-back,Fz,11,6.255458104573235e-08
11,2-back,Fz,12,6.975015262151771e-08
11,2-back,Fz,13,1.8728923962404433e-08
11,2-back,Fz,14,4.776533587960877e-08
11,2-back,Fz,15,4.4826653797174795e-08
11,2-back,Fz,16,4.721979244320296e-08
11,2-back,Fz,17,3.1739860926669384e-08
11,2-back,Fz,18,4.654954061174786e-08
11,2-back,Fz,19,5.085119296600188e-08
11,2-back,Fz,20,2.045327804017854e-08
11,2-back,Fz,21,3.4132432717241476e-08
11,2-back,Fz,22,3.743131886989378e-08
11,2-back,Fz,23,2.4077259692160643e-08
11,2-back,Fz,24,5.447103735915207e-08
11,2-back,Fz,25,8.20620154248027e-08
11,2-back,Fz,26,5.895526491019704e-08
11,2-back,Fz,27,1.6811295902597437e-08
11,2-back,Fz,28,4.5009239420029096e-08
11,2-back,Fz,29,4.992896346315651e-08
11,2-back,Fz,30,3.069962860988934e-08
11,2-back,Fz,31,4.7312745988513274e-08
11,2-back,Fz,32,6.292942177153691e-08
11,2-back,Fz,33,4.778490798424038e-08
11,2-back,Fz,34,4.949463474321993e-08
11,2-back,Fz,35,5.700055699981881e-08
11,2-back,Fz,36,3.0245162905386446e-08
11,2-back,Fz,37,4.6103806386324234e-08
11,2-back,Fz,38,4.282391411928116e-08
11,3-back,F3,1,1.3684084605004543e-08
11,3-back,F3,2,3.905307461417391e-08
11,3-back,F3,3,2.433203630910404e-08
11,3-back,F3,4,8.415881475139802e-09
11,3-back,F3,5,1.3132653385824743e-08
11,3-back,F3,6,2.7417645074279218e-08
11,3-back,F3,7,2.299361322265386e-08
11,3-back,F3,8,1.620388428740378e-08
11,3-back,F3,9,1.3993550868178346e-08
11,3-back,F3,10,5.063113781809727e-08
11,3-back,F3,11,1.965561139948744e-08
11,3-back,F3,12,4.1388789082637014e-08
11,3-back,F3,13,7.831821392882779e-08
11,3-back,F3,14,4.392831149191929e-08
11,3-back,F3,15,1.722844143537347e-08
11,3-back,F3,16,2.142055843385473e-08
11,3-back,F3,17,1.9807206313869696e-08
11,3-back,F3,18,1.3715529090016523e-08
11,3-back,F3,19,1.7837840787655957e-08
11,3-back,F3,20,2.2024035844728525e-08
11,3-back,F3,21,1.9766927556383806e-08
11,3-back,F3,22,2.390409967888302e-08
11,3-back,F3,23,1.1467854734828253e-08
11,3-back,F3,24,3.3053788975810726e-08
11,3-back,F3,25,2.998080961177822e-08
11,3-back,F3,26,2.6751460176196042e-08
11,3-back,F3,27,2.1449994117490856e-08
11,3-back,F3,28,1.521739871257616e-08
11,3-back,F3,29,1.9950440109917286e-08
11,3-back,F3,30,1.3039353766087718e-08
11,3-back,F4,1,2.4709089851040834e-08
11,3-back,F4,2,4.91038522342885e-08
11,3-back,F4,3,4.8509884596065296e-08
11,3-back,F4,4,2.7656012896803912e-08
11,3-back,F4,5,1.9860670563101775e-08
11,3-back,F4,6,3.077898493082064e-08
11,3-back,F4,7,3.180957305277398e-08
11,3-back,F4,8,1.9146020176210962e-08
11,3-back,F4,9,1.9265599427455428e-08
11,3-back,F4,10,5.3701870922393394e-08
11,3-back,F4,11,2.5071546006163652e-08
11,3-back,F4,12,4.243070544501861e-08
11,3-back,F4,13,9.122102092623153e-08
11,3-back,F4,14,5.785104924470881e-08
11,3-back,F4,15,1.5015044930791886e-08
11,3-back,F4,16,3.8349218004670875e-08
11,3-back,F4,17,3.00615276869787e-08
11,3-back,F4,18,1.3706810967648884e-08
11,3-back,F4,19,2.3442925138219845e-08
11,3-back,F4,20,3.300877054363802e-08
11,3-back,F4,21,2.1633926304595863e-08
11,3-back,F4,22,2.7117102546452294e-08
11,3-back,F4,23,2.0987777326252574e-08
11,3-back,F4,24,4.996673132985454e-08
11,3-back,F4,25,4.6580072610737576e-08
11,3-back,F4,26,2.0113097213461402e-08
11,3-back,F4,27,2.9593916511980952e-08
11,3-back,F4,28,2.98349395835238e-08
11,3-back,F4,29,4.589257303878676e-08
11,3-back,F4,30,2.7685475801446417e-08
11,3-back,F7,1,8.416733138626919e-09
11,3-back,F7,2,2.7271814888492538e-08
11,3-back,F7,3,1.615160812638304e-08
11,3-back,F7,4,4.4954279950124085e-09
11,3-back,F7,5,5.925344153053199e-09
11,3-back,F7,6,2.0630993143189334e-08
11,3-back,F7,7,1.762197003508087e-08
11,3-back,F7,8,1.0467450135633855e-08
11,3-back,F7,9,5.950082251514098e-09
11,3-back,F7,10,4.068322763723629e-08
11,3-back,F7,11,1.1424740533281632e-08
11,3-back,F7,12,2.8273329581875633e-08
11,3-back,F7,13,6.734200017762756e-08
11,3-back,F7,14,2.9502743227771524e-08
11,3-back,F7,15,7.3824989972956e-09
11,3-back,F7,16,1.63497132275142e-08
11,3-back,F7,17,1.9487282701322407e-08
11,3-back,F7,18,1.3882287098063395e-08
11,3-back,F7,19,2.1571038496234144e-08
11,3-back,F7,20,7.710881713549972e-09
11,3-back,F7,21,2.078470788344529e-08
11,3-back,F7,22,1.8868530533053528e-08
11,3-back,F7,23,7.240866404721003e-09
11,3-back,F7,24,1.9838944108351305e-08
11,3-back,F7,25,2.1186872699011172e-08
11,3-back,F7,26,2.2921929851413334e-08
11,3-back,F7,27,7.503128154706543e-09
11,3-back,F7,28,6.136344675288698e-09
11,3-back,F7,29,1.1624434794979429e-08
11,3-back,F7,30,5.7685874422421545e-09
11,3-back,F8,1,1.8393168089349646e-08
11,3-back,F8,2,6.1703601763532e-08
11,3-back,F8,3,5.687738670175913e-08
11,3-back,F8,4,2.2320439618102677e-08
11,3-back,F8,5,1.0189879926440327e-08
11,3-back,F8,6,3.931758607174454e-08
11,3-back,F8,7,5.088344751375652e-08
11,3-back,F8,8,1.8856728264932074e-08
11,3-back,F8,9,1.2774623680421577e-08
11,3-back,F8,10,5.4063894558204406e-08
11,3-back,F8,11,1.6864019092369033e-08
11,3-back,F8,12,5.636260991531704e-08
11,3-back,F8,13,1.0964924449566771e-07
11,3-back,F8,14,6.029001304842168e-08
11,3-back,F8,15,1.2275991271973558e-08
11,3-back,F8,16,3.95459370648717e-08
11,3-back,F8,17,4.426067194228442e-08
11,3-back,F8,18,2.35005884021412e-08
11,3-back,F8,19,4.059713574755673e-08
11,3-back,F8,20,2.1529354730810995e-08
11,3-back,F8,21,3.0162786458056904e-08
11,3-back,F8,22,4.27736593077276e-08
11,3-back,F8,23,1.7130564060456123e-08
11,3-back,F8,24,5.129925129468131e-08
11,3-back,F8,25,5.561017264445533e-08
11,3-back,F8,26,2.9532478697763295e-08
11,3-back,F8,27,2.076513341673932e-08
11,3-back,F8,28,1.9469678678235965e-08
11,3-back,F8,29,3.965805774532244e-08
11,3-back,F8,30,1.7280456457420185e-08
11,3-back,Fz,1,3.034453613703208e-08
11,3-back,Fz,2,5.4476090071542844e-08
11,3-back,Fz,3,3.755326419581752e-08
11,3-back,Fz,4,1.6333994818611892e-08
11,3-back,Fz,5,2.1720457811820112e-08
11,3-back,Fz,6,4.100003558932332e-08
11,3-back,Fz,7,2.7777640695876884e-08
11,3-back,Fz,8,2.8058777256004904e-08
11,3-back,Fz,9,2.443164357160333e-08
11,3-back,Fz,10,7.015434166371927e-08
11,3-back,Fz,11,3.042959259647789e-08
11,3-back,Fz,12,4.263629560086732e-08
11,3-back,Fz,13,9.929724365938276e-08
11,3-back,Fz,14,6.024787484039298e-08
11,3-back,Fz,15,1.9373513257567726e-08
11,3-back,Fz,16,3.975107638746185e-08
11,3-back,Fz,17,3.2116105346038573e-08
11,3-back,Fz,18,1.8882362310329346e-08
11,3-back,Fz,19,2.1694627574509216e-08
11,3-back,Fz,20,2.9093242597448087e-08
11,3-back,Fz,21,2.9414962230896645e-08
11,3-back,Fz,22,2.8771542764058507e-08
11,3-back,Fz,23,1.6254329577064333e-08
11,3-back,Fz,24,4.870037432201597e-08
11,3-back,Fz,25,5.2489148363146095e-08
11,3-back,Fz,26,2.7198894177547228e-08
11,3-back,Fz,27,3.0903807775551e-08
11,3-back,Fz,28,2.616459200059348e-08
11,3-back,Fz,29,4.7885775114196546e-08
11,3-back,Fz,30,2.5885558821890418e-08
11,4-back,F3,1,2.2299222078722787e-08
11,4-back,F3,2,2.1565931419687108e-08
11,4-back,F3,3,1.3316523153053314e-08
11,4-back,F3,4,1.0547137335252953e-08
11,4-back,F3,5,3.409473812518484e-08
11,4-back,F3,6,1.4455098244028994e-08
11,4-back,F3,7,4.535942586588567e-08
11,4-back,F3,8,1.5932433538370812e-08
11,4-back,F3,9,2.686862207311143e-08
11,4-back,F3,10,3.0893767800299784e-08
11,4-back,F3,11,1.579594479662736e-08
11,4-back,F3,12,2.8687850334506635e-08
11,4-back,F3,13,3.435161124426995e-08
11,4-back,F3,14,3.306062038375327e-08
11,4-back,F3,15,1.9965199361692125e-08
11,4-back,F3,16,3.6966021706548e-08
11,4-back,F3,17,2.2444711014529673e-08
11,4-back,F3,18,1.833889186434686e-08
11,4-back,F3,19,9.11847738310206e-09
11,4-back,F3,20,2.548912637496448e-08
11,4-back,F3,21,2.293541866731824e-08
11,4-back,F3,22,1.1436828818507195e-08
11,4-back,F3,23,2.0005617581175723e-08
11,4-back,F3,24,2.792536815296649e-08
11,4-back,F3,25,1.4778690712237932e-08
11,4-back,F3,26,1.633116251485137e-08
11,4-back,F3,27,1.5232321193735288e-08
11,4-back,F3,28,1.0076750724690329e-08
11,4-back,F3,29,1.3768489160491351e-08
11,4-back,F3,30,1.0361530310124747e-08
11,4-back,F3,31,2.6389869255560648e-08
11,4-back,F3,32,1.3160752802694625e-08
11,4-back,F3,33,1.3779484485581535e-08
11,4-back,F3,34,6.671461615146811e-08
11,4-back,F3,35,2.8105953922599147e-08
11,4-back,F3,36,2.2483615947861967e-08
11,4-back,F3,37,2.621072796765403e-08
11,4-back,F3,38,2.0708482722006256e-08
11,4-back,F3,39,1.4786548788652456e-08
11,4-back,F3,40,1.2469599095061283e-08
11,4-back,F3,41,2.4487135811187816e-08
11,4-back,F3,42,1.1307632364634614e-08
11,4-back,F4,1,1.9304545001497313e-08
11,4-back,F4,2,2.0462298473424744e-08
11,4-back,F4,3,1.2887879311000565e-08
11,4-back,F4,4,2.0331535993716836e-08
11,4-back,F4,5,5.218543294007307e-08
11,4-back,F4,6,1.8962583114371592e-08
11,4-back,F4,7,4.872270743108654e-08
11,4-back,F4,8,1.756129265908613e-08
11,4-back,F4,9,5.097158451638624e-08
11,4-back,F4,10,3.218262348366144e-08
11,4-back,F4,11,2.0909104458199153e-08
11,4-back,F4,12,3.1080598269283695e-08
11,4-back,F4,13,4.153031535089615e-08
11,4-back,F4,14,3.388705717041788e-08
11,4-back,F4,15,1.5780321128431956e-08
11,4-back,F4,16,5.652556830029935e-08
11,4-back,F4,17,3.0712227862796396e-08
11,4-back,F4,18,1.749483123907102e-08
11,4-back,F4,19,1.0326479734710679e-08
11,4-back,F4,20,2.6182868575062835e-08
11,4-back,F4,21,5.09373171037131e-08
11,4-back,F4,22,2.8985229959417664e-08
11,4-back,F4,23,1.4038403485495578e-08
11,4-back,F4,24,2.628122057905917e-08
11,4-back,F4,25,2.910043635815593e-08
11,4-back,F4,26,3.06136545402974e-08
11,4-back,F4,27,1.7843428492681406e-08
11,4-back,F4,28,1.4337424773134022e-08
11,4-back,F4,29,1.275304137241737e-08
11,4-back,F4,30,1.3628332007746988e-08
11,4-back,F4,31,3.0001173518760786e-08
11,4-back,F4,32,2.4369690545758164e-08
11,4-back,F4,33,1.695179494413858e-08
11,4-back,F4,34,7.618102921481269e-08
11,4-back,F4,35,3.521829253391808e-08
11,4-back,F4,36,2.2170110164789623e-08
11,4-back,F4,37,2.396596096001642e-08
11,4-back,F4,38,2.723333056921172e-08
11,4-back,F4,39,2.5457277694912437e-08
11,4-back,F4,40,1.8957659657301588e-08
11,4-back,F4,41,3.499713285312058e-08
11,4-back,F4,42,1.0399609110082769e-08
11,4-back,F7,1,1.2253213037841646e-08
11,4-back,F7,2,9.15667870916532e-09
11,4-back,F7,3,8.129370281047537e-09
11,4-back,F7,4,7.607151648592163e-09
11,4-back,F7,5,1.3803618280510025e-08
11,4-back,F7,6,8.43824220885338e-09
11,4-back,F7,7,4.195809588565432e-08
11,4-back,F7,8,5.095339734999121e-09
11,4-back,F7,9,1.4711666510548546e-08
11,4-back,F7,10,2.101246233634998e-08
11,4-back,F7,11,6.968888010986597e-09
11,4-back,F7,12,1.0459340110248267e-08
11,4-back,F7,13,2.5631830722436617e-08
11,4-back,F7,14,2.562662510679338e-08
11,4-back,F7,15,1.5598415774622968e-08
11,4-back,F7,16,1.831301310397249e-08
11,4-back,F7,17,8.481219121294822e-09
11,4-back,F7,18,1.1785171601620704e-08
11,4-back,F7,19,4.935512834502445e-09
11,4-back,F7,20,6.6527185233639154e-09
11,4-back,F7,21,1.747276662242075e-08
11,4-back,F7,22,3.409851828861824e-09
11,4-back,F7,23,1.1806135908206185e-08
11,4-back,F7,24,2.4468973058108052e-08
11,4-back,F7,25,4.704437076302038e-09
11,4-back,F7,26,8.131217391249013e-09
11,4-back,F7,27,5.5717585748670495e-09
11,4-back,F7,28,4.6787164639622775e-09
11,4-back,F7,29,5.416976558261987e-09
11,4-back,F7,30,3.152560728296915e-09
11,4-back,F7,31,1.2178061441268373e-08
11,4-back,F7,32,1.1452003966372389e-08
11,4-back,F7,33,6.635808354306448e-09
11,4-back,F7,34,5.247917014236708e-08
11,4-back,F7,35,1.6924777808610755e-08
11,4-back,F7,36,1.4756928151968695e-08
11,4-back,F7,37,1.1458595291318202e-08
11,4-back,F7,38,1.1997141365645457e-08
11,4-back,F7,39,6.1167128299334484e-09
11,4-back,F7,40,6.366763701415758e-09
11,4-back,F7,41,6.777633771920142e-09
11,4-back,F7,42,6.01054543591612e-09
11,4-back,F8,1,1.3748477743154742e-08
11,4-back,F8,2,1.3491860154007335e-08
11,4-back,F8,3,1.2141505083601568e-08
11,4-back,F8,4,1.2052272020790596e-08
11,4-back,F8,5,3.572318663562903e-08
11,4-back,F8,6,1.7857989027318328e-08
11,4-back,F8,7,4.720278427060363e-08
11,4-back,F8,8,1.6117070676438672e-08
11,4-back,F8,9,3.046239203279914e-08
11,4-back,F8,10,3.449359228532278e-08
11,4-back,F8,11,1.0625157364965044e-08
11,4-back,F8,12,1.547628843449502e-08
11,4-back,F8,13,3.951798547095946e-08
11,4-back,F8,14,4.283462066179768e-08
11,4-back,F8,15,2.1088557027040692e-08
11,4-back,F8,16,3.8884251413017384e-08
11,4-back,F8,17,2.7741024100978197e-08
11,4-back,F8,18,1.0580160088596277e-08
11,4-back,F8,19,1.1985152453070404e-08
11,4-back,F8,20,1.4484405307791159e-08
11,4-back,F8,21,4.6075761611795865e-08
11,4-back,F8,22,2.3782713385329932e-08
11,4-back,F8,23,1.8182319732776778e-08
11,4-back,F8,24,3.0133083165305507e-08
11,4-back,F8,25,1.914172481004907e-08
11,4-back,F8,26,4.216938405530884e-08
11,4-back,F8,27,1.8861302663038978e-08
11,4-back,F8,28,1.3151611678572634e-08
11,4-back,F8,29,1.0609954127077622e-08
11,4-back,F8,30,1.0900610131030573e-08
11,4-back,F8,31,1.9717803614479415e-08
11,4-back,F8,32,3.443218389216273e-08
11,4-back,F8,33,1.5468091624655765e-08
11,4-back,F8,34,7.221907813434243e-08
11,4-back,F8,35,4.8635783442601436e-08
11,4-back,F8,36,2.6649026137979934e-08
11,4-back,F8,37,1.5280313107026933e-08
11,4-back,F8,38,1.554845867489666e-08
11,4-back,F8,39,2.0735881094461544e-08
11,4-back,F8,40,1.0180026446676522e-08
11,4-back,F8,41,2.023641980484902e-08
11,4-back,F8,42,6.340404904038055e-09
11,4-back,Fz,1,3.4042836756566854e-08
11,4-back,Fz,2,4.1360894614900823e-08
11,4-back,Fz,3,1.3119495298004963e-08
11,4-back,Fz,4,1.7077126664113885e-08
11,4-back,Fz,5,5.956231045315316e-08
11,4-back,Fz,6,1.7954265373082906e-08
11,4-back,Fz,7,5.3313456431343894e-08
11,4-back,Fz,8,1.4225875325635296e-08
11,4-back,Fz,9,5.363160922001732e-08
11,4-back,Fz,10,3.9092842211911014e-08
11,4-back,Fz,11,3.4101738912533667e-08
11,4-back,Fz,12,3.3975178159296347e-08
11,4-back,Fz,13,3.944196359671808e-08
11,4-back,Fz,14,3.725714288548498e-08
11,4-back,Fz,15,2.218050103574123e-08
11,4-back,Fz,16,5.8006144233322924e-08
11,4-back,Fz,17,5.100506437476435e-08
11,4-back,Fz,18,2.6620205022648224e-08
11,4-back,Fz,19,1.7019831968315577e-08
11,4-back,Fz,20,3.3382543163752206e-08
11,4-back,Fz,21,4.481897271437147e-08
11,4-back,Fz,22,2.8471532104015522e-08
11,4-back,Fz,23,2.4319768579528674e-08
11,4-back,Fz,24,2.8764657938190775e-08
11,4-back,Fz,25,3.7829519890019655e-08
11,4-back,Fz,26,3.093820265849321e-08
11,4-back,Fz,27,2.2481687549335216e-08
11,4-back,Fz,28,1.547951425689622e-08
11,4-back,Fz,29,1.9709352140170537e-08
11,4-back,Fz,30,2.0798893660939827e-08
11,4-back,Fz,31,4.3413047546913846e-08
11,4-back,Fz,32,2.1863805439596008e-08
11,4-back,Fz,33,1.7552098486380578e-08
11,4-back,Fz,34,7.620996698930738e-08
11,4-back,Fz,35,4.988043141349489e-08
11,4-back,Fz,36,2.884720969330741e-08
11,4-back,Fz,37,3.886644207822282e-08
11,4-back,Fz,38,3.641157474518638e-08
11,4-back,Fz,39,2.386761485347862e-08
11,4-back,Fz,40,2.0028886159784944e-08
11,4-back,Fz,41,3.438266323378826e-08
11,4-back,Fz,42,5.061556557097458e-08
12,1-back,F3,1,7.238457075845859e-08
12,1-back,F3,2,8.580260416402785e-08
12,1-back,F3,3,8.565674221092645e-08
12,1-back,F3,4,8.278885501848913e-08
12,1-back,F3,5,3.3896481827914526e-08
12,1-back,F3,6,1.227025423852635e-07
12,1-back,F3,7,8.898810071091773e-08
12,1-back,F3,8,7.250642668415485e-08
12,1-back,F3,9,3.135121549703193e-08
12,1-back,F3,10,3.779390620226982e-08
12,1-back,F3,11,4.334613371878398e-08
12,1-back,F3,12,6.44870784068623e-08
12,1-back,F3,13,3.5998825610930326e-08
12,1-back,F3,14,8.573439061161949e-08
12,1-back,F3,15,3.028379738032689e-08
12,1-back,F3,16,8.816521144781103e-08
12,1-back,F3,17,1.71839837815278e-07
12,1-back,F4,1,3.4857685320536354e-08
12,1-back,F4,2,3.0470127978380293e-08
12,1-back,F4,3,7.709546741418413e-08
12,1-back,F4,4,7.693437055679664e-08
12,1-back,F4,5,1.754575424354523e-08
12,1-back,F4,6,7.207462492457483e-08
12,1-back,F4,7,6.762182449629372e-08
12,1-back,F4,8,5.193100833670677e-08
12,1-back,F4,9,2.539422985787279e-08
12,1-back,F4,10,5.676843834442715e-08
12,1-back,F4,11,4.342344995214229e-08
12,1-back,F4,12,4.914594211406147e-08
12,1-back,F4,13,2.0937023447308916e-08
12,1-back,F4,14,4.0317220709493875e-08
12,1-back,F4,15,2.4670556235479752e-08
12,1-back,F4,16,1.0505948836659486e-07
12,1-back,F4,17,7.602477928239169e-08
12,1-back,F7,1,3.3269153886016134e-08
12,1-back,F7,2,2.7231333022877173e-08
12,1-back,F7,3,7.398485959580737e-08
12,1-back,F7,4,1.2062630661591282e-07
12,1-back,F7,5,1.7538569038642564e-08
12,1-back,F7,6,1.2400702682186926e-07
12,1-back,F7,7,3.8591960442378256e-08
12,1-back,F7,8,9.580666476379856e-08
12,1-back,F7,9,3.434636225475733e-08
12,1-back,F7,10,1.8550944656028762e-08
12,1-back,F7,11,1.6356320395370075e-08
12,1-back,F7,12,9.725081015399097e-08
12,1-back,F7,13,1.771366409526261e-08
12,1-back,F7,14,2.772406170402377e-08
12,1-back,F7,15,6.4884534628917196e-09
12,1-back,F7,16,8.232724340984952e-08
12,1-back,F7,17,2.6145319473375346e-07
12,1-back,F8,1,5.402474277302479e-08
12,1-back,F8,2,1.3585769808410686e-08
12,1-back,F8,3,5.972595968788236e-08
12,1-back,F8,4,1.268968521154698e-07
12,1-back,F8,5,1.2960662176626841e-08
12,1-back,F8,6,9.597460021010638e-08
12,1-back,F8,7,4.211306666092312e-08
12,1-back,F8,8,7.692626670019589e-08
12,1-back,F8,9,1.759946181460228e-08
12,1-back,F8,10,2.967966639619443e-08
12,1-back,F8,11,2.2278954265163743e-08
12,1-back,F8,12,7.71933740311271e-08
12,1-back,F8,13,1.1091739141299587e-08
12,1-back,F8,14,2.6994504545984327e-08
12,1-back,F8,15,2.3778492853099898e-08
12,1-back,F8,16,8.931213930410615e-08
12,1-back,F8,17,1.5242928340221088e-07
12,1-back,Fz,1,4.85826744670966e-08
12,1-back,Fz,2,4.168963696584853e-08
12,1-back,Fz,3,8.913342225893964e-08
12,1-back,Fz,4,9.20515208007651e-08
12,1-back,Fz,5,2.7109993056372984e-08
12,1-back,Fz,6,8.226655772167959e-08
12,1-back,Fz,7,6.040494307269756e-08
12,1-back,Fz,8,5.9014052897742724e-08
12,1-back,Fz,9,2.8676709880406187e-08
12,1-back,Fz,10,3.777953580805938e-08
12,1-back,Fz,11,4.423595063804663e-08
12,1-back,Fz,12,4.8728530967764274e-08
12,1-back,Fz,13,4.14141637477687e-08
12,1-back,Fz,14,4.112792768900275e-08
12,1-back,Fz,15,2.43482969061092e-08
12,1-back,Fz,16,8.770591361300708e-08
12,1-back,Fz,17,1.1905241947926348e-07
12,2-back,F3,1,2.7661904454538697e-08
12,2-back,F3,2,2.253914437699781e-08
12,2-back,F3,3,7.261188360460856e-08
12,2-back,F3,4,7.734653017562826e-08
12,2-back,F3,5,7.169115469804421e-08
12,2-back,F3,6,3.8151865386660836e-08
12,2-back,F3,7,5.777247147356382e-08
12,2-back,F3,8,9.899375227542031e-08
12,2-back,F3,9,4.4695442484791856e-08
12,2-back,F3,10,3.611445359059583e-08
12,2-back,F3,11,3.553642853644948e-08
12,2-back,F3,12,7.590332575074911e-08
12,2-back,F3,13,3.84119329605632e-08
12,2-back,F3,14,1.3697991108511487e-07
12,2-back,F3,15,3.4473149615309686e-08
12,2-back,F3,16,3.4248037992677144e-08
12,2-back,F3,17,2.60647667439551e-08
12,2-back,F3,18,5.069195153915058e-08
12,2-back,F3,19,3.2012570090434954e-08
12,2-back,F3,20,7.265799886360985e-08
12,2-back,F3,21,2.6582793339142917e-08
12,2-back,F3,22,4.3778339967298506e-08
12,2-back,F4,1,2.8177482758133795e-08
12,2-back,F4,2,3.008825562142066e-08
12,2-back,F4,3,6.163527733743369e-08
12,2-back,F4,4,6.095227942226582e-08
12,2-back,F4,5,9.64282690876282e-08
12,2-back,F4,6,4.6573814898803076e-08
12,2-back,F4,7,5.334072937796123e-08
12,2-back,F4,8,7.533016802478307e-08
12,2-back,F4,9,4.012311841202507e-08
12,2-back,F4,10,5.5222295766588515e-08
12,2-back,F4,11,1.9754557220545722e-08
12,2-back,F4,12,7.4891161562829e-08
12,2-back,F4,13,3.046006308512761e-08
12,2-back,F4,14,1.7325049387903833e-07
12,2-back,F4,15,3.9472448213976743e-08
12,2-back,F4,16,3.219608049948574e-08
12,2-back,F4,17,3.372388620786675e-08
12,2-back,F4,18,4.022969438595129e-08
12,2-back,F4,19,2.529819281938911e-08
12,2-back,F4,20,6.67607188271311e-08
12,2-back,F4,21,3.4785793424089394e-08
12,2-back,F4,22,1.7209921875707035e-08
12,2-back,F7,1,1.0748613121418429e-08
12,2-back,F7,2,2.509452063810748e-08
12,2-back,F7,3,5.178234554001614e-08
12,2-back,F7,4,5.706253987463118e-08
12,2-back,F7,5,6.008316078084225e-08
12,2-back,F7,6,4.347875674112619e-08
12,2-back,F7,7,4.086146422768635e-08
12,2-back,F7,8,6.291417548139778e-08
12,2-back,F7,9,2.870664278985348e-08
12,2-back,F7,10,1.907066014209194e-08
12,2-back,F7,11,2.2967140380452592e-08
12,2-back,F7,12,8.295176244600813e-08
12,2-back,F7,13,3.188331316995943e-08
12,2-back,F7,14,2.5710812252325145e-07
12,2-back,F7,15,1.8758557315461613e-08
12,2-back,F7,16,1.8460992085334533e-08
12,2-back,F7,17,1.4338799345694775e-08
12,2-back,F7,18,1.64645129395074e-08
12,2-back,F7,19,8.060491683271713e-09
12,2-back,F7,20,7.659827983889178e-08
12,2-back,F7,21,2.090235744258909e-08
12,2-back,F7,22,3.0343808217832755e-08
12,2-back,F8,1,1.6775140403162717e-08
12,2-back,F8,2,1.4427692777007347e-08
12,2-back,F8,3,6.016929530330373e-08
12,2-back,F8,4,4.713314209731203e-08
12,2-back,F8,5,6.621597170350891e-08
12,2-back,F8,6,2.7448371302138123e-08
12,2-back,F8,7,3.429691230220438e-08
12,2-back,F8,8,8.13633430365116e-08
12,2-back,F8,9,2.7594093691420986e-08
12,2-back,F8,10,2.2871861588761398e-08
12,2-back,F8,11,1.275415015120204e-08
12,2-back,F8,12,8.2176160732734e-08
12,2-back,F8,13,1.4899157172109062e-08
12,2-back,F8,14,1.9435469932906636e-07
12,2-back,F8,15,3.202289268443678e-08
12,2-back,F8,16,1.8495160535895348e-08
12,2-back,F8,17,2.1926706992615594e-08
12,2-back,F8,18,2.3370014117289888e-08
12,2-back,F8,19,1.4818996412972876e-08
12,2-back,F8,20,8.185519512406063e-08
12,2-back,F8,21,1.4803412121042367e-08
12,2-back,F8,22,4.4981913611353614e-08
12,2-back,Fz,1,1.3159878114199622e-08
12,2-back,Fz,2,2.1916785351589905e-08
12,2-back,Fz,3,4.6708421696988316e-08
12,2-back,Fz,4,6.180877995334777e-08
12,2-back,Fz,5,1.026080971896797e-07
12,2-back,Fz,6,3.3774953380707585e-08
12,2-back,Fz,7,6.091082458515195e-08
12,2-back,Fz,8,1.0141177188287226e-07
12,2-back,Fz,9,4.5918326805465665e-08
12,2-back,Fz,10,3.2976584441120126e-08
12,2-back,Fz,11,2.9788349151299213e-08
12,2-back,Fz,12,4.4380387877137853e-08
12,2-back,Fz,13,2.931283972993584e-08
12,2-back,Fz,14,1.3869262300003125e-07
12,2-back,Fz,15,2.5985044571752446e-08
12,2-back,Fz,16,2.7453596889866377e-08
12,2-back,Fz,17,3.048537983563266e-08
12,2-back,Fz,18,4.494416707286036e-08
12,2-back,Fz,19,1.876694891840095e-08
12,2-back,Fz,20,6.71673552979759e-08
12,2-back,Fz,21,2.415211918713047e-08
12,2-back,Fz,22,1.9838457052339657e-08
12,3-back,F3,1,3.194108660690322e-08
12,3-back,F3,2,3.5480703100580894e-08
12,3-back,F3,3,4.633710702758697e-08
12,3-back,F3,4,3.382463688021667e-08
12,3-back,F3,5,5.2506857590188774e-08
12,3-back,F3,6,8.127907932202706e-08
12,3-back,F3,7,7.528007878973425e-08
12,3-back,F4,1,3.206184862767561e-08
12,3-back,F4,2,3.394848217721589e-08
12,3-back,F4,3,4.094261797452016e-08
12,3-back,F4,4,2.3685126018751986e-08
12,3-back,F4,5,2.376931808234049e-08
12,3-back,F4,6,4.52777894280827e-08
12,3-back,F4,7,4.129770710344922e-08
12,3-back,F7,1,2.998549669028179e-08
12,3-back,F7,2,1.7433422899276917e-08
12,3-back,F7,3,1.601933038001417e-08
12,3-back,F7,4,1.834903809934277e-08
12,3-back,F7,5,2.998370403523882e-08
12,3-back,F7,6,7.6006775689636e-08
12,3-back,F7,7,5.8257299958375054e-08
12,3-back,F8,1,1.537637996044393e-08
12,3-back,F8,2,1.2029138663491756e-08
12,3-back,F8,3,2.645710957534083e-08
12,3-back,F8,4,1.9747834797316986e-08
12,3-back,F8,5,2.2920323261247778e-08
12,3-back,F8,6,5.4098862497551596e-08
12,3-back,F8,7,5.928870516103246e-08
12,3-back,Fz,1,3.3235148656845933e-08
12,3-back,Fz,2,2.4343868238362546e-08
12,3-back,Fz,3,4.2105026335171024e-08
12,3-back,Fz,4,2.9256236232481507e-08
12,3-back,Fz,5,1.8702086037205742e-08
12,3-back,Fz,6,3.582583716409041e-08
12,3-back,Fz,7,4.626145892281043e-08
12,4-back,F3,1,1.1473241197524836e-07
12,4-back,F3,2,7.267759335754546e-08
12,4-back,F3,3,1.6376589769386068e-07
12,4-back,F3,4,1.417916774924565e-07
12,4-back,F3,5,1.1500926785825924e-07
12,4-back,F3,6,1.5736285920639453e-07
12,4-back,F3,7,6.113677909584078e-08
12,4-back,F3,8,6.726079728873522e-08
12,4-back,F3,9,6.544266007220467e-08
12,4-back,F3,10,7.494278135245083e-08
12,4-back,F3,11,8.317583930972456e-08
12,4-back,F3,12,1.131535333933928e-07
12,4-back,F3,13,1.527414639677691e-07
12,4-back,F3,14,1.6176869085410685e-07
12,4-back,F3,15,1.1065751810164153e-07
12,4-back,F3,16,7.049498338591393e-08
12,4-back,F3,17,1.1822366976466712e-07
12,4-back,F3,18,1.0880640173879045e-07
12,4-back,F3,19,1.0987592206957754e-07
12,4-back,F3,20,1.1361287475186293e-07
12,4-back,F3,21,4.2972799767526e-08
12,4-back,F3,22,5.0413409074588203e-08
12,4-back,F3,23,1.3385084275284858e-07
12,4-back,F3,24,8.604760310406006e-08
12,4-back,F3,25,2.7666222887701675e-08
12,4-back,F4,1,7.56403016161737e-08
12,4-back,F4,2,5.386470909291534e-08
12,4-back,F4,3,8.919763046216951e-08
12,4-back,F4,4,9.383934575321713e-08
12,4-back,F4,5,1.182033241112964e-07
12,4-back,F4,6,7.873265351467808e-08
12,4-back,F4,7,3.603203235251801e-08
12,4-back,F4,8,3.826281697064403e-08
12,4-back,F4,9,5.833456694794182e-08
12,4-back,F4,10,5.027950783221299e-08
12,4-back,F4,11,6.98325626656821e-08
12,4-back,F4,12,7.7328823194454e-08
12,4-back,F4,13,1.2073131474762116e-07
12,4-back,F4,14,1.0176360371089453e-07
12,4-back,F4,15,1.1077724608457748e-07
12,4-back,F4,16,1.0744072763239451e-07
12,4-back,F4,17,7.547585814580561e-08
12,4-back,F4,18,7.196863656965107e-08
12,4-back,F4,19,6.354733603049274e-08
12,4-back,F4,20,1.101958257242725e-07
12,4-back,F4,21,3.689986585247137e-08
12,4-back,F4,22,2.2657633162815084e-08
12,4-back,F4,23,1.2427650888168304e-07
12,4-back,F4,24,4.126583782685633e-08
12,4-back,F4,25,2.435219181367465e-08
12,4-back,F7,1,1.1232744067414568e-07
12,4-back,F7,2,8.723806874874635e-08
12,4-back,F7,3,1.568554375959677e-07
12,4-back,F7,4,1.2552615425362412e-07
12,4-back,F7,5,1.723769978691406e-07
12,4-back,F7,6,1.270066009340094e-07
12,4-back,F7,7,1.0148245839105226e-08
12,4-back,F7,8,1.6075335690070136e-08
12,4-back,F7,9,7.874402355473809e-08
12,4-back,F7,10,6.370141327977236e-08
12,4-back,F7,11,1.0241622118251876e-07
12,4-back,F7,12,1.8148455238388015e-07
12,4-back,F7,13,1.2605906104477203e-07
12,4-back,F7,14,2.0016172462300954e-07
12,4-back,F7,15,2.027589310060494e-07
12,4-back,F7,16,9.200712352130424e-08
12,4-back,F7,17,8.184645785977373e-08
12,4-back,F7,18,8.522303826360506e-08
12,4-back,F7,19,1.463395816704026e-07
12,4-back,F7,20,8.417162528823518e-08
12,4-back,F7,21,1.26965852448591e-08
12,4-back,F7,22,1.1626771777545905e-08
12,4-back,F7,23,2.0309069069064035e-07
12,4-back,F7,24,5.8035895593097486e-08
12,4-back,F7,25,4.372465363184939e-09
12,4-back,F8,1,6.776492849542878e-08
12,4-back,F8,2,7.096136693271674e-08
12,4-back,F8,3,1.3138778741693805e-07
12,4-back,F8,4,1.3356494695231497e-07
12,4-back,F8,5,1.4036197538887697e-07
12,4-back,F8,6,8.955665395893164e-08
12,4-back,F8,7,1.64970581449841e-08
12,4-back,F8,8,1.9571136276415902e-08
12,4-back,F8,9,8.633934568254223e-08
12,4-back,F8,10,6.140977507668845e-08
12,4-back,F8,11,9.477253668647709e-08
12,4-back,F8,12,1.0589643630454051e-07
12,4-back,F8,13,1.1062409355701e-07
12,4-back,F8,14,1.3996232399427962e-07
12,4-back,F8,15,1.2012672729683525e-07
12,4-back,F8,16,6.699808609739857e-08
12,4-back,F8,17,8.196956948064134e-08
12,4-back,F8,18,9.919547554288177e-08
12,4-back,F8,19,6.679100322918527e-08
12,4-back,F8,20,8.810880750789216e-08
12,4-back,F8,21,1.802547668923449e-08
12,4-back,F8,22,9.392992594988615e-09
12,4-back,F8,23,1.5794014580474503e-07
12,4-back,F8,24,4.938167580558348e-08
12,4-back,F8,25,4.9003311543972935e-09
12,4-back,Fz,1,8.647261809578585e-08
12,4-back,Fz,2,6.842591106149732e-08
12,4-back,Fz,3,9.201590171091129e-08
12,4-back,Fz,4,7.930660513217688e-08
12,4-back,Fz,5,1.1327481439113491e-07
12,4-back,Fz,6,1.1056772973503323e-07
12,4-back,Fz,7,2.0825873421948953e-08
12,4-back,Fz,8,4.5435386099942556e-08
12,4-back,Fz,9,6.496673293570476e-08
12,4-back,Fz,10,3.85711976831476e-08
12,4-back,Fz,11,1.0978517754538639e-07
12,4-back,Fz,12,1.016765228215162e-07
12,4-back,Fz,13,1.3776727006904175e-07
12,4-back,Fz,14,1.2109605075425844e-07
12,4-back,Fz,15,1.0378849842443318e-07
12,4-back,Fz,16,6.829767447716513e-08
12,4-back,Fz,17,6.241852065035999e-08
12,4-back,Fz,18,6.530428074554123e-08
12,4-back,Fz,19,7.025030557273642e-08
12,4-back,Fz,20,6.715347905545225e-08
12,4-back,Fz,21,4.568749498806909e-08
12,4-back,Fz,22,1.9473467977390135e-08
12,4-back,Fz,23,1.1006215687997106e-07
12,4-back,Fz,24,6.021777792840849e-08
12,4-back,Fz,25,2.1139022935957353e-08
13,1-back,F3,1,3.552355820519692e-08
13,1-back,F3,2,3.8083715067116466e-08
13,1-back,F3,3,3.8995303590068e-08
13,1-back,F3,4,3.3090767161218484e-08
13,1-back,F3,5,2.4340971806435274e-08
13,1-back,F3,6,2.6130792840525806e-08
13,1-back,F3,7,3.726357742712872e-08
13,1-back,F3,8,2.5914122085021596e-08
13,1-back,F3,9,5.7186587299743233e-08
13,1-back,F3,10,7.608021767714208e-08
13,1-back,F3,11,3.107497364773592e-08
13,1-back,F3,12,3.0688826619399455e-08
13,1-back,F3,13,9.686262952215929e-08
13,1-back,F3,14,5.1233828200796657e-08
13,1-back,F3,15,2.1135610225918e-08
13,1-back,F3,16,2.2759842365268796e-08
13,1-back,F3,17,5.534550224112298e-08
13,1-back,F3,18,2.635048652220575e-08
13,1-back,F3,19,1.9956718787822655e-08
13,1-back,F3,20,5.399162332751157e-08
13,1-back,F3,21,4.983253275946848e-08
13,1-back,F3,22,3.760591999099664e-08
13,1-back,F3,23,1.883392864012439e-08
13,1-back,F3,24,7.287389290712603e-08
13,1-back,F3,25,4.259225166774328e-08
13,1-back,F3,26,5.2510292393377564e-08
13,1-back,F3,27,7.306813594771192e-08
13,1-back,F3,28,4.655649126739746e-08
13,1-back,F3,29,3.709042653793142e-08
13,1-back,F3,30,7.275321269952014e-08
13,1-back,F3,31,3.716468647792117e-08
13,1-back,F3,32,3.8762700090792374e-08
13,1-back,F3,33,2.0185073476465395e-08
13,1-back,F3,34,1.921038143140215e-08
13,1-back,F3,35,5.122648681796091e-08
13,1-back,F3,36,2.2609170950587326e-08
13,1-back,F3,37,3.6530509508392236e-08
13,1-back,F3,38,2.545467394454212e-08
13,1-back,F3,39,3.193167397207519e-08
13,1-back,F3,40,2.547647933736398e-08
13,1-back,F3,41,2.106871589608012e-08
13,1-back,F3,42,2.971137304327315e-08
13,1-back,F3,43,4.104130906289151e-08
13,1-back,F3,44,3.968907065477639e-08
13,1-back,F3,45,7.458568533232673e-08
13,1-back,F3,46,7.520796715080644e-08
13,1-back,F3,47,2.0464625318839697e-08
13,1-back,F3,48,3.865921008091734e-08
13,1-back,F3,49,3.404577467073893e-08
13,1-back,F3,50,3.658324857310537e-08
13,1-back,F3,51,4.4330797869309126e-08
13,1-back,F3,52,2.743257294069633e-08
13,1-back,F3,53,3.9677908903245194e-08
13,1-back,F3,54,2.2359141728253104e-08
13,1-back,F3,55,5.951339654450182e-08
13,1-back,F3,56,1.1426059637609e-07
13,1-back,F3,57,4.603989298505943e-08
13,1-back,F3,58,4.232024713727048e-08
13,1-back,F3,59,1.3195187893582685e-08
13,1-back,F4,1,1.5113780681375426e-08
13,1-back,F4,2,4.1089399639682865e-08
13,1-back,F4,3,3.7428483940387513e-08
13,1-back,F4,4,2.6061896560131402e-08
13,1-back,F4,5,3.087051626127745e-08
13,1-back,F4,6,3.3441168050903294e-08
13,1-back,F4,7,2.9313396821977808e-08
13,1-back,F4,8,2.7955340495782268e-08
13,1-back,F4,9,2.6160764368583564e-08
13,1-back,F4,10,7.248124167390424e-08
13,1-back,F4,11,5.32513317363727e-08
13,1-back,F4,12,2.492812321728673e-08
13,1-back,F4,13,7.466356949756008e-08
13,1-back,F4,14,4.7171693407595734e-08
13,1-back,F4,15,1.925663381228677e-08
13,1-back,F4,16,1.8702260864310915e-08
13,1-back,F4,17,4.2154665365592984e-08
13,1-back,F4,18,3.354336198471606e-08
13,1-back,F4,19,1.6015248447950033e-08
13,1-back,F4,20,3.221255248754936e-08
13,1-back,F4,21,3.732549812249202e-08
13,1-back,F4,22,3.2303113030626125e-08
13,1-back,F4,23,1.3308133679833244e-08
13,1-back,F4,24,5.169269076845949e-08
13,1-back,F4,25,2.7903545421997883e-08
13,1-back,F4,26,2.879851532001612e-08
13,1-back,F4,27,4.4986216012186745e-08
13,1-back,F4,28,2.6202099456740372e-08
13,1-back,F4,29,3.599400427506853e-08
13,1-back,F4,30,4.729043331539164e-08
13,1-back,F4,31,3.3527498601709395e-08
13,1-back,F4,32,3.729923047192644e-08
13,1-back,F4,33,2.125751206845727e-08
13,1-back,F4,34,3.1077155472414317e-08
13,1-back,F4,35,3.441267150897813e-08
13,1-back,F4,36,2.860819403182667e-08
13,1-back,F4,37,4.4847227216206074e-08
13,1-back,F4,38,2.7889116386399056e-08
13,1-back,F4,39,2.705242186824986e-08
13,1-back,F4,40,3.568019470074755e-08
13,1-back,F4,41,2.7048529207160692e-08
13,1-back,F4,42,4.1701123887186677e-08
13,1-back,F4,43,3.129802724210307e-08
13,1-back,F4,44,4.968441824122845e-08
13,1-back,F4,45,6.548996233145266e-08
13,1-back,F4,46,6.451891709181583e-08
13,1-back,F4,47,1.9422978093478305e-08
13,1-back,F4,48,3.964262822930067e-08
13,1-back,F4,49,4.098123062818625e-08
13,1-back,F4,50,3.4549928615511505e-08
13,1-back,F4,51,2.25397736461398e-08
13,1-back,F4,52,3.150550188344706e-08
13,1-back,F4,53,2.5839978127339672e-08
13,1-back,F4,54,2.5764800465161813e-08
13,1-back,F4,55,7.837744832734431e-08
13,1-back,F4,56,9.872905353502928e-08
13,1-back,F4,57,6.271901659434996e-08
13,1-back,F4,58,4.251335602255419e-08
13,1-back,F4,59,1.7812191446105e-08
13,1-back,F7,1,2.3204327867596216e-08
13,1-back,F7,2,2.2781542526051947e-08
13,1-back,F7,3,2.1735221923286417e-08
13,1-back,F7,4,1.4594943872697782e-08
13,1-back,F7,5,1.1926021083320315e-08
13,1-back,F7,6,2.070103438540772e-08
13,1-back,F7,7,3.6790436965528284e-08
13,1-back,F7,8,2.4822538452046256e-08
13,1-back,F7,9,3.123823389625348e-08
13,1-back,F7,10,3.944276084428603e-08
13,1-back,F7,11,2.6842731256569133e-08
13,1-back,F7,12,2.2657786336960077e-08
13,1-back,F7,13,6.228012077208637e-08
13,1-back,F7,14,2.382890559383031e-08
13,1-back,F7,15,1.1887335828544769e-08
13,1-back,F7,16,1.8868451192507182e-08
13,1-back,F7,17,3.923409177510797e-08
13,1-back,F7,18,2.9061379975155336e-08
13,1-back,F7,19,1.707968298495025e-08
13,1-back,F7,20,5.7915309258000103e-08
13,1-back,F7,21,3.605290992623855e-08
13,1-back,F7,22,2.174013910996826e-08
13,1-back,F7,23,1.750829985438093e-08
13,1-back,F7,24,3.3889533483701984e-08
13,1-back,F7,25,1.95773161587788e-08
13,1-back,F7,26,3.340355406907827e-08
13,1-back,F7,27,9.097107642527466e-08
13,1-back,F7,28,3.609124643674728e-08
13,1-back,F7,29,3.494098658083789e-08
13,1-back,F7,30,4.869412857094158e-08
13,1-back,F7,31,4.073632065154298e-08
13,1-back,F7,32,2.203771191484838e-08
13,1-back,F7,33,1.3425512759557112e-08
13,1-back,F7,34,2.1558145924935044e-08
13,1-back,F7,35,5.371646720860438e-08
13,1-back,F7,36,2.07171265585031e-08
13,1-back,F7,37,3.4050229795935963e-08
13,1-back,F7,38,1.7657851398296763e-08
13,1-back,F7,39,4.112374075394835e-08
13,1-back,F7,40,1.3193857585729066e-08
13,1-back,F7,41,1.0818038829256709e-08
13,1-back,F7,42,1.3869726640498266e-08
13,1-back,F7,43,3.057676427647685e-08
13,1-back,F7,44,2.0574395216819953e-08
13,1-back,F7,45,7.198756067438745e-08
13,1-back,F7,46,5.239208635888921e-08
13,1-back,F7,47,1.8534466696533915e-08
13,1-back,F7,48,1.8614495725875663e-08
13,1-back,F7,49,3.197821225186166e-08
13,1-back,F7,50,2.1696374096380833e-08
13,1-back,F7,51,4.299619079250811e-08
13,1-back,F7,52,1.6758061042952088e-08
13,1-back,F7,53,5.3281740152451395e-08
13,1-back,F7,54,1.1901314985532852e-08
13,1-back,F7,55,5.136543519800887e-08
13,1-back,F7,56,1.1349061639584023e-07
13,1-back,F7,57,5.7028960322814534e-08
13,1-back,F7,58,2.9586686285902728e-08
13,1-back,F7,59,1.2123264345538065e-08
13,1-back,F8,1,1.2215574614794883e-08
13,1-back,F8,2,2.263038823148671e-08
13,1-back,F8,3,1.8433501598027748e-08
13,1-back,F8,4,1.3847017419397128e-08
13,1-back,F8,5,2.6794883956576236e-08
13,1-back,F8,6,1.637131575353267e-08
13,1-back,F8,7,1.706968448737191e-08
13,1-back,F8,8,9.074489490307359e-09
13,1-back,F8,9,1.1842828639402577e-08
13,1-back,F8,10,3.5575871770024234e-08
13,1-back,F8,11,1.5830735392577787e-08
13,1-back,F8,12,1.7587264136437866e-08
13,1-back,F8,13,2.4358221581911572e-08
13,1-back,F8,14,2.2002113351767714e-08
13,1-back,F8,15,1.6320669074947296e-08
13,1-back,F8,16,1.3863729204772755e-08
13,1-back,F8,17,2.4514260430139488e-08
13,1-back,F8,18,2.5954115650984193e-08
13,1-back,F8,19,1.5733445556440777e-08
13,1-back,F8,20,2.6287617140154105e-08
13,1-back,F8,21,1.785864217222359e-08
13,1-back,F8,22,1.3136091933731056e-08
13,1-back,F8,23,1.0519402386862369e-08
13,1-back,F8,24,2.1748938206652496e-08
13,1-back,F8,25,1.1739477322344552e-08
13,1-back,F8,26,1.5765730864070956e-08
13,1-back,F8,27,2.5236515149248552e-08
13,1-back,F8,28,1.5553049775981123e-08
13,1-back,F8,29,1.0892000466170878e-08
13,1-back,F8,30,3.3409806058498885e-08
13,1-back,F8,31,1.4928943883290582e-08
13,1-back,F8,32,1.9317324035211233e-08
13,1-back,F8,33,9.8779242489633e-09
13,1-back,F8,34,2.0025536398788413e-08
13,1-back,F8,35,1.489085660728095e-08
13,1-back,F8,36,1.193237939478931e-08
13,1-back,F8,37,2.9354423555040592e-08
13,1-back,F8,38,1.7154184352886415e-08
13,1-back,F8,39,2.119309317539454e-08
13,1-back,F8,40,2.6893332643473567e-08
13,1-back,F8,41,1.643501998127244e-08
13,1-back,F8,42,2.7481400238817593e-08
13,1-back,F8,43,3.564402630480125e-08
13,1-back,F8,44,3.8998556540883815e-08
13,1-back,F8,45,3.4324834781869e-08
13,1-back,F8,46,4.1834403459387083e-08
13,1-back,F8,47,1.0262418917857533e-08
13,1-back,F8,48,1.6616911693382756e-08
13,1-back,F8,49,3.0663112527864246e-08
13,1-back,F8,50,1.5660481765725752e-08
13,1-back,F8,51,3.183964310623478e-08
13,1-back,F8,52,1.658401902154067e-08
13,1-back,F8,53,1.681821997343765e-08
13,1-back,F8,54,1.7121441994363406e-08
13,1-back,F8,55,5.1090508954331646e-08
13,1-back,F8,56,1.1822631864741661e-07
13,1-back,F8,57,2.1310177064120265e-08
13,1-back,F8,58,2.4402500740973268e-08
13,1-back,F8,59,1.2702058242504774e-08
13,1-back,Fz,1,4.4681383200848136e-08
13,1-back,Fz,2,6.755792295405013e-08
13,1-back,Fz,3,6.104751454694598e-08
13,1-back,Fz,4,6.432582676515032e-08
13,1-back,Fz,5,4.3881776464939684e-08
13,1-back,Fz,6,4.4420923124199643e-08
13,1-back,Fz,7,4.2411483610229554e-08
13,1-back,Fz,8,5.685874083249173e-08
13,1-back,Fz,9,7.104431035717653e-08
13,1-back,Fz,10,1.0149790185606899e-07
13,1-back,Fz,11,7.317827641028781e-08
13,1-back,Fz,12,4.189481751019864e-08
13,1-back,Fz,13,1.6295793748304003e-07
13,1-back,Fz,14,8.367076413358205e-08
13,1-back,Fz,15,3.451141592058159e-08
13,1-back,Fz,16,2.8701239834717667e-08
13,1-back,Fz,17,5.753023340838428e-08
13,1-back,Fz,18,4.379607746846435e-08
13,1-back,Fz,19,2.6419650763852256e-08
13,1-back,Fz,20,5.438841311575679e-08
13,1-back,Fz,21,7.052457913912005e-08
13,1-back,Fz,22,6.106835423720926e-08
13,1-back,Fz,23,2.3133871910985575e-08
13,1-back,Fz,24,1.022091946206192e-07
13,1-back,Fz,25,4.974454300071726e-08
13,1-back,Fz,26,5.536516701154669e-08
13,1-back,Fz,27,9.935403805483753e-08
13,1-back,Fz,28,4.7104284145801886e-08
13,1-back,Fz,29,4.6093369373383515e-08
13,1-back,Fz,30,9.123616969407198e-08
13,1-back,Fz,31,4.9918777826660683e-08
13,1-back,Fz,32,5.372449983874214e-08
13,1-back,Fz,33,3.835353705527172e-08
13,1-back,Fz,34,3.5961259643532964e-08
13,1-back,Fz,35,6.209964759494673e-08
13,1-back,Fz,36,4.3513416216947056e-08
13,1-back,Fz,37,5.847598930573279e-08
13,1-back,Fz,38,3.290405770692247e-08
13,1-back,Fz,39,3.3924547980769383e-08
13,1-back,Fz,40,3.3895131712235805e-08
13,1-back,Fz,41,3.1254745549711835e-08
13,1-back,Fz,42,5.861825348701003e-08
13,1-back,Fz,43,4.410440281922591e-08
13,1-back,Fz,44,5.145855509648788e-08
13,1-back,Fz,45,1.0221156074822249e-07
13,1-back,Fz,46,1.0178026557109038e-07
13,1-back,Fz,47,3.088691180735477e-08
13,1-back,Fz,48,7.361785209956953e-08
13,1-back,Fz,49,5.6779584067337904e-08
13,1-back,Fz,50,5.414498847069138e-08
13,1-back,Fz,51,4.357353058889408e-08
13,1-back,Fz,52,4.4607130291343916e-08
13,1-back,Fz,53,4.417000797758874e-08
13,1-back,Fz,54,3.507577768852618e-08
13,1-back,Fz,55,8.555011083475208e-08
13,1-back,Fz,56,1.0543030768588232e-07
13,1-back,Fz,57,5.8266076390863405e-08
13,1-back,Fz,58,7.224105323956381e-08
13,1-back,Fz,59,2.2599953337071648e-08
13,2-back,F3,1,3.739145277472703e-08
13,2-back,F3,2,5.040985272975324e-08
13,2-back,F3,3,5.51992083289431e-08
13,2-back,F3,4,3.623841143409421e-08
13,2-back,F3,5,3.6780851190515126e-08
13,2-back,F3,6,3.464201293103604e-08
13,2-back,F3,7,2.7235180901397834e-08
13,2-back,F3,8,3.654211425097654e-08
13,2-back,F3,9,3.920658183506625e-08
13,2-back,F3,10,4.5571729681856456e-08
13,2-back,F3,11,2.9013138696534754e-08
13,2-back,F3,12,3.870499697960994e-08
13,2-back,F3,13,2.4163187248343677e-08
13,2-back,F3,14,3.190506909061202e-08
13,2-back,F3,15,2.197516553433239e-08
13,2-back,F3,16,4.014430504959967e-08
13,2-back,F3,17,1.4607677206512218e-08
13,2-back,F3,18,2.079656693106379e-08
13,2-back,F3,19,2.4785765711859666e-08
13,2-back,F3,20,4.982216631797788e-08
13,2-back,F3,21,3.885331765009034e-08
13,2-back,F3,22,2.2966701706882562e-08
13,2-back,F3,23,3.217037587642069e-08
13,2-back,F3,24,3.380291500368773e-08
13,2-back,F3,25,3.667498526321573e-08
13,2-back,F3,26,8.454567261167362e-08
13,2-back,F3,27,3.4069751333406644e-08
13,2-back,F3,28,4.840600367667918e-08
13,2-back,F3,29,2.9134280239163364e-08
13,2-back,F3,30,1.930939809579186e-08
13,2-back,F3,31,5.8257605166080464e-08
13,2-back,F3,32,1.8900394089699433e-08
13,2-back,F3,33,3.7973813107973635e-08
13,2-back,F3,34,1.7979619590819034e-08
13,2-back,F3,35,4.1114568815567674e-08
13,2-back,F3,36,5.0544651625696864e-08
13,2-back,F3,37,4.871612471204215e-08
13,2-back,F3,38,4.379085148242867e-08
13,2-back,F3,39,2.1348817335395228e-08
13,2-back,F3,40,1.7978586940930257e-08
13,2-back,F3,41,3.409575846834672e-08
13,2-back,F3,42,3.360652770504339e-08
13,2-back,F3,43,1.591433547944934e-08
13,2-back,F3,44,1.9574345013115625e-08
13,2-back,F3,45,4.011450773904389e-08
13,2-back,F3,46,3.0815368733615586e-08
13,2-back,F3,47,2.191903989827287e-08
13,2-back,F3,48,2.6659960264033228e-08
13,2-back,F3,49,9.74463483695306e-08
13,2-back,F3,50,1.1602517849327146e-07
13,2-back,F3,51,5.1620092605531246e-08
13,2-back,F3,52,3.771766583449377e-08
13,2-back,F3,53,2.3596112474869488e-08
13,2-back,F3,54,8.648389245456167e-08
13,2-back,F3,55,2.4443197121099863e-08
13,2-back,F3,56,6.525661058311035e-08
13,2-back,F3,57,3.807921128117358e-08
13,2-back,F3,58,3.635916152118221e-08
13,2-back,F3,59,3.202819752516465e-08
13,2-back,F3,60,4.973110645531716e-08
13,2-back,F3,61,2.427269597056005e-08
13,2-back,F3,62,3.407076691003606e-08
13,2-back,F4,1,5.6390993164113414e-08
13,2-back,F4,2,2.389520650934127e-08
13,2-back,F4,3,4.007382319755297e-08
13,2-back,F4,4,3.247625924685136e-08
13,2-back,F4,5,3.02201096124228e-08
13,2-back,F4,6,1.912452691362813e-08
13,2-back,F4,7,1.5427942514326776e-08
13,2-back,F4,8,3.237826541023932e-08
13,2-back,F4,9,3.37834816110246e-08
13,2-back,F4,10,4.179342498531353e-08
13,2-back,F4,11,4.789246235429657e-08
13,2-back,F4,12,2.8496292182536672e-08
13,2-back,F4,13,1.7389545654667708e-08
13,2-back,F4,14,3.648231938938556e-08
13,2-back,F4,15,2.0004423479552078e-08
13,2-back,F4,16,2.743858423456213e-08
13,2-back,F4,17,1.864415460540968e-08
13,2-back,F4,18,2.2963481747694872e-08
13,2-back,F4,19,2.6346939371917213e-08
13,2-back,F4,20,3.651959919904099e-08
13,2-back,F4,21,4.8934673830728125e-08
13,2-back,F4,22,2.564388986558082e-08
13,2-back,F4,23,5.631320428598798e-08
13,2-back,F4,24,3.269773462056362e-08
13,2-back,F4,25,3.462509061211087e-08
13,2-back,F4,26,6.005025803047222e-08
13,2-back,F4,27,5.5748577888761555e-08
13,2-back,F4,28,5.4380681577647476e-08
13,2-back,F4,29,4.50870919470556e-08
13,2-back,F4,30,2.4768529253732548e-08
13,2-back,F4,31,4.010574301964742e-08
13,2-back,F4,32,2.702455438313192e-08
13,2-back,F4,33,1.8837137253483946e-08
13,2-back,F4,34,3.309708491553516e-08
13,2-back,F4,35,4.177736992477754e-08
13,2-back,F4,36,5.1650597555389694e-08
13,2-back,F4,37,4.816427608856232e-08
13,2-back,F4,38,4.769636795757714e-08
13,2-back,F4,39,1.178118578204057e-08
13,2-back,F4,40,4.658743227378851e-08
13,2-back,F4,41,4.413507670633408e-08
13,2-back,F4,42,5.1271482731682536e-08
13,2-back,F4,43,7.313611210639178e-08
13,2-back,F4,44,1.974584391566007e-08
13,2-back,F4,45,2.7064695522962727e-08
13,2-back,F4,46,4.34243381234208e-08
13,2-back,F4,47,3.0854140029449686e-08
13,2-back,F4,48,3.932089728084063e-08
13,2-back,F4,49,7.066603671219274e-08
13,2-back,F4,50,1.1789740790605015e-07
13,2-back,F4,51,4.8488635561815677e-08
13,2-back,F4,52,3.3428393726224876e-08
13,2-back,F4,53,3.303996086709418e-08
13,2-back,F4,54,7.932040358204043e-08
13,2-back,F4,55,1.9918973676941935e-08
13,2-back,F4,56,4.1071877565347134e-08
13,2-back,F4,57,2.7383137367778624e-08
13,2-back,F4,58,3.564126472226377e-08
13,2-back,F4,59,4.463590167504798e-08
13,2-back,F4,60,4.3220351554128056e-08
13,2-back,F4,61,2.0265667854894486e-08
13,2-back,F4,62,3.930462053004886e-08
13,2-back,F7,1,2.5029520002700707e-08
13,2-back,F7,2,1.9208147351472185e-08
13,2-back,F7,3,2.2385795982853122e-08
13,2-back,F7,4,2.05686435119828e-08
13,2-back,F7,5,2.8810264528490844e-08
13,2-back,F7,6,2.0002795431542162e-08
13,2-back,F7,7,1.716150959229903e-08
13,2-back,F7,8,6.087758271908857e-08
13,2-back,F7,9,3.5577093143071e-08
13,2-back,F7,10,2.6245493630372024e-08
13,2-back,F7,11,1.1121915116719566e-08
13,2-back,F7,12,1.798131953071797e-08
13,2-back,F7,13,2.115308204434454e-08
13,2-back,F7,14,2.634985636380183e-08
13,2-back,F7,15,1.7906047037288002e-08
13,2-back,F7,16,2.413046131357133e-08
13,2-back,F7,17,1.8618040130534892e-08
13,2-back,F7,18,3.21729932759874e-08
13,2-back,F7,19,1.915042884613435e-08
13,2-back,F7,20,2.766992241288186e-08
13,2-back,F7,21,1.632454145128596e-08
13,2-back,F7,22,2.076569081481928e-08
13,2-back,F7,23,2.0951477601456192e-08
13,2-back,F7,24,1.8856911110566234e-08
13,2-back,F7,25,2.0881569508707738e-08
13,2-back,F7,26,6.76338028654647e-08
13,2-back,F7,27,2.5093529763491595e-08
13,2-back,F7,28,3.666638139759848e-08
13,2-back,F7,29,1.7838558545195086e-08
13,2-back,F7,30,9.567253278102465e-09
13,2-back,F7,31,7.003279848114105e-08
13,2-back,F7,32,2.2856025650307594e-08
13,2-back,F7,33,2.9770378054032036e-08
13,2-back,F7,34,1.2535171283289826e-08
13,2-back,F7,35,4.3221709623069354e-08
13,2-back,F7,36,6.795304119219664e-08
13,2-back,F7,37,4.801172804859678e-08
13,2-back,F7,38,2.7785264501585487e-08
13,2-back,F7,39,3.354500142044423e-08
13,2-back,F7,40,2.1166075412846168e-08
13,2-back,F7,41,3.599710597193183e-08
13,2-back,F7,42,4.6005483752552906e-08
13,2-back,F7,43,1.72843417184817e-08
13,2-back,F7,44,1.2791319461874014e-08
13,2-back,F7,45,8.629719154336768e-08
13,2-back,F7,46,1.5884484258782532e-08
13,2-back,F7,47,1.4791942729013346e-08
13,2-back,F7,48,1.612207686332231e-08
13,2-back,F7,49,4.786987226470749e-08
13,2-back,F7,50,1.583364995728045e-07
13,2-back,F7,51,3.241177594106276e-08
13,2-back,F7,52,2.1753596199128818e-08
13,2-back,F7,53,1.682980250787817e-08
13,2-back,F7,54,8.972937620982442e-08
13,2-back,F7,55,1.6153115930988976e-08
13,2-back,F7,56,7.724999498223157e-08
13,2-back,F7,57,7.015033723094817e-08
13,2-back,F7,58,4.254092945376159e-08
13,2-back,F7,59,2.8733265200429504e-08
13,2-back,F7,60,2.5321103908599235e-08
13,2-back,F7,61,1.1819728175462096e-08
13,2-back,F7,62,2.4378579600973272e-08
13,2-back,F8,1,3.3671404350530616e-08
13,2-back,F8,2,7.87805852323332e-09
13,2-back,F8,3,2.1202105105250144e-08
13,2-back,F8,4,1.0066602147016338e-08
13,2-back,F8,5,1.7422522516487918e-08
13,2-back,F8,6,9.588903722954249e-09
13,2-back,F8,7,8.162147573404528e-09
13,2-back,F8,8,6.122156520785402e-08
13,2-back,F8,9,1.501685676275036e-08
13,2-back,F8,10,2.1758725183825583e-08
13,2-back,F8,11,2.554117773139508e-08
13,2-back,F8,12,1.591063283044575e-08
13,2-back,F8,13,1.0857722128874191e-08
13,2-back,F8,14,2.0556384952490328e-08
13,2-back,F8,15,1.9311299122202204e-08
13,2-back,F8,16,1.6636455870185733e-08
13,2-back,F8,17,1.5675525010476204e-08
13,2-back,F8,18,2.0414367910546096e-08
13,2-back,F8,19,2.3442041379843093e-08
13,2-back,F8,20,1.598070411068548e-08
13,2-back,F8,21,3.071848054502154e-08
13,2-back,F8,22,1.5317619086723064e-08
13,2-back,F8,23,3.50025984427625e-08
13,2-back,F8,24,1.606356042863705e-08
13,2-back,F8,25,2.241350159927831e-08
13,2-back,F8,26,4.0598164117543904e-08
13,2-back,F8,27,2.0770042380316136e-08
13,2-back,F8,28,3.10704956666844e-08
13,2-back,F8,29,2.953107368835522e-08
13,2-back,F8,30,1.9737667737406314e-08
13,2-back,F8,31,4.001299535178101e-08
13,2-back,F8,32,1.8696790815920015e-08
13,2-back,F8,33,9.349021391388994e-09
13,2-back,F8,34,2.1222940324520853e-08
13,2-back,F8,35,4.7127382333817324e-08
13,2-back,F8,36,5.637127733824917e-08
13,2-back,F8,37,5.617044457038904e-08
13,2-back,F8,38,2.4374968961804384e-08
13,2-back,F8,39,1.025019929629867e-08
13,2-back,F8,40,2.696724709562926e-08
13,2-back,F8,41,2.1982786181659282e-08
13,2-back,F8,42,5.320630866149201e-08
13,2-back,F8,43,3.7015404496823225e-08
13,2-back,F8,44,9.489436215094871e-09
13,2-back,F8,45,2.4191576645582367e-08
13,2-back,F8,46,2.8287554278999168e-08
13,2-back,F8,47,3.5978945856814345e-08
13,2-back,F8,48,2.4336790294861758e-08
13,2-back,F8,49,4.043097420702012e-08
13,2-back,F8,50,1.9138436093862905e-07
13,2-back,F8,51,2.4910527714634424e-08
13,2-back,F8,52,2.082617574600125e-08
13,2-back,F8,53,1.4508919590611823e-08
13,2-back,F8,54,4.939822075140865e-08
13,2-back,F8,55,1.554475120263322e-08
13,2-back,F8,56,4.179112073592759e-08
13,2-back,F8,57,3.050479318507761e-08
13,2-back,F8,58,2.341292308218441e-08
13,2-back,F8,59,3.612968841868247e-08
13,2-back,F8,60,2.0685153284756094e-08
13,2-back,F8,61,9.915239764345988e-09
13,2-back,F8,62,2.0494847411478987e-08
13,2-back,Fz,1,5.744710030231313e-08
13,2-back,Fz,2,5.855630850644604e-08
13,2-back,Fz,3,8.527529211322405e-08
13,2-back,Fz,4,5.8572575635481715e-08
13,2-back,Fz,5,4.840297808236389e-08
13,2-back,Fz,6,3.837199750794477e-08
13,2-back,Fz,7,3.251127814971531e-08
13,2-back,Fz,8,2.4533516023207136e-08
13,2-back,Fz,9,4.574639502175634e-08
13,2-back,Fz,10,7.682547770081517e-08
13,2-back,Fz,11,6.539520581397833e-08
13,2-back,Fz,12,7.856546937168619e-08
13,2-back,Fz,13,4.4386859691652076e-08
13,2-back,Fz,14,5.772181124906666e-08
13,2-back,Fz,15,2.9120430496378873e-08
13,2-back,Fz,16,5.711738048011406e-08
13,2-back,Fz,17,2.3370518948866653e-08
13,2-back,Fz,18,4.087012425128278e-08
13,2-back,Fz,19,2.7314603224427817e-08
13,2-back,Fz,20,7.14783237555726e-08
13,2-back,Fz,21,8.438302909404731e-08
13,2-back,Fz,22,3.9808857220260065e-08
13,2-back,Fz,23,6.715614387352935e-08
13,2-back,Fz,24,5.4058512968912476e-08
13,2-back,Fz,25,7.213286480335267e-08
13,2-back,Fz,26,9.726183014647396e-08
13,2-back,Fz,27,5.1895945893471306e-08
13,2-back,Fz,28,6.514261447288673e-08
13,2-back,Fz,29,4.701719479858669e-08
13,2-back,Fz,30,3.067623771165442e-08
13,2-back,Fz,31,8.443993592935214e-08
13,2-back,Fz,32,3.6723049145981334e-08
13,2-back,Fz,33,4.4522013848264236e-08
13,2-back,Fz,34,3.560027707598924e-08
13,2-back,Fz,35,4.974473555962766e-08
13,2-back,Fz,36,5.19446285751788e-08
13,2-back,Fz,37,5.832637866406249e-08
13,2-back,Fz,38,7.76149657328768e-08
13,2-back,Fz,39,2.7609147556671168e-08
13,2-back,Fz,40,3.6427243430132027e-08
13,2-back,Fz,41,5.866972255219218e-08
13,2-back,Fz,42,4.850351141964535e-08
13,2-back,Fz,43,4.161166989122176e-08
13,2-back,Fz,44,2.9509047152196602e-08
13,2-back,Fz,45,4.7731554606684943e-08
13,2-back,Fz,46,7.067187790016236e-08
13,2-back,Fz,47,3.063756371520173e-08
13,2-back,Fz,48,5.445561755162607e-08
13,2-back,Fz,49,1.3748568944667666e-07
13,2-back,Fz,50,1.1094072569145159e-07
13,2-back,Fz,51,6.786847883891698e-08
13,2-back,Fz,52,5.624390987942256e-08
13,2-back,Fz,53,3.627868108106895e-08
13,2-back,Fz,54,1.0303092797495974e-07
13,2-back,Fz,55,4.687671529792118e-08
13,2-back,Fz,56,7.526802895610493e-08
13,2-back,Fz,57,2.6685057617080044e-08
13,2-back,Fz,58,3.974364081770604e-08
13,2-back,Fz,59,5.8233523774113145e-08
13,2-back,Fz,60,4.9165094229613454e-08
13,2-back,Fz,61,4.824431217581885e-08
13,2-back,Fz,62,4.876840581221012e-08
13,3-back,F3,1,2.1349451156286188e-08
13,3-back,F3,2,2.677254171170363e-08
13,3-back,F3,3,4.378096208154432e-08
13,3-back,F3,4,5.7598508829282565e-08
13,3-back,F3,5,5.5866423289663144e-08
13,3-back,F3,6,4.293757909549557e-08
13,3-back,F3,7,1.3466923659022271e-08
13,3-back,F3,8,2.5827742911070278e-08
13,3-back,F3,9,1.8707367739889293e-08
13,3-back,F3,10,2.3487494282413827e-08
13,3-back,F3,11,2.0602348313294094e-08
13,3-back,F3,12,2.3807629298789265e-08
13,3-back,F3,13,2.2257435903155946e-08
13,3-back,F3,14,5.239054054305219e-08
13,3-back,F3,15,3.160318777790709e-08
13,3-back,F3,16,3.346036773302023e-08
13,3-back,F3,17,3.0904801284686335e-08
13,3-back,F3,18,4.181171872966109e-08
13,3-back,F3,19,2.1508873242641832e-08
13,3-back,F3,20,3.0933641663791026e-08
13,3-back,F3,21,8.175507128658983e-08
13,3-back,F3,22,3.5888160619690735e-08
13,3-back,F3,23,1.881119506663337e-08
13,3-back,F3,24,8.130591806557989e-08
13,3-back,F3,25,5.2469593330746274e-08
13,3-back,F3,26,2.1264109138780594e-08
13,3-back,F3,27,2.3686160386357462e-08
13,3-back,F3,28,2.8659932357066317e-08
13,3-back,F3,29,4.097341471342141e-08
13,3-back,F3,30,7.742844885101834e-08
13,3-back,F3,31,7.454255329094573e-08
13,3-back,F3,32,3.0745328632296344e-08
13,3-back,F3,33,3.125373394074958e-08
13,3-back,F3,34,4.7836005611169606e-08
13,3-back,F3,35,1.1948612934519023e-07
13,3-back,F3,36,7.954906611474847e-08
13,3-back,F3,37,1.5902719213902547e-08
13,3-back,F3,38,1.7276291995189713e-07
13,3-back,F3,39,3.7086787797965786e-08
13,3-back,F3,40,1.3244173785910899e-08
13,3-back,F3,41,2.8830248359600195e-08
13,3-back,F3,42,3.598313347383348e-08
13,3-back,F3,43,5.0435130298095726e-08
13,3-back,F3,44,6.587446781128952e-08
13,3-back,F3,45,3.2508726836436865e-08
13,3-back,F3,46,6.352797671679543e-08
13,3-back,F3,47,4.022880242353966e-08
13,3-back,F3,48,3.700761288921737e-08
13,3-back,F3,49,4.60385096459381e-08
13,3-back,F3,50,4.5741013288540774e-08
13,3-back,F3,51,4.935668709340686e-08
13,3-back,F3,52,4.33649207427483e-08
13,3-back,F4,1,2.1632873999476357e-08
13,3-back,F4,2,1.7932422623139968e-08
13,3-back,F4,3,2.8404175276201298e-08
13,3-back,F4,4,2.360513507970731e-08
13,3-back,F4,5,5.423764129527702e-08
13,3-back,F4,6,2.5854507446514676e-08
13,3-back,F4,7,1.2595801389351129e-08
13,3-back,F4,8,2.1101449266307922e-08
13,3-back,F4,9,2.0471277662238642e-08
13,3-back,F4,10,2.5528775774944886e-08
13,3-back,F4,11,2.8888529740284806e-08
13,3-back,F4,12,2.228454953324513e-08
13,3-back,F4,13,2.7978299724079987e-08
13,3-back,F4,14,3.123988705968665e-08
13,3-back,F4,15,3.889961946851763e-08
13,3-back,F4,16,1.790274215895415e-08
13,3-back,F4,17,2.3574932154557704e-08
13,3-back,F4,18,4.0246284921962904e-08
13,3-back,F4,19,2.604055403011765e-08
13,3-back,F4,20,2.3647181827320136e-08
13,3-back,F4,21,7.404344988682596e-08
13,3-back,F4,22,3.666777303295092e-08
13,3-back,F4,23,2.059861542162518e-08
13,3-back,F4,24,5.998585400054496e-08
13,3-back,F4,25,3.84931296423439e-08
13,3-back,F4,26,1.4133969490819345e-08
13,3-back,F4,27,2.1749932949870894e-08
13,3-back,F4,28,3.7396044113752925e-08
13,3-back,F4,29,3.680409548351603e-08
13,3-back,F4,30,1.3554459718478035e-07
13,3-back,F4,31,4.8034418872871846e-08
13,3-back,F4,32,4.002347839887503e-08
13,3-back,F4,33,3.480610806587014e-08
13,3-back,F4,34,5.083063529829259e-08
13,3-back,F4,35,5.568687095239082e-07
13,3-back,F4,36,1.5844695391085455e-07
13,3-back,F4,37,2.3360174772467063e-08
13,3-back,F4,38,1.4199108242967241e-07
13,3-back,F4,39,4.0925156072202525e-08
13,3-back,F4,40,2.2518673781079253e-08
13,3-back,F4,41,2.3579095382342046e-08
13,3-back,F4,42,2.882588365084677e-08
13,3-back,F4,43,4.1514278703944737e-08
13,3-back,F4,44,5.0774130663387056e-08
13,3-back,F4,45,3.124097614489789e-08
13,3-back,F4,46,1.1512890282141469e-07
13,3-back,F4,47,2.84625241419875e-08
13,3-back,F4,48,5.18426417723427e-08
13,3-back,F4,49,4.7854109652231395e-08
13,3-back,F4,50,2.661737144523603e-07
13,3-back,F4,51,5.025753822894985e-08
13,3-back,F4,52,3.747517578303122e-08
13,3-back,F7,1,1.7898684201023648e-08
13,3-back,F7,2,2.1426402334776556e-08
13,3-back,F7,3,2.123512264576332e-08
13,3-back,F7,4,4.1295847356773793e-08
13,3-back,F7,5,2.759462809138912e-08
13,3-back,F7,6,2.0624096322093884e-08
13,3-back,F7,7,1.495258157610765e-08
13,3-back,F7,8,9.881760669666323e-09
13,3-back,F7,9,1.4292857013925852e-08
13,3-back,F7,10,1.952309350495394e-08
13,3-back,F7,11,3.03723978516859e-08
13,3-back,F7,12,1.9961048500779244e-08
13,3-back,F7,13,1.0375622247934362e-08
13,3-back,F7,14,3.909975852389433e-08
13,3-back,F7,15,2.5583055985477127e-08
13,3-back,F7,16,2.0485806704774862e-08
13,3-back,F7,17,2.0240567079511648e-08
13,3-back,F7,18,5.254708283644086e-08
13,3-back,F7,19,1.1623827754912109e-08
13,3-back,F7,20,4.059055064544161e-08
13,3-back,F7,21,9.178787398259568e-08
13,3-back,F7,22,3.1621006179514496e-08
13,3-back,F7,23,1.4855263301072677e-08
13,3-back,F7,24,3.1568559943049794e-08
13,3-back,F7,25,3.427778312211593e-08
13,3-back,F7,26,2.9134759542294973e-08
13,3-back,F7,27,1.5635456293723127e-08
13,3-back,F7,28,1.6573286815025753e-08
13,3-back,F7,29,2.4809473862269153e-08
13,3-back,F7,30,5.419659376276319e-08
13,3-back,F7,31,6.849076351828411e-08
13,3-back,F7,32,4.551196378286178e-08
13,3-back,F7,33,2.0071405383035672e-08
13,3-back,F7,34,3.903201641995815e-08
13,3-back,F7,35,1.0287250587528175e-07
13,3-back,F7,36,6.846657659566312e-08
13,3-back,F7,37,1.4306542281494787e-08
13,3-back,F7,38,2.4527546932214776e-07
13,3-back,F7,39,1.6470457505876367e-08
13,3-back,F7,40,1.1687718715669338e-08
13,3-back,F7,41,2.136958172551064e-08
13,3-back,F7,42,2.178118131757849e-08
13,3-back,F7,43,6.80034799487416e-08
13,3-back,F7,44,2.3306095024385583e-08
13,3-back,F7,45,2.046618865525385e-08
13,3-back,F7,46,4.6897268806834265e-08
13,3-back,F7,47,2.308541878465407e-08
13,3-back,F7,48,2.761991136312935e-08
13,3-back,F7,49,4.924206525182166e-08
13,3-back,F7,50,3.9141857651707174e-08
13,3-back,F7,51,1.865496586132589e-08
13,3-back,F7,52,2.940694432603044e-08
13,3-back,F8,1,1.0752859549609693e-08
13,3-back,F8,2,1.3003674559247715e-08
13,3-back,F8,3,1.1308689937622644e-08
13,3-back,F8,4,1.8072016181530714e-08
13,3-back,F8,5,2.8447957026717428e-08
13,3-back,F8,6,1.1275824527661055e-08
13,3-back,F8,7,1.042632660015707e-08
13,3-back,F8,8,1.0375471738170615e-08
13,3-back,F8,9,1.1961783983915975e-08
13,3-back,F8,10,1.3934362288778976e-08
13,3-back,F8,11,2.15869392568794e-08
13,3-back,F8,12,1.1685647551603785e-08
13,3-back,F8,13,1.1025717674759818e-08
13,3-back,F8,14,2.046109948690339e-08
13,3-back,F8,15,2.7601616081673505e-08
13,3-back,F8,16,1.291915711004328e-08
13,3-back,F8,17,1.2836818652000785e-08
13,3-back,F8,18,2.2798621924691654e-08
13,3-back,F8,19,1.4606671771918379e-08
13,3-back,F8,20,2.3145199588576282e-08
13,3-back,F8,21,8.276750187641788e-08
13,3-back,F8,22,2.5314068326382758e-08
13,3-back,F8,23,1.5358069402634653e-08
13,3-back,F8,24,2.280766741010908e-08
13,3-back,F8,25,1.8144337871835506e-08
13,3-back,F8,26,1.504060346831326e-08
13,3-back,F8,27,1.1607973393326474e-08
13,3-back,F8,28,2.5986632897261344e-08
13,3-back,F8,29,8.848281435356291e-09
13,3-back,F8,30,5.622580765531975e-08
13,3-back,F8,31,2.6824713884992982e-08
13,3-back,F8,32,3.5174156020341163e-08
13,3-back,F8,33,1.4568448958354753e-08
13,3-back,F8,34,3.993398443333397e-08
13,3-back,F8,35,5.31589085517643e-08
13,3-back,F8,36,7.553800347464114e-08
13,3-back,F8,37,1.5293083639810294e-08
13,3-back,F8,38,1.9756210591186314e-07
13,3-back,F8,39,2.1313218037144708e-08
13,3-back,F8,40,1.2287895002360625e-08
13,3-back,F8,41,2.2524304431042515e-08
13,3-back,F8,42,2.02387943091814e-08
13,3-back,F8,43,2.223316718121846e-08
13,3-back,F8,44,1.884039527417562e-08
13,3-back,F8,45,1.821675782749008e-08
13,3-back,F8,46,4.2925244723181584e-08
13,3-back,F8,47,1.292851269345194e-08
13,3-back,F8,48,2.7583547054641267e-08
13,3-back,F8,49,2.4984267213987544e-08
13,3-back,F8,50,4.020762890847017e-08
13,3-back,F8,51,2.5036809947615793e-08
13,3-back,F8,52,2.40064441666821e-08
13,3-back,Fz,1,2.5077048904995437e-08
13,3-back,Fz,2,2.2660049093834146e-08
13,3-back,Fz,3,5.632820456889964e-08
13,3-back,Fz,4,7.634336461634472e-08
13,3-back,Fz,5,7.269759977148312e-08
13,3-back,Fz,6,4.504749049075146e-08
13,3-back,Fz,7,1.5417722432696266e-08
13,3-back,Fz,8,3.0323349580137506e-08
13,3-back,Fz,9,3.355337977146062e-08
13,3-back,Fz,10,3.582487043153501e-08
13,3-back,Fz,11,4.6275502941226476e-08
13,3-back,Fz,12,3.4526156512625654e-08
13,3-back,Fz,13,4.0789723853004885e-08
13,3-back,Fz,14,4.628066131210977e-08
13,3-back,Fz,15,5.424003269675781e-08
13,3-back,Fz,16,4.2604096336390155e-08
13,3-back,Fz,17,4.082578545921385e-08
13,3-back,Fz,18,4.20509399174401e-08
13,3-back,Fz,19,4.117704570046768e-08
13,3-back,Fz,20,3.985515061059078e-08
13,3-back,Fz,21,7.805764655271953e-08
13,3-back,Fz,22,5.8688449499491163e-08
13,3-back,Fz,23,3.545572998186609e-08
13,3-back,Fz,24,1.3754965839982548e-07
13,3-back,Fz,25,6.984219233161874e-08
13,3-back,Fz,26,2.486155305403457e-08
13,3-back,Fz,27,4.187677763139175e-08
13,3-back,Fz,28,4.6911918949366965e-08
13,3-back,Fz,29,6.668303214258393e-08
13,3-back,Fz,30,5.543507154058852e-08
13,3-back,Fz,31,8.567850373118246e-08
13,3-back,Fz,32,6.0716098354219e-08
13,3-back,Fz,33,3.776269140901904e-08
13,3-back,Fz,34,5.944648999055188e-08
13,3-back,Fz,35,1.809993279004308e-07
13,3-back,Fz,36,9.222385759687044e-08
13,3-back,Fz,37,3.987933613130866e-08
13,3-back,Fz,38,1.1727783978356842e-07
13,3-back,Fz,39,5.8649968323320035e-08
13,3-back,Fz,40,2.731946372760748e-08
13,3-back,Fz,41,4.139761080957043e-08
13,3-back,Fz,42,5.52641505975307e-08
13,3-back,Fz,43,6.71511994790254e-08
13,3-back,Fz,44,1.040248404096257e-07
13,3-back,Fz,45,3.118013051423356e-08
13,3-back,Fz,46,1.0061480182545621e-07
13,3-back,Fz,47,4.3018601979214257e-08
13,3-back,Fz,48,5.651544018395406e-08
13,3-back,Fz,49,6.86298435424955e-08
13,3-back,Fz,50,9.07136011005963e-08
13,3-back,Fz,51,8.216963544060111e-08
13,3-back,Fz,52,6.06063015501783e-08
13,4-back,F3,1,4.637937823902365e-08
13,4-back,F3,2,1.966180146388026e-08
13,4-back,F3,3,3.236394325982945e-08
13,4-back,F3,4,3.469015821231118e-08
13,4-back,F3,5,2.3133028065586438e-08
13,4-back,F3,6,5.230558013801033e-08
13,4-back,F3,7,5.106744435547935e-08
13,4-back,F3,8,3.7023867313268176e-08
13,4-back,F3,9,4.3487955689672365e-08
13,4-back,F3,10,2.2161287673035576e-08
13,4-back,F3,11,3.156118667020599e-07
13,4-back,F3,12,1.0129655610960393e-07
13,4-back,F3,13,2.9544157936083698e-08
13,4-back,F3,14,2.5877827281201607e-08
13,4-back,F3,15,4.0954821967290686e-08
13,4-back,F3,16,6.182407731558027e-08
13,4-back,F3,17,1.135544835893898e-07
13,4-back,F3,18,6.568608022684339e-08
13,4-back,F3,19,1.3328161020529167e-08
13,4-back,F3,20,3.560638925500228e-08
13,4-back,F3,21,3.94487965533144e-08
13,4-back,F3,22,4.790626966143329e-08
13,4-back,F3,23,2.7538687994254277e-08
13,4-back,F3,24,5.343660020523882e-08
13,4-back,F3,25,4.0802298147928494e-08
13,4-back,F3,26,2.4165327355183977e-08
13,4-back,F3,27,1.2192956074918828e-07
13,4-back,F3,28,4.552960729215541e-08
13,4-back,F3,29,3.2493592790917036e-08
13,4-back,F3,30,1.6291080941124725e-08
13,4-back,F3,31,2.5761971900336205e-08
13,4-back,F3,32,4.466459224942427e-08
13,4-back,F3,33,2.4967850632056707e-08
13,4-back,F3,34,2.9472991856674176e-08
13,4-back,F3,35,3.7548023801700654e-08
13,4-back,F3,36,3.7312496211058e-08
13,4-back,F3,37,2.5334701506945065e-08
13,4-back,F3,38,2.4235888088529796e-08
13,4-back,F3,39,3.0562730145852344e-08
13,4-back,F3,40,4.417377886824465e-08
13,4-back,F3,41,2.7645666341675324e-08
13,4-back,F3,42,3.528360630576634e-08
13,4-back,F3,43,1.9997783792638588e-08
13,4-back,F3,44,2.9396049074519172e-08
13,4-back,F3,45,3.5671393775335346e-08
13,4-back,F3,46,2.1326603405697434e-08
13,4-back,F3,47,5.10446957646986e-08
13,4-back,F3,48,5.0788257865710736e-08
13,4-back,F3,49,3.30291958853666e-08
13,4-back,F3,50,4.701497137228943e-08
13,4-back,F4,1,3.476266116138844e-08
13,4-back,F4,2,1.6530417209674817e-08
13,4-back,F4,3,3.949146900198382e-08
13,4-back,F4,4,2.55945665077691e-08
13,4-back,F4,5,1.5858075899099916e-08
13,4-back,F4,6,3.331666503484703e-08
13,4-back,F4,7,1.437421855399597e-07
13,4-back,F4,8,1.2101724411694067e-07
13,4-back,F4,9,4.382346578748517e-08
13,4-back,F4,10,2.635908708055261e-08
13,4-back,F4,11,4.000643959937489e-07
13,4-back,F4,12,3.6808527851631924e-07
13,4-back,F4,13,4.228428280495193e-08
13,4-back,F4,14,2.1975089307354298e-08
13,4-back,F4,15,3.500175727241188e-08
13,4-back,F4,16,2.657807940464097e-08
13,4-back,F4,17,5.432062239763828e-08
13,4-back,F4,18,4.422842836243193e-08
13,4-back,F4,19,1.2987110856216506e-08
13,4-back,F4,20,4.6689380486868494e-08
13,4-back,F4,21,4.433091141189004e-08
13,4-back,F4,22,4.199784611966683e-08
13,4-back,F4,23,3.0551615769891275e-08
13,4-back,F4,24,2.6916576708446723e-08
13,4-back,F4,25,6.153617661013875e-08
13,4-back,F4,26,2.4174926494887674e-08
13,4-back,F4,27,3.626508177168686e-07
13,4-back,F4,28,5.824900507651858e-08
13,4-back,F4,29,1.5053462326134582e-08
13,4-back,F4,30,1.3088689404976705e-08
13,4-back,F4,31,2.0572828711812005e-08
13,4-back,F4,32,5.130586621686887e-08
13,4-back,F4,33,2.1744598452588667e-08
13,4-back,F4,34,2.2543423759050462e-08
13,4-back,F4,35,2.0826483057513186e-08
13,4-back,F4,36,2.2558757723094453e-08
13,4-back,F4,37,2.1860827587894643e-08
13,4-back,F4,38,2.6418048468916726e-08
13,4-back,F4,39,3.0877402125818964e-08
13,4-back,F4,40,2.617145185395364e-08
13,4-back,F4,41,1.6638260202349934e-08
13,4-back,F4,42,2.943346654098617e-08
13,4-back,F4,43,3.236722979861105e-08
13,4-back,F4,44,3.821316213279152e-08
13,4-back,F4,45,4.043592089413146e-08
13,4-back,F4,46,2.2446851486886858e-08
13,4-back,F4,47,5.376086216755928e-08
13,4-back,F4,48,3.226907172373802e-08
13,4-back,F4,49,3.041289900131977e-08
13,4-back,F4,50,3.295794655754015e-08
13,4-back,F7,1,2.472798618467556e-08
13,4-back,F7,2,2.1861350247594704e-08
13,4-back,F7,3,2.38056024088831e-08
13,4-back,F7,4,3.012588201508175e-08
13,4-back,F7,5,2.6705055976857605e-08
13,4-back,F7,6,6.126696690387408e-08
13,4-back,F7,7,2.9647099245623526e-08
13,4-back,F7,8,3.8208049403916376e-08
13,4-back,F7,9,3.0758000853056956e-08
13,4-back,F7,10,2.4228563229171528e-08
13,4-back,F7,11,1.9544594701109026e-07
13,4-back,F7,12,5.4592074995706255e-08
13,4-back,F7,13,1.9103379619221336e-08
13,4-back,F7,14,1.8553440959078448e-08
13,4-back,F7,15,3.10536969837987e-08
13,4-back,F7,16,5.5578059951617533e-08
13,4-back,F7,17,1.0412430911140968e-07
13,4-back,F7,18,6.192783024907103e-08
13,4-back,F7,19,1.4231662035359727e-08
13,4-back,F7,20,3.057907862689931e-08
13,4-back,F7,21,2.657750603572623e-08
13,4-back,F7,22,6.516199795338434e-08
13,4-back,F7,23,2.458711034536356e-08
13,4-back,F7,24,3.611791506958364e-08
13,4-back,F7,25,3.110962507596104e-08
13,4-back,F7,26,2.138112861946966e-08
13,4-back,F7,27,1.3409245518321854e-07
13,4-back,F7,28,2.4002149550141106e-08
13,4-back,F7,29,4.507949441718585e-08
13,4-back,F7,30,2.3025849243298566e-08
13,4-back,F7,31,1.5144504126803487e-08
13,4-back,F7,32,2.8472289066980012e-08
13,4-back,F7,33,1.7821257198068256e-08
13,4-back,F7,34,2.5183890428967396e-08
13,4-back,F7,35,2.0513066602130008e-08
13,4-back,F7,36,4.083307390049152e-08
13,4-back,F7,37,1.9960374565288194e-08
13,4-back,F7,38,1.140025073180279e-08
13,4-back,F7,39,2.5770353737697658e-08
13,4-back,F7,40,2.6054663321587516e-08
13,4-back,F7,41,3.495055276922586e-08
13,4-back,F7,42,3.181007255724412e-08
13,4-back,F7,43,1.9264969272418803e-08
13,4-back,F7,44,2.0400721874685654e-08
13,4-back,F7,45,3.334779673360486e-08
13,4-back,F7,46,2.8561869036509862e-08
13,4-back,F7,47,4.049129025390944e-08
13,4-back,F7,48,4.754222934062346e-08
13,4-back,F7,49,2.3510237680524074e-08
13,4-back,F7,50,3.7402697752564164e-08
13,4-back,F8,1,1.1133455433938887e-08
13,4-back,F8,2,1.1051551188637684e-08
13,4-back,F8,3,3.3832910292442526e-08
13,4-back,F8,4,2.3286856765910447e-08
13,4-back,F8,5,9.235137032718148e-09
13,4-back,F8,6,3.080790243786825e-08
13,4-back,F8,7,7.19479666604718e-08
13,4-back,F8,8,3.1374459960550474e-08
13,4-back,F8,9,1.1982616667534187e-08
13,4-back,F8,10,2.4362260499288197e-08
13,4-back,F8,11,2.0487275206279144e-07
13,4-back,F8,12,6.1680749613294e-08
13,4-back,F8,13,1.4669696235580619e-08
13,4-back,F8,14,1.309901365100989e-08
13,4-back,F8,15,2.3383263839860394e-08
13,4-back,F8,16,1.658421139373779e-08
13,4-back,F8,17,2.8478886243324772e-08
13,4-back,F8,18,2.6644112620724656e-08
13,4-back,F8,19,1.1774293972792376e-08
13,4-back,F8,20,3.0569773955312907e-08
13,4-back,F8,21,3.015097043982489e-08
13,4-back,F8,22,2.4443450192476492e-08
13,4-back,F8,23,1.8922030954459322e-08
13,4-back,F8,24,2.0153719110045418e-08
13,4-back,F8,25,4.9032542185893006e-08
13,4-back,F8,26,1.932189447999761e-08
13,4-back,F8,27,1.8522284915829545e-07
13,4-back,F8,28,2.3464153164699518e-08
13,4-back,F8,29,1.0903009089003878e-08
13,4-back,F8,30,1.201306096996481e-08
13,4-back,F8,31,1.5437011445493284e-08
13,4-back,F8,32,3.5157117822257686e-08
13,4-back,F8,33,1.1692978828827004e-08
13,4-back,F8,34,1.51057981057801e-08
13,4-back,F8,35,1.5703987790863855e-08
13,4-back,F8,36,1.584959027580104e-08
13,4-back,F8,37,1.2049959281888884e-08
13,4-back,F8,38,1.626633971681723e-08
13,4-back,F8,39,2.1796184745940883e-08
13,4-back,F8,40,1.0887249303791196e-08
13,4-back,F8,41,1.3972940677367612e-08
13,4-back,F8,42,2.248220441124636e-08
13,4-back,F8,43,1.4374052497189476e-08
13,4-back,F8,44,2.135038368079994e-08
13,4-back,F8,45,2.1546365923721875e-08
13,4-back,F8,46,1.6884547837960086e-08
13,4-back,F8,47,6.822480088193264e-08
13,4-back,F8,48,1.4346818797510972e-08
13,4-back,F8,49,2.4882307519818865e-08
13,4-back,F8,50,1.9599228796549098e-08
13,4-back,Fz,1,6.554577831276586e-08
13,4-back,Fz,2,2.5311957944077133e-08
13,4-back,Fz,3,5.436619765425648e-08
13,4-back,Fz,4,5.2947188685802805e-08
13,4-back,Fz,5,3.112144333152974e-08
13,4-back,Fz,6,4.670330076926883e-08
13,4-back,Fz,7,7.974764774579884e-08
13,4-back,Fz,8,5.975258173562135e-08
13,4-back,Fz,9,7.628665577122991e-08
13,4-back,Fz,10,3.973395999634956e-08
13,4-back,Fz,11,3.4271978955455566e-07
13,4-back,Fz,12,1.4042498157142367e-07
13,4-back,Fz,13,4.4143194414899094e-08
13,4-back,Fz,14,3.997822940617526e-08
13,4-back,Fz,15,5.315506092187047e-08
13,4-back,Fz,16,6.041251262751188e-08
13,4-back,Fz,17,1.2037751122578904e-07
13,4-back,Fz,18,1.0390426976861554e-07
13,4-back,Fz,19,1.715211528575493e-08
13,4-back,Fz,20,6.321631909330896e-08
13,4-back,Fz,21,7.160315319890038e-08
13,4-back,Fz,22,5.76343568945612e-08
13,4-back,Fz,23,3.6603628555274767e-08
13,4-back,Fz,24,5.924748999865461e-08
13,4-back,Fz,25,7.917453761106032e-08
13,4-back,Fz,26,4.303003701633364e-08
13,4-back,Fz,27,1.4803604124016543e-07
13,4-back,Fz,28,6.060323984665678e-08
13,4-back,Fz,29,3.639354051581868e-08
13,4-back,Fz,30,2.6384952725808125e-08
13,4-back,Fz,31,3.18820173259996e-08
13,4-back,Fz,32,7.100894007025897e-08
13,4-back,Fz,33,4.064077145865604e-08
13,4-back,Fz,34,3.2606937667987975e-08
13,4-back,Fz,35,3.507184551617946e-08
13,4-back,Fz,36,4.9121433772092815e-08
13,4-back,Fz,37,3.1992625850345286e-08
13,4-back,Fz,38,3.3551182936291214e-08
13,4-back,Fz,39,5.75098571756546e-08
13,4-back,Fz,40,5.788535701593744e-08
13,4-back,Fz,41,2.366117868230703e-08
13,4-back,Fz,42,4.357148713026441e-08
13,4-back,Fz,43,4.4763656330507464e-08
13,4-back,Fz,44,5.002296435174225e-08
13,4-back,Fz,45,4.543037166484946e-08
13,4-back,Fz,46,2.599283995733535e-08
13,4-back,Fz,47,6.460783162543129e-08
13,4-back,Fz,48,5.912035359444977e-08
13,4-back,Fz,49,3.811093748626971e-08
13,4-back,Fz,50,5.735967138634009e-08
14,1-back,F3,1,3.7300439735900995e-08
14,1-back,F3,2,1.2621257324047525e-07
14,1-back,F3,3,8.955119533604809e-08
14,1-back,F3,4,4.532940644994631e-08
14,1-back,F3,5,1.021354871233247e-07
14,1-back,F3,6,3.496722574307381e-08
14,1-back,F3,7,9.169203976913398e-08
14,1-back,F3,8,2.280181759004619e-08
14,1-back,F3,9,3.539606200456787e-08
14,1-back,F3,10,9.964839914480736e-08
14,1-back,F3,11,7.696328283306282e-08
14,1-back,F3,12,5.0116653016112244e-08
14,1-back,F3,13,1.0099238090537734e-07
14,1-back,F3,14,1.5290642134037886e-07
14,1-back,F3,15,1.288169605509696e-07
14,1-back,F3,16,4.727057273356693e-08
14,1-back,F3,17,1.2594244385369544e-07
14,1-back,F3,18,4.5257953756569414e-08
14,1-back,F3,19,3.1423551581131573e-08
14,1-back,F3,20,1.0164451015374646e-07
14,1-back,F3,21,3.290257458108794e-08
14,1-back,F3,22,1.5426497498059283e-07
14,1-back,F3,23,4.429088130433193e-08
14,1-back,F3,24,9.346827855286201e-08
14,1-back,F3,25,6.484286034990084e-08
14,1-back,F3,26,9.601443590184774e-08
14,1-back,F3,27,1.3366528415213982e-07
14,1-back,F3,28,1.690416143497908e-08
14,1-back,F3,29,3.60714942115098e-08
14,1-back,F3,30,9.976938845356999e-08
14,1-back,F3,31,5.151912822383576e-08
14,1-back,F3,32,1.404005496643807e-07
14,1-back,F3,33,2.8063557891538963e-08
14,1-back,F3,34,1.2626488459639545e-07
14,1-back,F3,35,2.359254929976651e-08
14,1-back,F3,36,9.094969590910905e-08
14,1-back,F3,37,3.3253687929773234e-08
14,1-back,F3,38,1.4828812880439262e-07
14,1-back,F3,39,3.9150008180373515e-08
14,1-back,F3,40,1.5216332303690448e-07
14,1-back,F3,41,1.1116691964203831e-07
14,1-back,F3,42,7.069242564954828e-08
14,1-back,F3,43,1.502409938695746e-07
14,1-back,F3,44,1.3773314231975557e-07
14,1-back,F3,45,7.360377736789551e-08
14,1-back,F3,46,2.7033880306040575e-08
14,1-back,F3,47,1.884996579915464e-08
14,1-back,F3,48,8.562611975119879e-08
14,1-back,F3,49,1.929914204920708e-08
14,1-back,F3,50,3.485913098257077e-08
14,1-back,F3,51,1.1625461896584046e-07
14,1-back,F3,52,4.037455532860175e-08
14,1-back,F3,53,2.018397714021466e-08
14,1-back,F3,54,1.326268614806942e-07
14,1-back,F3,55,1.144230632905702e-07
14,1-back,F3,56,3.265249181103038e-08
14,1-back,F3,57,3.1206885131109566e-08
14,1-back,F3,58,2.6720098334904322e-08
14,1-back,F3,59,1.4752217729553471e-07
14,1-back,F3,60,1.3646956987867654e-07
14,1-back,F3,61,1.2210275724883838e-07
14,1-back,F4,1,2.5635731597041283e-08
14,1-back,F4,2,9.809392612479866e-08
14,1-back,F4,3,7.315130645762635e-08
14,1-back,F4,4,3.08009885701177e-08
14,1-back,F4,5,9.229296957357378e-08
14,1-back,F4,6,3.2681737591207854e-08
14,1-back,F4,7,8.882025492387705e-08
14,1-back,F4,8,2.4005792203582582e-08
14,1-back,F4,9,2.7021827321851506e-08
14,1-back,F4,10,7.924169608596632e-08
14,1-back,F4,11,5.805133445884595e-08
14,1-back,F4,12,4.2197188516875675e-08
14,1-back,F4,13,8.70874648974221e-08
14,1-back,F4,14,1.273513218830209e-07
14,1-back,F4,15,1.0122186804869086e-07
14,1-back,F4,16,2.5511619096309762e-08
14,1-back,F4,17,7.956406207240374e-08
14,1-back,F4,18,3.303607736162147e-08
14,1-back,F4,19,2.577363986125112e-08
14,1-back,F4,20,7.536809021677308e-08
14,1-back,F4,21,2.755794800359499e-08
14,1-back,F4,22,1.2076528761806146e-07
14,1-back,F4,23,2.7902131078917513e-08
14,1-back,F4,24,8.619026865735952e-08
14,1-back,F4,25,6.550549350822842e-08
14,1-back,F4,26,9.129441021360231e-08
14,1-back,F4,27,9.499965975567957e-08
14,1-back,F4,28,1.9579808728246095e-08
14,1-back,F4,29,1.9217300103957004e-08
14,1-back,F4,30,9.151553832164313e-08
14,1-back,F4,31,2.8395733874264784e-08
14,1-back,F4,32,1.0645478915925968e-07
14,1-back,F4,33,2.1074961956077894e-08
14,1-back,F4,34,1.1879540383164218e-07
14,1-back,F4,35,3.5740361832075444e-08
14,1-back,F4,36,7.683202162081805e-08
14,1-back,F4,37,3.063985272716513e-08
14,1-back,F4,38,1.0623947088004521e-07
14,1-back,F4,39,3.495523378772416e-08
14,1-back,F4,40,1.0147619197659824e-07
14,1-back,F4,41,9.51947575793597e-08
14,1-back,F4,42,7.922786537651824e-08
14,1-back,F4,43,1.288245345222842e-07
14,1-back,F4,44,1.2847400826277714e-07
14,1-back,F4,45,5.642658561202478e-08
14,1-back,F4,46,2.445594230295857e-08
14,1-back,F4,47,2.6779774758793726e-08
14,1-back,F4,48,8.903689443635987e-08
14,1-back,F4,49,2.185980800690847e-08
14,1-back,F4,50,2.9276715443038783e-08
14,1-back,F4,51,6.797284843104449e-08
14,1-back,F4,52,4.4839755379801356e-08
14,1-back,F4,53,1.4655215700508404e-08
14,1-back,F4,54,7.746880031229665e-08
14,1-back,F4,55,1.0794974189373482e-07
14,1-back,F4,56,3.13711751456447e-08
14,1-back,F4,57,2.6799772165263568e-08
14,1-back,F4,58,1.9640746424616474e-08
14,1-back,F4,59,1.2871479429501222e-07
14,1-back,F4,60,8.327915490321389e-08
14,1-back,F4,61,1.0291631942528978e-07
14,1-back,F7,1,3.0388701294347254e-08
14,1-back,F7,2,2.5346501045893215e-07
14,1-back,F7,3,1.5177916474920343e-07
14,1-back,F7,4,2.1965003244399058e-08
14,1-back,F7,5,1.993807496101888e-07
14,1-back,F7,6,1.5938974331519864e-08
14,1-back,F7,7,1.8127382129186844e-07
14,1-back,F7,8,2.372837910051105e-08
14,1-back,F7,9,2.4894677877094016e-08
14,1-back,F7,10,1.78642206461904e-07
14,1-back,F7,11,1.7317090603310682e-07
14,1-back,F7,12,3.4946174278880526e-08
14,1-back,F7,13,2.7162631086176286e-07
14,1-back,F7,14,4.3020028323345604e-07
14,1-back,F7,15,2.240617134292919e-07
14,1-back,F7,16,2.1618434551215766e-07
14,1-back,F7,17,1.878029048399736e-07
14,1-back,F7,18,1.9125021920306493e-08
14,1-back,F7,19,1.9806795451051858e-08
14,1-back,F7,20,2.0428823012171778e-07
14,1-back,F7,21,1.6733388615316437e-08
14,1-back,F7,22,2.058211054593803e-07
14,1-back,F7,23,3.0023445770221687e-08
14,1-back,F7,24,1.930310878444684e-07
14,1-back,F7,25,1.59198366282403e-07
14,1-back,F7,26,1.7128599726548049e-07
14,1-back,F7,27,2.8030658216439e-07
14,1-back,F7,28,1.498680281553609e-08
14,1-back,F7,29,2.3406922985025567e-08
14,1-back,F7,30,2.267823689680835e-07
14,1-back,F7,31,1.11581509655389e-07
14,1-back,F7,32,2.57202029304315e-07
14,1-back,F7,33,2.1909566873133827e-08
14,1-back,F7,34,2.336257998472922e-07
14,1-back,F7,35,2.0036453608925213e-08
14,1-back,F7,36,1.8441636531574448e-07
14,1-back,F7,37,2.0281012967351263e-08
14,1-back,F7,38,3.8873110836342516e-07
14,1-back,F7,39,2.3996479488537402e-08
14,1-back,F7,40,2.315122336204485e-07
14,1-back,F7,41,2.1279913420072585e-07
14,1-back,F7,42,1.6805632349963592e-07
14,1-back,F7,43,2.418629685079902e-07
14,1-back,F7,44,2.865226903863874e-07
14,1-back,F7,45,1.1394026871108414e-07
14,1-back,F7,46,2.0035632832067354e-08
14,1-back,F7,47,5.905624872875131e-09
14,1-back,F7,48,1.379732319101646e-07
14,1-back,F7,49,2.0101069774198842e-08
14,1-back,F7,50,4.1552973536921066e-08
14,1-back,F7,51,2.1261525647646872e-07
14,1-back,F7,52,5.7075660123208385e-08
14,1-back,F7,53,1.1213404138144849e-08
14,1-back,F7,54,2.1689015902341964e-07
14,1-back,F7,55,2.0146529116034064e-07
14,1-back,F7,56,1.8113050644411305e-08
14,1-back,F7,57,2.149432857333983e-08
14,1-back,F7,58,3.016047175043792e-08
14,1-back,F7,59,1.5936404031600879e-07
14,1-back,F7,60,2.3912009947861266e-07
14,1-back,F7,61,1.7860998150358342e-07
14,1-back,F8,1,1.15942917498091e-08
14,1-back,F8,2,1.4038709432313613e-07
14,1-back,F8,3,1.2424141849798344e-07
14,1-back,F8,4,1.6088007840832984e-08
14,1-back,F8,5,1.2632205956946667e-07
14,1-back,F8,6,1.26327841610667e-08
14,1-back,F8,7,1.2173529107913222e-07
14,1-back,F8,8,9.46092040479952e-09
14,1-back,F8,9,1.5134179886358145e-08
14,1-back,F8,10,1.0128352222444196e-07
14,1-back,F8,11,9.22868192623359e-08
14,1-back,F8,12,1.5667057959676182e-08
14,1-back,F8,13,1.445001361783105e-07
14,1-back,F8,14,2.254506727070822e-07
14,1-back,F8,15,1.2018452935529152e-07
14,1-back,F8,16,3.0353927377043344e-08
14,1-back,F8,17,1.0314827895802872e-07
14,1-back,F8,18,1.9428090410969093e-08
14,1-back,F8,19,1.4595631633379355e-08
14,1-back,F8,20,9.329186296494158e-08
14,1-back,F8,21,1.5465241277518527e-08
14,1-back,F8,22,1.336752098051282e-07
14,1-back,F8,23,1.6582610276620064e-08
14,1-back,F8,24,1.3377717013331362e-07
14,1-back,F8,25,1.0509124387921937e-07
14,1-back,F8,26,1.2657591783044688e-07
14,1-back,F8,27,1.55517088623807e-07
14,1-back,F8,28,1.6594531843494484e-08
14,1-back,F8,29,1.4375064238216888e-08
14,1-back,F8,30,1.4838524338738594e-07
14,1-back,F8,31,5.4650053008561806e-08
14,1-back,F8,32,1.594294162388395e-07
14,1-back,F8,33,1.3462414009556584e-08
14,1-back,F8,34,1.36376835059274e-07
14,1-back,F8,35,2.8754508616603315e-08
14,1-back,F8,36,1.095351129136893e-07
14,1-back,F8,37,1.1216892759758812e-08
14,1-back,F8,38,2.2195674497149393e-07
14,1-back,F8,39,1.63231721832769e-08
14,1-back,F8,40,1.2795203280088767e-07
14,1-back,F8,41,1.3972584009604342e-07
14,1-back,F8,42,1.2895035137876315e-07
14,1-back,F8,43,1.515731541632245e-07
14,1-back,F8,44,1.8588491175553395e-07
14,1-back,F8,45,7.422601806369163e-08
14,1-back,F8,46,1.822046730371216e-08
14,1-back,F8,47,2.1609268636730655e-08
14,1-back,F8,48,9.167169763043953e-08
14,1-back,F8,49,1.2850210042539014e-08
14,1-back,F8,50,1.630004290528377e-08
14,1-back,F8,51,9.403495780236736e-08
14,1-back,F8,52,6.712537480066613e-08
14,1-back,F8,53,1.2445933029129267e-08
14,1-back,F8,54,1.0022990728928322e-07
14,1-back,F8,55,1.3879677292393985e-07
14,1-back,F8,56,1.9403507391137403e-08
14,1-back,F8,57,1.6693543813194206e-08
14,1-back,F8,58,1.3734554245335928e-08
14,1-back,F8,59,1.147416522101955e-07
14,1-back,F8,60,1.2010960197867427e-07
14,1-back,F8,61,1.173996177239271e-07
14,1-back,Fz,1,3.783746137184527e-08
14,1-back,Fz,2,1.1403881497103586e-07
14,1-back,Fz,3,7.29328562057436e-08
14,1-back,Fz,4,4.373895016545323e-08
14,1-back,Fz,5,1.1241432819026924e-07
14,1-back,Fz,6,4.200041181788203e-08
14,1-back,Fz,7,9.677459898073357e-08
14,1-back,Fz,8,2.7667943721840374e-08
14,1-back,Fz,9,3.436975801808771e-08
14,1-back,Fz,10,1.1256584385094545e-07
14,1-back,Fz,11,7.025443198911493e-08
14,1-back,Fz,12,6.295340797147047e-08
14,1-back,Fz,13,1.0247629012192066e-07
14,1-back,Fz,14,1.3031657784851757e-07
14,1-back,Fz,15,1.1687518349411105e-07
14,1-back,Fz,16,4.237199036543433e-08
14,1-back,Fz,17,1.1564800336024413e-07
14,1-back,Fz,18,4.679069305927762e-08
14,1-back,Fz,19,2.6306399636468784e-08
14,1-back,Fz,20,9.851726939983467e-08
14,1-back,Fz,21,3.41632973814578e-08
14,1-back,Fz,22,1.485879547504399e-07
14,1-back,Fz,23,4.614637377579766e-08
14,1-back,Fz,24,9.026537980712011e-08
14,1-back,Fz,25,5.6960656167615226e-08
14,1-back,Fz,26,9.963054525339248e-08
14,1-back,Fz,27,1.0878537743255293e-07
14,1-back,Fz,28,2.4360206002085316e-08
14,1-back,Fz,29,4.067434540075818e-08
14,1-back,Fz,30,1.0320912533305055e-07
14,1-back,Fz,31,4.2051723376316885e-08
14,1-back,Fz,32,1.2350794491213146e-07
14,1-back,Fz,33,2.9490104318258695e-08
14,1-back,Fz,34,1.3044114530387828e-07
14,1-back,Fz,35,3.137791484510465e-08
14,1-back,Fz,36,8.388001865990146e-08
14,1-back,Fz,37,3.8340110175188734e-08
14,1-back,Fz,38,1.1360434588790158e-07
14,1-back,Fz,39,4.492286005173936e-08
14,1-back,Fz,40,1.3692746060745716e-07
14,1-back,Fz,41,1.0749219499982329e-07
14,1-back,Fz,42,7.548637013354698e-08
14,1-back,Fz,43,1.533694501558519e-07
14,1-back,Fz,44,1.2006164081654127e-07
14,1-back,Fz,45,7.475696487434669e-08
14,1-back,Fz,46,3.1666091104769306e-08
14,1-back,Fz,47,3.0053839351380584e-08
14,1-back,Fz,48,9.913645078504341e-08
14,1-back,Fz,49,2.8864881055049048e-08
14,1-back,Fz,50,3.61361355824268e-08
14,1-back,Fz,51,1.0522008968734368e-07
14,1-back,Fz,52,4.7234329662576475e-08
14,1-back,Fz,53,1.9348581849275492e-08
14,1-back,Fz,54,1.1648685099115919e-07
14,1-back,Fz,55,1.1795629818209423e-07
14,1-back,Fz,56,3.984260964062975e-08
14,1-back,Fz,57,3.179792231195186e-08
14,1-back,Fz,58,2.823495841495671e-08
14,1-back,Fz,59,1.630752136812664e-07
14,1-back,Fz,60,1.0064777964521689e-07
14,1-back,Fz,61,1.1926615680075447e-07
14,2-back,F3,1,9.936851127877987e-08
14,2-back,F3,2,5.7881778857211395e-08
14,2-back,F3,3,1.0103178805082129e-07
14,2-back,F3,4,4.415468457198403e-08
14,2-back,F3,5,1.030596191284178e-07
14,2-back,F3,6,4.132560397751705e-08
14,2-back,F3,7,2.405403337775095e-07
14,2-back,F3,8,2.1970994620207682e-08
14,2-back,F3,9,1.9497506004156427e-07
14,2-back,F3,10,7.91585878702624e-08
14,2-back,F3,11,1.975687695507238e-07
14,2-back,F3,12,6.624051773604488e-08
14,2-back,F3,13,1.0395499184650615e-07
14,2-back,F3,14,1.1385373073156418e-07
14,2-back,F3,15,1.4658619856494256e-07
14,2-back,F3,16,2.9360006450323744e-08
14,2-back,F3,17,9.914449989712231e-08
14,2-back,F3,18,4.526287680696272e-08
14,2-back,F3,19,1.7088157554376492e-07
14,2-back,F3,20,7.011518507736117e-08
14,2-back,F3,21,9.673905147790314e-08
14,2-back,F3,22,1.0164682327220679e-07
14,2-back,F3,23,3.538109602242273e-08
14,2-back,F3,24,1.5499576492383616e-07
14,2-back,F3,25,1.662811042347294e-07
14,2-back,F3,26,8.687382829296101e-08
14,2-back,F3,27,8.347663254785578e-08
14,2-back,F3,28,1.7997029383567801e-07
14,2-back,F3,29,9.706211471337508e-08
14,2-back,F3,30,5.1536611717079656e-08
14,2-back,F3,31,1.817167616634337e-07
14,2-back,F3,32,5.220889095718539e-08
14,2-back,F3,33,5.412914728774113e-08
14,2-back,F3,34,2.5505104645381844e-08
14,2-back,F3,35,1.0491428440285118e-07
14,2-back,F3,36,2.080736135614258e-08
14,2-back,F3,37,6.738725094917639e-08
14,2-back,F3,38,7.967496842388125e-08
14,2-back,F3,39,8.651579196786298e-08
14,2-back,F3,40,1.9949417063675655e-07
14,2-back,F3,41,3.1789803737801255e-08
14,2-back,F3,42,1.0227874616183301e-07
14,2-back,F3,43,8.650738320594092e-08
14,2-back,F3,44,7.525206513421477e-08
14,2-back,F4,1,1.0269161714255328e-07
14,2-back,F4,2,4.114266068404778e-08
14,2-back,F4,3,1.0185958736844165e-07
14,2-back,F4,4,4.737273392975046e-08
14,2-back,F4,5,8.984559558297991e-08
14,2-back,F4,6,2.3339634620525503e-08
14,2-back,F4,7,1.8267095951190396e-07
14,2-back,F4,8,2.6837164926383626e-08
14,2-back,F4,9,1.5075755698130994e-07
14,2-back,F4,10,8.239127888578027e-08
14,2-back,F4,11,1.4775322011962068e-07
14,2-back,F4,12,5.2124989482457895e-08
14,2-back,F4,13,1.1349975440110008e-07
14,2-back,F4,14,1.1221233094612326e-07
14,2-back,F4,15,1.0527887144804518e-07
14,2-back,F4,16,1.6642651175139153e-08
14,2-back,F4,17,6.825273000166866e-08
14,2-back,F4,18,3.676664880308572e-08
14,2-back,F4,19,1.3542796461862722e-07
14,2-back,F4,20,4.9588862612941936e-08
14,2-back,F4,21,7.358122949145545e-08
14,2-back,F4,22,8.231239851654563e-08
14,2-back,F4,23,3.734968054587627e-08
14,2-back,F4,24,1.2649178064357242e-07
14,2-back,F4,25,1.53589916875123e-07
14,2-back,F4,26,8.064285766732629e-08
14,2-back,F4,27,7.129197129904273e-08
14,2-back,F4,28,1.157373804781086e-07
14,2-back,F4,29,1.0426480006917634e-07
14,2-back,F4,30,3.61999964640251e-08
14,2-back,F4,31,1.3883417490425143e-07
14,2-back,F4,32,3.941292829215239e-08
14,2-back,F4,33,3.350072831262775e-08
14,2-back,F4,34,2.9632750169690254e-08
14,2-back,F4,35,8.117945324831653e-08
14,2-back,F4,36,1.3934146303661543e-08
14,2-back,F4,37,6.843203271186488e-08
14,2-back,F4,38,5.5522281382448815e-08
14,2-back,F4,39,8.408467289919524e-08
14,2-back,F4,40,1.726633757299932e-07
14,2-back,F4,41,1.8138487297401983e-08
14,2-back,F4,42,6.865872938619071e-08
14,2-back,F4,43,1.040097030405364e-07
14,2-back,F4,44,6.05029530964408e-08
14,2-back,F7,1,1.7269107733768306e-07
14,2-back,F7,2,3.558179064307998e-08
14,2-back,F7,3,1.6627466112331173e-07
14,2-back,F7,4,1.7504039770804378e-08
14,2-back,F7,5,2.1996813003084894e-07
14,2-back,F7,6,2.9613415464002754e-08
14,2-back,F7,7,5.082147671906413e-07
14,2-back,F7,8,1.9180827327257002e-08
14,2-back,F7,9,4.595719212719131e-07
14,2-back,F7,10,1.6713624147572395e-07
14,2-back,F7,11,2.951264324455915e-07
14,2-back,F7,12,1.0756896801881623e-07
14,2-back,F7,13,2.1231021762178e-07
14,2-back,F7,14,1.933631260379019e-07
14,2-back,F7,15,2.186924157265076e-07
14,2-back,F7,16,2.7936399950701294e-08
14,2-back,F7,17,1.6815838669369427e-07
14,2-back,F7,18,2.7753008746372183e-08
14,2-back,F7,19,3.0112846333084115e-07
14,2-back,F7,20,1.3763182329699094e-07
14,2-back,F7,21,1.634296288885659e-07
14,2-back,F7,22,1.992911747912604e-07
14,2-back,F7,23,2.0629133394127694e-08
14,2-back,F7,24,3.3173524288307804e-07
14,2-back,F7,25,3.591317035224748e-07
14,2-back,F7,26,1.6236447678574674e-07
14,2-back,F7,27,1.5659939988250494e-07
14,2-back,F7,28,2.7113087073959063e-07
14,2-back,F7,29,2.062592495889706e-07
14,2-back,F7,30,2.811754421650264e-08
14,2-back,F7,31,3.1211029551757643e-07
14,2-back,F7,32,3.6666267688419405e-08
14,2-back,F7,33,9.46905981421964e-08
14,2-back,F7,34,1.9081004855962777e-08
14,2-back,F7,35,2.3488728165500895e-07
14,2-back,F7,36,1.4426535285649731e-08
14,2-back,F7,37,1.569715023055611e-07
14,2-back,F7,38,1.4789279597581616e-07
14,2-back,F7,39,1.7638158123505605e-07
14,2-back,F7,40,4.559826286197676e-07
14,2-back,F7,41,1.8547440904855842e-08
14,2-back,F7,42,1.5249696490380453e-07
14,2-back,F7,43,1.7166391321089746e-07
14,2-back,F7,44,2.204526020339297e-07
14,2-back,F8,1,1.5172952430645974e-07
14,2-back,F8,2,2.399257072633702e-08
14,2-back,F8,3,1.223732988185879e-07
14,2-back,F8,4,2.1511577717207825e-08
14,2-back,F8,5,1.2984540124440589e-07
14,2-back,F8,6,1.5666988439818304e-08
14,2-back,F8,7,2.7691944906028183e-07
14,2-back,F8,8,1.4724441649362726e-08
14,2-back,F8,9,2.727543500855093e-07
14,2-back,F8,10,9.20915714049807e-08
14,2-back,F8,11,1.7522316289797437e-07
14,2-back,F8,12,7.303280220702559e-08
14,2-back,F8,13,1.4157332357915761e-07
14,2-back,F8,14,1.1344223099374909e-07
14,2-back,F8,15,1.1386855580885161e-07
14,2-back,F8,16,9.783514396098187e-09
14,2-back,F8,17,9.826952297194653e-08
14,2-back,F8,18,2.7140548187287845e-08
14,2-back,F8,19,2.114674997566343e-07
14,2-back,F8,20,9.2667698113066e-08
14,2-back,F8,21,8.347476319620614e-08
14,2-back,F8,22,1.1951159748820582e-07
14,2-back,F8,23,2.1436682239418733e-08
14,2-back,F8,24,2.1126632256196484e-07
14,2-back,F8,25,2.5327743654615257e-07
14,2-back,F8,26,1.0099415021821619e-07
14,2-back,F8,27,9.837017831373984e-08
14,2-back,F8,28,1.4898681033873248e-07
14,2-back,F8,29,1.490513639806847e-07
14,2-back,F8,30,1.8791809766332382e-08
14,2-back,F8,31,1.9138763944184768e-07
14,2-back,F8,32,3.23858805941219e-08
14,2-back,F8,33,2.6091717281565867e-08
14,2-back,F8,34,1.7560509594052866e-08
14,2-back,F8,35,1.2865421725985862e-07
14,2-back,F8,36,7.932427816248908e-09
14,2-back,F8,37,9.800597508249877e-08
14,2-back,F8,38,8.008611794921769e-08
14,2-back,F8,39,9.542971980761386e-08
14,2-back,F8,40,2.505441202015655e-07
14,2-back,F8,41,1.1096903786022913e-08
14,2-back,F8,42,7.352088502412368e-08
14,2-back,F8,43,1.4370321083237416e-07
14,2-back,F8,44,1.0434281400364855e-07
14,2-back,Fz,1,9.652425035391491e-08
14,2-back,Fz,2,5.4053494097027776e-08
14,2-back,Fz,3,9.634464298258686e-08
14,2-back,Fz,4,5.6477304962885026e-08
14,2-back,Fz,5,9.207601547165437e-08
14,2-back,Fz,6,3.936341277330069e-08
14,2-back,Fz,7,2.2141880156670305e-07
14,2-back,Fz,8,2.3739140332652205e-08
14,2-back,Fz,9,1.5542315393004535e-07
14,2-back,Fz,10,1.0186013420302419e-07
14,2-back,Fz,11,1.8223709289499318e-07
14,2-back,Fz,12,6.556502436484222e-08
14,2-back,Fz,13,1.0782425787813676e-07
14,2-back,Fz,14,1.1832514566314349e-07
14,2-back,Fz,15,1.270213653167041e-07
14,2-back,Fz,16,3.408413645465673e-08
14,2-back,Fz,17,9.180568284122183e-08
14,2-back,Fz,18,6.057525052833172e-08
14,2-back,Fz,19,1.5375726344432947e-07
14,2-back,Fz,20,5.772364803245403e-08
14,2-back,Fz,21,8.928010806850552e-08
14,2-back,Fz,22,8.803126468659258e-08
14,2-back,Fz,23,4.885705070824273e-08
14,2-back,Fz,24,1.1774886872491045e-07
14,2-back,Fz,25,1.696689288610415e-07
14,2-back,Fz,26,8.747122450781304e-08
14,2-back,Fz,27,8.910296244651824e-08
14,2-back,Fz,28,1.5821169360088413e-07
14,2-back,Fz,29,9.597425072627019e-08
14,2-back,Fz,30,4.83508222343128e-08
14,2-back,Fz,31,1.8009930135826848e-07
14,2-back,Fz,32,5.3809233802394186e-08
14,2-back,Fz,33,5.113973265499213e-08
14,2-back,Fz,34,3.6836484387422906e-08
14,2-back,Fz,35,9.006730584420239e-08
14,2-back,Fz,36,2.228496994824806e-08
14,2-back,Fz,37,6.621545008915508e-08
14,2-back,Fz,38,7.231586702050306e-08
14,2-back,Fz,39,8.709420962023883e-08
14,2-back,Fz,40,1.8637772052418154e-07
14,2-back,Fz,41,3.7253206053350683e-08
14,2-back,Fz,42,9.261432177616981e-08
14,2-back,Fz,43,9.198037012653252e-08
14,2-back,Fz,44,6.861296075433498e-08
14,3-back,F3,1,2.056484734573869e-07
14,3-back,F3,2,1.2460350572149112e-07
14,3-back,F3,3,8.882145844039149e-08
14,3-back,F3,4,1.086609808878311e-07
14,3-back,F3,5,3.819215013258704e-08
14,3-back,F3,6,3.294408004823828e-08
14,3-back,F3,7,1.5620529196849865e-07
14,3-back,F3,8,1.8550326689717934e-08
14,3-back,F3,9,1.64060390258477e-07
14,3-back,F3,10,1.9845882848144546e-08
14,3-back,F3,11,1.241908521427255e-07
14,3-back,F3,12,1.2089843414122166e-07
14,3-back,F3,13,9.100260683450162e-08
14,3-back,F3,14,1.8532538423372941e-07
14,3-back,F3,15,8.674356341155415e-08
14,3-back,F3,16,2.3867347532385863e-08
14,3-back,F3,17,1.0676942899287001e-07
14,3-back,F3,18,2.776826317818634e-08
14,3-back,F3,19,1.5723068506888478e-07
14,3-back,F3,20,1.858600614959585e-07
14,3-back,F3,21,1.0837221009825407e-07
14,3-back,F3,22,5.5850944422722556e-08
14,3-back,F3,23,2.1241434981513631e-07
14,3-back,F3,24,1.82071490167055e-08
14,3-back,F3,25,9.913233600735547e-08
14,3-back,F3,26,9.938094250550177e-08
14,3-back,F3,27,9.690844603886007e-08
14,3-back,F3,28,2.685670586106082e-08
14,3-back,F3,29,1.7216656002490944e-07
14,3-back,F3,30,1.0679657763785223e-07
14,3-back,F3,31,5.33946379894943e-08
14,3-back,F3,32,1.123143784043613e-07
14,3-back,F3,33,9.189638260944236e-08
14,3-back,F3,34,1.4178218762873142e-07
14,3-back,F3,35,5.138156660197795e-08
14,3-back,F3,36,8.343858072847933e-08
14,3-back,F3,37,6.979715497130858e-08
14,3-back,F3,38,9.930602136045013e-08
14,3-back,F3,39,6.6820401209314e-08
14,3-back,F3,40,2.0956817875694183e-07
14,3-back,F3,41,3.602448028828103e-08
14,3-back,F3,42,2.0307002432225542e-07
14,3-back,F3,43,2.7445153763331035e-08
14,3-back,F3,44,1.577032358475499e-07
14,3-back,F4,1,1.7227116606181166e-07
14,3-back,F4,2,8.684088456204608e-08
14,3-back,F4,3,8.384580739250969e-08
14,3-back,F4,4,1.0669577787372199e-07
14,3-back,F4,5,3.6007178811049317e-08
14,3-back,F4,6,2.617433200538398e-08
14,3-back,F4,7,1.3435718295637324e-07
14,3-back,F4,8,2.7591935598244973e-08
14,3-back,F4,9,1.3455636118780506e-07
14,3-back,F4,10,1.540807321708951e-08
14,3-back,F4,11,1.0498176644549049e-07
14,3-back,F4,12,1.014206474182485e-07
14,3-back,F4,13,7.452342737973836e-08
14,3-back,F4,14,1.4658278324632964e-07
14,3-back,F4,15,7.6559902627446e-08
14,3-back,F4,16,1.5909469135323864e-08
14,3-back,F4,17,8.788492368414659e-08
14,3-back,F4,18,3.0846375050806116e-08
14,3-back,F4,19,1.3194425215076233e-07
14,3-back,F4,20,1.6973971224617146e-07
14,3-back,F4,21,7.13264984690166e-08
14,3-back,F4,22,3.932080004713669e-08
14,3-back,F4,23,1.392346235226783e-07
14,3-back,F4,24,2.169079713471453e-08
14,3-back,F4,25,9.534475902678015e-08
14,3-back,F4,26,7.375739219023531e-08
14,3-back,F4,27,8.839830020805e-08
14,3-back,F4,28,2.9661420138362913e-08
14,3-back,F4,29,1.4233400100004898e-07
14,3-back,F4,30,9.219258994096701e-08
14,3-back,F4,31,8.680879021189355e-08
14,3-back,F4,32,1.3762440727803754e-07
14,3-back,F4,33,7.202135358996103e-08
14,3-back,F4,34,1.1583260118020509e-07
14,3-back,F4,35,3.712953613034204e-08
14,3-back,F4,36,7.377885818254563e-08
14,3-back,F4,37,6.756055811322798e-08
14,3-back,F4,38,8.331528455064752e-08
14,3-back,F4,39,5.060037428736323e-08
14,3-back,F4,40,1.7495744992239306e-07
14,3-back,F4,41,2.6967149065943964e-08
14,3-back,F4,42,1.5375531737480096e-07
14,3-back,F4,43,1.8566334827440396e-08
14,3-back,F4,44,1.3450241919785722e-07
14,3-back,F7,1,4.007689730906567e-07
14,3-back,F7,2,2.463585666892566e-07
14,3-back,F7,3,2.2245049244386651e-07
14,3-back,F7,4,1.9791742810199534e-07
14,3-back,F7,5,2.6738096013284655e-08
14,3-back,F7,6,2.6284096748510108e-08
14,3-back,F7,7,3.055413922872166e-07
14,3-back,F7,8,1.711479574776824e-08
14,3-back,F7,9,3.729143476980757e-07
14,3-back,F7,10,2.1289452419319864e-08
14,3-back,F7,11,2.160658094121643e-07
14,3-back,F7,12,1.9181082829164695e-07
14,3-back,F7,13,1.4767714040830123e-07
14,3-back,F7,14,4.035257630211542e-07
14,3-back,F7,15,1.889601992424068e-07
14,3-back,F7,16,2.31818001449352e-08
14,3-back,F7,17,1.845457540540073e-07
14,3-back,F7,18,1.8041510682931957e-08
14,3-back,F7,19,4.415379142629168e-07
14,3-back,F7,20,4.1910794911320614e-07
14,3-back,F7,21,2.0990787277230107e-07
14,3-back,F7,22,4.2314112980517816e-08
14,3-back,F7,23,3.6683181737170605e-07
14,3-back,F7,24,1.6109033350151886e-08
14,3-back,F7,25,2.2287153754605374e-07
14,3-back,F7,26,2.0281512702228458e-07
14,3-back,F7,27,1.4846808710922156e-07
14,3-back,F7,28,3.170001635824335e-08
14,3-back,F7,29,3.706779804590697e-07
14,3-back,F7,30,2.2845021733886665e-07
14,3-back,F7,31,1.0776842109158093e-07
14,3-back,F7,32,2.436101472347241e-07
14,3-back,F7,33,1.8340357843598493e-07
14,3-back,F7,34,2.385973625867405e-07
14,3-back,F7,35,5.549630278500645e-08
14,3-back,F7,36,1.8354828428462252e-07
14,3-back,F7,37,1.5263920761170753e-07
14,3-back,F7,38,1.7586198268015584e-07
14,3-back,F7,39,1.1730068811541883e-07
14,3-back,F7,40,4.003218245419717e-07
14,3-back,F7,41,3.5706297294981554e-08
14,3-back,F7,42,4.515218032699768e-07
14,3-back,F7,43,2.3536643176246307e-08
14,3-back,F7,44,3.16992469076741e-07
14,3-back,F8,1,2.7147739655076165e-07
14,3-back,F8,2,1.5726729049488148e-07
14,3-back,F8,3,1.70742895730876e-07
14,3-back,F8,4,1.334564652574547e-07
14,3-back,F8,5,2.0531071277189143e-08
14,3-back,F8,6,1.2941867335170089e-08
14,3-back,F8,7,2.1744568681932012e-07
14,3-back,F8,8,1.4533623533937575e-08
14,3-back,F8,9,2.2394378151287142e-07
14,3-back,F8,10,9.172688803389084e-09
14,3-back,F8,11,1.484148083908777e-07
14,3-back,F8,12,1.4652223135419653e-07
14,3-back,F8,13,1.0524810314525032e-07
14,3-back,F8,14,2.420887251348567e-07
14,3-back,F8,15,9.919231944513539e-08
14,3-back,F8,16,2.0513991028323602e-08
14,3-back,F8,17,1.1194500000809056e-07
14,3-back,F8,18,1.0568261049506028e-08
14,3-back,F8,19,2.3793312527476163e-07
14,3-back,F8,20,2.8902663056539766e-07
14,3-back,F8,21,1.000711510739919e-07
14,3-back,F8,22,1.67814292660775e-08
14,3-back,F8,23,1.9018445163853798e-07
14,3-back,F8,24,1.7010651043854896e-08
14,3-back,F8,25,1.2550199740897043e-07
14,3-back,F8,26,9.886181170022748e-08
14,3-back,F8,27,8.601162984318115e-08
14,3-back,F8,28,1.557157359369355e-08
14,3-back,F8,29,2.293503108350735e-07
14,3-back,F8,30,1.1063790390094164e-07
14,3-back,F8,31,1.114949518916308e-07
14,3-back,F8,32,1.9989171206515945e-07
14,3-back,F8,33,9.59320740418386e-08
14,3-back,F8,34,1.5737154732422151e-07
14,3-back,F8,35,1.2158429693333669e-08
14,3-back,F8,36,1.2992850135328965e-07
14,3-back,F8,37,9.888429495127643e-08
14,3-back,F8,38,9.22992567564576e-08
14,3-back,F8,39,6.537906273426243e-08
14,3-back,F8,40,2.6310385096404045e-07
14,3-back,F8,41,1.2889901249327222e-08
14,3-back,F8,42,2.3976830014620404e-07
14,3-back,F8,43,1.1741349089499613e-08
14,3-back,F8,44,2.2308064469045278e-07
14,3-back,Fz,1,1.9572977526806218e-07
14,3-back,Fz,2,9.482221174950057e-08
14,3-back,Fz,3,1.010694500239381e-07
14,3-back,Fz,4,1.2530966180764723e-07
14,3-back,Fz,5,4.977685753726195e-08
14,3-back,Fz,6,3.713738659792416e-08
14,3-back,Fz,7,1.4403430615435977e-07
14,3-back,Fz,8,2.7633525087282277e-08
14,3-back,Fz,9,1.3519788880651905e-07
14,3-back,Fz,10,1.9402313665821562e-08
14,3-back,Fz,11,1.2115726227433822e-07
14,3-back,Fz,12,1.1961219830108774e-07
14,3-back,Fz,13,9.089788708843151e-08
14,3-back,Fz,14,1.6446886777550537e-07
14,3-back,Fz,15,7.826819452206954e-08
14,3-back,Fz,16,1.700216633031791e-08
14,3-back,Fz,17,9.643351918376592e-08
14,3-back,Fz,18,3.847095286868085e-08
14,3-back,Fz,19,1.3796934330394256e-07
14,3-back,Fz,20,1.6572118062499366e-07
14,3-back,Fz,21,7.56743492598161e-08
14,3-back,Fz,22,5.315389224209855e-08
14,3-back,Fz,23,1.697478495903493e-07
14,3-back,Fz,24,2.2329897352662524e-08
14,3-back,Fz,25,1.0252505724146537e-07
14,3-back,Fz,26,9.538010665863623e-08
14,3-back,Fz,27,1.0012909663054226e-07
14,3-back,Fz,28,3.242026868393499e-08
14,3-back,Fz,29,1.6976565871412457e-07
14,3-back,Fz,30,8.749903643358605e-08
14,3-back,Fz,31,7.85527090814435e-08
14,3-back,Fz,32,1.3772175801328856e-07
14,3-back,Fz,33,8.168329653277792e-08
14,3-back,Fz,34,1.4549104431904353e-07
14,3-back,Fz,35,4.303730696078123e-08
14,3-back,Fz,36,8.951683015074068e-08
14,3-back,Fz,37,6.442689395704644e-08
14,3-back,Fz,38,9.746612684924513e-08
14,3-back,Fz,39,5.6499682277502884e-08
14,3-back,Fz,40,2.0974098804956374e-07
14,3-back,Fz,41,3.609318973714838e-08
14,3-back,Fz,42,1.775458838308052e-07
14,3-back,Fz,43,2.1245605503937256e-08
14,3-back,Fz,44,1.4175061716799006e-07
14,4-back,F3,1,2.4715486689055843e-07
14,4-back,F3,2,3.175952594580553e-07
14,4-back,F3,3,8.35176856898032e-08
14,4-back,F3,4,3.756173358635528e-08
14,4-back,F3,5,6.62341579462467e-08
14,4-back,F3,6,3.632326797795456e-08
14,4-back,F3,7,3.49497997314872e-08
14,4-back,F3,8,2.9701243780073316e-08
14,4-back,F3,9,1.0600804146189247e-07
14,4-back,F3,10,7.442798549144495e-08
14,4-back,F3,11,1.0221427767475831e-07
14,4-back,F3,12,3.646589035517551e-08
14,4-back,F3,13,1.0117061585264865e-08
14,4-back,F3,14,3.8873088308870784e-08
14,4-back,F3,15,1.2368533353863908e-07
14,4-back,F3,16,6.621903415476802e-08
14,4-back,F3,17,2.792390044150394e-08
14,4-back,F3,18,1.1886663662262147e-07
14,4-back,F3,19,1.5369902421121628e-07
14,4-back,F3,20,1.756723985360583e-08
14,4-back,F3,21,8.226350412125289e-08
14,4-back,F3,22,1.4601842457622617e-07
14,4-back,F3,23,1.4743804945982236e-07
14,4-back,F3,24,1.3141840692939518e-07
14,4-back,F3,25,8.607056744782994e-08
14,4-back,F3,26,1.0548745082846842e-07
14,4-back,F3,27,1.348249926477598e-07
14,4-back,F3,28,8.430846642481868e-08
14,4-back,F3,29,1.5277388567457317e-07
14,4-back,F3,30,3.784119385140491e-08
14,4-back,F3,31,5.515508242467119e-08
14,4-back,F3,32,3.28549633002113e-07
14,4-back,F3,33,1.3035699050115003e-07
14,4-back,F3,34,1.288603643442073e-07
14,4-back,F3,35,3.5362412577714396e-08
14,4-back,F3,36,9.557436329424793e-08
14,4-back,F3,37,1.9528829183037477e-07
14,4-back,F3,38,4.2194514408696334e-08
14,4-back,F3,39,4.912363239610077e-08
14,4-back,F3,40,7.321393488575284e-08
14,4-back,F3,41,6.07269980074138e-08
14,4-back,F3,42,2.2911827382446974e-08
14,4-back,F4,1,2.4430141842580197e-07
14,4-back,F4,2,2.8007914832661086e-07
14,4-back,F4,3,8.205122622948565e-08
14,4-back,F4,4,3.4091441921563524e-08
14,4-back,F4,5,5.125809632529452e-08
14,4-back,F4,6,1.2756923602926352e-08
14,4-back,F4,7,3.7386082617576084e-08
14,4-back,F4,8,1.921479645697613e-08
14,4-back,F4,9,1.2209582550834143e-07
14,4-back,F4,10,6.850888574774688e-08
14,4-back,F4,11,9.626568379648063e-08
14,4-back,F4,12,2.2984389109645656e-08
14,4-back,F4,13,1.4124329692675291e-08
14,4-back,F4,14,3.649881130400309e-08
14,4-back,F4,15,1.1075965071565644e-07
14,4-back,F4,16,5.852018814056616e-08
14,4-back,F4,17,1.9167268773782274e-08
14,4-back,F4,18,1.0265179234150531e-07
14,4-back,F4,19,1.3824701287792778e-07
14,4-back,F4,20,1.1675149755859808e-08
14,4-back,F4,21,6.568730627721241e-08
14,4-back,F4,22,1.1034899474673039e-07
14,4-back,F4,23,1.1686304509229959e-07
14,4-back,F4,24,1.0581031142480641e-07
14,4-back,F4,25,7.308897738197133e-08
14,4-back,F4,26,1.1563226973995031e-07
14,4-back,F4,27,9.62282276329256e-08
14,4-back,F4,28,8.528330856316868e-08
14,4-back,F4,29,1.2996005905843784e-07
14,4-back,F4,30,3.099953142496504e-08
14,4-back,F4,31,4.815150898911398e-08
14,4-back,F4,32,2.615841592594245e-07
14,4-back,F4,33,1.1967631356916256e-07
14,4-back,F4,34,1.1216105501705723e-07
14,4-back,F4,35,2.9844301345466714e-08
14,4-back,F4,36,7.477871581051276e-08
14,4-back,F4,37,1.5885360873343258e-07
14,4-back,F4,38,2.9158132778060568e-08
14,4-back,F4,39,5.181929175186821e-08
14,4-back,F4,40,5.210851379705765e-08
14,4-back,F4,41,5.622817187630761e-08
14,4-back,F4,42,2.9152612653565777e-08
14,4-back,F7,1,4.2774288087575876e-07
14,4-back,F7,2,7.689509920552371e-07
14,4-back,F7,3,1.731647845040465e-07
14,4-back,F7,4,1.584319758425379e-07
14,4-back,F7,5,1.3522225803863354e-07
14,4-back,F7,6,4.314527513789077e-08
14,4-back,F7,7,2.9381578716533515e-08
14,4-back,F7,8,4.91694735215923e-08
14,4-back,F7,9,2.3827855333865394e-07
14,4-back,F7,10,1.884813680163444e-07
14,4-back,F7,11,2.639991714558425e-07
14,4-back,F7,12,9.671641215632954e-08
14,4-back,F7,13,2.8357234445598906e-08
14,4-back,F7,14,2.340694936908971e-08
14,4-back,F7,15,2.8882548844793444e-07
14,4-back,F7,16,1.4643015348179165e-07
14,4-back,F7,17,2.6791753511245324e-08
14,4-back,F7,18,2.2477886941342895e-07
14,4-back,F7,19,3.7473189876502764e-07
14,4-back,F7,20,1.652055076727234e-08
14,4-back,F7,21,1.346721968475596e-07
14,4-back,F7,22,2.3831278365366788e-07
14,4-back,F7,23,3.306964034823868e-07
14,4-back,F7,24,1.8605799205537082e-07
14,4-back,F7,25,1.6070366459293662e-07
14,4-back,F7,26,2.2535485241594327e-07
14,4-back,F7,27,2.4712065784178257e-07
14,4-back,F7,28,1.2815945863019537e-07
14,4-back,F7,29,2.4914485075187397e-07
14,4-back,F7,30,5.864674123329783e-08
14,4-back,F7,31,1.1347340076398184e-07
14,4-back,F7,32,6.580541130688109e-07
14,4-back,F7,33,2.4913430693666265e-07
14,4-back,F7,34,3.751397991545731e-07
14,4-back,F7,35,1.2344399964702584e-07
14,4-back,F7,36,1.3596802547103293e-07
14,4-back,F7,37,4.189576652028168e-07
14,4-back,F7,38,3.858192178176121e-08
14,4-back,F7,39,1.112460318357156e-07
14,4-back,F7,40,1.5093949804640418e-07
14,4-back,F7,41,1.4721397507871453e-07
14,4-back,F7,42,1.9171979811949634e-08
14,4-back,F8,1,3.3612365724048615e-07
14,4-back,F8,2,4.126702256331442e-07
14,4-back,F8,3,1.0786663199926939e-07
14,4-back,F8,4,6.063440053115911e-08
14,4-back,F8,5,8.750147258564062e-08
14,4-back,F8,6,8.53793478085222e-09
14,4-back,F8,7,1.8834371785131704e-08
14,4-back,F8,8,1.3041671771862363e-08
14,4-back,F8,9,1.6406717195263275e-07
14,4-back,F8,10,1.198154365108809e-07
14,4-back,F8,11,1.4034534791366516e-07
14,4-back,F8,12,1.7769206334120336e-08
14,4-back,F8,13,8.937427095411468e-09
14,4-back,F8,14,2.6261379633748163e-08
14,4-back,F8,15,2.3597620626714236e-07
14,4-back,F8,16,8.333726505628539e-08
14,4-back,F8,17,1.2480103833330722e-08
14,4-back,F8,18,1.2280904978042163e-07
14,4-back,F8,19,2.3080324267224003e-07
14,4-back,F8,20,1.0249860752073363e-08
14,4-back,F8,21,7.04219310304402e-08
14,4-back,F8,22,1.508135134955135e-07
14,4-back,F8,23,2.0464323912803767e-07
14,4-back,F8,24,1.382237482522824e-07
14,4-back,F8,25,8.961833933349237e-08
14,4-back,F8,26,1.6501112415947867e-07
14,4-back,F8,27,1.431244154146332e-07
14,4-back,F8,28,1.0891655046528964e-07
14,4-back,F8,29,1.7394874949898124e-07
14,4-back,F8,30,2.671085034846484e-08
14,4-back,F8,31,6.60203467620747e-08
14,4-back,F8,32,3.631146259951084e-07
14,4-back,F8,33,1.948661916154479e-07
14,4-back,F8,34,1.84028138787604e-07
14,4-back,F8,35,2.6386828192594892e-08
14,4-back,F8,36,9.895783089827156e-08
14,4-back,F8,37,2.6208014969632947e-07
14,4-back,F8,38,1.2136227714447487e-08
14,4-back,F8,39,8.333906262157415e-08
14,4-back,F8,40,8.338894640030468e-08
14,4-back,F8,41,7.014491033687922e-08
14,4-back,F8,42,1.8486359450521687e-08
14,4-back,Fz,1,2.8962456068355113e-07
14,4-back,Fz,2,2.9588771691016873e-07
14,4-back,Fz,3,8.305815208079707e-08
14,4-back,Fz,4,3.980641224677258e-08
14,4-back,Fz,5,5.78130597094003e-08
14,4-back,Fz,6,2.5082804113781285e-08
14,4-back,Fz,7,3.872432225812263e-08
14,4-back,Fz,8,2.7162821004224966e-08
14,4-back,Fz,9,1.2820101576272246e-07
14,4-back,Fz,10,6.319338877757785e-08
14,4-back,Fz,11,9.128431929073316e-08
14,4-back,Fz,12,3.855638617777151e-08
14,4-back,Fz,13,9.472709677483763e-09
14,4-back,Fz,14,5.179853760022966e-08
14,4-back,Fz,15,1.192240526245221e-07
14,4-back,Fz,16,5.881357399914077e-08
14,4-back,Fz,17,2.3193928481887522e-08
14,4-back,Fz,18,1.137357487683621e-07
14,4-back,Fz,19,1.4827113005877568e-07
14,4-back,Fz,20,1.57100945033901e-08
14,4-back,Fz,21,8.627267266999688e-08
14,4-back,Fz,22,1.2975360597700751e-07
14,4-back,Fz,23,1.1872603311396999e-07
14,4-back,Fz,24,1.2079119524742648e-07
14,4-back,Fz,25,8.264914787929525e-08
14,4-back,Fz,26,1.1631843352321498e-07
14,4-back,Fz,27,1.1383130880405143e-07
14,4-back,Fz,28,8.79552945597985e-08
14,4-back,Fz,29,1.452339584342744e-07
14,4-back,Fz,30,4.454924187433651e-08
14,4-back,Fz,31,4.544739753601524e-08
14,4-back,Fz,32,2.9152561467763746e-07
14,4-back,Fz,33,1.2119183695979207e-07
14,4-back,Fz,34,1.3077398774926031e-07
14,4-back,Fz,35,3.638516575255871e-08
14,4-back,Fz,36,9.166662636135886e-08
14,4-back,Fz,37,1.8353956139610822e-07
14,4-back,Fz,38,3.710202190720952e-08
14,4-back,Fz,39,4.871969226739372e-08
14,4-back,Fz,40,6.805785579429272e-08
14,4-back,Fz,41,6.492942331209929e-08
14,4-back,Fz,42,2.570391579526541e-08
15,1-back,F3,1,6.445842707897882e-08
15,1-back,F3,2,9.586618159275767e-08
15,1-back,F3,3,8.238695772248952e-08
15,1-back,F3,4,1.2645870208422063e-07
15,1-back,F3,5,5.583366179267365e-08
15,1-back,F3,6,3.048181230568319e-08
15,1-back,F3,7,1.5491146457919837e-07
15,1-back,F3,8,2.8486478381617623e-08
15,1-back,F3,9,7.229469853944937e-08
15,1-back,F3,10,6.60802103252847e-08
15,1-back,F3,11,5.702077526046061e-08
15,1-back,F3,12,1.2302474886076715e-07
15,1-back,F3,13,5.643647197154857e-08
15,1-back,F3,14,7.074773182654339e-08
15,1-back,F3,15,7.534457099264706e-08
15,1-back,F3,16,1.0371010773503396e-07
15,1-back,F3,17,6.497006428017671e-08
15,1-back,F3,18,3.988255336547491e-08
15,1-back,F3,19,1.4617406769427267e-07
15,1-back,F3,20,1.989545021510199e-07
15,1-back,F3,21,9.222195785777987e-08
15,1-back,F3,22,1.9238151927021847e-08
15,1-back,F3,23,5.56809840805902e-08
15,1-back,F3,24,5.925922772911322e-08
15,1-back,F3,25,7.150212413765278e-08
15,1-back,F3,26,4.357351607351343e-08
15,1-back,F3,27,6.581209309134808e-08
15,1-back,F3,28,4.998191275595372e-08
15,1-back,F3,29,3.4571391963401366e-08
15,1-back,F3,30,8.033151368176885e-08
15,1-back,F3,31,8.826289545154959e-08
15,1-back,F3,32,6.45547033389711e-08
15,1-back,F3,33,1.407186992168027e-07
15,1-back,F3,34,1.2551714723040795e-07
15,1-back,F3,35,9.113379649198765e-08
15,1-back,F3,36,6.045991338627327e-08
15,1-back,F3,37,3.892386977074286e-08
15,1-back,F3,38,5.1312869314553486e-08
15,1-back,F3,39,1.6099245473239164e-07
15,1-back,F3,40,8.264255389359975e-08
15,1-back,F3,41,3.8179994190505e-08
15,1-back,F3,42,5.6847076031900535e-08
15,1-back,F3,43,8.993029932546774e-08
15,1-back,F3,44,1.0819026462729267e-07
15,1-back,F3,45,6.20754407434645e-08
15,1-back,F3,46,1.2967237196366358e-07
15,1-back,F3,47,6.445991446712242e-08
15,1-back,F4,1,5.1179549526475384e-08
15,1-back,F4,2,5.91014086752259e-08
15,1-back,F4,3,1.0055334677707342e-07
15,1-back,F4,4,7.902204492209008e-08
15,1-back,F4,5,4.767919743908833e-08
15,1-back,F4,6,5.1776510506874876e-08
15,1-back,F4,7,8.038080732971803e-08
15,1-back,F4,8,4.1836464463426437e-08
15,1-back,F4,9,9.679991219539844e-08
15,1-back,F4,10,1.046680871569437e-07
15,1-back,F4,11,2.995022107274304e-08
15,1-back,F4,12,1.3586044063146987e-07
15,1-back,F4,13,6.175066681680425e-08
15,1-back,F4,14,8.752830279141144e-08
15,1-back,F4,15,4.33540411214261e-08
15,1-back,F4,16,1.0576866137886411e-07
15,1-back,F4,17,5.886696436610152e-08
15,1-back,F4,18,3.1417435973212076e-08
15,1-back,F4,19,1.2229533352160184e-07
15,1-back,F4,20,2.015534202850504e-07
15,1-back,F4,21,1.0190884574796871e-07
15,1-back,F4,22,4.1390048836676425e-08
15,1-back,F4,23,4.691895949073413e-08
15,1-back,F4,24,5.16963523938812e-08
15,1-back,F4,25,1.254490499249479e-07
15,1-back,F4,26,5.011814855085603e-08
15,1-back,F4,27,4.866081083077231e-08
15,1-back,F4,28,4.6232899602649495e-08
15,1-back,F4,29,6.431201262815088e-08
15,1-back,F4,30,1.0836676150594658e-07
15,1-back,F4,31,6.896356679065092e-08
15,1-back,F4,32,5.547020813141647e-08
15,1-back,F4,33,1.1886748457689274e-07
15,1-back,F4,34,9.337328941852819e-08
15,1-back,F4,35,8.299526496558287e-08
15,1-back,F4,36,6.530201508398246e-08
15,1-back,F4,37,5.2993045414094147e-08
15,1-back,F4,38,5.684948537234488e-08
15,1-back,F4,39,9.918548982315738e-08
15,1-back,F4,40,8.040768310908627e-08
15,1-back,F4,41,3.861063140253863e-08
15,1-back,F4,42,6.278657073571031e-08
15,1-back,F4,43,5.735926822511869e-08
15,1-back,F4,44,9.582356476095809e-08
15,1-back,F4,45,5.920845377305637e-08
15,1-back,F4,46,1.0459095298433135e-07
15,1-back,F4,47,7.617597917646332e-08
15,1-back,F7,1,2.9959929908498593e-08
15,1-back,F7,2,1.4367997149460496e-07
15,1-back,F7,3,1.0704727346617392e-07
15,1-back,F7,4,1.4515795893142894e-07
15,1-back,F7,5,6.996177080521608e-08
15,1-back,F7,6,3.3073023941742876e-08
15,1-back,F7,7,1.1244188220600944e-07
15,1-back,F7,8,1.3662411146171353e-08
15,1-back,F7,9,5.832705616724453e-08
15,1-back,F7,10,3.8938004888595844e-08
15,1-back,F7,11,8.305208878157409e-08
15,1-back,F7,12,1.0732129697110011e-07
15,1-back,F7,13,4.242001100015496e-08
15,1-back,F7,14,5.892047826826419e-08
15,1-back,F7,15,1.0148497986772902e-07
15,1-back,F7,16,8.989176609889758e-08
15,1-back,F7,17,6.453878172022255e-08
15,1-back,F7,18,4.250520087291352e-08
15,1-back,F7,19,1.232822951646205e-07
15,1-back,F7,20,1.609568553387909e-07
15,1-back,F7,21,9.385666979941726e-08
15,1-back,F7,22,2.5232038020669347e-08
15,1-back,F7,23,6.041975460377737e-08
15,1-back,F7,24,7.142974114959936e-08
15,1-back,F7,25,7.862017635643221e-08
15,1-back,F7,26,3.751381400850349e-08
15,1-back,F7,27,3.572890758379211e-08
15,1-back,F7,28,6.799600826483577e-08
15,1-back,F7,29,1.2297073399654766e-08
15,1-back,F7,30,6.406750943900415e-08
15,1-back,F7,31,1.571542975788976e-07
15,1-back,F7,32,7.140365741628616e-08
15,1-back,F7,33,1.2624964431780267e-07
15,1-back,F7,34,1.2036374188269782e-07
15,1-back,F7,35,4.752401581949111e-08
15,1-back,F7,36,4.585317538275127e-08
15,1-back,F7,37,1.675779329704601e-08
15,1-back,F7,38,4.432147937647603e-08
15,1-back,F7,39,1.4770131693134072e-07
15,1-back,F7,40,8.792603442328562e-08
15,1-back,F7,41,2.6341293393649812e-08
15,1-back,F7,42,4.339764453266679e-08
15,1-back,F7,43,8.577629609072538e-08
15,1-back,F7,44,1.0273747915792367e-07
15,1-back,F7,45,5.741445048983913e-08
15,1-back,F7,46,8.93498356762745e-08
15,1-back,F7,47,5.5237840966015966e-08
15,1-back,F8,1,2.3375842349895936e-08
15,1-back,F8,2,6.408976629525796e-08
15,1-back,F8,3,8.430533107458759e-08
15,1-back,F8,4,7.253316341145437e-08
15,1-back,F8,5,4.637631288097693e-08
15,1-back,F8,6,6.020399499427555e-08
15,1-back,F8,7,6.517580995965504e-08
15,1-back,F8,8,4.320872771826739e-08
15,1-back,F8,9,6.508176138550876e-08
15,1-back,F8,10,4.0835934869650045e-08
15,1-back,F8,11,3.12913337924007e-08
15,1-back,F8,12,9.822917116383417e-08
15,1-back,F8,13,8.135383674357376e-08
15,1-back,F8,14,9.885332562867157e-08
15,1-back,F8,15,4.826337758785286e-08
15,1-back,F8,16,6.451965616551825e-08
15,1-back,F8,17,3.037066120200552e-08
15,1-back,F8,18,3.8971580198990325e-08
15,1-back,F8,19,1.0974828336421906e-07
15,1-back,F8,20,1.233854559997446e-07
15,1-back,F8,21,1.0831862547957806e-07
15,1-back,F8,22,4.86261989095307e-08
15,1-back,F8,23,3.4565839686509594e-08
15,1-back,F8,24,4.2901898790978924e-08
15,1-back,F8,25,1.2186653563298264e-07
15,1-back,F8,26,2.948636037160874e-08
15,1-back,F8,27,2.5968573549163017e-08
15,1-back,F8,28,5.694799770217445e-08
15,1-back,F8,29,4.0265986616960747e-08
15,1-back,F8,30,8.404832355861956e-08
15,1-back,F8,31,9.946712102153887e-08
15,1-back,F8,32,4.7976293024006895e-08
15,1-back,F8,33,7.62337495803389e-08
15,1-back,F8,34,4.8512452980587745e-08
15,1-back,F8,35,6.196394308678268e-08
15,1-back,F8,36,5.095832160305798e-08
15,1-back,F8,37,2.5854427483168033e-08
15,1-back,F8,38,6.577803932048344e-08
15,1-back,F8,39,6.703482447994925e-08
15,1-back,F8,40,7.75951177752979e-08
15,1-back,F8,41,3.9273017085487574e-08
15,1-back,F8,42,3.8532924876876996e-08
15,1-back,F8,43,5.7092641995809905e-08
15,1-back,F8,44,1.1733512719352456e-07
15,1-back,F8,45,5.98597586481125e-08
15,1-back,F8,46,9.12375115470905e-08
15,1-back,F8,47,6.464792685349683e-08
15,1-back,Fz,1,1.0731919953125405e-07
15,1-back,Fz,2,7.678104256324353e-08
15,1-back,Fz,3,1.1362291953125518e-07
15,1-back,Fz,4,1.394281635272653e-07
15,1-back,Fz,5,7.5229178572991e-08
15,1-back,Fz,6,3.924320040273609e-08
15,1-back,Fz,7,1.231631328042522e-07
15,1-back,Fz,8,5.63594687409328e-08
15,1-back,Fz,9,1.1769802164118845e-07
15,1-back,Fz,10,8.339739860339872e-08
15,1-back,Fz,11,5.206008813647175e-08
15,1-back,Fz,12,1.3542759277392105e-07
15,1-back,Fz,13,5.452912612100131e-08
15,1-back,Fz,14,7.577531884350031e-08
15,1-back,Fz,15,7.522346296462007e-08
15,1-back,Fz,16,1.0031012123772192e-07
15,1-back,Fz,17,9.827829816525197e-08
15,1-back,Fz,18,4.3734554185160004e-08
15,1-back,Fz,19,1.38961546056752e-07
15,1-back,Fz,20,2.3999769693608283e-07
15,1-back,Fz,21,9.778040231967306e-08
15,1-back,Fz,22,3.832907031186635e-08
15,1-back,Fz,23,6.40728685339177e-08
15,1-back,Fz,24,7.054598151336993e-08
15,1-back,Fz,25,8.761963851662883e-08
15,1-back,Fz,26,6.806215031806358e-08
15,1-back,Fz,27,8.429865187206707e-08
15,1-back,Fz,28,6.201702584333384e-08
15,1-back,Fz,29,8.841241391509403e-08
15,1-back,Fz,30,1.3040668128010653e-07
15,1-back,Fz,31,6.256856501518068e-08
15,1-back,Fz,32,8.669836455369392e-08
15,1-back,Fz,33,1.585990358226026e-07
15,1-back,Fz,34,1.213092525661464e-07
15,1-back,Fz,35,9.898289129270696e-08
15,1-back,Fz,36,8.517643368519408e-08
15,1-back,Fz,37,7.554923096723769e-08
15,1-back,Fz,38,5.95963408061677e-08
15,1-back,Fz,39,1.8394517451574398e-07
15,1-back,Fz,40,9.997197612981313e-08
15,1-back,Fz,41,3.4167521118230144e-08
15,1-back,Fz,42,6.892190398929687e-08
15,1-back,Fz,43,7.788577031281144e-08
15,1-back,Fz,44,9.094845649184539e-08
15,1-back,Fz,45,8.712751711476335e-08
15,1-back,Fz,46,1.4537333561189127e-07
15,1-back,Fz,47,1.0539740753984903e-07
15,2-back,F3,1,1.006694920294918e-07
15,2-back,F3,2,3.886304897498426e-08
15,2-back,F3,3,6.285751422048948e-08
15,2-back,F3,4,3.6034167064440255e-08
15,2-back,F3,5,1.1455029067895167e-07
15,2-back,F3,6,8.84931134680684e-08
15,2-back,F3,7,1.7818756435253176e-07
15,2-back,F3,8,8.111205732913634e-08
15,2-back,F3,9,1.0223436515132113e-07
15,2-back,F3,10,6.182798229299565e-08
15,2-back,F3,11,4.644530328196196e-08
15,2-back,F3,12,5.2726188603283585e-08
15,2-back,F3,13,1.5511293737800235e-07
15,2-back,F3,14,7.309898904472561e-08
15,2-back,F3,15,7.748074973535294e-08
15,2-back,F3,16,9.709122993063829e-08
15,2-back,F3,17,6.901004927787863e-08
15,2-back,F3,18,6.7340689904009e-08
15,2-back,F3,19,7.906758117693667e-08
15,2-back,F3,20,6.995168529745609e-08
15,2-back,F3,21,4.5568106128286557e-08
15,2-back,F3,22,5.921138518329292e-08
15,2-back,F3,23,5.2048874544099586e-08
15,2-back,F3,24,8.785885838949235e-08
15,2-back,F3,25,9.1276510285352e-08
15,2-back,F3,26,1.0630459007593753e-07
15,2-back,F3,27,6.333790159321224e-08
15,2-back,F3,28,6.345426621261458e-08
15,2-back,F3,29,8.026124277703783e-08
15,2-back,F3,30,1.2288614140710067e-07
15,2-back,F3,31,4.4234159692129294e-08
15,2-back,F3,32,5.6976704989428754e-08
15,2-back,F3,33,8.173895720126145e-08
15,2-back,F3,34,1.1350840511262244e-07
15,2-back,F3,35,1.1457714275864312e-07
15,2-back,F3,36,1.3222138590003955e-07
15,2-back,F3,37,6.375882686946328e-08
15,2-back,F3,38,1.3589877205087413e-07
15,2-back,F3,39,9.087261247304572e-08
15,2-back,F3,40,7.916921574691216e-08
15,2-back,F3,41,6.49856468265367e-08
15,2-back,F3,42,6.999675072813632e-08
15,2-back,F4,1,6.001313663547822e-08
15,2-back,F4,2,5.001847621885097e-08
15,2-back,F4,3,4.8313707943832634e-08
15,2-back,F4,4,4.419965364240703e-08
15,2-back,F4,5,9.667183194197235e-08
15,2-back,F4,6,1.0172324001780983e-07
15,2-back,F4,7,1.4939307215239006e-07
15,2-back,F4,8,9.280184333770732e-08
15,2-back,F4,9,7.685230361608268e-08
15,2-back,F4,10,4.272387505701732e-08
15,2-back,F4,11,3.952550603169429e-08
15,2-back,F4,12,3.620815978120521e-08
15,2-back,F4,13,1.429091617429456e-07
15,2-back,F4,14,4.517334046627655e-08
15,2-back,F4,15,5.534973688092847e-08
15,2-back,F4,16,5.1788313257774404e-08
15,2-back,F4,17,6.753696961492957e-08
15,2-back,F4,18,6.760848458935792e-08
15,2-back,F4,19,3.7787607180028447e-08
15,2-back,F4,20,8.230842495342933e-08
15,2-back,F4,21,3.983618241308721e-08
15,2-back,F4,22,5.183756349864842e-08
15,2-back,F4,23,3.876040284731171e-08
15,2-back,F4,24,5.7265032069875196e-08
15,2-back,F4,25,8.206135167373225e-08
15,2-back,F4,26,1.1522957357929477e-07
15,2-back,F4,27,4.305662754342693e-08
15,2-back,F4,28,4.064437442332841e-08
15,2-back,F4,29,8.711806678573638e-08
15,2-back,F4,30,1.3102841972438748e-07
15,2-back,F4,31,6.130338081100314e-08
15,2-back,F4,32,6.900323087166539e-08
15,2-back,F4,33,8.152391568212777e-08
15,2-back,F4,34,9.30872447468197e-08
15,2-back,F4,35,8.382726884698449e-08
15,2-back,F4,36,1.1737256452004634e-07
15,2-back,F4,37,6.266045705495759e-08
15,2-back,F4,38,9.513365481650024e-08
15,2-back,F4,39,1.0083377723796112e-07
15,2-back,F4,40,1.1223513018116061e-07
15,2-back,F4,41,4.65245441786313e-08
15,2-back,F4,42,6.6975049623824e-08
15,2-back,F7,1,1.1025505915281102e-07
15,2-back,F7,2,4.098062581952005e-08
15,2-back,F7,3,8.578240022629201e-08
15,2-back,F7,4,4.39824069885546e-08
15,2-back,F7,5,1.156051200206668e-07
15,2-back,F7,6,7.256503260152193e-08
15,2-back,F7,7,1.4360047470161956e-07
15,2-back,F7,8,9.811090525074578e-08
15,2-back,F7,9,1.1119990973820121e-07
15,2-back,F7,10,9.167924329104578e-08
15,2-back,F7,11,6.45357417718104e-08
15,2-back,F7,12,4.2402867037842335e-08
15,2-back,F7,13,1.348573076039577e-07
15,2-back,F7,14,1.0437567932666385e-07
15,2-back,F7,15,8.643909253960102e-08
15,2-back,F7,16,9.750103772965989e-08
15,2-back,F7,17,5.149574357177941e-08
15,2-back,F7,18,9.611459497358779e-08
15,2-back,F7,19,5.671323658583891e-08
15,2-back,F7,20,3.951318651587628e-08
15,2-back,F7,21,6.989140175231989e-08
15,2-back,F7,22,6.661930088732543e-08
15,2-back,F7,23,4.348763469823224e-08
15,2-back,F7,24,6.972067027074335e-08
15,2-back,F7,25,3.764330781142149e-08
15,2-back,F7,26,8.493282756420922e-08
15,2-back,F7,27,7.073726964049895e-08
15,2-back,F7,28,6.640937097879661e-08
15,2-back,F7,29,2.9909322708301335e-08
15,2-back,F7,30,7.430652812248235e-08
15,2-back,F7,31,5.5343910313841245e-08
15,2-back,F7,32,7.607700411595054e-08
15,2-back,F7,33,7.427731502261975e-08
15,2-back,F7,34,1.0818237333257057e-07
15,2-back,F7,35,8.847943289564426e-08
15,2-back,F7,36,9.001887006528951e-08
15,2-back,F7,37,7.867655165323689e-08
15,2-back,F7,38,9.034913123382263e-08
15,2-back,F7,39,8.659828298734799e-08
15,2-back,F7,40,6.288541191897544e-08
15,2-back,F7,41,7.450048204077316e-08
15,2-back,F7,42,6.73439510809826e-08
15,2-back,F8,1,5.8806977943925484e-08
15,2-back,F8,2,4.4328675601040046e-08
15,2-back,F8,3,5.8645080205210056e-08
15,2-back,F8,4,4.4845884466107394e-08
15,2-back,F8,5,7.571485949612707e-08
15,2-back,F8,6,7.399123799874073e-08
15,2-back,F8,7,1.0171209888720836e-07
15,2-back,F8,8,6.771313338179208e-08
15,2-back,F8,9,6.864472889328253e-08
15,2-back,F8,10,3.396145344466496e-08
15,2-back,F8,11,3.9308829539945215e-08
15,2-back,F8,12,3.6712203200129884e-08
15,2-back,F8,13,1.1131628094258473e-07
15,2-back,F8,14,4.4734413265914696e-08
15,2-back,F8,15,3.562042742101202e-08
15,2-back,F8,16,4.317957369692109e-08
15,2-back,F8,17,6.6847187485765e-08
15,2-back,F8,18,4.156423147776814e-08
15,2-back,F8,19,2.0619537625660966e-08
15,2-back,F8,20,5.8831227286993293e-08
15,2-back,F8,21,3.368063162410368e-08
15,2-back,F8,22,4.839282219696301e-08
15,2-back,F8,23,3.505228220341346e-08
15,2-back,F8,24,5.374123414001585e-08
15,2-back,F8,25,3.9011907164947e-08
15,2-back,F8,26,9.979775407083432e-08
15,2-back,F8,27,4.086613746989496e-08
15,2-back,F8,28,3.185432922277391e-08
15,2-back,F8,29,5.491257498156522e-08
15,2-back,F8,30,9.243625021664476e-08
15,2-back,F8,31,7.30689698941576e-08
15,2-back,F8,32,7.34104829246103e-08
15,2-back,F8,33,7.90136722848538e-08
15,2-back,F8,34,7.760975931499706e-08
15,2-back,F8,35,4.9626876269850885e-08
15,2-back,F8,36,8.765990393982976e-08
15,2-back,F8,37,6.643689819081966e-08
15,2-back,F8,38,7.12525865006641e-08
15,2-back,F8,39,7.998347585749363e-08
15,2-back,F8,40,8.527475100057659e-08
15,2-back,F8,41,3.289005886142046e-08
15,2-back,F8,42,8.626966495876594e-08
15,2-back,Fz,1,6.242689360722682e-08
15,2-back,Fz,2,5.753070502270645e-08
15,2-back,Fz,3,4.231587670275536e-08
15,2-back,Fz,4,5.0237113021240286e-08
15,2-back,Fz,5,1.4532832089910674e-07
15,2-back,Fz,6,1.2769007864212892e-07
15,2-back,Fz,7,1.934898020661666e-07
15,2-back,Fz,8,1.177542748498821e-07
15,2-back,Fz,9,1.0929267388751277e-07
15,2-back,Fz,10,7.80550631295029e-08
15,2-back,Fz,11,3.957669761442336e-08
15,2-back,Fz,12,5.2616385919955363e-08
15,2-back,Fz,13,1.4222422532683374e-07
15,2-back,Fz,14,7.213478252618124e-08
15,2-back,Fz,15,8.276899751442368e-08
15,2-back,Fz,16,8.185194571346745e-08
15,2-back,Fz,17,7.602022638363414e-08
15,2-back,Fz,18,8.11848162379819e-08
15,2-back,Fz,19,9.179261921613794e-08
15,2-back,Fz,20,1.0616113332270047e-07
15,2-back,Fz,21,4.11774562022491e-08
15,2-back,Fz,22,7.361227103281725e-08
15,2-back,Fz,23,6.705071479434615e-08
15,2-back,Fz,24,6.614432245002628e-08
15,2-back,Fz,25,1.8028611306839213e-07
15,2-back,Fz,26,9.547362287679539e-08
15,2-back,Fz,27,5.230088923862276e-08
15,2-back,Fz,28,6.867948167509873e-08
15,2-back,Fz,29,1.146549646617864e-07
15,2-back,Fz,30,1.1884864047645538e-07
15,2-back,Fz,31,4.679870627205017e-08
15,2-back,Fz,32,7.202130831950885e-08
15,2-back,Fz,33,1.0247519447875473e-07
15,2-back,Fz,34,1.0092708092306902e-07
15,2-back,Fz,35,1.27425369409922e-07
15,2-back,Fz,36,1.5451298587240863e-07
15,2-back,Fz,37,6.899554913794887e-08
15,2-back,Fz,38,1.5434778843690491e-07
15,2-back,Fz,39,1.0525373071154905e-07
15,2-back,Fz,40,1.328130292442766e-07
15,2-back,Fz,41,5.0414805181284505e-08
15,2-back,Fz,42,8.313357269175058e-08
15,3-back,F3,1,6.662686423005498e-08
15,3-back,F3,2,9.995737910048681e-08
15,3-back,F3,3,1.7301537798738272e-07
15,3-back,F3,4,1.3467080816843938e-07
15,3-back,F3,5,4.7276316634495275e-08
15,3-back,F3,6,1.0894391599859525e-07
15,3-back,F3,7,9.495795953285693e-08
15,3-back,F3,8,1.2417355385291843e-07
15,3-back,F3,9,2.0432538545258415e-07
15,3-back,F3,10,1.1908038395672749e-07
15,3-back,F3,11,1.7830058280791887e-07
15,3-back,F3,12,1.1820972638578727e-07
15,3-back,F3,13,1.0122178784977997e-07
15,3-back,F3,14,8.808466080018388e-08
15,3-back,F3,15,6.367653538881943e-08
15,3-back,F3,16,2.047056324184901e-07
15,3-back,F3,17,8.399124421582454e-08
15,3-back,F3,18,5.916849852843182e-08
15,3-back,F3,19,1.2505283364827071e-07
15,3-back,F3,20,8.32877794479022e-08
15,3-back,F3,21,1.7136490664478364e-07
15,3-back,F3,22,1.2302123378862378e-07
15,3-back,F3,23,1.3018070176950997e-07
15,3-back,F3,24,1.1769155706896548e-07
15,3-back,F3,25,9.47097216643545e-08
15,3-back,F3,26,5.737094964362553e-08
15,3-back,F3,27,5.844629064856631e-08
15,3-back,F3,28,8.721073822179013e-08
15,3-back,F3,29,7.245832627879122e-08
15,3-back,F3,30,1.0433652497131155e-07
15,3-back,F3,31,6.982833640657662e-08
15,3-back,F3,32,4.494503621741242e-08
15,3-back,F3,33,9.294902172732006e-08
15,3-back,F3,34,1.2788667053623883e-07
15,3-back,F3,35,7.125227014217522e-08
15,3-back,F3,36,3.12024509852912e-08
15,3-back,F3,37,2.3189888236977398e-07
15,3-back,F3,38,6.093747720906232e-08
15,3-back,F3,39,1.0785070542093396e-07
15,3-back,F3,40,9.779645319554592e-08
15,3-back,F3,41,1.1995008125093e-07
15,3-back,F3,42,5.7993681163155345e-08
15,3-back,F3,43,1.4741885281859432e-07
15,3-back,F3,44,1.276518379481542e-07
15,3-back,F3,45,1.1212084954335868e-07
15,3-back,F3,46,2.1172340379618268e-07
15,3-back,F3,47,4.251029648925371e-08
15,3-back,F3,48,9.194163178951379e-08
15,3-back,F3,49,1.013424688103499e-07
15,3-back,F3,50,2.1504551525996452e-07
15,3-back,F4,1,6.200459830572498e-08
15,3-back,F4,2,8.644819478254548e-08
15,3-back,F4,3,1.8790369204390154e-07
15,3-back,F4,4,1.2786323176313767e-07
15,3-back,F4,5,6.575326119900561e-08
15,3-back,F4,6,1.5687221712490842e-07
15,3-back,F4,7,6.494334268598194e-08
15,3-back,F4,8,7.842990990881805e-08
15,3-back,F4,9,1.142226306991752e-07
15,3-back,F4,10,9.259064672201325e-08
15,3-back,F4,11,1.05782808560296e-07
15,3-back,F4,12,1.1298841314491398e-07
15,3-back,F4,13,8.084625265229338e-08
15,3-back,F4,14,1.2272535345032636e-07
15,3-back,F4,15,7.281757873640061e-08
15,3-back,F4,16,1.1930722270403535e-07
15,3-back,F4,17,8.721694866507402e-08
15,3-back,F4,18,4.562662131804459e-08
15,3-back,F4,19,9.97479772927694e-08
15,3-back,F4,20,1.5188263187799038e-07
15,3-back,F4,21,1.2417855647995925e-07
15,3-back,F4,22,1.1393532751858751e-07
15,3-back,F4,23,7.367133658729829e-08
15,3-back,F4,24,9.00737517669786e-08
15,3-back,F4,25,9.305651927917315e-08
15,3-back,F4,26,4.5749642887041074e-08
15,3-back,F4,27,5.751381144835124e-08
15,3-back,F4,28,6.93936037427805e-08
15,3-back,F4,29,5.917446753422145e-08
15,3-back,F4,30,9.721227329001293e-08
15,3-back,F4,31,6.27215371660793e-08
15,3-back,F4,32,4.633885655294728e-08
15,3-back,F4,33,9.366593974985646e-08
15,3-back,F4,34,1.0118953767677026e-07
15,3-back,F4,35,1.0379980037052679e-07
15,3-back,F4,36,5.719157274442851e-08
15,3-back,F4,37,1.573239029175327e-07
15,3-back,F4,38,6.782365235093595e-08
15,3-back,F4,39,1.425935635281384e-07
15,3-back,F4,40,7.427657263381157e-08
15,3-back,F4,41,7.926835005751571e-08
15,3-back,F4,42,5.090189325612165e-08
15,3-back,F4,43,1.4266343615315246e-07
15,3-back,F4,44,1.1071609570769829e-07
15,3-back,F4,45,1.26084241317766e-07
15,3-back,F4,46,1.49144897648245e-07
15,3-back,F4,47,4.115922912954745e-08
15,3-back,F4,48,8.10177918508992e-08
15,3-back,F4,49,1.0700137145458641e-07
15,3-back,F4,50,1.0081243004787297e-07
15,3-back,F7,1,5.812545188735372e-08
15,3-back,F7,2,1.5801873415139276e-07
15,3-back,F7,3,1.653704128486598e-07
15,3-back,F7,4,8.53797718061656e-08
15,3-back,F7,5,5.651674276174208e-08
15,3-back,F7,6,9.01474778643395e-08
15,3-back,F7,7,8.97785322100899e-08
15,3-back,F7,8,1.5525634279431475e-07
15,3-back,F7,9,1.9256832115025246e-07
15,3-back,F7,10,1.444368800320432e-07
15,3-back,F7,11,1.859834157612223e-07
15,3-back,F7,12,9.701296614364392e-08
15,3-back,F7,13,7.86445529117204e-08
15,3-back,F7,14,7.067566564641548e-08
15,3-back,F7,15,8.847085678500274e-08
15,3-back,F7,16,2.23233481960843e-07
15,3-back,F7,17,1.0067323272183892e-07
15,3-back,F7,18,5.778279246813411e-08
15,3-back,F7,19,1.5895826449888718e-07
15,3-back,F7,20,6.456681237252005e-08
15,3-back,F7,21,1.6938859530038456e-07
15,3-back,F7,22,1.1224417133996395e-07
15,3-back,F7,23,1.0446090451591289e-07
15,3-back,F7,24,1.493412988835995e-07
15,3-back,F7,25,7.339745626221917e-08
15,3-back,F7,26,7.617274074007638e-08
15,3-back,F7,27,6.022995368761905e-08
15,3-back,F7,28,1.0173725046214868e-07
15,3-back,F7,29,6.718901820574226e-08
15,3-back,F7,30,9.772589655968027e-08
15,3-back,F7,31,7.051513258066395e-08
15,3-back,F7,32,6.34379297686813e-08
15,3-back,F7,33,1.1474608781516394e-07
15,3-back,F7,34,1.476058748269036e-07
15,3-back,F7,35,5.0433877454664036e-08
15,3-back,F7,36,4.690536527908854e-08
15,3-back,F7,37,1.6043230241077938e-07
15,3-back,F7,38,9.275420529801778e-08
15,3-back,F7,39,6.860204646677295e-08
15,3-back,F7,40,8.378004958292354e-08
15,3-back,F7,41,1.2746373052301562e-07
15,3-back,F7,42,7.96206412936053e-08
15,3-back,F7,43,1.1976566555720743e-07
15,3-back,F7,44,1.1233220070157087e-07
15,3-back,F7,45,7.713464190111988e-08
15,3-back,F7,46,2.0805084906504736e-07
15,3-back,F7,47,3.9230258830542444e-08
15,3-back,F7,48,7.337790786347443e-08
15,3-back,F7,49,7.592315407554589e-08
15,3-back,F7,50,1.4483350909733335e-07
15,3-back,F8,1,3.993491643097283e-08
15,3-back,F8,2,7.163460755616149e-08
15,3-back,F8,3,1.1986396446523597e-07
15,3-back,F8,4,7.46591883456433e-08
15,3-back,F8,5,4.430951378600508e-08
15,3-back,F8,6,1.2307397851161667e-07
15,3-back,F8,7,6.276282583522527e-08
15,3-back,F8,8,7.045849949871151e-08
15,3-back,F8,9,1.0677591592424412e-07
15,3-back,F8,10,9.03861736779213e-08
15,3-back,F8,11,8.212159957121698e-08
15,3-back,F8,12,9.177949550147115e-08
15,3-back,F8,13,4.377255500819587e-08
15,3-back,F8,14,7.68936411586558e-08
15,3-back,F8,15,8.119479301922479e-08
15,3-back,F8,16,9.929389197272478e-08
15,3-back,F8,17,9.451854235407664e-08
15,3-back,F8,18,5.104609085404424e-08
15,3-back,F8,19,9.201912058973646e-08
15,3-back,F8,20,1.2955537075199566e-07
15,3-back,F8,21,1.2600692404894025e-07
15,3-back,F8,22,7.646872858020955e-08
15,3-back,F8,23,3.353127211411571e-08
15,3-back,F8,24,8.697026274927313e-08
15,3-back,F8,25,6.714063455625927e-08
15,3-back,F8,26,4.837609866349104e-08
15,3-back,F8,27,3.561455778739807e-08
15,3-back,F8,28,6.270813555776284e-08
15,3-back,F8,29,7.499524083223609e-08
15,3-back,F8,30,6.162165833051237e-08
15,3-back,F8,31,4.391265316007938e-08
15,3-back,F8,32,4.2218193780282496e-08
15,3-back,F8,33,9.262210827420775e-08
15,3-back,F8,34,1.0316862427535538e-07
15,3-back,F8,35,7.084408620899457e-08
15,3-back,F8,36,4.101692720920086e-08
15,3-back,F8,37,7.80952928578092e-08
15,3-back,F8,38,6.296629445264508e-08
15,3-back,F8,39,9.915474601897916e-08
15,3-back,F8,40,5.143788622339256e-08
15,3-back,F8,41,7.66454777952418e-08
15,3-back,F8,42,5.112585119631877e-08
15,3-back,F8,43,1.1105957823553016e-07
15,3-back,F8,44,8.794499903840235e-08
15,3-back,F8,45,9.175506352977814e-08
15,3-back,F8,46,1.2245175477282643e-07
15,3-back,F8,47,3.737888419587392e-08
15,3-back,F8,48,6.778037174616867e-08
15,3-back,F8,49,7.365712219600847e-08
15,3-back,F8,50,8.494637163579335e-08
15,3-back,Fz,1,8.833941791200192e-08
15,3-back,Fz,2,9.588174821934238e-08
15,3-back,Fz,3,2.2907973747796773e-07
15,3-back,Fz,4,1.4238325271608176e-07
15,3-back,Fz,5,7.213249094577971e-08
15,3-back,Fz,6,1.540561648283304e-07
15,3-back,Fz,7,1.0947592053636145e-07
15,3-back,Fz,8,8.964804194399102e-08
15,3-back,Fz,9,1.575629921188729e-07
15,3-back,Fz,10,1.114673415399105e-07
15,3-back,Fz,11,1.707763528933007e-07
15,3-back,Fz,12,1.434096476811358e-07
15,3-back,Fz,13,1.4369839400589262e-07
15,3-back,Fz,14,1.7970264656591123e-07
15,3-back,Fz,15,6.619645379580878e-08
15,3-back,Fz,16,1.381149032335309e-07
15,3-back,Fz,17,1.0040474640601877e-07
15,3-back,Fz,18,4.826963511349443e-08
15,3-back,Fz,19,1.1119000490618541e-07
15,3-back,Fz,20,1.3508101178941962e-07
15,3-back,Fz,21,1.5878429530351423e-07
15,3-back,Fz,22,1.509440131654208e-07
15,3-back,Fz,23,1.7802655330274692e-07
15,3-back,Fz,24,1.0379530367376976e-07
15,3-back,Fz,25,1.2527231557933434e-07
15,3-back,Fz,26,4.6774320883795496e-08
15,3-back,Fz,27,5.934853473192042e-08
15,3-back,Fz,28,9.425020245993879e-08
15,3-back,Fz,29,6.831575486050934e-08
15,3-back,Fz,30,1.285279421894952e-07
15,3-back,Fz,31,8.04902547644004e-08
15,3-back,Fz,32,6.696405650422829e-08
15,3-back,Fz,33,1.2775604763978424e-07
15,3-back,Fz,34,1.3225628922965727e-07
15,3-back,Fz,35,1.443130223397499e-07
15,3-back,Fz,36,6.453070518600067e-08
15,3-back,Fz,37,2.609203553763742e-07
15,3-back,Fz,38,5.9272919988238774e-08
15,3-back,Fz,39,1.446895881105425e-07
15,3-back,Fz,40,1.4643340208691188e-07
15,3-back,Fz,41,1.146030859807784e-07
15,3-back,Fz,42,6.255632873353102e-08
15,3-back,Fz,43,2.4438016995594264e-07
15,3-back,Fz,44,1.3819438816814817e-07
15,3-back,Fz,45,1.5969431732307643e-07
15,3-back,Fz,46,1.7488791312357938e-07
15,3-back,Fz,47,4.379451254913886e-08
15,3-back,Fz,48,1.4098423574533348e-07
15,3-back,Fz,49,1.422153061035915e-07
15,3-back,Fz,50,2.06116252695208e-07
15,4-back,F3,1,6.02092735538081e-08
15,4-back,F3,2,1.2440093019346896e-07
15,4-back,F3,3,1.51342539263286e-07
15,4-back,F3,4,6.814791240666555e-08
15,4-back,F3,5,5.64582929472645e-08
15,4-back,F3,6,7.7391283944775e-08
15,4-back,F3,7,7.329802440995186e-08
15,4-back,F3,8,1.1650045742754132e-07
15,4-back,F3,9,5.44805910840917e-08
15,4-back,F3,10,1.8853879347424044e-07
15,4-back,F3,11,1.2504035413721555e-07
15,4-back,F3,12,8.323412773514287e-08
15,4-back,F3,13,1.0122218199254896e-07
15,4-back,F3,14,1.6955293814823775e-07
15,4-back,F3,15,1.1692178141831044e-07
15,4-back,F3,16,5.855834549120678e-08
15,4-back,F3,17,7.609721150021943e-08
15,4-back,F3,18,4.9591982052815415e-08
15,4-back,F3,19,7.483946452833319e-08
15,4-back,F3,20,4.733107204828899e-08
15,4-back,F3,21,6.921791391583913e-08
15,4-back,F3,22,1.1351509166531538e-07
15,4-back,F3,23,1.045877368183008e-07
15,4-back,F3,24,4.870692514572639e-08
15,4-back,F3,25,5.956902789007224e-08
15,4-back,F3,26,9.647900190492368e-08
15,4-back,F3,27,5.963306689275333e-08
15,4-back,F3,28,5.770262627744623e-08
15,4-back,F3,29,1.0249483599746297e-07
15,4-back,F3,30,6.284503130450378e-08
15,4-back,F3,31,5.938369504817446e-08
15,4-back,F3,32,7.105405484251213e-08
15,4-back,F3,33,4.1585650583458754e-08
15,4-back,F3,34,1.0197874081895943e-07
15,4-back,F3,35,6.386418585434637e-08
15,4-back,F3,36,1.0007829652296106e-07
15,4-back,F3,37,1.1607305241904812e-07
15,4-back,F3,38,1.0065123200077234e-07
15,4-back,F3,39,8.726712609181325e-08
15,4-back,F3,40,1.4353618155447366e-07
15,4-back,F3,41,1.3588073495888962e-07
15,4-back,F3,42,1.048267798354155e-07
15,4-back,F3,43,1.440607872796101e-07
15,4-back,F3,44,1.44429135931995e-07
15,4-back,F3,45,4.1461812502443464e-08
15,4-back,F3,46,9.557736611927997e-08
15,4-back,F3,47,1.5733693711495644e-07
15,4-back,F3,48,5.683481240542297e-08
15,4-back,F3,49,5.807101297952553e-08
15,4-back,F3,50,5.2136783926055965e-08
15,4-back,F3,51,9.35528577559554e-08
15,4-back,F3,52,7.769333756349737e-08
15,4-back,F3,53,7.25948336827467e-08
15,4-back,F3,54,5.041966422427818e-08
15,4-back,F3,55,8.100445906620177e-08
15,4-back,F3,56,1.1920427487737224e-07
15,4-back,F3,57,3.158362350272659e-08
15,4-back,F3,58,8.976516628449301e-08
15,4-back,F3,59,1.0118928739217427e-07
15,4-back,F3,60,8.4991591653611e-08
15,4-back,F3,61,1.0409224956563148e-07
15,4-back,F3,62,9.705350519911317e-08
15,4-back,F3,63,6.853639691095228e-08
15,4-back,F3,64,6.172199108294239e-08
15,4-back,F3,65,1.7544181818726368e-07
15,4-back,F3,66,7.56203190105256e-08
15,4-back,F3,67,5.237385309439605e-08
15,4-back,F4,1,4.7981041119839566e-08
15,4-back,F4,2,9.385897351121604e-08
15,4-back,F4,3,1.064803102909822e-07
15,4-back,F4,4,8.123198758868396e-08
15,4-back,F4,5,7.533224427769206e-08
15,4-back,F4,6,7.567833185602471e-08
15,4-back,F4,7,3.283928602119459e-08
15,4-back,F4,8,9.855224105980984e-08
15,4-back,F4,9,4.438909469407057e-08
15,4-back,F4,10,1.1857184492364213e-07
15,4-back,F4,11,9.826312660971375e-08
15,4-back,F4,12,8.526642696482077e-08
15,4-back,F4,13,8.686412918913818e-08
15,4-back,F4,14,7.500391150874281e-08
15,4-back,F4,15,9.22616786676483e-08
15,4-back,F4,16,5.5983313588113944e-08
15,4-back,F4,17,8.135073299757127e-08
15,4-back,F4,18,6.842356086057236e-08
15,4-back,F4,19,6.051285049989925e-08
15,4-back,F4,20,3.9729114086016634e-08
15,4-back,F4,21,7.13305313277815e-08
15,4-back,F4,22,1.215883494443044e-07
15,4-back,F4,23,8.288740413950955e-08
15,4-back,F4,24,5.254762540343367e-08
15,4-back,F4,25,3.0699325022273635e-08
15,4-back,F4,26,1.0124697573718603e-07
15,4-back,F4,27,9.319159472698121e-08
15,4-back,F4,28,8.891229390824943e-08
15,4-back,F4,29,8.86161181281725e-08
15,4-back,F4,30,6.306644170325152e-08
15,4-back,F4,31,3.966936388475826e-08
15,4-back,F4,32,7.880592367566852e-08
15,4-back,F4,33,6.128465400262628e-08
15,4-back,F4,34,7.145516886087865e-08
15,4-back,F4,35,5.012910164830754e-08
15,4-back,F4,36,1.0896606714847715e-07
15,4-back,F4,37,6.15021861424021e-08
15,4-back,F4,38,9.080491506584478e-08
15,4-back,F4,39,3.1329906062300484e-08
15,4-back,F4,40,1.0560663453969914e-07
15,4-back,F4,41,8.380829610591336e-08
15,4-back,F4,42,8.561125106066532e-08
15,4-back,F4,43,1.2080956160422087e-07
15,4-back,F4,44,9.995640242819228e-08
15,4-back,F4,45,5.1617784032535055e-08
15,4-back,F4,46,1.0659466840923274e-07
15,4-back,F4,47,1.0039846875916336e-07
15,4-back,F4,48,5.1357375448790744e-08
15,4-back,F4,49,6.935868385888083e-08
15,4-back,F4,50,5.186250829274703e-08
15,4-back,F4,51,5.3459104415345e-08
15,4-back,F4,52,7.982551438678116e-08
15,4-back,F4,53,6.225006003276425e-08
15,4-back,F4,54,8.261245694199467e-08
15,4-back,F4,55,7.771089725549908e-08
15,4-back,F4,56,7.408451094861045e-08
15,4-back,F4,57,3.525915636206882e-08
15,4-back,F4,58,6.604879551576557e-08
15,4-back,F4,59,9.651360772148327e-08
15,4-back,F4,60,9.298249615937256e-08
15,4-back,F4,61,8.229066216122336e-08
15,4-back,F4,62,8.55039230135329e-08
15,4-back,F4,63,1.0951839340462985e-07
15,4-back,F4,64,6.501699576584365e-08
15,4-back,F4,65,2.059087536777017e-07
15,4-back,F4,66,7.378377286005371e-08
15,4-back,F4,67,4.213144117849927e-08
15,4-back,F7,1,7.039928882853236e-08
15,4-back,F7,2,1.2417225546082193e-07
15,4-back,F7,3,1.4822233131008351e-07
15,4-back,F7,4,4.2582004121827576e-08
15,4-back,F7,5,6.861622396282403e-08
15,4-back,F7,6,1.1492562133441953e-07
15,4-back,F7,7,7.931796050943952e-08
15,4-back,F7,8,7.52057259414003e-08
15,4-back,F7,9,7.376413343272674e-08
15,4-back,F7,10,1.4602794722835604e-07
15,4-back,F7,11,8.423276357027308e-08
15,4-back,F7,12,9.932898826986787e-08
15,4-back,F7,13,1.2664975332669168e-07
15,4-back,F7,14,1.5268344887557595e-07
15,4-back,F7,15,1.0123097280003301e-07
15,4-back,F7,16,5.199960209702069e-08
15,4-back,F7,17,9.505812150108238e-08
15,4-back,F7,18,6.434950722531539e-08
15,4-back,F7,19,6.472153218539506e-08
15,4-back,F7,20,3.984952019568323e-08
15,4-back,F7,21,6.767610435722959e-08
15,4-back,F7,22,9.011911385813155e-08
15,4-back,F7,23,9.336894291514309e-08
15,4-back,F7,24,4.540715327154413e-08
15,4-back,F7,25,7.432788494090245e-08
15,4-back,F7,26,1.0822145394065956e-07
15,4-back,F7,27,4.901377058258363e-08
15,4-back,F7,28,8.113405479232468e-08
15,4-back,F7,29,6.052195764554673e-08
15,4-back,F7,30,9.997522872109179e-08
15,4-back,F7,31,6.312250514080563e-08
15,4-back,F7,32,6.971285489684425e-08
15,4-back,F7,33,3.021907476526195e-08
15,4-back,F7,34,1.0990057073189457e-07
15,4-back,F7,35,6.00490089699316e-08
15,4-back,F7,36,1.1190314970079204e-07
15,4-back,F7,37,1.2538433330769067e-07
15,4-back,F7,38,1.2266238223930197e-07
15,4-back,F7,39,1.1651518202744538e-07
15,4-back,F7,40,8.943596620494506e-08
15,4-back,F7,41,1.1857353358592827e-07
15,4-back,F7,42,8.188321202495124e-08
15,4-back,F7,43,9.933903928225328e-08
15,4-back,F7,44,1.2185979819708322e-07
15,4-back,F7,45,6.071791781958558e-08
15,4-back,F7,46,9.305587231193019e-08
15,4-back,F7,47,1.5396767050129457e-07
15,4-back,F7,48,7.518143669514641e-08
15,4-back,F7,49,5.648178031701347e-08
15,4-back,F7,50,6.528975923126744e-08
15,4-back,F7,51,6.899529507535066e-08
15,4-back,F7,52,4.758523418366366e-08
15,4-back,F7,53,7.99464553797384e-08
15,4-back,F7,54,3.121019194721656e-08
15,4-back,F7,55,7.197886898362548e-08
15,4-back,F7,56,9.060029427922679e-08
15,4-back,F7,57,4.754601769463075e-08
15,4-back,F7,58,8.368397482009802e-08
15,4-back,F7,59,1.1832725418019776e-07
15,4-back,F7,60,5.962362000492873e-08
15,4-back,F7,61,5.942252332457602e-08
15,4-back,F7,62,8.516508673547331e-08
15,4-back,F7,63,6.36168038177091e-08
15,4-back,F7,64,8.249184250316966e-08
15,4-back,F7,65,1.6226056375342337e-07
15,4-back,F7,66,8.500811046179345e-08
15,4-back,F7,67,5.640562724516886e-08
15,4-back,F8,1,4.5060663620485877e-08
15,4-back,F8,2,7.554248132511505e-08
15,4-back,F8,3,8.537087274243031e-08
15,4-back,F8,4,5.394157132792449e-08
15,4-back,F8,5,7.220395657109902e-08
15,4-back,F8,6,7.50378368237502e-08
15,4-back,F8,7,2.8008072473293137e-08
15,4-back,F8,8,4.931358676223892e-08
15,4-back,F8,9,4.3103687860502865e-08
15,4-back,F8,10,7.463086999769074e-08
15,4-back,F8,11,8.745036887674234e-08
15,4-back,F8,12,7.10349699686595e-08
15,4-back,F8,13,9.082865734018875e-08
15,4-back,F8,14,5.385284992565494e-08
15,4-back,F8,15,6.3278295189655e-08
15,4-back,F8,16,4.7478885686133524e-08
15,4-back,F8,17,6.915083206994483e-08
15,4-back,F8,18,5.596208263686458e-08
15,4-back,F8,19,4.4791448765082646e-08
15,4-back,F8,20,3.953225942831395e-08
15,4-back,F8,21,8.440673820928696e-08
15,4-back,F8,22,9.537701620859395e-08
15,4-back,F8,23,6.629263085259419e-08
15,4-back,F8,24,3.840266807857794e-08
15,4-back,F8,25,2.147016366524687e-08
15,4-back,F8,26,6.74266916457496e-08
15,4-back,F8,27,7.95995432524333e-08
15,4-back,F8,28,8.616247603800164e-08
15,4-back,F8,29,8.077468802536226e-08
15,4-back,F8,30,5.112707231185035e-08
15,4-back,F8,31,2.12512468335263e-08
15,4-back,F8,32,8.605596158285365e-08
15,4-back,F8,33,4.2232438160818474e-08
15,4-back,F8,34,6.859246749461177e-08
15,4-back,F8,35,3.914912338906387e-08
15,4-back,F8,36,1.0992588874759964e-07
15,4-back,F8,37,4.0100238900108275e-08
15,4-back,F8,38,6.536161216407707e-08
15,4-back,F8,39,2.3880819716430505e-08
15,4-back,F8,40,5.888874970130302e-08
15,4-back,F8,41,5.9369420512111245e-08
15,4-back,F8,42,9.727725869630482e-08
15,4-back,F8,43,9.164570704198862e-08
15,4-back,F8,44,6.638059174169016e-08
15,4-back,F8,45,5.914498032403289e-08
15,4-back,F8,46,1.0047049240584204e-07
15,4-back,F8,47,9.823406037326845e-08
15,4-back,F8,48,4.8317743773912064e-08
15,4-back,F8,49,6.041611340282199e-08
15,4-back,F8,50,5.40374467381036e-08
15,4-back,F8,51,4.4514031358410614e-08
15,4-back,F8,52,6.003743301973664e-08
15,4-back,F8,53,4.7213612384415696e-08
15,4-back,F8,54,6.377491229591331e-08
15,4-back,F8,55,5.0535227796370595e-08
15,4-back,F8,56,6.403095399108979e-08
15,4-back,F8,57,2.5722560588792203e-08
15,4-back,F8,58,6.577766734814657e-08
15,4-back,F8,59,7.395549927639756e-08
15,4-back,F8,60,9.059404475940256e-08
15,4-back,F8,61,7.08079565379356e-08
15,4-back,F8,62,7.020992382465242e-08
15,4-back,F8,63,1.038924383855027e-07
15,4-back,F8,64,8.204881236942142e-08
15,4-back,F8,65,1.4250522293586127e-07
15,4-back,F8,66,7.586394584227606e-08
15,4-back,F8,67,3.058652688849765e-08
15,4-back,Fz,1,5.976894823616648e-08
15,4-back,Fz,2,1.1872674948679086e-07
15,4-back,Fz,3,1.3712958359095414e-07
15,4-back,Fz,4,1.05672520552121e-07
15,4-back,Fz,5,5.710057807916225e-08
15,4-back,Fz,6,8.502081068423016e-08
15,4-back,Fz,7,7.167465214109498e-08
15,4-back,Fz,8,1.3423204466560363e-07
15,4-back,Fz,9,6.234876923040856e-08
15,4-back,Fz,10,1.806643623086194e-07
15,4-back,Fz,11,1.3389434360466735e-07
15,4-back,Fz,12,1.1254759059284449e-07
15,4-back,Fz,13,1.1637320705020072e-07
15,4-back,Fz,14,1.1890929020484232e-07
15,4-back,Fz,15,1.3612771634458085e-07
15,4-back,Fz,16,8.393452149081508e-08
15,4-back,Fz,17,8.938014102658511e-08
15,4-back,Fz,18,7.980825251743959e-08
15,4-back,Fz,19,8.51170868294163e-08
15,4-back,Fz,20,5.8711721175933075e-08
15,4-back,Fz,21,7.975827712210853e-08
15,4-back,Fz,22,1.609649258559756e-07
15,4-back,Fz,23,9.608964536211587e-08
15,4-back,Fz,24,5.962442345963987e-08
15,4-back,Fz,25,3.632226319161099e-08
15,4-back,Fz,26,1.0009885214062268e-07
15,4-back,Fz,27,8.983023018515102e-08
15,4-back,Fz,28,6.717227553633235e-08
15,4-back,Fz,29,1.7459013314194711e-07
15,4-back,Fz,30,8.585151358721214e-08
15,4-back,Fz,31,8.196414562173632e-08
15,4-back,Fz,32,7.429853683895999e-08
15,4-back,Fz,33,7.051391630539073e-08
15,4-back,Fz,34,7.916761940243585e-08
15,4-back,Fz,35,7.911891669195332e-08
15,4-back,Fz,36,1.1519413691886471e-07
15,4-back,Fz,37,9.632898944040179e-08
15,4-back,Fz,38,1.0431887527107617e-07
15,4-back,Fz,39,6.183183948281747e-08
15,4-back,Fz,40,1.8567111727579027e-07
15,4-back,Fz,41,1.222398246865971e-07
15,4-back,Fz,42,1.4875688885959818e-07
15,4-back,Fz,43,1.3131315668885477e-07
15,4-back,Fz,44,1.349866904221127e-07
15,4-back,Fz,45,5.651054302353154e-08
15,4-back,Fz,46,9.149764862369062e-08
15,4-back,Fz,47,1.1617693600565932e-07
15,4-back,Fz,48,6.862371532999491e-08
15,4-back,Fz,49,8.701773230478777e-08
15,4-back,Fz,50,6.593374625895438e-08
15,4-back,Fz,51,9.510252351660351e-08
15,4-back,Fz,52,1.1538187956319102e-07
15,4-back,Fz,53,7.40390588334582e-08
15,4-back,Fz,54,9.206787661401352e-08
15,4-back,Fz,55,1.0076242656718218e-07
15,4-back,Fz,56,9.784740222652694e-08
15,4-back,Fz,57,5.2670692204037085e-08
15,4-back,Fz,58,1.0792745545972038e-07
15,4-back,Fz,59,1.1526956163555663e-07
15,4-back,Fz,60,9.647535606057539e-08
15,4-back,Fz,61,1.2699199630964509e-07
15,4-back,Fz,62,1.2005263057725624e-07
15,4-back,Fz,63,1.0029275034712624e-07
15,4-back,Fz,64,7.645733351900963e-08
15,4-back,Fz,65,2.2817749368961831e-07
15,4-back,Fz,66,8.795897526815907e-08
15,4-back,Fz,67,7.071568579478189e-08
16,1-back,F3,1,6.908572967441819e-08
16,1-back,F3,2,2.9591593000764762e-08
16,1-back,F3,3,4.001374660996585e-08
16,1-back,F3,4,6.996028446712187e-08
16,1-back,F3,5,4.0469071288469774e-07
16,1-back,F3,6,8.422108207257436e-08
16,1-back,F3,7,5.173933524153496e-08
16,1-back,F3,8,3.593054667979052e-08
16,1-back,F3,9,5.724121369530151e-08
16,1-back,F3,10,3.9288617595917644e-08
16,1-back,F3,11,1.1006788880803618e-07
16,1-back,F3,12,7.487952150015718e-08
16,1-back,F3,13,1.0186601891279009e-07
16,1-back,F3,14,1.1548898118051775e-07
16,1-back,F3,15,4.0424521772569135e-07
16,1-back,F3,16,9.625522863153635e-08
16,1-back,F3,17,8.978577166076071e-08
16,1-back,F3,18,2.9775073557788352e-08
16,1-back,F3,19,3.7075757412111015e-08
16,1-back,F3,20,1.1442648770454221e-07
16,1-back,F3,21,2.738116382488966e-08
16,1-back,F3,22,5.178353585561203e-08
16,1-back,F3,23,3.087915051093049e-08
16,1-back,F3,24,3.4220470565076507e-08
16,1-back,F3,25,1.5143364017578342e-07
16,1-back,F3,26,8.894250903017341e-08
16,1-back,F3,27,1.3638809805445874e-07
16,1-back,F3,28,5.857443697175806e-08
16,1-back,F3,29,3.5145872626031935e-08
16,1-back,F3,30,2.439886895274579e-07
16,1-back,F3,31,5.5352019459438043e-08
16,1-back,F3,32,7.510999228891746e-08
16,1-back,F3,33,2.1795044609995012e-07
16,1-back,F3,34,7.1898377423618e-08
16,1-back,F3,35,2.2287948485382642e-07
16,1-back,F3,36,2.8521350537819794e-07
16,1-back,F3,37,3.8109438649920626e-08
16,1-back,F3,38,5.9207255078806934e-08
16,1-back,F3,39,2.3537154130507416e-07
16,1-back,F3,40,2.280103402547107e-07
16,1-back,F3,41,4.980078601839556e-08
16,1-back,F3,42,2.879847747067108e-06
16,1-back,F3,43,2.1770656949770116e-07
16,1-back,F3,44,2.2857157295627847e-08
16,1-back,F3,45,8.985465760517833e-07
16,1-back,F3,46,3.796021697263787e-08
16,1-back,F3,47,6.249482703433415e-08
16,1-back,F3,48,7.270500203650153e-08
16,1-back,F3,49,5.911656587565687e-08
16,1-back,F3,50,1.2037770794116093e-07
16,1-back,F3,51,3.1884831974852017e-07
16,1-back,F3,52,1.387377052299438e-06
16,1-back,F3,53,3.6335029851367374e-08
16,1-back,F3,54,7.156696206583732e-08
16,1-back,F3,55,5.2629326217548096e-08
16,1-back,F3,56,3.692815202574932e-08
16,1-back,F3,57,5.066174460714861e-07
16,1-back,F3,58,4.496620183625601e-07
16,1-back,F3,59,2.129916457384051e-06
16,1-back,F3,60,4.0295945193649776e-07
16,1-back,F3,61,5.9277139882369345e-08
16,1-back,F4,1,4.7614417253669344e-08
16,1-back,F4,2,3.3433167502232856e-08
16,1-back,F4,3,5.338707329489777e-08
16,1-back,F4,4,5.2113464164688226e-08
16,1-back,F4,5,1.9472004197293348e-08
16,1-back,F4,6,6.404060732743291e-08
16,1-back,F4,7,3.4875727979720516e-08
16,1-back,F4,8,2.0587303070734886e-08
16,1-back,F4,9,2.6364723760694365e-08
16,1-back,F4,10,2.7129487262757472e-08
16,1-back,F4,11,5.207091081504717e-08
16,1-back,F4,12,2.690398904345196e-08
16,1-back,F4,13,3.0147603441933884e-08
16,1-back,F4,14,5.069214118598368e-08
16,1-back,F4,15,2.911168156458143e-08
16,1-back,F4,16,3.5083680658805526e-08
16,1-back,F4,17,3.665747906093449e-08
16,1-back,F4,18,2.599121871637776e-08
16,1-back,F4,19,3.033552709045963e-08
16,1-back,F4,20,4.3960959421360076e-08
16,1-back,F4,21,2.8419814740199196e-08
16,1-back,F4,22,3.611462759376074e-08
16,1-back,F4,23,2.1116847393717842e-08
16,1-back,F4,24,2.867393011244392e-08
16,1-back,F4,25,9.933198145026692e-08
16,1-back,F4,26,6.524076421786972e-08
16,1-back,F4,27,8.632641255846527e-08
16,1-back,F4,28,3.65861823514797e-08
16,1-back,F4,29,2.0078735281163996e-08
16,1-back,F4,30,5.156661778039753e-08
16,1-back,F4,31,3.3057691678825037e-08
16,1-back,F4,32,2.8576114518621956e-08
16,1-back,F4,33,4.720486086283983e-08
16,1-back,F4,34,2.7626499955423302e-08
16,1-back,F4,35,3.772059507600797e-08
16,1-back,F4,36,5.813499526206857e-08
16,1-back,F4,37,2.039885576974616e-08
16,1-back,F4,38,3.9782654420984416e-08
16,1-back,F4,39,2.961957769331639e-08
16,1-back,F4,40,7.82683961016487e-08
16,1-back,F4,41,3.0970072637858216e-08
16,1-back,F4,42,4.503470103092564e-08
16,1-back,F4,43,1.9395083407943732e-08
16,1-back,F4,44,1.943477564209362e-08
16,1-back,F4,45,3.355437885277398e-08
16,1-back,F4,46,3.152162966513556e-08
16,1-back,F4,47,3.9297236594241285e-08
16,1-back,F4,48,3.2703561176888744e-08
16,1-back,F4,49,7.661185634962627e-08
16,1-back,F4,50,2.844498800668403e-08
16,1-back,F4,51,3.9734256509264166e-08
16,1-back,F4,52,5.7423265076883525e-08
16,1-back,F4,53,4.415426691145526e-08
16,1-back,F4,54,2.851841409128097e-08
16,1-back,F4,55,3.016903963322559e-08
16,1-back,F4,56,2.2553025507693107e-08
16,1-back,F4,57,2.349052185095138e-08
16,1-back,F4,58,3.269393016413958e-08
16,1-back,F4,59,4.598415825517008e-08
16,1-back,F4,60,1.5045358359903623e-08
16,1-back,F4,61,4.1785566759392435e-08
16,1-back,F7,1,1.1511851713796786e-07
16,1-back,F7,2,1.8088467102021558e-08
16,1-back,F7,3,9.829209365208941e-08
16,1-back,F7,4,5.7742420010169256e-08
16,1-back,F7,5,3.5929265304719427e-08
16,1-back,F7,6,1.0883225361536906e-07
16,1-back,F7,7,1.7666435434518714e-08
16,1-back,F7,8,2.5409718710263285e-08
16,1-back,F7,9,3.971659679796649e-08
16,1-back,F7,10,1.6646246221861763e-08
16,1-back,F7,11,2.3408300773828988e-08
16,1-back,F7,12,1.622869009658702e-08
16,1-back,F7,13,3.818656048404052e-08
16,1-back,F7,14,6.193932728934837e-08
16,1-back,F7,15,3.182288847908558e-08
16,1-back,F7,16,4.654727448476373e-08
16,1-back,F7,17,2.891732528736967e-08
16,1-back,F7,18,2.629098250781991e-08
16,1-back,F7,19,3.5196189576011736e-08
16,1-back,F7,20,4.278105858437989e-08
16,1-back,F7,21,1.2818313134033698e-08
16,1-back,F7,22,1.7337529929624713e-08
16,1-back,F7,23,1.5107232327039353e-08
16,1-back,F7,24,2.1524704629195268e-08
16,1-back,F7,25,2.0361176143322698e-07
16,1-back,F7,26,1.587563243137266e-07
16,1-back,F7,27,1.7707768992386284e-07
16,1-back,F7,28,1.3693347374411598e-07
16,1-back,F7,29,1.0931175004368271e-08
16,1-back,F7,30,1.0188444146082262e-07
16,1-back,F7,31,2.3372836327403944e-08
16,1-back,F7,32,2.772302606019323e-08
16,1-back,F7,33,1.8165221217067798e-07
16,1-back,F7,34,1.5739409168993837e-08
16,1-back,F7,35,1.5501540636541628e-08
16,1-back,F7,36,4.49186159887263e-08
16,1-back,F7,37,2.253934426101543e-08
16,1-back,F7,38,6.552762111252989e-08
16,1-back,F7,39,3.5405420536829054e-08
16,1-back,F7,40,4.9772642652108124e-08
16,1-back,F7,41,1.1111422456340118e-07
16,1-back,F7,42,6.293391503229745e-08
16,1-back,F7,43,1.8099253635843106e-08
16,1-back,F7,44,2.87276807323375e-08
16,1-back,F7,45,1.6441142316474714e-08
16,1-back,F7,46,1.9086872522733578e-08
16,1-back,F7,47,4.485964195022224e-08
16,1-back,F7,48,2.22184873154689e-08
16,1-back,F7,49,1.4486165212377005e-08
16,1-back,F7,50,1.5963315279491068e-08
16,1-back,F7,51,3.114423945299469e-08
16,1-back,F7,52,1.5723404239531886e-07
16,1-back,F7,53,3.095808761651046e-08
16,1-back,F7,54,3.3322186337947146e-08
16,1-back,F7,55,1.4143939286996267e-08
16,1-back,F7,56,2.158079502067071e-08
16,1-back,F7,57,2.7834779503880852e-08
16,1-back,F7,58,2.960560425717292e-08
16,1-back,F7,59,4.919350504489263e-08
16,1-back,F7,60,1.3781752167702542e-08
16,1-back,F7,61,2.998468817809917e-08
16,1-back,F8,1,7.922206613322844e-08
16,1-back,F8,2,2.0696979975341872e-08
16,1-back,F8,3,8.357280061198872e-08
16,1-back,F8,4,1.476032909057962e-08
16,1-back,F8,5,1.5901557846298057e-08
16,1-back,F8,6,6.344431521788217e-08
16,1-back,F8,7,1.984478064292604e-08
16,1-back,F8,8,2.3162749197425284e-08
16,1-back,F8,9,2.9751403281157617e-08
16,1-back,F8,10,1.6526966601999374e-08
16,1-back,F8,11,3.627573177261628e-08
16,1-back,F8,12,2.388904087314558e-08
16,1-back,F8,13,1.6604377494511336e-08
16,1-back,F8,14,3.928932503432478e-08
16,1-back,F8,15,2.830425304026892e-08
16,1-back,F8,16,2.9384557093535164e-08
16,1-back,F8,17,1.6260687986075724e-08
16,1-back,F8,18,2.4164792277581053e-08
16,1-back,F8,19,1.7760054399044043e-08
16,1-back,F8,20,3.4674942202419876e-08
16,1-back,F8,21,1.0785647599688998e-08
16,1-back,F8,22,2.1430911811637733e-08
16,1-back,F8,23,1.813212172174333e-08
16,1-back,F8,24,2.4726230705258796e-08
16,1-back,F8,25,1.286628361829503e-07
16,1-back,F8,26,7.581211926095439e-08
16,1-back,F8,27,8.414894476336601e-08
16,1-back,F8,28,7.272657489316374e-08
16,1-back,F8,29,1.863655227773421e-08
16,1-back,F8,30,5.05865891356746e-08
16,1-back,F8,31,9.086228462123978e-09
16,1-back,F8,32,2.161828767309407e-08
16,1-back,F8,33,7.271159785358752e-08
16,1-back,F8,34,1.796204565245676e-08
16,1-back,F8,35,2.2155800448951102e-08
16,1-back,F8,36,3.646046955199986e-08
16,1-back,F8,37,1.709134421048964e-08
16,1-back,F8,38,3.334455382615848e-08
16,1-back,F8,39,2.0718372053134724e-08
16,1-back,F8,40,3.342072056184551e-08
16,1-back,F8,41,4.249373506356502e-08
16,1-back,F8,42,4.4362680748092937e-08
16,1-back,F8,43,1.969135067027536e-08
16,1-back,F8,44,1.6599858924242685e-08
16,1-back,F8,45,2.5342678219146006e-08
16,1-back,F8,46,2.1513058722851363e-08
16,1-back,F8,47,2.5871414862332328e-08
16,1-back,F8,48,2.2289541096284716e-08
16,1-back,F8,49,3.185216728111476e-08
16,1-back,F8,50,1.5412028236428424e-08
16,1-back,F8,51,3.4267398935231013e-08
16,1-back,F8,52,5.391286455733281e-08
16,1-back,F8,53,2.3359988540701617e-08
16,1-back,F8,54,1.6475032048331356e-08
16,1-back,F8,55,1.839349773097431e-08
16,1-back,F8,56,1.689751839082749e-08
16,1-back,F8,57,1.6065373797556725e-08
16,1-back,F8,58,2.192477101941411e-08
16,1-back,F8,59,3.3238641840342226e-08
16,1-back,F8,60,1.7946683546286805e-08
16,1-back,F8,61,1.8823016051159636e-08
16,1-back,Fz,1,7.152334190044298e-08
16,1-back,Fz,2,4.100148964364329e-08
16,1-back,Fz,3,5.521169884463509e-08
16,1-back,Fz,4,8.739990192450339e-08
16,1-back,Fz,5,3.1439836090523824e-08
16,1-back,Fz,6,7.773155815065093e-08
16,1-back,Fz,7,5.2787008635128694e-08
16,1-back,Fz,8,3.912570797415888e-08
16,1-back,Fz,9,3.793827999898522e-08
16,1-back,Fz,10,3.5479385691782465e-08
16,1-back,Fz,11,5.0549561935605206e-08
16,1-back,Fz,12,3.962592738313911e-08
16,1-back,Fz,13,3.6932688797021995e-08
16,1-back,Fz,14,9.094627082657737e-08
16,1-back,Fz,15,3.9635056577915904e-08
16,1-back,Fz,16,3.727746029346729e-08
16,1-back,Fz,17,4.200639584976271e-08
16,1-back,Fz,18,4.00194129511849e-08
16,1-back,Fz,19,4.5086068857359066e-08
16,1-back,Fz,20,6.605876310501514e-08
16,1-back,Fz,21,3.356517749099212e-08
16,1-back,Fz,22,4.881829915736949e-08
16,1-back,Fz,23,3.198570594863624e-08
16,1-back,Fz,24,4.8367308010736015e-08
16,1-back,Fz,25,1.2512360603980925e-07
16,1-back,Fz,26,9.694923205020915e-08
16,1-back,Fz,27,1.4506397633227731e-07
16,1-back,Fz,28,4.4463842340601394e-08
16,1-back,Fz,29,3.462580706949735e-08
16,1-back,Fz,30,7.344229109933154e-08
16,1-back,Fz,31,4.9489169547182746e-08
16,1-back,Fz,32,4.63019668091143e-08
16,1-back,Fz,33,6.763204570404267e-08
16,1-back,Fz,34,3.687123502547779e-08
16,1-back,Fz,35,5.571528414096657e-08
16,1-back,Fz,36,7.676444042761838e-08
16,1-back,Fz,37,2.3103238570856447e-08
16,1-back,Fz,38,6.328045244422474e-08
16,1-back,Fz,39,4.484980939544418e-08
16,1-back,Fz,40,1.3905091855848767e-07
16,1-back,Fz,41,3.791560273794527e-08
16,1-back,Fz,42,5.644108854602661e-08
16,1-back,Fz,43,3.694265108351185e-08
16,1-back,Fz,44,2.6458054076856684e-08
16,1-back,Fz,45,3.904808399869583e-08
16,1-back,Fz,46,4.565065128740014e-08
16,1-back,Fz,47,4.894493254069232e-08
16,1-back,Fz,48,4.5297089163714366e-08
16,1-back,Fz,49,8.258011999458685e-08
16,1-back,Fz,50,4.741512444664581e-08
16,1-back,Fz,51,5.458510241973046e-08
16,1-back,Fz,52,7.631803234567755e-08
16,1-back,Fz,53,5.4532890828597554e-08
16,1-back,Fz,54,4.885655761783178e-08
16,1-back,Fz,55,4.004417632917904e-08
16,1-back,Fz,56,3.697603255336003e-08
16,1-back,Fz,57,3.3089355576885067e-08
16,1-back,Fz,58,6.645188292025566e-08
16,1-back,Fz,59,7.912452715214438e-08
16,1-back,Fz,60,3.624095145816375e-08
16,1-back,Fz,61,5.231559359979754e-08
16,2-back,F3,1,1.5062990487903186e-07
16,2-back,F3,2,8.338827075165489e-07
16,2-back,F3,3,2.0572325644367773e-07
16,2-back,F3,4,3.518521171365984e-08
16,2-back,F3,5,3.9534910831873196e-08
16,2-back,F3,6,6.060701560816641e-08
16,2-back,F3,7,6.002286733227496e-07
16,2-back,F3,8,4.285592966293682e-06
16,2-back,F3,9,3.587005324892501e-07
16,2-back,F3,10,5.245310435982623e-08
16,2-back,F3,11,2.7272170029385005e-08
16,2-back,F3,12,4.358381546302862e-08
16,2-back,F3,13,6.384785197554387e-08
16,2-back,F3,14,1.1147809301655393e-07
16,2-back,F3,15,5.150462473573134e-08
16,2-back,F3,16,6.47802821592324e-08
16,2-back,F3,17,1.0621612437798527e-07
16,2-back,F3,18,3.041082026062348e-08
16,2-back,F3,19,3.383184732737118e-08
16,2-back,F3,20,1.799427902593724e-07
16,2-back,F3,21,5.555924324162566e-08
16,2-back,F3,22,5.005886914712766e-08
16,2-back,F3,23,2.3621752664872893e-07
16,2-back,F3,24,1.373884258461016e-07
16,2-back,F3,25,1.0576762855350085e-07
16,2-back,F3,26,7.012506079034268e-08
16,2-back,F3,27,4.2826401665051976e-08
16,2-back,F3,28,4.4392024204337446e-08
16,2-back,F3,29,7.268369805186541e-08
16,2-back,F3,30,5.322523074687304e-08
16,2-back,F3,31,4.361575140103174e-08
16,2-back,F3,32,4.3409718884655265e-08
16,2-back,F3,33,1.0094715764893886e-07
16,2-back,F3,34,6.995609629902828e-08
16,2-back,F3,35,6.680153960319761e-08
16,2-back,F3,36,8.90178273659166e-08
16,2-back,F3,37,2.479005278668638e-08
16,2-back,F3,38,8.822616078564237e-08
16,2-back,F3,39,3.8725219210248015e-08
16,2-back,F3,40,2.8945137158794805e-08
16,2-back,F3,41,5.217146174016432e-08
16,2-back,F3,42,5.105411837249702e-08
16,2-back,F3,43,2.6070137757418954e-08
16,2-back,F3,44,5.605656556934809e-08
16,2-back,F3,45,2.8708266296071506e-08
16,2-back,F3,46,5.125541241165353e-08
16,2-back,F3,47,5.7840362907023616e-08
16,2-back,F3,48,4.170118253338903e-08
16,2-back,F3,49,6.164763959541876e-08
16,2-back,F3,50,8.851268181615246e-08
16,2-back,F3,51,5.082347770870102e-08
16,2-back,F3,52,1.3081564845472442e-07
16,2-back,F3,53,6.094425724275251e-08
16,2-back,F3,54,1.329985601719941e-07
16,2-back,F3,55,6.637592021948885e-08
16,2-back,F3,56,7.215977066918628e-08
16,2-back,F3,57,5.301336609373426e-08
16,2-back,F3,58,2.794206083748627e-08
16,2-back,F3,59,6.032313448676065e-08
16,2-back,F3,60,4.2968642122865104e-08
16,2-back,F4,1,3.817817354636234e-08
16,2-back,F4,2,2.5326910933911294e-08
16,2-back,F4,3,3.5323794279512905e-08
16,2-back,F4,4,2.7920940716433298e-08
16,2-back,F4,5,3.5310152529252495e-08
16,2-back,F4,6,3.261864732016171e-08
16,2-back,F4,7,3.5740035443825785e-08
16,2-back,F4,8,6.234198629351182e-08
16,2-back,F4,9,4.5079329792120455e-08
16,2-back,F4,10,5.141656842394884e-08
16,2-back,F4,11,3.0564382101176e-08
16,2-back,F4,12,3.184116845926941e-08
16,2-back,F4,13,4.014218989725377e-08
16,2-back,F4,14,3.166698278376806e-08
16,2-back,F4,15,2.4005933569038546e-08
16,2-back,F4,16,3.6335794852274787e-08
16,2-back,F4,17,5.6710883301981384e-08
16,2-back,F4,18,2.645052268851722e-08
16,2-back,F4,19,3.440724609795493e-08
16,2-back,F4,20,1.1155305753920143e-07
16,2-back,F4,21,3.9245370628649256e-08
16,2-back,F4,22,6.308570657470822e-08
16,2-back,F4,23,5.2143829502082805e-08
16,2-back,F4,24,5.1110177098164924e-08
16,2-back,F4,25,4.481660140078761e-08
16,2-back,F4,26,4.162692190213022e-08
16,2-back,F4,27,3.450359864542337e-08
16,2-back,F4,28,2.2313187331573574e-08
16,2-back,F4,29,4.640960135178914e-08
16,2-back,F4,30,4.41204743323135e-08
16,2-back,F4,31,3.3908240845754714e-08
16,2-back,F4,32,1.884077763657715e-08
16,2-back,F4,33,2.767796878512239e-08
16,2-back,F4,34,1.9936878802738163e-08
16,2-back,F4,35,2.7941939543781947e-08
16,2-back,F4,36,5.379335527246275e-08
16,2-back,F4,37,1.1389446372542802e-08
16,2-back,F4,38,3.654350565799599e-08
16,2-back,F4,39,3.520294951586508e-08
16,2-back,F4,40,2.5102160043815552e-08
16,2-back,F4,41,3.450638727484146e-08
16,2-back,F4,42,3.474455440957868e-08
16,2-back,F4,43,2.576265723451032e-08
16,2-back,F4,44,2.793423305058502e-08
16,2-back,F4,45,3.0594231663503466e-08
16,2-back,F4,46,3.545184577853072e-08
16,2-back,F4,47,4.2368902023627735e-08
16,2-back,F4,48,2.0598643502430738e-08
16,2-back,F4,49,3.801200345150937e-08
16,2-back,F4,50,2.3920954949979556e-08
16,2-back,F4,51,2.7824100447763953e-08
16,2-back,F4,52,6.527956990022581e-08
16,2-back,F4,53,6.434396427572882e-08
16,2-back,F4,54,5.936710907844688e-08
16,2-back,F4,55,5.389075238582664e-08
16,2-back,F4,56,5.246999123511331e-08
16,2-back,F4,57,5.703024578734129e-08
16,2-back,F4,58,2.8189539267218578e-08
16,2-back,F4,59,5.49792890308792e-08
16,2-back,F4,60,3.3051273578047835e-08
16,2-back,F7,1,2.7828102837769016e-08
16,2-back,F7,2,4.457399014595966e-08
16,2-back,F7,3,4.597736192907689e-08
16,2-back,F7,4,2.1875488639094084e-08
16,2-back,F7,5,1.9640323899608646e-08
16,2-back,F7,6,3.509493766182355e-08
16,2-back,F7,7,2.7223478142567198e-08
16,2-back,F7,8,3.8704268019159184e-08
16,2-back,F7,9,4.3473571943243385e-08
16,2-back,F7,10,2.7530129633430608e-08
16,2-back,F7,11,6.893686113571464e-08
16,2-back,F7,12,2.427251108489593e-08
16,2-back,F7,13,5.7985301857560646e-08
16,2-back,F7,14,5.226422625047263e-08
16,2-back,F7,15,2.399156560517771e-08
16,2-back,F7,16,3.585741327245912e-08
16,2-back,F7,17,2.022046908071082e-07
16,2-back,F7,18,1.7954221015845373e-08
16,2-back,F7,19,1.7049584590402925e-08
16,2-back,F7,20,5.909988132687968e-08
16,2-back,F7,21,2.88866090337327e-08
16,2-back,F7,22,8.244445824846393e-08
16,2-back,F7,23,3.5157114312207376e-08
16,2-back,F7,24,6.052331039332777e-08
16,2-back,F7,25,3.9625343696984766e-08
16,2-back,F7,26,2.7957157835940664e-08
16,2-back,F7,27,2.258753493322076e-08
16,2-back,F7,28,2.9754284816198705e-08
16,2-back,F7,29,2.3036483796857974e-07
16,2-back,F7,30,3.472238087159999e-08
16,2-back,F7,31,2.3234452326030396e-08
16,2-back,F7,32,8.155125475246073e-08
16,2-back,F7,33,3.773719948944893e-08
16,2-back,F7,34,2.538135858613994e-08
16,2-back,F7,35,2.6384804137765923e-08
16,2-back,F7,36,5.141662915805826e-08
16,2-back,F7,37,1.874202051011025e-08
16,2-back,F7,38,2.0142871195081242e-08
16,2-back,F7,39,2.5811896550882197e-08
16,2-back,F7,40,1.4503527970450637e-08
16,2-back,F7,41,2.530594048363906e-08
16,2-back,F7,42,8.120051736460713e-08
16,2-back,F7,43,2.994136086555013e-08
16,2-back,F7,44,3.634229130690152e-08
16,2-back,F7,45,1.5724042869563014e-08
16,2-back,F7,46,2.0656090595212552e-08
16,2-back,F7,47,4.616873441058321e-08
16,2-back,F7,48,1.7601076086799292e-08
16,2-back,F7,49,4.1381815998446324e-08
16,2-back,F7,50,4.103927500619817e-08
16,2-back,F7,51,3.304500939185888e-08
16,2-back,F7,52,7.47251603912061e-08
16,2-back,F7,53,3.064662676827316e-08
16,2-back,F7,54,9.348782097420817e-08
16,2-back,F7,55,4.9209387948629515e-08
16,2-back,F7,56,1.3301952378478574e-07
16,2-back,F7,57,7.774407693562915e-08
16,2-back,F7,58,1.542954486468835e-08
16,2-back,F7,59,3.331174820902672e-08
16,2-back,F7,60,4.616842296079105e-08
16,2-back,F8,1,2.5122055182893537e-08
16,2-back,F8,2,2.353883590061797e-08
16,2-back,F8,3,2.2774963676361826e-08
16,2-back,F8,4,1.9208622187517896e-08
16,2-back,F8,5,2.0131072477109373e-08
16,2-back,F8,6,1.9271088940274585e-08
16,2-back,F8,7,1.6207802186124735e-08
16,2-back,F8,8,2.3294276780204485e-08
16,2-back,F8,9,2.2058016848317956e-08
16,2-back,F8,10,2.9417527554167974e-08
16,2-back,F8,11,3.7632399171659486e-08
16,2-back,F8,12,1.2860975642265156e-08
16,2-back,F8,13,1.6795341709938076e-08
16,2-back,F8,14,1.6226240794102215e-08
16,2-back,F8,15,1.6469590095873095e-08
16,2-back,F8,16,2.0415444470124574e-08
16,2-back,F8,17,9.842074995711731e-08
16,2-back,F8,18,1.4813200228350616e-08
16,2-back,F8,19,2.2402001961743345e-08
16,2-back,F8,20,4.224936732393608e-08
16,2-back,F8,21,1.8616758546617743e-08
16,2-back,F8,22,6.861892243232389e-08
16,2-back,F8,23,2.6424387203730588e-08
16,2-back,F8,24,3.3865941652376006e-08
16,2-back,F8,25,2.4872792336997974e-08
16,2-back,F8,26,3.755631035514077e-08
16,2-back,F8,27,2.3638045675421906e-08
16,2-back,F8,28,1.670818921902553e-08
16,2-back,F8,29,7.02396844250889e-08
16,2-back,F8,30,2.8227021230355502e-08
16,2-back,F8,31,2.201858930461011e-08
16,2-back,F8,32,4.309574305191057e-08
16,2-back,F8,33,2.3293706500439164e-08
16,2-back,F8,34,1.6036698721234155e-08
16,2-back,F8,35,1.630951983812324e-08
16,2-back,F8,36,2.9774398480494878e-08
16,2-back,F8,37,8.633754009910073e-09
16,2-back,F8,38,2.2329098578694695e-08
16,2-back,F8,39,1.9215226823215092e-08
16,2-back,F8,40,1.4963315620642637e-08
16,2-back,F8,41,2.930744526541282e-08
16,2-back,F8,42,3.908616217374319e-08
16,2-back,F8,43,2.098952039669794e-08
16,2-back,F8,44,1.2515152351692876e-08
16,2-back,F8,45,2.1530541328219714e-08
16,2-back,F8,46,2.1759794533844402e-08
16,2-back,F8,47,4.89616675973129e-08
16,2-back,F8,48,1.4090679685044322e-08
16,2-back,F8,49,1.7724888417669808e-08
16,2-back,F8,50,1.0724065230898119e-08
16,2-back,F8,51,1.4388443032437307e-08
16,2-back,F8,52,3.641379531062714e-08
16,2-back,F8,53,3.59408796223399e-08
16,2-back,F8,54,3.491104957199187e-08
16,2-back,F8,55,4.1309273741371305e-08
16,2-back,F8,56,7.949193084172758e-08
16,2-back,F8,57,3.8238983813122903e-08
16,2-back,F8,58,1.8005579085161477e-08
16,2-back,F8,59,2.7540301370255694e-08
16,2-back,F8,60,2.2073043287286576e-08
16,2-back,Fz,1,4.600655335937393e-08
16,2-back,Fz,2,3.991213022832622e-08
16,2-back,Fz,3,6.681501689649955e-08
16,2-back,Fz,4,3.4937046884984224e-08
16,2-back,Fz,5,5.383725554284066e-08
16,2-back,Fz,6,6.22933453712517e-08
16,2-back,Fz,7,5.636366111076673e-08
16,2-back,Fz,8,8.250084113542446e-08
16,2-back,Fz,9,5.334335395253515e-08
16,2-back,Fz,10,6.124895505479523e-08
16,2-back,Fz,11,4.955660113754298e-08
16,2-back,Fz,12,4.6103771480080636e-08
16,2-back,Fz,13,6.573102905042143e-08
16,2-back,Fz,14,5.315474882830551e-08
16,2-back,Fz,15,4.7079899842592105e-08
16,2-back,Fz,16,5.982472297435173e-08
16,2-back,Fz,17,8.640059125108942e-08
16,2-back,Fz,18,4.050479836047684e-08
16,2-back,Fz,19,4.8939038271354646e-08
16,2-back,Fz,20,1.9678115778805627e-07
16,2-back,Fz,21,5.1044560309690965e-08
16,2-back,Fz,22,6.214635031762066e-08
16,2-back,Fz,23,6.021290256840305e-08
16,2-back,Fz,24,7.629012127915202e-08
16,2-back,Fz,25,5.649670977001842e-08
16,2-back,Fz,26,6.149682319792155e-08
16,2-back,Fz,27,4.1778903037880874e-08
16,2-back,Fz,28,3.972010360689588e-08
16,2-back,Fz,29,5.4643246800565e-08
16,2-back,Fz,30,7.317878674871873e-08
16,2-back,Fz,31,4.5408933948351907e-08
16,2-back,Fz,32,2.8436133511100508e-08
16,2-back,Fz,33,6.384360799576569e-08
16,2-back,Fz,34,3.913972244387435e-08
16,2-back,Fz,35,6.215006105181191e-08
16,2-back,Fz,36,9.352701377215514e-08
16,2-back,Fz,37,2.3979126015910964e-08
16,2-back,Fz,38,5.450854807359721e-08
16,2-back,Fz,39,3.8393213078905483e-08
16,2-back,Fz,40,3.711164135456216e-08
16,2-back,Fz,41,4.5583154549298955e-08
16,2-back,Fz,42,5.019554916472881e-08
16,2-back,Fz,43,3.61031954339881e-08
16,2-back,Fz,44,5.1671377522830615e-08
16,2-back,Fz,45,3.229115442754024e-08
16,2-back,Fz,46,5.77591936955339e-08
16,2-back,Fz,47,5.3406671754922185e-08
16,2-back,Fz,48,4.727957220641843e-08
16,2-back,Fz,49,8.166952028476902e-08
16,2-back,Fz,50,4.691884840745812e-08
16,2-back,Fz,51,4.288975781121809e-08
16,2-back,Fz,52,1.2773251210339138e-07
16,2-back,Fz,53,8.362622795466194e-08
16,2-back,Fz,54,1.260344200008173e-07
16,2-back,Fz,55,6.534143329043767e-08
16,2-back,Fz,56,6.402799053425262e-08
16,2-back,Fz,57,6.931266203364453e-08
16,2-back,Fz,58,3.758250652836544e-08
16,2-back,Fz,59,9.374774503210702e-08
16,2-back,Fz,60,4.5753484907609886e-08
16,3-back,F3,1,4.822236375935214e-08
16,3-back,F3,2,1.9465840782968803e-07
16,3-back,F3,3,5.9074414232618246e-08
16,3-back,F3,4,1.9417949510198523e-07
16,3-back,F3,5,4.77983047036915e-08
16,3-back,F3,6,4.017528606953773e-08
16,3-back,F3,7,5.2362975671352e-07
16,3-back,F3,8,1.0294669700179752e-06
16,3-back,F3,9,2.300045968019911e-07
16,3-back,F3,10,1.8602978234910175e-07
16,3-back,F3,11,1.499141069966909e-06
16,3-back,F3,12,5.790664632618356e-07
16,3-back,F3,13,4.032545407174587e-07
16,3-back,F3,14,3.7226882985997733e-07
16,3-back,F3,15,1.6837544199768867e-07
16,3-back,F3,16,9.849409574468325e-08
16,3-back,F3,17,1.582962143371101e-07
16,3-back,F3,18,4.787141585213828e-07
16,3-back,F3,19,4.6348095679692835e-07
16,3-back,F3,20,1.1345942358244797e-07
16,3-back,F3,21,1.3703142760984444e-07
16,3-back,F3,22,8.848438567864085e-08
16,3-back,F3,23,2.0457862231230404e-07
16,3-back,F3,24,1.1859656568885043e-07
16,3-back,F3,25,1.3640393488791556e-07
16,3-back,F3,26,1.1643539571706747e-07
16,3-back,F3,27,6.469874251514459e-07
16,3-back,F3,28,4.804004657459872e-07
16,3-back,F3,29,2.4268011117938276e-07
16,3-back,F3,30,4.4708661312535607e-07
16,3-back,F3,31,4.2670076621167274e-07
16,3-back,F3,32,1.529212072661256e-07
16,3-back,F3,33,4.562978006341898e-08
16,3-back,F3,34,3.983731905892777e-07
16,3-back,F3,35,3.651400386475788e-07
16,3-back,F3,36,9.62973523409426e-07
16,3-back,F3,37,9.912629815681025e-07
16,3-back,F3,38,5.230154540489138e-07
16,3-back,F3,39,2.047543468088783e-07
16,3-back,F3,40,5.817362687580796e-08
16,3-back,F3,41,1.6712544527315493e-07
16,3-back,F3,42,1.743432595326656e-07
16,3-back,F3,43,4.926545907622356e-08
16,3-back,F3,44,4.209484649480812e-08
16,3-back,F3,45,5.116197994250301e-08
16,3-back,F3,46,7.098807950552628e-08
16,3-back,F3,47,4.809766114059165e-08
16,3-back,F3,48,1.0067519598621395e-07
16,3-back,F3,49,4.197434091419446e-08
16,3-back,F3,50,2.9600008017224888e-08
16,3-back,F3,51,6.828765337497613e-08
16,3-back,F3,52,4.613232235554303e-08
16,3-back,F3,53,3.638741607064372e-08
16,3-back,F3,54,6.331796719878207e-08
16,3-back,F3,55,5.976718569260288e-08
16,3-back,F3,56,4.299233542445875e-08
16,3-back,F3,57,5.9227576750073314e-08
16,3-back,F3,58,2.5195998020217853e-07
16,3-back,F3,59,1.816884146881904e-07
16,3-back,F3,60,2.264404241564479e-07
16,3-back,F4,1,2.390247539381457e-08
16,3-back,F4,2,2.5563492660962316e-07
16,3-back,F4,3,1.0032627215373223e-07
16,3-back,F4,4,2.3061179815356976e-07
16,3-back,F4,5,3.178205584582897e-08
16,3-back,F4,6,2.589861472942119e-08
16,3-back,F4,7,7.6559597007188e-07
16,3-back,F4,8,1.5494380098095554e-06
16,3-back,F4,9,4.3747295454844704e-07
16,3-back,F4,10,2.9124859179304036e-07
16,3-back,F4,11,2.430934967617444e-06
16,3-back,F4,12,1.0620739795358823e-06
16,3-back,F4,13,8.718978521841039e-07
16,3-back,F4,14,6.69234348004531e-07
16,3-back,F4,15,9.138962875897556e-08
16,3-back,F4,16,6.649249320832947e-08
16,3-back,F4,17,1.469219093532488e-07
16,3-back,F4,18,5.705778147731128e-07
16,3-back,F4,19,6.492263906780582e-07
16,3-back,F4,20,1.895749783871198e-07
16,3-back,F4,21,2.018527487952531e-07
16,3-back,F4,22,7.986012496695159e-08
16,3-back,F4,23,1.4041466728598912e-07
16,3-back,F4,24,7.546262102411466e-08
16,3-back,F4,25,1.0948685488563812e-07
16,3-back,F4,26,1.5959627721745172e-07
16,3-back,F4,27,6.192832880379832e-07
16,3-back,F4,28,5.358321124852632e-07
16,3-back,F4,29,5.127923563496563e-07
16,3-back,F4,30,4.328696086625762e-07
16,3-back,F4,31,4.6462309467071416e-08
16,3-back,F4,32,1.1665467623120193e-07
16,3-back,F4,33,1.6221660987097027e-08
16,3-back,F4,34,2.9995629145260066e-07
16,3-back,F4,35,2.7615354676900337e-07
16,3-back,F4,36,2.5765372111029686e-08
16,3-back,F4,37,1.0590027721322028e-07
16,3-back,F4,38,1.1109444861465034e-07
16,3-back,F4,39,8.760009016763e-08
16,3-back,F4,40,4.700986162234329e-08
16,3-back,F4,41,1.8138811963092453e-07
16,3-back,F4,42,1.1445338921416051e-07
16,3-back,F4,43,6.399382843932327e-08
16,3-back,F4,44,4.319232268274196e-08
16,3-back,F4,45,3.785856509311273e-08
16,3-back,F4,46,2.324359092474376e-08
16,3-back,F4,47,2.3429792867027145e-08
16,3-back,F4,48,9.237383020199341e-08
16,3-back,F4,49,3.679274984189283e-08
16,3-back,F4,50,2.0271715130600698e-08
16,3-back,F4,51,4.4994035550832785e-08
16,3-back,F4,52,4.751501397635104e-08
16,3-back,F4,53,3.261597961260165e-08
16,3-back,F4,54,5.7433753995173836e-08
16,3-back,F4,55,4.804278831302455e-08
16,3-back,F4,56,3.533282266431453e-08
16,3-back,F4,57,7.298590605122307e-08
16,3-back,F4,58,3.62193612489754e-07
16,3-back,F4,59,2.316395419974367e-07
16,3-back,F4,60,2.615148121572034e-07
16,3-back,F7,1,9.389688716589582e-08
16,3-back,F7,2,3.0548096548890944e-07
16,3-back,F7,3,7.55390807674846e-08
16,3-back,F7,4,2.4779752241581e-07
16,3-back,F7,5,4.669203883112127e-08
16,3-back,F7,6,2.4081803391859865e-08
16,3-back,F7,7,6.948872860990484e-07
16,3-back,F7,8,1.1903835051304459e-06
16,3-back,F7,9,2.85577646459615e-07
16,3-back,F7,10,2.1221155512715685e-07
16,3-back,F7,11,2.2781055472746133e-06
16,3-back,F7,12,8.043264875104704e-07
16,3-back,F7,13,4.437717346649371e-07
16,3-back,F7,14,5.042166433908773e-07
16,3-back,F7,15,2.5346204002720054e-07
16,3-back,F7,16,1.0082151313023695e-07
16,3-back,F7,17,3.5200471618366907e-07
16,3-back,F7,18,5.795497181942381e-07
16,3-back,F7,19,5.825545748047489e-07
16,3-back,F7,20,1.9866018229540955e-07
16,3-back,F7,21,2.261832846733165e-07
16,3-back,F7,22,1.179748837698378e-07
16,3-back,F7,23,2.972846084696528e-07
16,3-back,F7,24,1.467284023465172e-07
16,3-back,F7,25,1.2349803466383606e-07
16,3-back,F7,26,1.9118517448095438e-07
16,3-back,F7,27,6.41122232876986e-07
16,3-back,F7,28,4.3643077712309094e-07
16,3-back,F7,29,2.5118106252485183e-07
16,3-back,F7,30,5.899292318321523e-07
16,3-back,F7,31,4.6646829830311004e-08
16,3-back,F7,32,1.822605235462415e-07
16,3-back,F7,33,1.346756730317562e-08
16,3-back,F7,34,3.636344240666424e-07
16,3-back,F7,35,1.9002675046167764e-07
16,3-back,F7,36,2.8418149542691982e-08
16,3-back,F7,37,1.6638404632093316e-07
16,3-back,F7,38,1.771321854045054e-07
16,3-back,F7,39,1.285249672548336e-07
16,3-back,F7,40,3.047948798198698e-08
16,3-back,F7,41,1.949434361268563e-07
16,3-back,F7,42,9.199513678759081e-08
16,3-back,F7,43,6.406805527024883e-08
16,3-back,F7,44,1.7503896977706052e-08
16,3-back,F7,45,4.984143519307733e-08
16,3-back,F7,46,1.6895336485632557e-08
16,3-back,F7,47,2.51604185847067e-08
16,3-back,F7,48,6.467318959317362e-08
16,3-back,F7,49,3.2500521322113756e-08
16,3-back,F7,50,1.6612009690813972e-08
16,3-back,F7,51,2.924523953704243e-08
16,3-back,F7,52,1.805704532580616e-08
16,3-back,F7,53,1.5353187862323793e-08
16,3-back,F7,54,1.1244846645145393e-07
16,3-back,F7,55,2.972872558190045e-08
16,3-back,F7,56,2.2442147829705893e-08
16,3-back,F7,57,9.39461330962083e-08
16,3-back,F7,58,3.3428229550308496e-07
16,3-back,F7,59,2.720991033010376e-07
16,3-back,F7,60,3.351149137165441e-07
16,3-back,F8,1,3.8044757411452725e-08
16,3-back,F8,2,1.7735790514289577e-07
16,3-back,F8,3,8.114127440387985e-08
16,3-back,F8,4,1.211842450208825e-07
16,3-back,F8,5,1.713861167522914e-08
16,3-back,F8,6,1.4506623846177629e-08
16,3-back,F8,7,2.616304763512317e-07
16,3-back,F8,8,2.370572676065158e-07
16,3-back,F8,9,7.973411243108793e-08
16,3-back,F8,10,1.0889383097929796e-07
16,3-back,F8,11,5.030584104028167e-07
16,3-back,F8,12,3.000883625535819e-07
16,3-back,F8,13,2.94416022433119e-07
16,3-back,F8,14,2.0363736819418e-07
16,3-back,F8,15,8.140691753091987e-08
16,3-back,F8,16,7.483468661944485e-08
16,3-back,F8,17,1.0188957010097966e-07
16,3-back,F8,18,1.2996767595051713e-07
16,3-back,F8,19,1.4860825817140123e-07
16,3-back,F8,20,7.549395636778909e-08
16,3-back,F8,21,8.721472142490714e-08
16,3-back,F8,22,7.002471573017668e-08
16,3-back,F8,23,1.2113789305123577e-07
16,3-back,F8,24,5.260415941429749e-08
16,3-back,F8,25,7.08101064949241e-08
16,3-back,F8,26,1.3001293415375547e-07
16,3-back,F8,27,2.08401180330564e-07
16,3-back,F8,28,1.2891598087824574e-07
16,3-back,F8,29,1.492566512813623e-07
16,3-back,F8,30,1.441666596678035e-07
16,3-back,F8,31,4.659240306394964e-08
16,3-back,F8,32,9.366381341450866e-08
16,3-back,F8,33,2.8362151071569938e-08
16,3-back,F8,34,1.912252806626881e-07
16,3-back,F8,35,6.927408410235582e-08
16,3-back,F8,36,1.7840403461743295e-08
16,3-back,F8,37,1.220200184471461e-07
16,3-back,F8,38,5.361912737451155e-08
16,3-back,F8,39,4.440195968501659e-08
16,3-back,F8,40,2.2747428828247582e-08
16,3-back,F8,41,1.4296785373832904e-07
16,3-back,F8,42,6.120974775759675e-08
16,3-back,F8,43,4.5973208412506366e-08
16,3-back,F8,44,3.987068316575024e-08
16,3-back,F8,45,2.4954403330636504e-08
16,3-back,F8,46,1.9426166303087852e-08
16,3-back,F8,47,1.934031912351132e-08
16,3-back,F8,48,3.76333022078641e-08
16,3-back,F8,49,2.7987832437258248e-08
16,3-back,F8,50,1.4933963057167837e-08
16,3-back,F8,51,2.307049959656683e-08
16,3-back,F8,52,2.5120495700249527e-08
16,3-back,F8,53,1.951226217358081e-08
16,3-back,F8,54,1.0389924540801323e-07
16,3-back,F8,55,4.1654085191671315e-08
16,3-back,F8,56,2.531527622873934e-08
16,3-back,F8,57,9.15946147172156e-08
16,3-back,F8,58,1.0625831727336054e-07
16,3-back,F8,59,1.933240074473126e-07
16,3-back,F8,60,1.144820737938878e-07
16,3-back,Fz,1,3.686780847152507e-08
16,3-back,Fz,2,1.3003242488533314e-07
16,3-back,Fz,3,7.349627339947995e-08
16,3-back,Fz,4,1.7910600277035484e-07
16,3-back,Fz,5,4.685168667151327e-08
16,3-back,Fz,6,4.8990850632409354e-08
16,3-back,Fz,7,4.107862846021292e-07
16,3-back,Fz,8,8.18146050083549e-07
16,3-back,Fz,9,2.2191354717302287e-07
16,3-back,Fz,10,1.6719231239098654e-07
16,3-back,Fz,11,1.1297353918276178e-06
16,3-back,Fz,12,4.453377422274254e-07
16,3-back,Fz,13,3.3784197372360264e-07
16,3-back,Fz,14,2.98114582480167e-07
16,3-back,Fz,15,1.2871055983044628e-07
16,3-back,Fz,16,6.280232078144166e-08
16,3-back,Fz,17,1.164895456685432e-07
16,3-back,Fz,18,3.5969264366014536e-07
16,3-back,Fz,19,4.1596820137967307e-07
16,3-back,Fz,20,1.1513083829376071e-07
16,3-back,Fz,21,1.181288544359867e-07
16,3-back,Fz,22,7.639833824765931e-08
16,3-back,Fz,23,1.4721873188402353e-07
16,3-back,Fz,24,5.825826473021328e-08
16,3-back,Fz,25,1.3514820286186114e-07
16,3-back,Fz,26,1.0681667187277418e-07
16,3-back,Fz,27,3.098903353873127e-07
16,3-back,Fz,28,3.338117069445767e-07
16,3-back,Fz,29,1.9358586494696352e-07
16,3-back,Fz,30,2.8272247168711037e-07
16,3-back,Fz,31,5.60446978818621e-08
16,3-back,Fz,32,1.0582358460896598e-07
16,3-back,Fz,33,2.059723214032496e-08
16,3-back,Fz,34,1.746576781327334e-07
16,3-back,Fz,35,1.5888678244636946e-07
16,3-back,Fz,36,4.809032998335273e-08
16,3-back,Fz,37,1.108647911134859e-07
16,3-back,Fz,38,7.490639816468211e-08
16,3-back,Fz,39,7.59214985983088e-08
16,3-back,Fz,40,6.789747728659653e-08
16,3-back,Fz,41,1.1589706599668542e-07
16,3-back,Fz,42,7.847925121385923e-08
16,3-back,Fz,43,4.8479639364941606e-08
16,3-back,Fz,44,4.736686056297296e-08
16,3-back,Fz,45,4.9626358066930895e-08
16,3-back,Fz,46,3.821156228584004e-08
16,3-back,Fz,47,4.2426266146199565e-08
16,3-back,Fz,48,1.2093056669668185e-07
16,3-back,Fz,49,3.9523835067970616e-08
16,3-back,Fz,50,2.635564598803189e-08
16,3-back,Fz,51,8.820778382241928e-08
16,3-back,Fz,52,6.00751484680406e-08
16,3-back,Fz,53,4.8178916048036175e-08
16,3-back,Fz,54,6.212791713546827e-08
16,3-back,Fz,55,8.571644050186856e-08
16,3-back,Fz,56,3.351840452932095e-08
16,3-back,Fz,57,5.183321532312334e-08
16,3-back,Fz,58,1.9741008279418974e-07
16,3-back,Fz,59,1.1816746029123058e-07
16,3-back,Fz,60,1.6414956812525663e-07
16,4-back,F3,1,1.6223712020108299e-07
16,4-back,F3,2,8.732690187841121e-08
16,4-back,F3,3,3.2355142620098567e-08
16,4-back,F3,4,4.2207677895386296e-08
16,4-back,F3,5,9.518058155232696e-08
16,4-back,F3,6,4.722528598033702e-08
16,4-back,F3,7,4.379954294078269e-08
16,4-back,F3,8,6.34070453411675e-08
16,4-back,F3,9,5.636070475021957e-08
16,4-back,F3,10,1.0928555763524553e-07
16,4-back,F3,11,6.343516893658173e-08
16,4-back,F3,12,2.414531748985771e-08
16,4-back,F3,13,4.793252410856059e-08
16,4-back,F3,14,3.132582529044928e-08
16,4-back,F3,15,3.6344856327461355e-08
16,4-back,F3,16,5.787621507123027e-08
16,4-back,F3,17,1.1455411588678497e-07
16,4-back,F3,18,7.296469547209667e-08
16,4-back,F3,19,9.65597776384705e-08
16,4-back,F3,20,4.2877442997294973e-08
16,4-back,F3,21,4.2657244517791037e-08
16,4-back,F3,22,5.0273455394193185e-08
16,4-back,F3,23,5.231388289689782e-08
16,4-back,F3,24,4.270702707763834e-08
16,4-back,F3,25,2.6283469556839074e-08
16,4-back,F3,26,3.420493974577687e-08
16,4-back,F3,27,4.140089966239127e-08
16,4-back,F3,28,3.8723684513025656e-08
16,4-back,F3,29,6.078669162571738e-08
16,4-back,F3,30,7.882386626326026e-08
16,4-back,F3,31,5.9493874499459525e-08
16,4-back,F3,32,5.80301524334039e-08
16,4-back,F3,33,3.525380752544099e-08
16,4-back,F3,34,4.895208914144479e-08
16,4-back,F3,35,3.891519305359137e-08
16,4-back,F3,36,3.8301526865960774e-08
16,4-back,F3,37,7.512195986313596e-08
16,4-back,F3,38,3.921357624681739e-08
16,4-back,F3,39,3.4125864625613625e-08
16,4-back,F3,40,5.363788313479184e-08
16,4-back,F3,41,1.1309863810931091e-07
16,4-back,F3,42,4.174598572845909e-08
16,4-back,F3,43,2.8773035351199557e-08
16,4-back,F3,44,4.643375581256332e-08
16,4-back,F3,45,6.560322282852871e-08
16,4-back,F3,46,4.907975764893325e-08
16,4-back,F3,47,4.656624815300722e-08
16,4-back,F3,48,5.7899959770506365e-08
16,4-back,F3,49,5.4240386112417715e-08
16,4-back,F3,50,2.2909593559126224e-08
16,4-back,F3,51,5.4303854735635986e-08
16,4-back,F3,52,2.627606521797004e-08
16,4-back,F3,53,7.185929708294935e-08
16,4-back,F3,54,1.2086341758312783e-07
16,4-back,F3,55,3.1119718000053475e-08
16,4-back,F3,56,3.645938363551002e-08
16,4-back,F3,57,5.387455072552478e-08
16,4-back,F3,58,3.527802521903712e-08
16,4-back,F3,59,4.672263293992753e-08
16,4-back,F3,60,5.798540248186398e-08
16,4-back,F3,61,4.13640339401791e-08
16,4-back,F3,62,1.9150381819030966e-08
16,4-back,F3,63,7.821660475865355e-08
16,4-back,F3,64,4.2386889939751664e-08
16,4-back,F3,65,2.6313121743998835e-08
16,4-back,F3,66,4.439231946121061e-08
16,4-back,F3,67,5.5002564180412565e-08
16,4-back,F3,68,5.2185597088481196e-08
16,4-back,F3,69,8.328506625733011e-08
16,4-back,F3,70,4.1113169511857666e-08
16,4-back,F3,71,5.959037033908804e-08
16,4-back,F4,1,1.2424169608450442e-07
16,4-back,F4,2,7.211600834903632e-08
16,4-back,F4,3,3.7295144134767955e-08
16,4-back,F4,4,3.763651772153899e-08
16,4-back,F4,5,6.06445434069139e-08
16,4-back,F4,6,5.146204084649798e-08
16,4-back,F4,7,3.024339186991932e-08
16,4-back,F4,8,5.025764346596439e-08
16,4-back,F4,9,6.283451110429009e-08
16,4-back,F4,10,7.118604477910775e-08
16,4-back,F4,11,6.36334130280368e-08
16,4-back,F4,12,2.7311525591510425e-08
16,4-back,F4,13,3.849731070922401e-08
16,4-back,F4,14,2.8943194797902342e-08
16,4-back,F4,15,2.6101514754530188e-08
16,4-back,F4,16,5.3354691456100204e-08
16,4-back,F4,17,8.402032669373342e-08
16,4-back,F4,18,6.263270158737917e-08
16,4-back,F4,19,7.651714375554874e-08
16,4-back,F4,20,2.8274445492109928e-08
16,4-back,F4,21,3.75145382780076e-08
16,4-back,F4,22,2.9636183954379577e-08
16,4-back,F4,23,4.5589227478979796e-08
16,4-back,F4,24,4.6232549280859634e-08
16,4-back,F4,25,2.0408536458189104e-08
16,4-back,F4,26,2.5763622164375482e-08
16,4-back,F4,27,2.2055076656782947e-08
16,4-back,F4,28,3.1211934274796554e-08
16,4-back,F4,29,5.932668351907422e-08
16,4-back,F4,30,4.450681870516985e-08
16,4-back,F4,31,2.895462689107499e-08
16,4-back,F4,32,4.056296512980749e-08
16,4-back,F4,33,3.44919109776453e-08
16,4-back,F4,34,3.107251469018864e-08
16,4-back,F4,35,2.731237145833728e-08
16,4-back,F4,36,4.686345092412167e-08
16,4-back,F4,37,6.39896793747406e-08
16,4-back,F4,38,3.24806100908659e-08
16,4-back,F4,39,3.496295395483633e-08
16,4-back,F4,40,2.4064444895296817e-08
16,4-back,F4,41,1.1066797109097451e-07
16,4-back,F4,42,4.466221153053119e-08
16,4-back,F4,43,2.1744102052993474e-08
16,4-back,F4,44,3.463831523776839e-08
16,4-back,F4,45,3.7411898465665626e-08
16,4-back,F4,46,2.1895161839411047e-08
16,4-back,F4,47,3.8084783149609114e-08
16,4-back,F4,48,2.990259486212654e-08
16,4-back,F4,49,5.909253920878826e-08
16,4-back,F4,50,2.195121541025871e-08
16,4-back,F4,51,3.248971587274849e-08
16,4-back,F4,52,3.176446902629931e-08
16,4-back,F4,53,5.224905439400871e-08
16,4-back,F4,54,8.016632762955808e-08
16,4-back,F4,55,3.9581423741779814e-08
16,4-back,F4,56,3.911128948218443e-08
16,4-back,F4,57,4.874570965467642e-08
16,4-back,F4,58,3.1726243379432323e-08
16,4-back,F4,59,1.8082144682030286e-08
16,4-back,F4,60,3.102371446239891e-08
16,4-back,F4,61,3.763887278082497e-08
16,4-back,F4,62,2.1142031718070174e-08
16,4-back,F4,63,5.0023037094178105e-08
16,4-back,F4,64,3.2690478908422226e-08
16,4-back,F4,65,2.0641324928162074e-08
16,4-back,F4,66,3.8883465815443956e-08
16,4-back,F4,67,5.969441662078444e-08
16,4-back,F4,68,4.071089112269263e-08
16,4-back,F4,69,5.716940066254308e-08
16,4-back,F4,70,3.285068028042982e-08
16,4-back,F4,71,4.524421630759766e-08
16,4-back,F7,1,2.967728689308082e-07
16,4-back,F7,2,5.920750040919984e-08
16,4-back,F7,3,2.0757280301342485e-08
16,4-back,F7,4,1.9319883131012958e-08
16,4-back,F7,5,1.1326788949251169e-07
16,4-back,F7,6,3.0832388872270114e-08
16,4-back,F7,7,3.94890242638884e-08
16,4-back,F7,8,1.0814401383409312e-07
16,4-back,F7,9,1.8743212831019508e-07
16,4-back,F7,10,1.447216331629864e-07
16,4-back,F7,11,7.840648697471278e-08
16,4-back,F7,12,1.1330079609302308e-08
16,4-back,F7,13,1.2160724917585726e-07
16,4-back,F7,14,2.172108052012502e-08
16,4-back,F7,15,2.0371721643349958e-08
16,4-back,F7,16,1.7270726613341364e-07
16,4-back,F7,17,1.275848878021816e-07
16,4-back,F7,18,6.187744562360635e-08
16,4-back,F7,19,9.592068605264935e-08
16,4-back,F7,20,3.2791148667463325e-08
16,4-back,F7,21,3.503007688916504e-08
16,4-back,F7,22,3.518338268159992e-08
16,4-back,F7,23,4.545411338550142e-08
16,4-back,F7,24,7.982635910356126e-08
16,4-back,F7,25,3.63343595080574e-08
16,4-back,F7,26,4.9700479766229504e-08
16,4-back,F7,27,6.359853472872615e-08
16,4-back,F7,28,4.761537396656769e-08
16,4-back,F7,29,1.3431480602687808e-07
16,4-back,F7,30,7.235858201305856e-08
16,4-back,F7,31,7.141817299473377e-08
16,4-back,F7,32,3.4550856018152985e-08
16,4-back,F7,33,8.655476622852733e-08
16,4-back,F7,34,4.1747570839115895e-08
16,4-back,F7,35,5.135266190796679e-08
16,4-back,F7,36,3.1861437628938666e-08
16,4-back,F7,37,8.118120821143833e-08
16,4-back,F7,38,5.726732431798736e-08
16,4-back,F7,39,1.809234388171002e-08
16,4-back,F7,40,2.641393497021779e-08
16,4-back,F7,41,2.509883919351322e-07
16,4-back,F7,42,1.616470361697154e-07
16,4-back,F7,43,2.8131009034624833e-08
16,4-back,F7,44,2.1257706679467152e-08
16,4-back,F7,45,5.9258690776985085e-08
16,4-back,F7,46,5.537353021394984e-08
16,4-back,F7,47,1.8527779385507922e-07
16,4-back,F7,48,5.3755557370240883e-08
16,4-back,F7,49,7.52589457704334e-08
16,4-back,F7,50,2.5364414882090093e-08
16,4-back,F7,51,4.9191074463425394e-08
16,4-back,F7,52,5.340399251825322e-08
16,4-back,F7,53,9.544502121108742e-08
16,4-back,F7,54,2.499057338501663e-07
16,4-back,F7,55,1.4456059710994697e-08
16,4-back,F7,56,2.1592949360589735e-08
16,4-back,F7,57,6.465126071573e-08
16,4-back,F7,58,3.4449069071986735e-08
16,4-back,F7,59,2.9744291683246708e-08
16,4-back,F7,60,4.39740521393378e-08
16,4-back,F7,61,4.880578363908763e-08
16,4-back,F7,62,1.4720631992681283e-08
16,4-back,F7,63,8.378632349341371e-08
16,4-back,F7,64,5.831102236153412e-08
16,4-back,F7,65,1.8265807816961862e-08
16,4-back,F7,66,5.595629705021209e-08
16,4-back,F7,67,1.6187398976952653e-08
16,4-back,F7,68,1.0367038283563478e-07
16,4-back,F7,69,4.4593873540288943e-08
16,4-back,F7,70,2.03167301491354e-08
16,4-back,F7,71,4.22761196309922e-08
16,4-back,F8,1,2.125808354800181e-07
16,4-back,F8,2,3.68964264890706e-08
16,4-back,F8,3,2.2147474479880248e-08
16,4-back,F8,4,2.3175349374616182e-08
16,4-back,F8,5,6.66374297354287e-08
16,4-back,F8,6,2.5012325398866783e-08
16,4-back,F8,7,1.3857869969652349e-08
16,4-back,F8,8,5.350467784192697e-08
16,4-back,F8,9,1.2511515768452412e-07
16,4-back,F8,10,7.325272499793981e-08
16,4-back,F8,11,7.993573862698938e-08
16,4-back,F8,12,3.180600715165018e-08
16,4-back,F8,13,7.811811877731154e-08
16,4-back,F8,14,2.5466324121283867e-08
16,4-back,F8,15,1.5670827269616837e-08
16,4-back,F8,16,6.729004182485334e-08
16,4-back,F8,17,7.77363406211834e-08
16,4-back,F8,18,4.877568243645974e-08
16,4-back,F8,19,7.592155225748309e-08
16,4-back,F8,20,1.491513026949778e-08
16,4-back,F8,21,2.555749386222565e-08
16,4-back,F8,22,2.092797898933793e-08
16,4-back,F8,23,4.883608753909678e-08
16,4-back,F8,24,6.254892546324142e-08
16,4-back,F8,25,1.6446593023822124e-08
16,4-back,F8,26,2.4310733579563073e-08
16,4-back,F8,27,1.913820879444794e-08
16,4-back,F8,28,1.7555695467605902e-08
16,4-back,F8,29,6.736105371083662e-08
16,4-back,F8,30,3.4722180976232996e-08
16,4-back,F8,31,1.3113722448156879e-08
16,4-back,F8,32,2.830269667332232e-08
16,4-back,F8,33,5.530735000015859e-08
16,4-back,F8,34,2.0075512756147934e-08
16,4-back,F8,35,1.4284896674720702e-08
16,4-back,F8,36,2.9044928334755242e-08
16,4-back,F8,37,5.9500188291702666e-08
16,4-back,F8,38,1.8815689133174224e-08
16,4-back,F8,39,2.521862352928128e-08
16,4-back,F8,40,1.859839743049821e-08
16,4-back,F8,41,1.57148645356822e-07
16,4-back,F8,42,9.537137069996469e-08
16,4-back,F8,43,1.1127829793243778e-08
16,4-back,F8,44,2.2476843142273553e-08
16,4-back,F8,45,2.3613843993604615e-08
16,4-back,F8,46,1.3712153598863077e-08
16,4-back,F8,47,4.402777268269003e-08
16,4-back,F8,48,1.8547963361876447e-08
16,4-back,F8,49,5.712659347745664e-08
16,4-back,F8,50,1.5331664174226286e-08
16,4-back,F8,51,1.5088345756370084e-08
16,4-back,F8,52,2.082923077970701e-08
16,4-back,F8,53,6.123203029039841e-08
16,4-back,F8,54,1.5195874559865037e-07
16,4-back,F8,55,2.3561354624445965e-08
16,4-back,F8,56,3.174519389949155e-08
16,4-back,F8,57,4.960500873209276e-08
16,4-back,F8,58,1.9865024303887986e-08
16,4-back,F8,59,1.6576167647333342e-08
16,4-back,F8,60,1.674977888700143e-08
16,4-back,F8,61,3.0935186751196654e-08
16,4-back,F8,62,1.676765178846666e-08
16,4-back,F8,63,5.6257650311543814e-08
16,4-back,F8,64,2.1491431756823533e-08
16,4-back,F8,65,2.068508753332158e-08
16,4-back,F8,66,4.6327292786067224e-08
16,4-back,F8,67,3.3106514113940884e-08
16,4-back,F8,68,5.621104668368229e-08
16,4-back,F8,69,1.8386538947229778e-08
16,4-back,F8,70,2.4039568705993402e-08
16,4-back,F8,71,2.6946566985384133e-08
16,4-back,Fz,1,1.6364906643511832e-07
16,4-back,Fz,2,1.2894923868336203e-07
16,4-back,Fz,3,6.114127707519482e-08
16,4-back,Fz,4,5.405769436206499e-08
16,4-back,Fz,5,7.750207268615892e-08
16,4-back,Fz,6,5.811198030278362e-08
16,4-back,Fz,7,5.597650935732489e-08
16,4-back,Fz,8,8.404290223963933e-08
16,4-back,Fz,9,4.286066023387087e-08
16,4-back,Fz,10,1.1141421428623897e-07
16,4-back,Fz,11,6.945765263884247e-08
16,4-back,Fz,12,3.360437488971439e-08
16,4-back,Fz,13,4.3734871994849484e-08
16,4-back,Fz,14,3.819891430548774e-08
16,4-back,Fz,15,3.988253992218325e-08
16,4-back,Fz,16,5.706411611386517e-08
16,4-back,Fz,17,1.221184554678586e-07
16,4-back,Fz,18,7.852075693429945e-08
16,4-back,Fz,19,9.705975733173373e-08
16,4-back,Fz,20,3.753446733255843e-08
16,4-back,Fz,21,5.805628895930525e-08
16,4-back,Fz,22,5.582095416099601e-08
16,4-back,Fz,23,4.377783834614618e-08
16,4-back,Fz,24,5.952377522771601e-08
16,4-back,Fz,25,2.8936410326745375e-08
16,4-back,Fz,26,3.327635586389614e-08
16,4-back,Fz,27,3.532518445556769e-08
16,4-back,Fz,28,5.166897121658104e-08
16,4-back,Fz,29,6.021146108681603e-08
16,4-back,Fz,30,7.414979261118042e-08
16,4-back,Fz,31,6.065605819839111e-08
16,4-back,Fz,32,6.884408736321084e-08
16,4-back,Fz,33,4.430174178148625e-08
16,4-back,Fz,34,5.181312875171187e-08
16,4-back,Fz,35,3.954903714516192e-08
16,4-back,Fz,36,6.249125455276286e-08
16,4-back,Fz,37,9.095635228003874e-08
16,4-back,Fz,38,4.920604342796796e-08
16,4-back,Fz,39,4.634683193230818e-08
16,4-back,Fz,40,4.6055213429433955e-08
16,4-back,Fz,41,1.378965767596325e-07
16,4-back,Fz,42,4.404452516329082e-08
16,4-back,Fz,43,3.086414626306851e-08
16,4-back,Fz,44,5.1797431614729005e-08
16,4-back,Fz,45,4.474611739950616e-08
16,4-back,Fz,46,4.8449574095407115e-08
16,4-back,Fz,47,3.7042985151844706e-08
16,4-back,Fz,48,4.743903139811344e-08
16,4-back,Fz,49,6.697292599291753e-08
16,4-back,Fz,50,2.0085216802898752e-08
16,4-back,Fz,51,4.9388145086994785e-08
16,4-back,Fz,52,3.789949392320982e-08
16,4-back,Fz,53,6.225015888522829e-08
16,4-back,Fz,54,1.0484601861699883e-07
16,4-back,Fz,55,4.2127672538243996e-08
16,4-back,Fz,56,4.6756343728535366e-08
16,4-back,Fz,57,7.711789372547482e-08
16,4-back,Fz,58,5.288766466134071e-08
16,4-back,Fz,59,3.0907892298641496e-08
16,4-back,Fz,60,5.438690246324097e-08
16,4-back,Fz,61,5.694864429461334e-08
16,4-back,Fz,62,3.116323276420873e-08
16,4-back,Fz,63,9.041900090358514e-08
16,4-back,Fz,64,3.826652605101541e-08
16,4-back,Fz,65,3.04806260926846e-08
16,4-back,Fz,66,4.1404621123257965e-08
16,4-back,Fz,67,7.389258022971783e-08
16,4-back,Fz,68,6.128250803974082e-08
16,4-back,Fz,69,9.212307058463866e-08
16,4-back,Fz,70,4.421038130637334e-08
16,4-back,Fz,71,6.67379843834462e-08
17,1-back,F3,1,6.4024460041052e-08
17,1-back,F3,2,5.0697524738279054e-08
17,1-back,F3,3,4.009034825566738e-08
17,1-back,F3,4,4.333334228759404e-08
17,1-back,F3,5,4.990530627280596e-08
17,1-back,F3,6,8.183176396539155e-08
17,1-back,F3,7,4.1971509552831094e-08
17,1-back,F3,8,2.530171415026829e-08
17,1-back,F3,9,4.515752068841714e-08
17,1-back,F3,10,5.9122361694666025e-08
17,1-back,F3,11,4.9222575015575345e-08
17,1-back,F3,12,4.25186627985161e-08
17,1-back,F3,13,2.031110164569696e-08
17,1-back,F3,14,4.9543152745581976e-08
17,1-back,F3,15,2.503868002523603e-08
17,1-back,F3,16,5.873509891198497e-08
17,1-back,F3,17,6.297555905314965e-08
17,1-back,F3,18,3.0190425255430674e-08
17,1-back,F3,19,7.5718320800104e-08
17,1-back,F3,20,2.8432343807909795e-08
17,1-back,F3,21,2.9611184569610445e-08
17,1-back,F3,22,4.5523783526416364e-08
17,1-back,F3,23,3.6776790511741895e-08
17,1-back,F3,24,2.2463724394268538e-08
17,1-back,F3,25,7.586496986589268e-08
17,1-back,F3,26,3.2822555935943755e-08
17,1-back,F3,27,2.7491865040865772e-08
17,1-back,F3,28,3.866914909485731e-08
17,1-back,F3,29,4.432031144627082e-08
17,1-back,F3,30,3.00707146744298e-08
17,1-back,F3,31,4.927238155296767e-08
17,1-back,F3,32,2.8426470234602798e-08
17,1-back,F3,33,3.4195163535984415e-08
17,1-back,F3,34,7.474047104029871e-08
17,1-back,F3,35,5.944309803276321e-08
17,1-back,F3,36,3.80134911154492e-08
17,1-back,F3,37,3.429912505623122e-08
17,1-back,F3,38,5.991538995624542e-08
17,1-back,F3,39,3.999285537889914e-08
17,1-back,F3,40,4.191704022671702e-08
17,1-back,F3,41,3.090447627388828e-08
17,1-back,F3,42,4.189490273584015e-08
17,1-back,F3,43,4.3800831526471884e-08
17,1-back,F3,44,3.2661766553184654e-08
17,1-back,F3,45,2.8704524824748237e-08
17,1-back,F3,46,1.694921600304722e-08
17,1-back,F3,47,2.725045871697504e-08
17,1-back,F3,48,3.864658473862614e-08
17,1-back,F3,49,3.0810621681205276e-08
17,1-back,F3,50,4.6150300201724486e-08
17,1-back,F3,51,3.664271366238431e-08
17,1-back,F3,52,3.310338251388703e-08
17,1-back,F3,53,7.148922567159872e-08
17,1-back,F3,54,3.957632671946169e-08
17,1-back,F3,55,1.5178796101026527e-08
17,1-back,F3,56,5.613732666887529e-08
17,1-back,F3,57,2.856427383168094e-08
17,1-back,F3,58,2.9097976335995735e-08
17,1-back,F3,59,6.429983705366825e-08
17,1-back,F3,60,3.018219661827042e-08
17,1-back,F3,61,6.742990104299186e-08
17,1-back,F3,62,3.3381634818908935e-08
17,1-back,F3,63,3.8306426579411335e-08
17,1-back,F3,64,4.2635735723376953e-08
17,1-back,F3,65,5.264848556564594e-08
17,1-back,F3,66,2.7810203667832438e-08
17,1-back,F4,1,6.373748304986605e-08
17,1-back,F4,2,4.803596774517261e-08
17,1-back,F4,3,3.191963691016753e-08
17,1-back,F4,4,5.567493468929032e-08
17,1-back,F4,5,4.2096035238879295e-08
17,1-back,F4,6,7.102506869456024e-08
17,1-back,F4,7,4.4760812685067985e-08
17,1-back,F4,8,2.9404622196352745e-08
17,1-back,F4,9,3.533697423219926e-08
17,1-back,F4,10,5.965458793240921e-08
17,1-back,F4,11,3.5008589142631406e-08
17,1-back,F4,12,6.510445434532677e-08
17,1-back,F4,13,2.3487876536740157e-08
17,1-back,F4,14,3.249212793667374e-08
17,1-back,F4,15,2.1194135031066824e-08
17,1-back,F4,16,3.274254398751293e-08
17,1-back,F4,17,4.002683575256061e-08
17,1-back,F4,18,2.9025323842298434e-08
17,1-back,F4,19,7.378591913998672e-08
17,1-back,F4,20,3.881794914703101e-08
17,1-back,F4,21,2.7671348163719e-08
17,1-back,F4,22,4.4460723773097696e-08
17,1-back,F4,23,3.5443701630161355e-08
17,1-back,F4,24,2.255426985461683e-08
17,1-back,F4,25,8.373573618835307e-08
17,1-back,F4,26,2.5709089145417188e-08
17,1-back,F4,27,2.971593262631152e-08
17,1-back,F4,28,3.59783570090412e-08
17,1-back,F4,29,5.825845172786866e-08
17,1-back,F4,30,2.4444930449385028e-08
17,1-back,F4,31,5.2618115725228784e-08
17,1-back,F4,32,3.0064765344258885e-08
17,1-back,F4,33,4.012259185828715e-08
17,1-back,F4,34,5.2177525057824573e-08
17,1-back,F4,35,6.62726375392956e-08
17,1-back,F4,36,2.825131316850607e-08
17,1-back,F4,37,3.966879170449884e-08
17,1-back,F4,38,3.768896580540019e-08
17,1-back,F4,39,3.534856239956302e-08
17,1-back,F4,40,4.730710844636162e-08
17,1-back,F4,41,4.404833387284329e-08
17,1-back,F4,42,3.424381956930869e-08
17,1-back,F4,43,3.131608048120469e-08
17,1-back,F4,44,3.371303711751604e-08
17,1-back,F4,45,5.715703624580482e-08
17,1-back,F4,46,2.5825775479117325e-08
17,1-back,F4,47,3.0761622610098654e-08
17,1-back,F4,48,3.102593896467549e-08
17,1-back,F4,49,3.737503099052027e-08
17,1-back,F4,50,2.5925756609765034e-08
17,1-back,F4,51,3.702161935497786e-08
17,1-back,F4,52,2.4758491985475096e-08
17,1-back,F4,53,4.310274046227835e-08
17,1-back,F4,54,4.344322148601409e-08
17,1-back,F4,55,2.7705577573713723e-08
17,1-back,F4,56,4.759157652535149e-08
17,1-back,F4,57,6.034870684062338e-08
17,1-back,F4,58,2.9359933655456714e-08
17,1-back,F4,59,6.831230080718901e-08
17,1-back,F4,60,8.354581146699981e-08
17,1-back,F4,61,4.8388035417902774e-08
17,1-back,F4,62,2.5551246617924985e-08
17,1-back,F4,63,4.777964080565677e-08
17,1-back,F4,64,5.6878618136072104e-08
17,1-back,F4,65,4.238580593534241e-08
17,1-back,F4,66,3.0461620644184726e-08
17,1-back,F7,1,2.18817064821658e-06
17,1-back,F7,2,1.9105136314367808e-06
17,1-back,F7,3,1.8452060863680136e-06
17,1-back,F7,4,1.4235242041090067e-06
17,1-back,F7,5,2.589227234717378e-07
17,1-back,F7,6,1.3480600609324246e-07
17,1-back,F7,7,3.898596382211935e-08
17,1-back,F7,8,1.8571633811009167e-08
17,1-back,F7,9,5.224530161498477e-07
17,1-back,F7,10,1.0500012489429102e-07
17,1-back,F7,11,1.6754658866899414e-07
17,1-back,F7,12,5.6778708840157403e-08
17,1-back,F7,13,3.035356050820857e-08
17,1-back,F7,14,7.818850776289736e-08
17,1-back,F7,15,3.1934806758254027e-08
17,1-back,F7,16,8.080171812830161e-08
17,1-back,F7,17,5.206020604064815e-08
17,1-back,F7,18,4.2760245550642655e-08
17,1-back,F7,19,1.0264659406764515e-07
17,1-back,F7,20,2.8785929827432735e-08
17,1-back,F7,21,5.109551843220299e-08
17,1-back,F7,22,4.668099761389078e-08
17,1-back,F7,23,6.636282344591379e-08
17,1-back,F7,24,1.3322014260904796e-07
17,1-back,F7,25,1.6746622832309248e-06
17,1-back,F7,26,2.9322178486141476e-07
17,1-back,F7,27,2.4395183682577634e-06
17,1-back,F7,28,5.899923085614008e-07
17,1-back,F7,29,4.805405474284116e-06
17,1-back,F7,30,1.1969829504626963e-06
17,1-back,F7,31,2.631257647272114e-07
17,1-back,F7,32,1.2042432746526113e-06
17,1-back,F7,33,2.172980322670432e-07
17,1-back,F7,34,1.1789344524602033e-07
17,1-back,F7,35,9.841102456143973e-07
17,1-back,F7,36,3.206387455794929e-07
17,1-back,F7,37,3.535517396272e-07
17,1-back,F7,38,2.6528137578124047e-07
17,1-back,F7,39,4.958853355953376e-07
17,1-back,F7,40,3.893123026215297e-07
17,1-back,F7,41,3.2767217194551075e-07
17,1-back,F7,42,1.2876659142883942e-07
17,1-back,F7,43,6.331302264407046e-07
17,1-back,F7,44,2.3321690289527013e-06
17,1-back,F7,45,4.767171131339343e-07
17,1-back,F7,46,5.80658513805556e-07
17,1-back,F7,47,3.22939677562971e-07
17,1-back,F7,48,4.2087675100628844e-07
17,1-back,F7,49,2.75021975023278e-08
17,1-back,F7,50,1.1705556153269212e-07
17,1-back,F7,51,3.909833293705059e-08
17,1-back,F7,52,1.0080671185528106e-07
17,1-back,F7,53,1.0478906766327106e-07
17,1-back,F7,54,3.5866459409541015e-08
17,1-back,F7,55,3.2478551366570404e-08
17,1-back,F7,56,4.2638918639285057e-08
17,1-back,F7,57,2.3615466654018924e-08
17,1-back,F7,58,1.812278656413765e-08
17,1-back,F7,59,4.442890463452553e-08
17,1-back,F7,60,2.048659036479343e-08
17,1-back,F7,61,6.579472544857591e-08
17,1-back,F7,62,3.9989236957370395e-08
17,1-back,F7,63,3.619310470489314e-08
17,1-back,F7,64,7.770865000269831e-08
17,1-back,F7,65,4.997410669608998e-08
17,1-back,F7,66,4.468103293988298e-08
17,1-back,F8,1,3.311884594074923e-08
17,1-back,F8,2,3.1630939590068765e-08
17,1-back,F8,3,2.8811244098398697e-08
17,1-back,F8,4,6.209258399762535e-08
17,1-back,F8,5,3.211331827656815e-08
17,1-back,F8,6,8.236961379752277e-08
17,1-back,F8,7,3.880245422585861e-08
17,1-back,F8,8,2.4027044614412757e-08
17,1-back,F8,9,5.223567435975772e-08
17,1-back,F8,10,4.1795328570049716e-08
17,1-back,F8,11,2.4477114752298693e-08
17,1-back,F8,12,2.8754282312706066e-08
17,1-back,F8,13,1.7952559800350103e-08
17,1-back,F8,14,4.39233126607193e-08
17,1-back,F8,15,2.3382010257195063e-08
17,1-back,F8,16,3.403575250153488e-08
17,1-back,F8,17,3.8627624689251415e-08
17,1-back,F8,18,2.901299050459771e-08
17,1-back,F8,19,6.937432467649621e-08
17,1-back,F8,20,4.0848581052457623e-08
17,1-back,F8,21,2.852747596277215e-08
17,1-back,F8,22,3.9409559349660384e-08
17,1-back,F8,23,2.2236350162409896e-08
17,1-back,F8,24,2.206226666104501e-08
17,1-back,F8,25,6.273354182461024e-08
17,1-back,F8,26,2.7792870913529114e-08
17,1-back,F8,27,1.8701895061109894e-08
17,1-back,F8,28,4.14501511398406e-08
17,1-back,F8,29,3.694912195772324e-08
17,1-back,F8,30,2.4089554747059746e-08
17,1-back,F8,31,4.733676524653246e-08
17,1-back,F8,32,2.545399565033122e-08
17,1-back,F8,33,3.305292276835569e-08
17,1-back,F8,34,2.7954875193331456e-08
17,1-back,F8,35,4.732297999923427e-08
17,1-back,F8,36,2.9689055484418437e-08
17,1-back,F8,37,4.353464433769269e-08
17,1-back,F8,38,3.354649277090889e-08
17,1-back,F8,39,4.1579082439291666e-08
17,1-back,F8,40,3.812684810953925e-08
17,1-back,F8,41,4.628024129657408e-08
17,1-back,F8,42,4.6667825502552104e-08
17,1-back,F8,43,3.0257516922454796e-08
17,1-back,F8,44,2.4644931692647463e-08
17,1-back,F8,45,4.5234213313791745e-08
17,1-back,F8,46,2.6989349156496245e-08
17,1-back,F8,47,2.2431691560461167e-08
17,1-back,F8,48,3.1777033887439093e-08
17,1-back,F8,49,3.337987373975822e-08
17,1-back,F8,50,2.0739930394491315e-08
17,1-back,F8,51,4.5856239881031954e-08
17,1-back,F8,52,2.0123629290185066e-07
17,1-back,F8,53,1.5262108057956654e-07
17,1-back,F8,54,3.578858454495144e-08
17,1-back,F8,55,2.876406759003894e-08
17,1-back,F8,56,6.780229749992955e-08
17,1-back,F8,57,4.940443046222984e-08
17,1-back,F8,58,4.5417606851389e-08
17,1-back,F8,59,6.432508253089233e-08
17,1-back,F8,60,6.545077401611399e-08
17,1-back,F8,61,3.931588349268434e-08
17,1-back,F8,62,2.5363723859808635e-08
17,1-back,F8,63,4.209577046210412e-08
17,1-back,F8,64,1.657957771019283e-07
17,1-back,F8,65,4.0489688782016366e-08
17,1-back,F8,66,2.7392056216963654e-08
17,1-back,Fz,1,9.079805958197297e-08
17,1-back,Fz,2,5.418820465445153e-08
17,1-back,Fz,3,4.380755336919927e-08
17,1-back,Fz,4,5.043073855063628e-08
17,1-back,Fz,5,4.95756752579565e-08
17,1-back,Fz,6,8.224855230705126e-08
17,1-back,Fz,7,4.65309855832967e-08
17,1-back,Fz,8,3.254192071720475e-08
17,1-back,Fz,9,4.980998758425665e-08
17,1-back,Fz,10,7.468792832956034e-08
17,1-back,Fz,11,4.500844787147232e-08
17,1-back,Fz,12,4.2466022237951756e-08
17,1-back,Fz,13,2.229222760655729e-08
17,1-back,Fz,14,3.471981896228921e-08
17,1-back,Fz,15,2.8279509997559703e-08
17,1-back,Fz,16,5.143210634453518e-08
17,1-back,Fz,17,5.3184523271912663e-08
17,1-back,Fz,18,2.732912975292573e-08
17,1-back,Fz,19,8.807670886288001e-08
17,1-back,Fz,20,3.434941495548981e-08
17,1-back,Fz,21,3.0350776106890555e-08
17,1-back,Fz,22,5.208308394504392e-08
17,1-back,Fz,23,3.737012875079424e-08
17,1-back,Fz,24,2.349923618886577e-08
17,1-back,Fz,25,9.184115949331731e-08
17,1-back,Fz,26,2.8729853759752246e-08
17,1-back,Fz,27,3.597934808628751e-08
17,1-back,Fz,28,3.979700116100605e-08
17,1-back,Fz,29,5.5398250301607877e-08
17,1-back,Fz,30,2.986880469267859e-08
17,1-back,Fz,31,5.2148836203482215e-08
17,1-back,Fz,32,2.822032665371126e-08
17,1-back,Fz,33,4.470601716132274e-08
17,1-back,Fz,34,7.220810406390764e-08
17,1-back,Fz,35,7.24360666396465e-08
17,1-back,Fz,36,3.339820930774142e-08
17,1-back,Fz,37,3.820304815232729e-08
17,1-back,Fz,38,5.9260491040436887e-08
17,1-back,Fz,39,3.4353618816250064e-08
17,1-back,Fz,40,4.731246961938785e-08
17,1-back,Fz,41,4.2966969651730897e-08
17,1-back,Fz,42,3.8017491608712105e-08
17,1-back,Fz,43,3.1139114167951005e-08
17,1-back,Fz,44,4.6970509327880045e-08
17,1-back,Fz,45,5.86856417329406e-08
17,1-back,Fz,46,2.376625125785436e-08
17,1-back,Fz,47,3.602968347894323e-08
17,1-back,Fz,48,3.57571820351314e-08
17,1-back,Fz,49,4.907371411649315e-08
17,1-back,Fz,50,4.746585845675041e-08
17,1-back,Fz,51,3.174107743416435e-08
17,1-back,Fz,52,6.00392465015376e-08
17,1-back,Fz,53,5.628613728921406e-08
17,1-back,Fz,54,5.250646803203508e-08
17,1-back,Fz,55,4.2753805367888585e-08
17,1-back,Fz,56,5.082425160039022e-08
17,1-back,Fz,57,3.6796259306455e-08
17,1-back,Fz,58,4.0517300139646346e-08
17,1-back,Fz,59,6.996384429854201e-08
17,1-back,Fz,60,7.570249779574978e-08
17,1-back,Fz,61,7.50359212523902e-08
17,1-back,Fz,62,2.865433799575148e-08
17,1-back,Fz,63,4.9735546832616986e-08
17,1-back,Fz,64,4.3022553118862883e-08
17,1-back,Fz,65,5.6808335169206484e-08
17,1-back,Fz,66,2.875234061091558e-08
17,2-back,F3,1,4.6886311898608866e-08
17,2-back,F3,2,6.725914586476274e-08
17,2-back,F3,3,5.076534179786234e-08
17,2-back,F3,4,7.151412060079451e-08
17,2-back,F3,5,4.748996903875814e-08
17,2-back,F3,6,4.3058300786714974e-08
17,2-back,F3,7,5.1028411230295256e-08
17,2-back,F3,8,2.3430898905086313e-08
17,2-back,F3,9,2.8149710099113927e-08
17,2-back,F3,10,3.835192145790301e-08
17,2-back,F3,11,4.703844975424927e-08
17,2-back,F3,12,4.878221678755437e-08
17,2-back,F3,13,5.8030147694506243e-08
17,2-back,F3,14,4.0494512695207635e-08
17,2-back,F3,15,6.780791521550951e-08
17,2-back,F3,16,4.144689604992373e-08
17,2-back,F3,17,2.2596693999519013e-08
17,2-back,F3,18,1.0783016453052547e-07
17,2-back,F3,19,6.338744755611075e-08
17,2-back,F3,20,4.679487364581386e-08
17,2-back,F3,21,6.849041687993909e-08
17,2-back,F3,22,5.8342670583903534e-08
17,2-back,F3,23,4.833221091483556e-08
17,2-back,F3,24,3.487973984597447e-08
17,2-back,F3,25,7.025492038602385e-08
17,2-back,F3,26,7.39003063543272e-08
17,2-back,F3,27,4.100708930846641e-08
17,2-back,F3,28,6.858197077782805e-08
17,2-back,F3,29,3.473610780060703e-08
17,2-back,F3,30,9.096547141814276e-09
17,2-back,F3,31,4.8998053009201544e-08
17,2-back,F3,32,2.8555731623369766e-08
17,2-back,F3,33,2.455823488552711e-08
17,2-back,F3,34,8.281363140011016e-08
17,2-back,F3,35,3.425413475630078e-08
17,2-back,F3,36,3.910052950784244e-08
17,2-back,F3,37,1.98770413193723e-08
17,2-back,F3,38,3.604092555668152e-08
17,2-back,F3,39,4.121110708602062e-08
17,2-back,F3,40,5.4032083764629175e-08
17,2-back,F3,41,3.435830126658954e-08
17,2-back,F3,42,3.676007778074482e-08
17,2-back,F3,43,4.3917678515968485e-08
17,2-back,F3,44,3.9060275200305556e-08
17,2-back,F3,45,2.934420537483903e-08
17,2-back,F3,46,5.757832070771377e-08
17,2-back,F3,47,6.063347204022315e-08
17,2-back,F3,48,6.361636305737568e-08
17,2-back,F3,49,3.059331633702912e-08
17,2-back,F3,50,1.3354563256945994e-08
17,2-back,F3,51,4.680767977857321e-08
17,2-back,F3,52,1.9610996059929614e-08
17,2-back,F3,53,3.8699740163064654e-08
17,2-back,F3,54,2.634905027298193e-08
17,2-back,F3,55,3.75658199318955e-08
17,2-back,F3,56,4.272930560335792e-08
17,2-back,F3,57,4.696252748123209e-08
17,2-back,F3,58,1.6251334599131042e-08
17,2-back,F3,59,4.9810979745600294e-08
17,2-back,F3,60,4.794064590509684e-08
17,2-back,F3,61,2.2395236179039245e-08
17,2-back,F3,62,3.758478053681433e-08
17,2-back,F3,63,5.26664324948262e-08
17,2-back,F3,64,3.566279644658875e-08
17,2-back,F3,65,7.002117485405437e-08
17,2-back,F4,1,3.092450611613267e-08
17,2-back,F4,2,4.730571457132619e-08
17,2-back,F4,3,3.803402076947177e-08
17,2-back,F4,4,6.193522626084249e-08
17,2-back,F4,5,3.931399741832721e-08
17,2-back,F4,6,4.6049942119791555e-08
17,2-back,F4,7,5.418800056607532e-08
17,2-back,F4,8,1.858991029194218e-08
17,2-back,F4,9,3.006199191626826e-08
17,2-back,F4,10,2.5457396097283013e-08
17,2-back,F4,11,4.628355341137991e-08
17,2-back,F4,12,4.702779069987995e-08
17,2-back,F4,13,5.500019176695401e-08
17,2-back,F4,14,3.617576012403547e-08
17,2-back,F4,15,5.0521415724171344e-08
17,2-back,F4,16,3.7075782052707324e-08
17,2-back,F4,17,3.8604771674618653e-08
17,2-back,F4,18,1.0635657867847276e-07
17,2-back,F4,19,4.6881916587927483e-08
17,2-back,F4,20,4.2349660999064564e-08
17,2-back,F4,21,5.46966189596319e-08
17,2-back,F4,22,5.374452207968487e-08
17,2-back,F4,23,4.802994980251905e-08
17,2-back,F4,24,3.628512558291466e-08
17,2-back,F4,25,6.383282828522523e-08
17,2-back,F4,26,8.049855661082605e-08
17,2-back,F4,27,2.8471653074161328e-08
17,2-back,F4,28,4.000078668001035e-08
17,2-back,F4,29,3.643082753597327e-08
17,2-back,F4,30,2.379619179532372e-08
17,2-back,F4,31,4.564495035380522e-08
17,2-back,F4,32,3.2503622642057945e-08
17,2-back,F4,33,2.3903217217700383e-08
17,2-back,F4,34,6.842920814418091e-08
17,2-back,F4,35,2.8268792660719878e-08
17,2-back,F4,36,3.567797075210525e-08
17,2-back,F4,37,2.2621313146054776e-08
17,2-back,F4,38,4.04073742304541e-08
17,2-back,F4,39,4.4144263342132254e-08
17,2-back,F4,40,4.8148058162539773e-08
17,2-back,F4,41,5.4479161912094384e-08
17,2-back,F4,42,2.337887742209574e-08
17,2-back,F4,43,5.0839710003357325e-08
17,2-back,F4,44,3.52248237220669e-08
17,2-back,F4,45,2.874992973718025e-08
17,2-back,F4,46,3.3188373493298246e-08
17,2-back,F4,47,6.903647365990747e-08
17,2-back,F4,48,7.800581933263267e-08
17,2-back,F4,49,6.430976526377688e-08
17,2-back,F4,50,2.8891361890202477e-08
17,2-back,F4,51,3.5556392642409994e-08
17,2-back,F4,52,1.510746400631538e-08
17,2-back,F4,53,4.424019348039337e-08
17,2-back,F4,54,4.711209869728794e-08
17,2-back,F4,55,2.5908105588096917e-08
17,2-back,F4,56,4.759503395439908e-08
17,2-back,F4,57,5.5620227133956614e-08
17,2-back,F4,58,2.0158231063336556e-08
17,2-back,F4,59,5.434534598206492e-08
17,2-back,F4,60,4.287204829881319e-08
17,2-back,F4,61,2.8072281941938957e-08
17,2-back,F4,62,2.914261157528229e-08
17,2-back,F4,63,6.340487461770317e-08
17,2-back,F4,64,4.4471356737637275e-08
17,2-back,F4,65,6.426281994827594e-08
17,2-back,F7,1,4.1232757424624057e-08
17,2-back,F7,2,9.644017231966287e-08
17,2-back,F7,3,7.233000275104901e-08
17,2-back,F7,4,4.78449203035974e-08
17,2-back,F7,5,6.453535611199459e-08
17,2-back,F7,6,5.170812601038381e-08
17,2-back,F7,7,2.3674866618548777e-08
17,2-back,F7,8,2.022193043940941e-08
17,2-back,F7,9,1.752560076341503e-07
17,2-back,F7,10,1.4045156140710197e-07
17,2-back,F7,11,8.89207945257043e-08
17,2-back,F7,12,3.16733505232376e-08
17,2-back,F7,13,3.506922974743622e-08
17,2-back,F7,14,4.5158549367141845e-08
17,2-back,F7,15,5.335866921078701e-08
17,2-back,F7,16,9.473502969457093e-08
17,2-back,F7,17,2.7336352106401626e-08
17,2-back,F7,18,8.84783849679294e-08
17,2-back,F7,19,2.4696733769475736e-07
17,2-back,F7,20,5.854957081861027e-08
17,2-back,F7,21,6.273233866360063e-08
17,2-back,F7,22,6.995967812303795e-08
17,2-back,F7,23,6.306568008403477e-08
17,2-back,F7,24,1.0869696619841709e-07
17,2-back,F7,25,4.5966435901786996e-08
17,2-back,F7,26,8.306974411798984e-08
17,2-back,F7,27,7.279726105440954e-08
17,2-back,F7,28,1.3684950884386766e-07
17,2-back,F7,29,7.710818586995031e-08
17,2-back,F7,30,9.074290827683357e-08
17,2-back,F7,31,1.2524404903334096e-07
17,2-back,F7,32,2.0949880567771184e-08
17,2-back,F7,33,3.535445692829992e-08
17,2-back,F7,34,4.909773472035889e-08
17,2-back,F7,35,3.706262762358696e-08
17,2-back,F7,36,3.074238188043245e-08
17,2-back,F7,37,2.3387524338306618e-08
17,2-back,F7,38,5.3070280004975446e-08
17,2-back,F7,39,6.240070571036564e-08
17,2-back,F7,40,1.0271343520039144e-07
17,2-back,F7,41,1.2955161994099374e-07
17,2-back,F7,42,7.950914718314825e-08
17,2-back,F7,43,2.5242062057866745e-07
17,2-back,F7,44,5.2961091977004594e-08
17,2-back,F7,45,2.5929778735891154e-08
17,2-back,F7,46,7.74846911261317e-08
17,2-back,F7,47,7.609810717206964e-08
17,2-back,F7,48,6.817389338041578e-08
17,2-back,F7,49,2.7374031943091725e-08
17,2-back,F7,50,5.548382167903979e-08
17,2-back,F7,51,2.1800869427123594e-07
17,2-back,F7,52,6.042565857707188e-08
17,2-back,F7,53,5.6026462047300725e-08
17,2-back,F7,54,8.808486798118677e-08
17,2-back,F7,55,6.02430651927876e-08
17,2-back,F7,56,1.1247801860100448e-07
17,2-back,F7,57,2.8853819002834748e-08
17,2-back,F7,58,3.582753478186158e-08
17,2-back,F7,59,3.873254317694168e-08
17,2-back,F7,60,5.247966103987325e-08
17,2-back,F7,61,6.09201957033225e-08
17,2-back,F7,62,4.2365841353372884e-08
17,2-back,F7,63,6.66092385279685e-08
17,2-back,F7,64,3.390232330917561e-08
17,2-back,F7,65,6.15358924771909e-08
17,2-back,F8,1,3.45744146094975e-08
17,2-back,F8,2,5.250052657612888e-08
17,2-back,F8,3,3.524926802428092e-08
17,2-back,F8,4,3.287033523234978e-08
17,2-back,F8,5,4.104326952684095e-08
17,2-back,F8,6,2.6047582181605504e-08
17,2-back,F8,7,3.873176668226693e-08
17,2-back,F8,8,1.6819273612122826e-08
17,2-back,F8,9,3.583753346597799e-08
17,2-back,F8,10,2.0489387106166726e-08
17,2-back,F8,11,3.774704512099328e-08
17,2-back,F8,12,3.2188629964205723e-08
17,2-back,F8,13,3.166148122519352e-08
17,2-back,F8,14,3.694777332086904e-08
17,2-back,F8,15,3.250039098479091e-08
17,2-back,F8,16,3.016208407913234e-08
17,2-back,F8,17,3.461088922779383e-08
17,2-back,F8,18,7.686309998725621e-08
17,2-back,F8,19,3.500625397623651e-08
17,2-back,F8,20,7.517525238296441e-08
17,2-back,F8,21,5.770482595325412e-08
17,2-back,F8,22,4.400800145981632e-08
17,2-back,F8,23,5.7934345051472586e-08
17,2-back,F8,24,2.778584147980092e-08
17,2-back,F8,25,3.222814944066647e-08
17,2-back,F8,26,5.2621910194093124e-08
17,2-back,F8,27,3.3926044545982154e-08
17,2-back,F8,28,4.498186407353646e-08
17,2-back,F8,29,3.7199953107890786e-08
17,2-back,F8,30,1.8802222853591215e-08
17,2-back,F8,31,3.531920318044155e-08
17,2-back,F8,32,2.5447092884976502e-08
17,2-back,F8,33,2.3558709972250912e-08
17,2-back,F8,34,5.2745420589495605e-08
17,2-back,F8,35,2.2624172584769802e-08
17,2-back,F8,36,2.139974410679977e-08
17,2-back,F8,37,1.723386501270625e-08
17,2-back,F8,38,3.5952309160323504e-08
17,2-back,F8,39,3.114799618029085e-08
17,2-back,F8,40,2.5183273753406907e-08
17,2-back,F8,41,7.271330747937303e-08
17,2-back,F8,42,2.3418265871611445e-08
17,2-back,F8,43,3.8421380003082306e-08
17,2-back,F8,44,3.8442958027799756e-08
17,2-back,F8,45,3.263344160918494e-08
17,2-back,F8,46,2.9716821401411547e-08
17,2-back,F8,47,5.753364848537415e-08
17,2-back,F8,48,4.1634038334774645e-08
17,2-back,F8,49,3.986360428164643e-08
17,2-back,F8,50,2.058970946633862e-08
17,2-back,F8,51,5.2603823100508995e-08
17,2-back,F8,52,1.4564462933740357e-08
17,2-back,F8,53,5.324262461885886e-08
17,2-back,F8,54,2.420407482426385e-08
17,2-back,F8,55,2.1609640152454023e-08
17,2-back,F8,56,3.238479592256709e-08
17,2-back,F8,57,3.302867933633916e-08
17,2-back,F8,58,1.7316411162392203e-08
17,2-back,F8,59,4.2554517621398426e-08
17,2-back,F8,60,2.9586545588467163e-08
17,2-back,F8,61,5.561843053921679e-08
17,2-back,F8,62,3.453939058576035e-08
17,2-back,F8,63,4.459017256816811e-08
17,2-back,F8,64,3.662380927884235e-08
17,2-back,F8,65,4.262184679427089e-08
17,2-back,Fz,1,3.4464059269946177e-08
17,2-back,Fz,2,6.553418499953618e-08
17,2-back,Fz,3,5.8895724374329196e-08
17,2-back,Fz,4,9.219348740453811e-08
17,2-back,Fz,5,3.443219787290315e-08
17,2-back,Fz,6,4.331556284163645e-08
17,2-back,Fz,7,8.467160307818229e-08
17,2-back,Fz,8,4.3591225021709394e-08
17,2-back,Fz,9,3.193050011834584e-08
17,2-back,Fz,10,4.322220971962838e-08
17,2-back,Fz,11,5.736534631991861e-08
17,2-back,Fz,12,5.511947378704569e-08
17,2-back,Fz,13,5.586574043548548e-08
17,2-back,Fz,14,4.5567050867884175e-08
17,2-back,Fz,15,7.087507509947036e-08
17,2-back,Fz,16,4.358412947711127e-08
17,2-back,Fz,17,2.5621711249266943e-08
17,2-back,Fz,18,1.3591114422582086e-07
17,2-back,Fz,19,5.528683791538721e-08
17,2-back,Fz,20,4.724451828064143e-08
17,2-back,Fz,21,7.007721387579783e-08
17,2-back,Fz,22,6.795001489607559e-08
17,2-back,Fz,23,5.350263708586178e-08
17,2-back,Fz,24,4.2874083270545474e-08
17,2-back,Fz,25,9.662903065125007e-08
17,2-back,Fz,26,7.701165811785219e-08
17,2-back,Fz,27,4.482367521063396e-08
17,2-back,Fz,28,6.290089404475098e-08
17,2-back,Fz,29,3.9540077821138565e-08
17,2-back,Fz,30,2.222888353452309e-08
17,2-back,Fz,31,6.202153854321727e-08
17,2-back,Fz,32,3.7665185505795503e-08
17,2-back,Fz,33,4.173906794159754e-08
17,2-back,Fz,34,1.0660633706734793e-07
17,2-back,Fz,35,4.136056773977324e-08
17,2-back,Fz,36,4.4761162003139546e-08
17,2-back,Fz,37,4.058315528095982e-08
17,2-back,Fz,38,3.671838692832884e-08
17,2-back,Fz,39,5.012011750121547e-08
17,2-back,Fz,40,6.677717079705431e-08
17,2-back,Fz,41,4.811748568296469e-08
17,2-back,Fz,42,2.8913326725931337e-08
17,2-back,Fz,43,4.806722704592532e-08
17,2-back,Fz,44,4.616997462670325e-08
17,2-back,Fz,45,2.5005665116615097e-08
17,2-back,Fz,46,5.315263442299942e-08
17,2-back,Fz,47,8.391050727577247e-08
17,2-back,Fz,48,8.232844665070666e-08
17,2-back,Fz,49,4.986294671294883e-08
17,2-back,Fz,50,2.015029468398498e-08
17,2-back,Fz,51,4.3517203746974726e-08
17,2-back,Fz,52,1.7832991295371806e-08
17,2-back,Fz,53,3.953854353283022e-08
17,2-back,Fz,54,3.6862356315532436e-08
17,2-back,Fz,55,3.4201063766994944e-08
17,2-back,Fz,56,4.739151028178785e-08
17,2-back,Fz,57,5.206331128460692e-08
17,2-back,Fz,58,2.328689264267954e-08
17,2-back,Fz,59,5.093818190259464e-08
17,2-back,Fz,60,6.075934077464904e-08
17,2-back,Fz,61,2.6161560194715254e-08
17,2-back,Fz,62,3.743684201568994e-08
17,2-back,Fz,63,5.973825234050546e-08
17,2-back,Fz,64,4.978245241204946e-08
17,2-back,Fz,65,7.587124436333273e-08
17,3-back,F3,1,8.002566799034587e-08
17,3-back,F3,2,4.106655300067715e-08
17,3-back,F3,3,3.350968186224189e-08
17,3-back,F3,4,4.402311438734627e-08
17,3-back,F3,5,1.9073538333671974e-08
17,3-back,F3,6,2.504140680754137e-08
17,3-back,F3,7,5.797112353417914e-08
17,3-back,F3,8,3.3616863484097e-08
17,3-back,F3,9,4.6355550823013585e-08
17,3-back,F3,10,4.5854584716286016e-08
17,3-back,F3,11,2.744940040668088e-08
17,3-back,F3,12,2.9124076793506187e-08
17,3-back,F3,13,1.0254272948082137e-07
17,3-back,F3,14,1.1299880592120902e-07
17,3-back,F3,15,5.034252319554787e-08
17,3-back,F3,16,5.4524950178298686e-08
17,3-back,F3,17,4.044562771517672e-08
17,3-back,F3,18,3.4236538435406496e-08
17,3-back,F3,19,4.9464193333537564e-08
17,3-back,F3,20,7.003542054777676e-08
17,3-back,F3,21,8.5312422443554e-08
17,3-back,F3,22,7.952758638242086e-08
17,3-back,F3,23,2.655687152473194e-08
17,3-back,F3,24,3.338285317682617e-08
17,3-back,F3,25,5.8904567896615485e-08
17,3-back,F3,26,5.837181245222063e-08
17,3-back,F3,27,5.001420781492936e-08
17,3-back,F3,28,4.576502506499364e-08
17,3-back,F3,29,1.0380063580673648e-08
17,3-back,F3,30,3.594499262211302e-08
17,3-back,F3,31,3.13521732167183e-08
17,3-back,F3,32,1.8783363745297418e-08
17,3-back,F3,33,5.000508583436195e-08
17,3-back,F3,34,3.6718743610408484e-08
17,3-back,F3,35,2.7079061404604448e-08
17,3-back,F3,36,5.105215696905957e-08
17,3-back,F3,37,4.119631163687641e-08
17,3-back,F3,38,3.261815122137164e-08
17,3-back,F3,39,4.817674484636029e-08
17,3-back,F3,40,2.6754854568058404e-08
17,3-back,F3,41,4.2578585308940845e-08
17,3-back,F3,42,5.856847612598901e-08
17,3-back,F3,43,3.114267353930876e-08
17,3-back,F3,44,4.5444997308274375e-08
17,3-back,F3,45,4.004093166797243e-08
17,3-back,F3,46,4.656627511613775e-08
17,3-back,F3,47,4.385626042141272e-08
17,3-back,F3,48,2.0796649182368994e-08
17,3-back,F3,49,1.94760031732266e-08
17,3-back,F3,50,3.7523136940566906e-08
17,3-back,F3,51,2.8431777191869613e-08
17,3-back,F3,52,2.488278856468199e-08
17,3-back,F3,53,3.2516789983654354e-08
17,3-back,F3,54,5.67006974675478e-08
17,3-back,F3,55,6.734761311166082e-08
17,3-back,F3,56,3.984104973171582e-08
17,3-back,F3,57,4.779232204367587e-08
17,3-back,F3,58,4.621712474177753e-08
17,3-back,F3,59,3.570814015339917e-08
17,3-back,F3,60,3.2015074017954395e-08
17,3-back,F3,61,3.366886554777788e-08
17,3-back,F4,1,6.546621578342522e-08
17,3-back,F4,2,5.3530185825011626e-08
17,3-back,F4,3,4.561822394191188e-08
17,3-back,F4,4,4.9916278082739824e-08
17,3-back,F4,5,2.6372849859882836e-08
17,3-back,F4,6,2.2688957222891047e-08
17,3-back,F4,7,4.51046831102937e-08
17,3-back,F4,8,3.0952946757491005e-08
17,3-back,F4,9,5.4337468765869386e-08
17,3-back,F4,10,4.571566972160366e-08
17,3-back,F4,11,3.977387311838768e-08
17,3-back,F4,12,3.143823764592808e-08
17,3-back,F4,13,9.648289958889744e-08
17,3-back,F4,14,6.391397090913806e-08
17,3-back,F4,15,2.9652497055839677e-08
17,3-back,F4,16,2.5701239805356765e-08
17,3-back,F4,17,2.7480250764174185e-08
17,3-back,F4,18,3.1368776267222744e-08
17,3-back,F4,19,5.2885370769375424e-08
17,3-back,F4,20,5.095123378342179e-08
17,3-back,F4,21,8.200461417704139e-08
17,3-back,F4,22,5.34210524727526e-08
17,3-back,F4,23,4.526231095622592e-08
17,3-back,F4,24,2.3380704709154192e-08
17,3-back,F4,25,4.837804231873685e-08
17,3-back,F4,26,4.2497109034327676e-08
17,3-back,F4,27,4.875123954534708e-08
17,3-back,F4,28,3.81215668289741e-08
17,3-back,F4,29,2.2848573483892153e-08
17,3-back,F4,30,2.476524159786784e-08
17,3-back,F4,31,3.8568814668141316e-08
17,3-back,F4,32,2.8265921209030084e-08
17,3-back,F4,33,5.814007645840848e-08
17,3-back,F4,34,3.8389267360348114e-08
17,3-back,F4,35,3.134793499046228e-08
17,3-back,F4,36,6.80419274885778e-08
17,3-back,F4,37,3.6442520723716355e-08
17,3-back,F4,38,3.441523113328148e-08
17,3-back,F4,39,3.920861791845145e-08
17,3-back,F4,40,1.9163330204816594e-08
17,3-back,F4,41,4.490296107226201e-08
17,3-back,F4,42,5.1913057817134826e-08
17,3-back,F4,43,3.760688032690506e-08
17,3-back,F4,44,4.269135619850968e-08
17,3-back,F4,45,4.2521260729286835e-08
17,3-back,F4,46,3.39887248198207e-08
17,3-back,F4,47,4.816079281848977e-08
17,3-back,F4,48,3.209757484664795e-08
17,3-back,F4,49,2.475059290582728e-08
17,3-back,F4,50,2.5006525900623006e-08
17,3-back,F4,51,3.848151938004571e-08
17,3-back,F4,52,2.1263446090239714e-08
17,3-back,F4,53,3.3166900949100295e-08
17,3-back,F4,54,3.175726393423868e-08
17,3-back,F4,55,4.6698332461321214e-08
17,3-back,F4,56,3.936363533528943e-08
17,3-back,F4,57,3.99760820244144e-08
17,3-back,F4,58,5.122750366220162e-08
17,3-back,F4,59,3.9764378621273196e-08
17,3-back,F4,60,4.4757175510358e-08
17,3-back,F4,61,3.0641543039847e-08
17,3-back,F7,1,8.323323879348119e-08
17,3-back,F7,2,6.155447714445975e-08
17,3-back,F7,3,5.2472975474534126e-08
17,3-back,F7,4,1.0552621948693943e-07
17,3-back,F7,5,4.051839062137874e-08
17,3-back,F7,6,4.0091030895154564e-08
17,3-back,F7,7,5.428951198888658e-08
17,3-back,F7,8,3.9033159261207515e-08
17,3-back,F7,9,6.021404301162109e-08
17,3-back,F7,10,6.202590239211578e-08
17,3-back,F7,11,2.1841581866705175e-08
17,3-back,F7,12,3.4823753590416314e-08
17,3-back,F7,13,8.979307285258441e-08
17,3-back,F7,14,7.283622761784397e-08
17,3-back,F7,15,3.085180835089328e-08
17,3-back,F7,16,3.29207034805758e-08
17,3-back,F7,17,2.4058319831718713e-08
17,3-back,F7,18,2.3672826465638827e-08
17,3-back,F7,19,6.382179094042542e-08
17,3-back,F7,20,6.2696248996531e-08
17,3-back,F7,21,7.707886827739504e-08
17,3-back,F7,22,5.479600973804029e-08
17,3-back,F7,23,3.1545236462530465e-08
17,3-back,F7,24,3.3032375322447574e-08
17,3-back,F7,25,9.104509534253866e-07
17,3-back,F7,26,1.0696029297419168e-07
17,3-back,F7,27,1.4987779004418608e-07
17,3-back,F7,28,1.126779476239096e-06
17,3-back,F7,29,6.500197095729344e-08
17,3-back,F7,30,8.375871122079053e-08
17,3-back,F7,31,5.077055589118595e-08
17,3-back,F7,32,9.071919526796501e-08
17,3-back,F7,33,6.738267072855381e-08
17,3-back,F7,34,4.902104822617286e-08
17,3-back,F7,35,4.24431915820392e-08
17,3-back,F7,36,5.861010096653071e-08
17,3-back,F7,37,4.624444913994357e-08
17,3-back,F7,38,1.5096879413015302e-07
17,3-back,F7,39,6.525710775852292e-08
17,3-back,F7,40,5.733217448211197e-08
17,3-back,F7,41,4.992870994431465e-08
17,3-back,F7,42,5.7009714499796026e-08
17,3-back,F7,43,3.8621679510551756e-08
17,3-back,F7,44,4.903600512128467e-08
17,3-back,F7,45,5.4804714679967955e-08
17,3-back,F7,46,5.8357393683110745e-08
17,3-back,F7,47,3.571107966482331e-08
17,3-back,F7,48,3.272934645527056e-08
17,3-back,F7,49,4.230710366688114e-08
17,3-back,F7,50,3.259152056028359e-08
17,3-back,F7,51,4.564468307022717e-08
17,3-back,F7,52,6.865564368042998e-08
17,3-back,F7,53,3.366989562761942e-08
17,3-back,F7,54,3.956963138472619e-08
17,3-back,F7,55,8.572164852828342e-08
17,3-back,F7,56,1.384493324546916e-07
17,3-back,F7,57,9.277300208105916e-08
17,3-back,F7,58,2.9805486441451983e-07
17,3-back,F7,59,1.437488725911499e-07
17,3-back,F7,60,9.507804868974172e-08
17,3-back,F7,61,1.7801069378794347e-07
17,3-back,F8,1,6.61339806195775e-08
17,3-back,F8,2,3.364446390539875e-08
17,3-back,F8,3,3.739766608617326e-08
17,3-back,F8,4,4.015762709197072e-08
17,3-back,F8,5,2.2939995663096286e-08
17,3-back,F8,6,2.9572881526246676e-08
17,3-back,F8,7,5.62865573356751e-08
17,3-back,F8,8,3.2861587230055026e-08
17,3-back,F8,9,5.13758492556314e-08
17,3-back,F8,10,4.227156901165825e-08
17,3-back,F8,11,3.202541053704195e-08
17,3-back,F8,12,3.475269118748672e-08
17,3-back,F8,13,5.942929705328294e-08
17,3-back,F8,14,4.6626400920108655e-08
17,3-back,F8,15,2.0529215162982636e-08
17,3-back,F8,16,2.182086023782234e-08
17,3-back,F8,17,1.1776131426868781e-08
17,3-back,F8,18,2.6121634569309045e-08
17,3-back,F8,19,5.997338022317651e-08
17,3-back,F8,20,4.6085563363989026e-08
17,3-back,F8,21,7.11689109849638e-08
17,3-back,F8,22,3.5062208386427866e-08
17,3-back,F8,23,4.3972369865185975e-08
17,3-back,F8,24,2.997486035669462e-08
17,3-back,F8,25,9.894990774640345e-08
17,3-back,F8,26,3.06873416389399e-08
17,3-back,F8,27,3.232519766741233e-08
17,3-back,F8,28,9.16249988956563e-08
17,3-back,F8,29,3.542504649616796e-08
17,3-back,F8,30,4.056558400075306e-08
17,3-back,F8,31,3.623968508249579e-08
17,3-back,F8,32,6.057640587597152e-08
17,3-back,F8,33,5.8344391257302125e-08
17,3-back,F8,34,3.490283379084732e-08
17,3-back,F8,35,4.5354287792126656e-08
17,3-back,F8,36,5.6187331174314743e-08
17,3-back,F8,37,2.3198457172924884e-08
17,3-back,F8,38,4.309838233118696e-08
17,3-back,F8,39,4.233604515119593e-08
17,3-back,F8,40,2.3397069675591427e-08
17,3-back,F8,41,3.544058994019835e-08
17,3-back,F8,42,4.614884007527002e-08
17,3-back,F8,43,3.3109067602543055e-08
17,3-back,F8,44,3.486910954091259e-08
17,3-back,F8,45,4.0974299123240554e-08
17,3-back,F8,46,4.153997980209502e-08
17,3-back,F8,47,4.7340052411067004e-08
17,3-back,F8,48,2.8212282076974356e-08
17,3-back,F8,49,2.4671289714912582e-08
17,3-back,F8,50,2.23846808598335e-08
17,3-back,F8,51,3.219031083764579e-08
17,3-back,F8,52,2.8598643060460946e-08
17,3-back,F8,53,3.939357915563994e-08
17,3-back,F8,54,4.958855392606389e-08
17,3-back,F8,55,5.4714834588585656e-08
17,3-back,F8,56,9.723404785806232e-08
17,3-back,F8,57,3.810121218242181e-08
17,3-back,F8,58,6.942201516254111e-08
17,3-back,F8,59,8.999433698963564e-08
17,3-back,F8,60,7.259580386033172e-08
17,3-back,F8,61,5.471677539398032e-08
17,3-back,Fz,1,8.489499936039311e-08
17,3-back,Fz,2,5.108910926146717e-08
17,3-back,Fz,3,4.784204225459144e-08
17,3-back,Fz,4,4.844393091960155e-08
17,3-back,Fz,5,2.477871346546618e-08
17,3-back,Fz,6,2.147711425576748e-08
17,3-back,Fz,7,5.5515864958846447e-08
17,3-back,Fz,8,2.9553457090048466e-08
17,3-back,Fz,9,5.421689402795149e-08
17,3-back,Fz,10,4.8041755300438866e-08
17,3-back,Fz,11,4.867364403326153e-08
17,3-back,Fz,12,3.4682079000642224e-08
17,3-back,Fz,13,1.0246637002911253e-07
17,3-back,Fz,14,9.654585660995457e-08
17,3-back,Fz,15,6.881584116241735e-08
17,3-back,Fz,16,4.492436639209389e-08
17,3-back,Fz,17,4.375746843261648e-08
17,3-back,Fz,18,3.495191956892571e-08
17,3-back,Fz,19,5.308519044495199e-08
17,3-back,Fz,20,7.77960314696186e-08
17,3-back,Fz,21,9.399428195128979e-08
17,3-back,Fz,22,7.285286534768968e-08
17,3-back,Fz,23,3.9341455034785014e-08
17,3-back,Fz,24,3.2294560919914174e-08
17,3-back,Fz,25,6.547618386386188e-08
17,3-back,Fz,26,5.642618787148788e-08
17,3-back,Fz,27,4.976371862999166e-08
17,3-back,Fz,28,4.611401511551713e-08
17,3-back,Fz,29,2.4522257448069767e-08
17,3-back,Fz,30,3.1216935523776643e-08
17,3-back,Fz,31,3.483902093984037e-08
17,3-back,Fz,32,2.391750159740693e-08
17,3-back,Fz,33,5.368750083427735e-08
17,3-back,Fz,34,4.109883008920797e-08
17,3-back,Fz,35,3.4775518224055665e-08
17,3-back,Fz,36,7.699534933424914e-08
17,3-back,Fz,37,4.033716902436433e-08
17,3-back,Fz,38,3.846190448391762e-08
17,3-back,Fz,39,5.358875163889913e-08
17,3-back,Fz,40,2.4644509613902695e-08
17,3-back,Fz,41,5.097700605401585e-08
17,3-back,Fz,42,5.6690313691653466e-08
17,3-back,Fz,43,3.9696496616251654e-08
17,3-back,Fz,44,5.39553922244658e-08
17,3-back,Fz,45,4.3757924111698926e-08
17,3-back,Fz,46,4.375458103114226e-08
17,3-back,Fz,47,4.907400872741973e-08
17,3-back,Fz,48,2.8180801639921866e-08
17,3-back,Fz,49,1.8455019260756107e-08
17,3-back,Fz,50,2.624328084243868e-08
17,3-back,Fz,51,2.71984801667853e-08
17,3-back,Fz,52,1.9935524729767963e-08
17,3-back,Fz,53,3.894189438031235e-08
17,3-back,Fz,54,4.8850705872173395e-08
17,3-back,Fz,55,7.740159092710067e-08
17,3-back,Fz,56,3.138962429691172e-08
17,3-back,Fz,57,5.1494307197697595e-08
17,3-back,Fz,58,5.243377945258995e-08
17,3-back,Fz,59,3.933545838429171e-08
17,3-back,Fz,60,4.2873772894340344e-08
17,3-back,Fz,61,3.283712648012826e-08
17,4-back,F3,1,3.6898313000358534e-08
17,4-back,F3,2,3.663389008414688e-08
17,4-back,F3,3,5.956068283015204e-08
17,4-back,F3,4,2.766810059634277e-08
17,4-back,F3,5,2.5735564619613475e-08
17,4-back,F3,6,3.96710379509818e-08
17,4-back,F3,7,2.990911099383074e-08
17,4-back,F3,8,3.471820764724895e-08
17,4-back,F3,9,3.514297094857646e-08
17,4-back,F3,10,3.324396525647679e-08
17,4-back,F3,11,2.007502634173572e-08
17,4-back,F3,12,4.792024017898999e-08
17,4-back,F3,13,4.012468771601954e-08
17,4-back,F3,14,3.991413687352873e-08
17,4-back,F3,15,3.0109287329879037e-08
17,4-back,F3,16,4.262330264561964e-08
17,4-back,F3,17,5.6613765590910964e-08
17,4-back,F3,18,2.6074479426455982e-08
17,4-back,F3,19,2.369363571361547e-08
17,4-back,F3,20,2.0826530136594274e-08
17,4-back,F3,21,4.679229248719152e-08
17,4-back,F3,22,7.549387284266072e-08
17,4-back,F3,23,2.898739925488258e-08
17,4-back,F3,24,2.8446670240609645e-08
17,4-back,F3,25,2.842448189153784e-08
17,4-back,F3,26,3.0576668507085224e-08
17,4-back,F3,27,2.8559406433670203e-08
17,4-back,F3,28,3.456947523028981e-08
17,4-back,F3,29,4.6472112807133967e-08
17,4-back,F3,30,4.2540994232109965e-08
17,4-back,F3,31,4.680372492837421e-08
17,4-back,F3,32,3.3684232260467866e-08
17,4-back,F3,33,6.779675721719083e-08
17,4-back,F3,34,4.283458191175697e-08
17,4-back,F3,35,4.054230304174726e-08
17,4-back,F3,36,2.6269944570866423e-08
17,4-back,F3,37,2.5406990494023417e-08
17,4-back,F3,38,3.416550662216874e-08
17,4-back,F3,39,3.538175286435772e-08
17,4-back,F3,40,4.4747565648556745e-08
17,4-back,F3,41,5.714741538371372e-08
17,4-back,F3,42,8.027892001739552e-08
17,4-back,F3,43,2.9592566888393777e-08
17,4-back,F3,44,2.2501377384823557e-08
17,4-back,F3,45,3.5835170893547005e-08
17,4-back,F3,46,2.942559950496947e-08
17,4-back,F3,47,4.796793424804318e-08
17,4-back,F3,48,3.435819145040732e-08
17,4-back,F3,49,3.761145308863827e-08
17,4-back,F3,50,9.690063360596829e-08
17,4-back,F3,51,2.432283433493824e-08
17,4-back,F3,52,2.81322716329579e-08
17,4-back,F3,53,3.602252824321737e-08
17,4-back,F3,54,1.940314016545934e-08
17,4-back,F3,55,3.400439789484243e-08
17,4-back,F3,56,2.1301435503503902e-08
17,4-back,F3,57,5.32850177336266e-08
17,4-back,F3,58,4.176912146153878e-08
17,4-back,F3,59,6.925905624548602e-08
17,4-back,F3,60,4.394576961954965e-08
17,4-back,F3,61,5.0956789445095915e-08
17,4-back,F3,62,4.2844615748490786e-08
17,4-back,F4,1,2.5711647714454684e-08
17,4-back,F4,2,4.260013716408369e-08
17,4-back,F4,3,4.194895018801017e-08
17,4-back,F4,4,3.9470207972037956e-08
17,4-back,F4,5,3.1379175605375836e-08
17,4-back,F4,6,3.3001416382275855e-08
17,4-back,F4,7,2.684618372538931e-08
17,4-back,F4,8,2.5665234175624612e-08
17,4-back,F4,9,3.809044137733209e-08
17,4-back,F4,10,4.2102795243088226e-08
17,4-back,F4,11,2.610638090434806e-08
17,4-back,F4,12,3.746210823642228e-08
17,4-back,F4,13,3.001066428747508e-08
17,4-back,F4,14,3.630644404553055e-08
17,4-back,F4,15,1.9965458171498116e-08
17,4-back,F4,16,3.76916529975134e-08
17,4-back,F4,17,4.948528480330025e-08
17,4-back,F4,18,1.5153181831122328e-08
17,4-back,F4,19,2.885512194732906e-08
17,4-back,F4,20,2.6283635433816942e-08
17,4-back,F4,21,5.104421713349812e-08
17,4-back,F4,22,6.187458456699289e-08
17,4-back,F4,23,2.6491161800067456e-08
17,4-back,F4,24,3.999556385921249e-08
17,4-back,F4,25,2.1797279644149498e-08
17,4-back,F4,26,3.431192379437641e-08
17,4-back,F4,27,2.4629055176172612e-08
17,4-back,F4,28,2.9274092128794103e-08
17,4-back,F4,29,3.347197058849205e-08
17,4-back,F4,30,2.8648949921547803e-08
17,4-back,F4,31,5.339170123674073e-08
17,4-back,F4,32,3.501354982109815e-08
17,4-back,F4,33,5.158966023992903e-08
17,4-back,F4,34,5.2499797049219204e-08
17,4-back,F4,35,5.3112993355935455e-08
17,4-back,F4,36,1.9419137953232238e-08
17,4-back,F4,37,2.283315374208059e-08
17,4-back,F4,38,3.547105343654013e-08
17,4-back,F4,39,2.963393907964105e-08
17,4-back,F4,40,3.7760555398264016e-08
17,4-back,F4,41,4.076528443348156e-08
17,4-back,F4,42,8.59523280111122e-08
17,4-back,F4,43,2.722621793909616e-08
17,4-back,F4,44,2.2174690889136625e-08
17,4-back,F4,45,5.644859073479619e-08
17,4-back,F4,46,3.748319283247399e-08
17,4-back,F4,47,3.58746736089404e-08
17,4-back,F4,48,2.6106484531626886e-08
17,4-back,F4,49,2.7545483853705987e-08
17,4-back,F4,50,7.619842476560019e-08
17,4-back,F4,51,2.7293403468494215e-08
17,4-back,F4,52,2.6027280838794885e-08
17,4-back,F4,53,3.479046463092875e-08
17,4-back,F4,54,4.3492851851027495e-08
17,4-back,F4,55,3.251809488186394e-08
17,4-back,F4,56,2.8582032959474226e-08
17,4-back,F4,57,4.754622794341069e-08
17,4-back,F4,58,4.4138040691591464e-08
17,4-back,F4,59,4.691736377206556e-08
17,4-back,F4,60,4.019516109253953e-08
17,4-back,F4,61,4.5599751356358416e-08
17,4-back,F4,62,3.96654377991454e-08
17,4-back,F7,1,1.464704209733214e-07
17,4-back,F7,2,1.4592075293800957e-06
17,4-back,F7,3,7.465923017370396e-06
17,4-back,F7,4,4.3176720709361703e-07
17,4-back,F7,5,8.718310861525444e-08
17,4-back,F7,6,1.5836151353137536e-06
17,4-back,F7,7,2.248155110567045e-05
17,4-back,F7,8,1.3931614478165296e-07
17,4-back,F7,9,2.0817432598880856e-07
17,4-back,F7,10,5.620405388424137e-07
17,4-back,F7,11,2.2827791367982314e-07
17,4-back,F7,12,3.993071782226203e-07
17,4-back,F7,13,3.283838623537424e-07
17,4-back,F7,14,9.587392384546766e-08
17,4-back,F7,15,1.6295980518211307e-07
17,4-back,F7,16,1.0110930309629187e-07
17,4-back,F7,17,1.240787457360507e-07
17,4-back,F7,18,6.606233457626028e-08
17,4-back,F7,19,1.020362446438476e-07
17,4-back,F7,20,1.3210604127027323e-07
17,4-back,F7,21,6.631499057341007e-08
17,4-back,F7,22,1.1207864700357617e-06
17,4-back,F7,23,1.4481210248361665e-07
17,4-back,F7,24,1.069251855939423e-07
17,4-back,F7,25,9.21438758963824e-08
17,4-back,F7,26,7.692846287818198e-08
17,4-back,F7,27,1.1196194334626103e-07
17,4-back,F7,28,2.0611093318027998e-07
17,4-back,F7,29,6.594224646218337e-07
17,4-back,F7,30,1.6773277585896096e-07
17,4-back,F7,31,5.3428434434648e-08
17,4-back,F7,32,1.497229441748068e-07
17,4-back,F7,33,3.6533891512669373e-07
17,4-back,F7,34,5.180702192343956e-07
17,4-back,F7,35,2.192553988859477e-07
17,4-back,F7,36,2.1367195922547304e-07
17,4-back,F7,37,7.359078928664605e-08
17,4-back,F7,38,8.521112747117763e-08
17,4-back,F7,39,8.275381605282145e-08
17,4-back,F7,40,4.293207812247111e-08
17,4-back,F7,41,7.250273576806924e-08
17,4-back,F7,42,7.897010782530764e-08
17,4-back,F7,43,5.0539365173828856e-08
17,4-back,F7,44,2.2031117278277284e-08
17,4-back,F7,45,6.131919816649847e-08
17,4-back,F7,46,5.371854288938441e-08
17,4-back,F7,47,6.16153670407265e-08
17,4-back,F7,48,3.1330582035032316e-07
17,4-back,F7,49,3.7801851673566644e-07
17,4-back,F7,50,8.736175342581242e-08
17,4-back,F7,51,1.546936399048187e-08
17,4-back,F7,52,8.821369579451236e-08
17,4-back,F7,53,6.67603484462156e-08
17,4-back,F7,54,3.9752940298327416e-07
17,4-back,F7,55,5.142022510184105e-08
17,4-back,F7,56,2.631920095619207e-08
17,4-back,F7,57,4.9042307728901416e-08
17,4-back,F7,58,3.987221678117356e-08
17,4-back,F7,59,5.057620957939205e-08
17,4-back,F7,60,3.8540592751561994e-08
17,4-back,F7,61,5.435025578461924e-08
17,4-back,F7,62,2.5712641756741615e-08
17,4-back,F8,1,2.1607161222120452e-08
17,4-back,F8,2,3.737811396267597e-08
17,4-back,F8,3,2.5212132942852415e-08
17,4-back,F8,4,2.7182093165721736e-08
17,4-back,F8,5,2.7082046769179408e-08
17,4-back,F8,6,3.303512598616467e-08
17,4-back,F8,7,1.6658137396835846e-08
17,4-back,F8,8,2.6280675140451183e-08
17,4-back,F8,9,2.8990325297772988e-08
17,4-back,F8,10,3.560020674277339e-08
17,4-back,F8,11,1.8991668298179035e-08
17,4-back,F8,12,3.923351646236569e-08
17,4-back,F8,13,2.631610215391475e-08
17,4-back,F8,14,4.047382374723037e-08
17,4-back,F8,15,1.23081624316496e-08
17,4-back,F8,16,3.3564360183045703e-08
17,4-back,F8,17,4.640167733302432e-08
17,4-back,F8,18,1.413186655821975e-08
17,4-back,F8,19,2.303688343408359e-08
17,4-back,F8,20,1.9653156047673136e-08
17,4-back,F8,21,4.996095686279427e-08
17,4-back,F8,22,4.836702476474726e-08
17,4-back,F8,23,2.168406854146871e-08
17,4-back,F8,24,2.078864392520107e-08
17,4-back,F8,25,1.7331230151432304e-08
17,4-back,F8,26,2.082713609227918e-08
17,4-back,F8,27,2.7337558746088412e-08
17,4-back,F8,28,3.882860202915712e-08
17,4-back,F8,29,2.9091165821309935e-08
17,4-back,F8,30,2.1811990359243895e-08
17,4-back,F8,31,4.235278101911495e-08
17,4-back,F8,32,3.211732680877582e-08
17,4-back,F8,33,4.473839672598946e-08
17,4-back,F8,34,6.26990215625639e-08
17,4-back,F8,35,3.9428883618075575e-08
17,4-back,F8,36,1.6823212477412137e-08
17,4-back,F8,37,2.4673689246140307e-08
17,4-back,F8,38,3.9653648834163796e-08
17,4-back,F8,39,2.673839526710192e-08
17,4-back,F8,40,2.3842570467861797e-08
17,4-back,F8,41,3.23913478950832e-08
17,4-back,F8,42,6.141814506789861e-08
17,4-back,F8,43,2.7524720341702905e-08
17,4-back,F8,44,1.5863850925008558e-08
17,4-back,F8,45,4.341221398734742e-08
17,4-back,F8,46,3.205313992918326e-08
17,4-back,F8,47,2.7930325820014413e-08
17,4-back,F8,48,3.013927209889528e-08
17,4-back,F8,49,2.205443272551797e-08
17,4-back,F8,50,6.822641329031874e-08
17,4-back,F8,51,2.0516464287162525e-08
17,4-back,F8,52,3.0588115276518746e-08
17,4-back,F8,53,2.7755838802482292e-08
17,4-back,F8,54,3.163203994094649e-08
17,4-back,F8,55,2.414144821263286e-08
17,4-back,F8,56,3.026811228517892e-08
17,4-back,F8,57,4.0699129958416864e-08
17,4-back,F8,58,3.791710883486457e-08
17,4-back,F8,59,2.8563098203500414e-08
17,4-back,F8,60,3.5304122246520425e-08
17,4-back,F8,61,2.304204176988048e-08
17,4-back,F8,62,2.3584887391590666e-08
17,4-back,Fz,1,2.9750253740390834e-08
17,4-back,Fz,2,5.182245314833645e-08
17,4-back,Fz,3,5.451616835739849e-08
17,4-back,Fz,4,4.596081000504651e-08
17,4-back,Fz,5,2.509427599880129e-08
17,4-back,Fz,6,3.633676810639386e-08
17,4-back,Fz,7,2.472427147564453e-08
17,4-back,Fz,8,3.199070122581651e-08
17,4-back,Fz,9,4.7160367851022864e-08
17,4-back,Fz,10,2.9298675723484757e-08
17,4-back,Fz,11,2.537511512510482e-08
17,4-back,Fz,12,4.692466344989181e-08
17,4-back,Fz,13,4.0085328077270114e-08
17,4-back,Fz,14,3.609441048789113e-08
17,4-back,Fz,15,3.13208839132162e-08
17,4-back,Fz,16,5.393117641417915e-08
17,4-back,Fz,17,6.100583267948805e-08
17,4-back,Fz,18,2.5154352984723064e-08
17,4-back,Fz,19,3.684847020753856e-08
17,4-back,Fz,20,3.101411743498944e-08
17,4-back,Fz,21,5.5906441508855595e-08
17,4-back,Fz,22,8.647609390803736e-08
17,4-back,Fz,23,3.1273073957568145e-08
17,4-back,Fz,24,4.6063039124755965e-08
17,4-back,Fz,25,3.2489882421284314e-08
17,4-back,Fz,26,3.9658281766433855e-08
17,4-back,Fz,27,2.6898436348280433e-08
17,4-back,Fz,28,4.0887927327528445e-08
17,4-back,Fz,29,4.580370268413132e-08
17,4-back,Fz,30,3.6679264242225494e-08
17,4-back,Fz,31,4.8027149406554416e-08
17,4-back,Fz,32,4.876927705674797e-08
17,4-back,Fz,33,7.035554946199651e-08
17,4-back,Fz,34,4.52260650597989e-08
17,4-back,Fz,35,5.504202344782954e-08
17,4-back,Fz,36,3.747302802694632e-08
17,4-back,Fz,37,3.799607619640959e-08
17,4-back,Fz,38,3.555288543870959e-08
17,4-back,Fz,39,3.2543874264072364e-08
17,4-back,Fz,40,6.768663395751977e-08
17,4-back,Fz,41,5.5661604042231056e-08
17,4-back,Fz,42,9.796626970833717e-08
17,4-back,Fz,43,3.540541646199527e-08
17,4-back,Fz,44,2.3828702755618517e-08
17,4-back,Fz,45,5.060591495543725e-08
17,4-back,Fz,46,5.064509137857818e-08
17,4-back,Fz,47,4.126562115523844e-08
17,4-back,Fz,48,3.164091318475173e-08
17,4-back,Fz,49,3.4712574260014416e-08
17,4-back,Fz,50,9.802901337711358e-08
17,4-back,Fz,51,2.9281394073521595e-08
17,4-back,Fz,52,4.392556199479267e-08
17,4-back,Fz,53,4.344869137396925e-08
17,4-back,Fz,54,3.301660551404066e-08
17,4-back,Fz,55,3.432319717411618e-08
17,4-back,Fz,56,3.562139676190071e-08
17,4-back,Fz,57,5.536178305252145e-08
17,4-back,Fz,58,5.7670770312682735e-08
17,4-back,Fz,59,5.1206648936000137e-08
17,4-back,Fz,60,4.593255149036829e-08
17,4-back,Fz,61,5.495215815676141e-08
17,4-back,Fz,62,4.863048488485157e-08
18,1-back,F3,1,3.920220772717752e-08
18,1-back,F3,2,4.647419217302722e-08
18,1-back,F3,3,4.511373941050436e-08
18,1-back,F3,4,4.612620008995363e-08
18,1-back,F3,5,3.859756695762344e-08
18,1-back,F3,6,3.3627170504320295e-08
18,1-back,F3,7,2.6592449144984457e-08
18,1-back,F3,8,2.916503608542142e-08
18,1-back,F3,9,5.1661585959370784e-08
18,1-back,F3,10,2.8336673489729157e-08
18,1-back,F3,11,6.328154804780488e-08
18,1-back,F3,12,6.738551237858815e-08
18,1-back,F3,13,2.401698680885833e-08
18,1-back,F3,14,4.370977997190768e-08
18,1-back,F3,15,7.287026289972177e-08
18,1-back,F3,16,4.389605803006784e-08
18,1-back,F3,17,2.5154420346810384e-08
18,1-back,F3,18,2.700962337420829e-08
18,1-back,F3,19,6.985141459134774e-08
18,1-back,F3,20,4.64705755629477e-08
18,1-back,F3,21,7.468603042929767e-08
18,1-back,F3,22,5.591329468993536e-08
18,1-back,F3,23,4.263621170394481e-08
18,1-back,F3,24,9.144149962411938e-08
18,1-back,F3,25,6.927286452570118e-08
18,1-back,F3,26,3.9142117925197526e-08
18,1-back,F3,27,4.757072487303521e-08
18,1-back,F3,28,4.710388642289913e-08
18,1-back,F3,29,8.040120096384476e-08
18,1-back,F3,30,3.138568731155123e-08
18,1-back,F3,31,4.727521560909299e-08
18,1-back,F3,32,6.390226428888927e-08
18,1-back,F3,33,2.360244376122408e-08
18,1-back,F3,34,9.766039484508565e-08
18,1-back,F3,35,3.283667725658597e-08
18,1-back,F3,36,2.1567373170095873e-08
18,1-back,F3,37,4.035089780980375e-08
18,1-back,F3,38,3.1463026269237605e-08
18,1-back,F3,39,6.535795744063068e-08
18,1-back,F3,40,3.427135964105034e-08
18,1-back,F3,41,3.042545704033141e-08
18,1-back,F3,42,5.920238136385879e-08
18,1-back,F3,43,4.2089668559938953e-08
18,1-back,F4,1,6.510975057688877e-08
18,1-back,F4,2,3.007111211938418e-08
18,1-back,F4,3,4.2265264108494954e-08
18,1-back,F4,4,2.811761060658577e-08
18,1-back,F4,5,3.6479585805689113e-08
18,1-back,F4,6,3.321362886715885e-08
18,1-back,F4,7,3.192894966307559e-08
18,1-back,F4,8,1.506066085708288e-08
18,1-back,F4,9,3.368854598888468e-08
18,1-back,F4,10,2.6662897194060845e-08
18,1-back,F4,11,1.2765433235830417e-07
18,1-back,F4,12,4.520669491884679e-08
18,1-back,F4,13,3.5978754751967483e-08
18,1-back,F4,14,3.5244928720463506e-08
18,1-back,F4,15,4.5542582519299587e-08
18,1-back,F4,16,3.7054970295501096e-08
18,1-back,F4,17,1.85424449337076e-08
18,1-back,F4,18,5.254283988994933e-08
18,1-back,F4,19,5.2579098005866784e-08
18,1-back,F4,20,2.7936548001841935e-08
18,1-back,F4,21,6.400933339442933e-08
18,1-back,F4,22,4.2724456672349044e-08
18,1-back,F4,23,4.3785893382975215e-08
18,1-back,F4,24,9.427656807175205e-08
18,1-back,F4,25,7.967415962376596e-08
18,1-back,F4,26,3.222354595096672e-08
18,1-back,F4,27,6.255052541465202e-08
18,1-back,F4,28,4.900555462887007e-08
18,1-back,F4,29,5.7800098226624485e-08
18,1-back,F4,30,3.358822131849259e-08
18,1-back,F4,31,5.153119916658723e-08
18,1-back,F4,32,6.401334273570623e-08
18,1-back,F4,33,2.353789350498256e-08
18,1-back,F4,34,6.671335850357464e-08
18,1-back,F4,35,2.5240826289944316e-08
18,1-back,F4,36,2.627001477587633e-08
18,1-back,F4,37,3.21100131380205e-08
18,1-back,F4,38,2.4633445915612823e-08
18,1-back,F4,39,4.262750942360804e-08
18,1-back,F4,40,4.922301240647805e-08
18,1-back,F4,41,3.2057680557295916e-08
18,1-back,F4,42,5.7609007120257584e-08
18,1-back,F4,43,4.3635237344971075e-08
18,1-back,F7,1,1.8911957908404733e-08
18,1-back,F7,2,2.215761163092892e-08
18,1-back,F7,3,2.2421493538612953e-08
18,1-back,F7,4,1.3062551133600892e-08
18,1-back,F7,5,1.4104718247830861e-08
18,1-back,F7,6,2.013794393517053e-08
18,1-back,F7,7,1.5328684218537577e-08
18,1-back,F7,8,1.5526130460581975e-08
18,1-back,F7,9,2.3603506304375812e-08
18,1-back,F7,10,2.0389315397227737e-08
18,1-back,F7,11,1.6043515226987795e-08
18,1-back,F7,12,5.7566195098198634e-08
18,1-back,F7,13,2.3930900848314358e-08
18,1-back,F7,14,2.153602342072558e-08
18,1-back,F7,15,2.9703981681009248e-08
18,1-back,F7,16,2.7538964371794995e-08
18,1-back,F7,17,1.6057402451560277e-08
18,1-back,F7,18,2.7089824195373268e-08
18,1-back,F7,19,2.3641916391876875e-08
18,1-back,F7,20,3.348962128366696e-08
18,1-back,F7,21,3.017358351330715e-08
18,1-back,F7,22,3.1650487808944683e-08
18,1-back,F7,23,1.714295515232443e-08
18,1-back,F7,24,3.777173351147092e-08
18,1-back,F7,25,3.19736450552171e-08
18,1-back,F7,26,1.623697955662664e-08
18,1-back,F7,27,1.1917902523156104e-08
18,1-back,F7,28,1.4917996854229998e-08
18,1-back,F7,29,3.296486982549401e-08
18,1-back,F7,30,1.8360559143172864e-08
18,1-back,F7,31,2.2743080375448948e-08
18,1-back,F7,32,2.5526488867495897e-08
18,1-back,F7,33,1.810760458946255e-08
18,1-back,F7,34,6.075305653651238e-08
18,1-back,F7,35,1.5241162641108408e-08
18,1-back,F7,36,1.0892427099204143e-08
18,1-back,F7,37,2.121189991728008e-08
18,1-back,F7,38,4.297993142863057e-08
18,1-back,F7,39,3.042545257147977e-08
18,1-back,F7,40,1.3168184823807544e-08
18,1-back,F7,41,1.857315774407999e-08
18,1-back,F7,42,2.7843997598595246e-08
18,1-back,F7,43,2.618773423860562e-08
18,1-back,F8,1,3.7193791356225574e-08
18,1-back,F8,2,1.7230410331432605e-08
18,1-back,F8,3,1.7149380173329946e-08
18,1-back,F8,4,7.185094500450837e-09
18,1-back,F8,5,1.749380827961702e-08
18,1-back,F8,6,1.9470618427548695e-08
18,1-back,F8,7,2.19476873883874e-08
18,1-back,F8,8,8.427710948067058e-09
18,1-back,F8,9,1.3329273580478138e-08
18,1-back,F8,10,1.7460809968663595e-08
18,1-back,F8,11,4.435530066492715e-08
18,1-back,F8,12,3.3656516506883044e-08
18,1-back,F8,13,3.1731102718977124e-08
18,1-back,F8,14,2.446610640956503e-08
18,1-back,F8,15,2.8169253454501902e-08
18,1-back,F8,16,2.209853464980167e-08
18,1-back,F8,17,7.045827739359643e-09
18,1-back,F8,18,2.805414149858421e-08
18,1-back,F8,19,1.4133883338579297e-08
18,1-back,F8,20,1.103864726362387e-08
18,1-back,F8,21,3.59224187230216e-08
18,1-back,F8,22,2.430763352014243e-08
18,1-back,F8,23,2.0256848582899515e-08
18,1-back,F8,24,3.985826685650342e-08
18,1-back,F8,25,6.402292500295525e-08
18,1-back,F8,26,1.2895096828100972e-08
18,1-back,F8,27,3.159786558583414e-08
18,1-back,F8,28,2.039489494057706e-08
18,1-back,F8,29,2.656058201805654e-08
18,1-back,F8,30,1.8333591612574412e-08
18,1-back,F8,31,1.8382236778436885e-08
18,1-back,F8,32,2.788120221248762e-08
18,1-back,F8,33,1.0663713989420555e-08
18,1-back,F8,34,4.1932157511533085e-08
18,1-back,F8,35,1.176186756114201e-08
18,1-back,F8,36,1.8793697275368233e-08
18,1-back,F8,37,1.5653114945489633e-08
18,1-back,F8,38,1.6750768264241928e-08
18,1-back,F8,39,1.4911415264981744e-08
18,1-back,F8,40,4.877203980191574e-08
18,1-back,F8,41,1.859477897070829e-08
18,1-back,F8,42,2.8687231048902562e-08
18,1-back,F8,43,4.150088305584788e-08
18,1-back,Fz,1,6.511345445947014e-08
18,1-back,Fz,2,4.1454632548919766e-08
18,1-back,Fz,3,5.7026633832408305e-08
18,1-back,Fz,4,6.011122602298804e-08
18,1-back,Fz,5,6.902481221819323e-08
18,1-back,Fz,6,5.544996496215064e-08
18,1-back,Fz,7,3.9137245707602196e-08
18,1-back,Fz,8,3.345861052917867e-08
18,1-back,Fz,9,4.7749087150938284e-08
18,1-back,Fz,10,3.6513195520558104e-08
18,1-back,Fz,11,1.211255306879295e-07
18,1-back,Fz,12,7.285533433431553e-08
18,1-back,Fz,13,3.3952503506377164e-08
18,1-back,Fz,14,5.760822295179275e-08
18,1-back,Fz,15,7.143486008407898e-08
18,1-back,Fz,16,5.963731187178302e-08
18,1-back,Fz,17,2.853113179085212e-08
18,1-back,Fz,18,4.232537260907577e-08
18,1-back,Fz,19,8.7468186281303e-08
18,1-back,Fz,20,5.108751571472869e-08
18,1-back,Fz,21,9.873409375677579e-08
18,1-back,Fz,22,5.4097554074201776e-08
18,1-back,Fz,23,5.989281403238695e-08
18,1-back,Fz,24,1.5126863333404504e-07
18,1-back,Fz,25,1.0811117012078882e-07
18,1-back,Fz,26,5.7326576887760665e-08
18,1-back,Fz,27,7.28076016363771e-08
18,1-back,Fz,28,6.782146021599575e-08
18,1-back,Fz,29,1.0400472771947737e-07
18,1-back,Fz,30,4.201002428473826e-08
18,1-back,Fz,31,6.819803406028638e-08
18,1-back,Fz,32,8.727764014792751e-08
18,1-back,Fz,33,4.4611393872244384e-08
18,1-back,Fz,34,9.833368817403392e-08
18,1-back,Fz,35,5.437976358635668e-08
18,1-back,Fz,36,3.4453301561749965e-08
18,1-back,Fz,37,4.638355747730216e-08
18,1-back,Fz,38,3.104358041502859e-08
18,1-back,Fz,39,8.316722382263122e-08
18,1-back,Fz,40,5.188964995300403e-08
18,1-back,Fz,41,3.960028401871969e-08
18,1-back,Fz,42,8.704956314129098e-08
18,1-back,Fz,43,4.668358991779794e-08
18,2-back,F3,1,2.818937496376778e-08
18,2-back,F3,2,6.029107377302291e-08
18,2-back,F3,3,5.814547207712257e-08
18,2-back,F3,4,3.9511369099386066e-08
18,2-back,F3,5,3.4669004655832934e-08
18,2-back,F3,6,3.3147241586937465e-08
18,2-back,F3,7,6.194611097087002e-08
18,2-back,F3,8,5.963350250928131e-08
18,2-back,F3,9,2.82622460744603e-08
18,2-back,F3,10,4.681264445020336e-08
18,2-back,F3,11,3.907065018451482e-08
18,2-back,F3,12,2.752482393853086e-08
18,2-back,F3,13,3.048933659824241e-08
18,2-back,F3,14,2.5530310928750077e-08
18,2-back,F3,15,3.019612735807765e-08
18,2-back,F3,16,2.3151403623863892e-08
18,2-back,F3,17,5.36157240641707e-08
18,2-back,F3,18,6.35416793016773e-08
18,2-back,F3,19,2.981541431767802e-08
18,2-back,F3,20,6.400698445245749e-08
18,2-back,F3,21,2.2128986591348768e-08
18,2-back,F3,22,2.4484671059072936e-08
18,2-back,F3,23,3.8953853670090294e-08
18,2-back,F3,24,3.4826950886216826e-08
18,2-back,F3,25,5.749895418891737e-08
18,2-back,F3,26,4.256185560007598e-08
18,2-back,F3,27,5.41735948623384e-08
18,2-back,F3,28,1.400926003240598e-07
18,2-back,F3,29,9.498821077232768e-08
18,2-back,F3,30,4.435263404337098e-08
18,2-back,F3,31,4.204587235290961e-08
18,2-back,F3,32,6.003254464551991e-08
18,2-back,F3,33,3.377718729337546e-08
18,2-back,F3,34,3.648975669042947e-08
18,2-back,F3,35,4.38202143372277e-08
18,2-back,F3,36,5.1608822764581144e-08
18,2-back,F3,37,8.117637341730416e-08
18,2-back,F3,38,7.638580224052677e-08
18,2-back,F3,39,3.203996675900556e-08
18,2-back,F3,40,5.325677360963084e-08
18,2-back,F3,41,4.0732627489038113e-08
18,2-back,F3,42,2.8756257642087405e-08
18,2-back,F4,1,2.9405898348069885e-08
18,2-back,F4,2,4.8776444434603826e-08
18,2-back,F4,3,3.051328906723928e-08
18,2-back,F4,4,3.280176995294408e-08
18,2-back,F4,5,4.3338985524669393e-08
18,2-back,F4,6,2.3712319078942223e-08
18,2-back,F4,7,7.124439247079922e-08
18,2-back,F4,8,4.850632786364264e-08
18,2-back,F4,9,3.8746606641929395e-08
18,2-back,F4,10,2.641750428665968e-08
18,2-back,F4,11,4.331725084140126e-08
18,2-back,F4,12,2.0453004948903657e-08
18,2-back,F4,13,3.7146875192035384e-08
18,2-back,F4,14,2.5778503799683414e-08
18,2-back,F4,15,3.502018028362404e-08
18,2-back,F4,16,2.2765426023877186e-08
18,2-back,F4,17,3.6278130419395126e-08
18,2-back,F4,18,4.8595804543630865e-08
18,2-back,F4,19,1.4871402881924905e-08
18,2-back,F4,20,5.853153710138705e-08
18,2-back,F4,21,3.165139897270109e-08
18,2-back,F4,22,2.5439727491001336e-08
18,2-back,F4,23,4.757302177555746e-08
18,2-back,F4,24,3.956435187433365e-08
18,2-back,F4,25,4.8343280123756266e-08
18,2-back,F4,26,2.9331293283195557e-08
18,2-back,F4,27,4.011409330323673e-08
18,2-back,F4,28,9.959904342201608e-08
18,2-back,F4,29,6.290281963144886e-08
18,2-back,F4,30,5.6783179966150907e-08
18,2-back,F4,31,3.845252559829039e-08
18,2-back,F4,32,5.552765275665179e-08
18,2-back,F4,33,4.159951059467752e-08
18,2-back,F4,34,3.683410264537554e-08
18,2-back,F4,35,2.990043376054478e-08
18,2-back,F4,36,4.5321120902766575e-08
18,2-back,F4,37,7.693421762018029e-08
18,2-back,F4,38,4.185391773561614e-08
18,2-back,F4,39,2.4641206007222278e-08
18,2-back,F4,40,3.367696801363938e-08
18,2-back,F4,41,3.1330829162295205e-08
18,2-back,F4,42,1.9157284919319012e-08
18,2-back,F7,1,1.5701389909311903e-08
18,2-back,F7,2,2.818007408487424e-08
18,2-back,F7,3,2.9451683852636758e-08
18,2-back,F7,4,1.585553888618469e-08
18,2-back,F7,5,1.5645539022359246e-08
18,2-back,F7,6,1.6325348955112294e-08
18,2-back,F7,7,3.2089939368810674e-08
18,2-back,F7,8,3.4045099816715904e-08
18,2-back,F7,9,2.2916523805322308e-08
18,2-back,F7,10,2.668953557183957e-08
18,2-back,F7,11,1.409271301106686e-08
18,2-back,F7,12,1.7566548525644913e-08
18,2-back,F7,13,2.1980519358611147e-08
18,2-back,F7,14,1.1189540047630441e-08
18,2-back,F7,15,1.61136722956435e-08
18,2-back,F7,16,9.171576991149275e-09
18,2-back,F7,17,1.9816469653265337e-08
18,2-back,F7,18,3.2207364670330375e-08
18,2-back,F7,19,2.055140628909209e-08
18,2-back,F7,20,4.194747464052877e-08
18,2-back,F7,21,1.6061308186192952e-08
18,2-back,F7,22,1.7484324617710556e-08
18,2-back,F7,23,1.99733676396305e-08
18,2-back,F7,24,1.256894039343148e-08
18,2-back,F7,25,3.125049750098083e-08
18,2-back,F7,26,1.3131520187751641e-08
18,2-back,F7,27,3.610387655946742e-08
18,2-back,F7,28,5.896294284361274e-08
18,2-back,F7,29,2.901160346457474e-08
18,2-back,F7,30,3.188721417096941e-08
18,2-back,F7,31,2.8538869847846783e-08
18,2-back,F7,32,4.285485677444884e-08
18,2-back,F7,33,1.7011713985426337e-08
18,2-back,F7,34,2.275451266684651e-08
18,2-back,F7,35,2.666279446101173e-08
18,2-back,F7,36,2.3411595905124437e-08
18,2-back,F7,37,3.637936834191941e-08
18,2-back,F7,38,3.2057371771344e-08
18,2-back,F7,39,2.1572652042183742e-08
18,2-back,F7,40,2.6550285538438202e-08
18,2-back,F7,41,1.717960029373135e-08
18,2-back,F7,42,2.1030357965026852e-08
18,2-back,F8,1,1.2799192818677546e-08
18,2-back,F8,2,2.5674758337186077e-08
18,2-back,F8,3,8.103701506998876e-09
18,2-back,F8,4,1.6573606178684274e-08
18,2-back,F8,5,2.3176842041340587e-08
18,2-back,F8,6,1.1054348154890322e-08
18,2-back,F8,7,3.5908118354666166e-08
18,2-back,F8,8,2.8889389370461926e-08
18,2-back,F8,9,2.0646383181041664e-08
18,2-back,F8,10,1.2672461379814724e-08
18,2-back,F8,11,1.299819268360268e-08
18,2-back,F8,12,7.893145936712676e-09
18,2-back,F8,13,1.8756383496792807e-08
18,2-back,F8,14,1.8650657401046145e-08
18,2-back,F8,15,1.6682605082709923e-08
18,2-back,F8,16,1.1112434389338712e-08
18,2-back,F8,17,2.3721929837307235e-08
18,2-back,F8,18,2.2580155197853934e-08
18,2-back,F8,19,1.0227377332610549e-08
18,2-back,F8,20,2.671234680461139e-08
18,2-back,F8,21,2.1847357385327773e-08
18,2-back,F8,22,1.7830581713434316e-08
18,2-back,F8,23,2.175854545417828e-08
18,2-back,F8,24,1.807040964812315e-08
18,2-back,F8,25,2.1590866589107797e-08
18,2-back,F8,26,2.3700065636289844e-08
18,2-back,F8,27,3.1087012998224255e-08
18,2-back,F8,28,2.6484288454232363e-08
18,2-back,F8,29,1.4144081612152465e-08
18,2-back,F8,30,2.8754906432636816e-08
18,2-back,F8,31,2.9892657653619646e-08
18,2-back,F8,32,2.4663433531869375e-08
18,2-back,F8,33,2.2074643385586454e-08
18,2-back,F8,34,2.1945307411622865e-08
18,2-back,F8,35,1.573252193624966e-08
18,2-back,F8,36,1.650745337953804e-08
18,2-back,F8,37,3.610903000353484e-08
18,2-back,F8,38,8.482521373204899e-09
18,2-back,F8,39,7.1677242572032325e-09
18,2-back,F8,40,1.6040491776952327e-08
18,2-back,F8,41,2.016372405636167e-08
18,2-back,F8,42,9.254455781285624e-09
18,2-back,Fz,1,4.30865222102845e-08
18,2-back,Fz,2,6.070450372042787e-08
18,2-back,Fz,3,5.8852366032423125e-08
18,2-back,Fz,4,4.5945843043805586e-08
18,2-back,Fz,5,3.9597920977602576e-08
18,2-back,Fz,6,3.7249672797004476e-08
18,2-back,Fz,7,6.712553015209998e-08
18,2-back,Fz,8,7.438648291307254e-08
18,2-back,Fz,9,4.628911642435828e-08
18,2-back,Fz,10,4.705939332619725e-08
18,2-back,Fz,11,4.9055427338257895e-08
18,2-back,Fz,12,4.2086479401443325e-08
18,2-back,Fz,13,6.012180753997267e-08
18,2-back,Fz,14,3.1364227557489774e-08
18,2-back,Fz,15,3.8099665495157785e-08
18,2-back,Fz,16,2.1670821956679624e-08
18,2-back,Fz,17,5.2467298611712595e-08
18,2-back,Fz,18,6.855484923469226e-08
18,2-back,Fz,19,2.2570395511659933e-08
18,2-back,Fz,20,8.846288369749337e-08
18,2-back,Fz,21,3.159535220940664e-08
18,2-back,Fz,22,3.459115093330762e-08
18,2-back,Fz,23,5.104332601244008e-08
18,2-back,Fz,24,6.159494478108984e-08
18,2-back,Fz,25,1.1033295483906809e-07
18,2-back,Fz,26,4.30778591117972e-08
18,2-back,Fz,27,6.596925709995572e-08
18,2-back,Fz,28,1.7182774160669612e-07
18,2-back,Fz,29,1.1714844713150625e-07
18,2-back,Fz,30,6.376102638739184e-08
18,2-back,Fz,31,5.062780166399019e-08
18,2-back,Fz,32,7.532567425652221e-08
18,2-back,Fz,33,5.3952923071686654e-08
18,2-back,Fz,34,4.14566884371734e-08
18,2-back,Fz,35,4.957891746710804e-08
18,2-back,Fz,36,6.862011702583308e-08
18,2-back,Fz,37,1.0625834099775887e-07
18,2-back,Fz,38,8.579667869173518e-08
18,2-back,Fz,39,4.178853266831417e-08
18,2-back,Fz,40,4.156469903228593e-08
18,2-back,Fz,41,4.675178463219024e-08
18,2-back,Fz,42,4.4805774384354076e-08
18,3-back,F3,1,7.382733117016225e-08
18,3-back,F3,2,2.7088385576742422e-08
18,3-back,F3,3,5.4449985511046827e-08
18,3-back,F3,4,4.21862240284945e-08
18,3-back,F3,5,3.571082313487737e-08
18,3-back,F3,6,2.91538506815227e-08
18,3-back,F3,7,2.001438772152487e-08
18,3-back,F3,8,3.4804987300898904e-08
18,3-back,F3,9,1.5450773034408276e-08
18,3-back,F3,10,5.051498175451328e-08
18,3-back,F3,11,6.672882749079222e-08
18,3-back,F3,12,6.315513690362076e-08
18,3-back,F3,13,1.8612260049772247e-08
18,3-back,F3,14,1.0252705175973454e-07
18,3-back,F3,15,3.89055232051461e-08
18,3-back,F3,16,4.885949764940489e-08
18,3-back,F3,17,4.767443741484871e-08
18,3-back,F3,18,3.167469186341552e-08
18,3-back,F3,19,4.9296305764512855e-08
18,3-back,F3,20,4.999801945927571e-08
18,3-back,F3,21,3.0163659786283736e-08
18,3-back,F3,22,5.807497433925748e-08
18,3-back,F3,23,5.2896531582414395e-08
18,3-back,F3,24,2.8617593674697733e-08
18,3-back,F3,25,5.434137639878008e-08
18,3-back,F3,26,2.4019179560311165e-08
18,3-back,F3,27,3.992893764190589e-08
18,3-back,F3,28,3.155484499110814e-08
18,3-back,F3,29,4.2844432143053755e-08
18,3-back,F3,30,3.038006100778431e-08
18,3-back,F3,31,7.633947362605542e-08
18,3-back,F3,32,2.361979086932259e-08
18,3-back,F3,33,4.829623887638297e-08
18,3-back,F3,34,3.3417835379290884e-08
18,3-back,F3,35,4.5645072692593416e-08
18,3-back,F3,36,2.5648371277853305e-08
18,3-back,F3,37,3.9098272310711065e-08
18,3-back,F3,38,4.889508230910602e-08
18,3-back,F3,39,4.839506678403952e-08
18,3-back,F3,40,9.083211933040358e-08
18,3-back,F3,41,4.965051046973388e-08
18,3-back,F3,42,2.7855017265416337e-08
18,3-back,F3,43,2.668289772452827e-08
18,3-back,F3,44,4.8756556790271716e-08
18,3-back,F3,45,5.406377559072659e-08
18,3-back,F3,46,3.5552265205124475e-08
18,3-back,F3,47,3.658683747277145e-08
18,3-back,F3,48,4.308819897022635e-08
18,3-back,F4,1,6.044198656405673e-08
18,3-back,F4,2,3.86385730113557e-08
18,3-back,F4,3,2.20545858006475e-08
18,3-back,F4,4,4.885769542950804e-08
18,3-back,F4,5,2.5222602536191876e-08
18,3-back,F4,6,4.560958701054973e-08
18,3-back,F4,7,2.087226280932181e-08
18,3-back,F4,8,2.3516127909534487e-08
18,3-back,F4,9,4.0824638704580263e-08
18,3-back,F4,10,4.99359974772023e-08
18,3-back,F4,11,7.817206205728741e-08
18,3-back,F4,12,6.104149984420577e-08
18,3-back,F4,13,1.9004648571124105e-08
18,3-back,F4,14,8.222166799796913e-08
18,3-back,F4,15,3.588208980378794e-08
18,3-back,F4,16,3.580348254299288e-08
18,3-back,F4,17,3.3708703009940046e-08
18,3-back,F4,18,2.006672083375404e-08
18,3-back,F4,19,4.022107367587041e-08
18,3-back,F4,20,4.131641104643777e-08
18,3-back,F4,21,3.442372100594167e-08
18,3-back,F4,22,5.0551135634459746e-08
18,3-back,F4,23,4.231724184829329e-08
18,3-back,F4,24,2.6747308141483665e-08
18,3-back,F4,25,4.272620281162327e-08
18,3-back,F4,26,2.486130369490726e-08
18,3-back,F4,27,3.4186786792325384e-08
18,3-back,F4,28,2.5489114040145597e-08
18,3-back,F4,29,3.854965712010412e-08
18,3-back,F4,30,1.921472717324247e-08
18,3-back,F4,31,6.855433630601836e-08
18,3-back,F4,32,3.5673413790344566e-08
18,3-back,F4,33,3.39131838195688e-08
18,3-back,F4,34,3.2491345426702115e-08
18,3-back,F4,35,5.7396892068860417e-08
18,3-back,F4,36,3.362138836099782e-08
18,3-back,F4,37,4.2002426489438075e-08
18,3-back,F4,38,3.825643272385999e-08
18,3-back,F4,39,6.242683549839007e-08
18,3-back,F4,40,6.346067745136237e-08
18,3-back,F4,41,3.7865318000169483e-08
18,3-back,F4,42,3.4590679087781646e-08
18,3-back,F4,43,2.737475503035202e-08
18,3-back,F4,44,2.8740240493611853e-08
18,3-back,F4,45,2.25514013307419e-08
18,3-back,F4,46,2.2952253253419596e-08
18,3-back,F4,47,4.408139053448161e-08
18,3-back,F4,48,5.177402978475352e-08
18,3-back,F7,1,2.375676655581335e-08
18,3-back,F7,2,1.680477601585345e-08
18,3-back,F7,3,4.026957532756831e-08
18,3-back,F7,4,2.0422790488213303e-08
18,3-back,F7,5,1.1788831075703414e-08
18,3-back,F7,6,1.4712700650715613e-08
18,3-back,F7,7,1.4408968541020606e-08
18,3-back,F7,8,2.6131265241250332e-08
18,3-back,F7,9,1.5809668339829758e-08
18,3-back,F7,10,2.2666971096509294e-08
18,3-back,F7,11,2.6369121481907416e-08
18,3-back,F7,12,3.2563770473518886e-08
18,3-back,F7,13,1.889634759531414e-08
18,3-back,F7,14,4.406311722951838e-08
18,3-back,F7,15,1.5406550169569024e-08
18,3-back,F7,16,2.9103148652015476e-08
18,3-back,F7,17,2.1122979389713308e-08
18,3-back,F7,18,1.9693146401771166e-08
18,3-back,F7,19,3.052260032120192e-08
18,3-back,F7,20,2.545052851542041e-08
18,3-back,F7,21,2.4084760944604985e-08
18,3-back,F7,22,2.7240800162531886e-08
18,3-back,F7,23,2.3925484910407442e-08
18,3-back,F7,24,3.34978393602553e-08
18,3-back,F7,25,3.197582638906289e-08
18,3-back,F7,26,1.63880898009536e-08
18,3-back,F7,27,2.354957911749124e-08
18,3-back,F7,28,2.1077632801262315e-08
18,3-back,F7,29,4.201157582440445e-08
18,3-back,F7,30,2.6948973798376503e-08
18,3-back,F7,31,4.7840523831036255e-08
18,3-back,F7,32,1.6983024937900357e-08
18,3-back,F7,33,1.7729276396530756e-08
18,3-back,F7,34,1.9826989546445326e-08
18,3-back,F7,35,4.732022470767482e-08
18,3-back,F7,36,1.2740427245059296e-08
18,3-back,F7,37,2.5755488001925767e-08
18,3-back,F7,38,3.191598600849392e-08
18,3-back,F7,39,2.6469006075453436e-08
18,3-back,F7,40,4.596921082062084e-08
18,3-back,F7,41,2.5149304546897807e-08
18,3-back,F7,42,1.2292330146189785e-08
18,3-back,F7,43,1.4567164208928993e-08
18,3-back,F7,44,2.8601499663480924e-08
18,3-back,F7,45,3.916220248281244e-08
18,3-back,F7,46,3.32340340809712e-08
18,3-back,F7,47,2.37739469726276e-08
18,3-back,F7,48,2.887479503744577e-08
18,3-back,F8,1,3.026964922728867e-08
18,3-back,F8,2,2.5820273666458453e-08
18,3-back,F8,3,1.5765920925985402e-08
18,3-back,F8,4,2.276335090898275e-08
18,3-back,F8,5,1.0606567690577446e-08
18,3-back,F8,6,2.5569754736791362e-08
18,3-back,F8,7,1.9160311062351105e-08
18,3-back,F8,8,1.9396262663252332e-08
18,3-back,F8,9,3.125880021003402e-08
18,3-back,F8,10,2.9464855519357427e-08
18,3-back,F8,11,3.28398954262992e-08
18,3-back,F8,12,1.906828124756825e-08
18,3-back,F8,13,2.1468424326515068e-08
18,3-back,F8,14,3.938252378113407e-08
18,3-back,F8,15,1.2592257798036118e-08
18,3-back,F8,16,1.81806297106118e-08
18,3-back,F8,17,1.5734928682559003e-08
18,3-back,F8,18,1.2732241687411693e-08
18,3-back,F8,19,2.56868102061261e-08
18,3-back,F8,20,2.2211278963171973e-08
18,3-back,F8,21,1.798535038312243e-08
18,3-back,F8,22,4.316357623716992e-08
18,3-back,F8,23,1.3944155560695149e-08
18,3-back,F8,24,1.4297562442440853e-08
18,3-back,F8,25,2.178715670254308e-08
18,3-back,F8,26,1.9194033380968338e-08
18,3-back,F8,27,1.772906434132789e-08
18,3-back,F8,28,1.1900504431901657e-08
18,3-back,F8,29,2.986138617905166e-08
18,3-back,F8,30,6.834364544072063e-09
18,3-back,F8,31,3.012865209227806e-08
18,3-back,F8,32,2.8181762670755707e-08
18,3-back,F8,33,1.3654967257881707e-08
18,3-back,F8,34,1.41247577264567e-08
18,3-back,F8,35,3.4781312358251955e-08
18,3-back,F8,36,2.3167594067777842e-08
18,3-back,F8,37,2.30057567343617e-08
18,3-back,F8,38,2.532711740911946e-08
18,3-back,F8,39,3.129459740423916e-08
18,3-back,F8,40,2.557742007787807e-08
18,3-back,F8,41,1.6494710194958632e-08
18,3-back,F8,42,2.301838203820264e-08
18,3-back,F8,43,1.7726971086938732e-08
18,3-back,F8,44,1.3573805980259881e-08
18,3-back,F8,45,1.0470245746902063e-08
18,3-back,F8,46,1.4695777816136044e-08
18,3-back,F8,47,2.319187106018796e-08
18,3-back,F8,48,3.1954290033072265e-08
18,3-back,Fz,1,1.0106089190834186e-07
18,3-back,Fz,2,4.2276325043128974e-08
18,3-back,Fz,3,4.2469546023792444e-08
18,3-back,Fz,4,4.912994304531266e-08
18,3-back,Fz,5,4.310036211257318e-08
18,3-back,Fz,6,4.9445942447274464e-08
18,3-back,Fz,7,2.5576495298982493e-08
18,3-back,Fz,8,3.337801457896615e-08
18,3-back,Fz,9,3.561373391424216e-08
18,3-back,Fz,10,6.837155790726457e-08
18,3-back,Fz,11,1.0333411056019741e-07
18,3-back,Fz,12,7.723677316132365e-08
18,3-back,Fz,13,2.373432387383563e-08
18,3-back,Fz,14,1.2569635402548087e-07
18,3-back,Fz,15,6.893498950606013e-08
18,3-back,Fz,16,5.385760992690151e-08
18,3-back,Fz,17,4.9236397363227305e-08
18,3-back,Fz,18,4.012319040220456e-08
18,3-back,Fz,19,4.796623042453795e-08
18,3-back,Fz,20,6.114375109974252e-08
18,3-back,Fz,21,4.0262642290061264e-08
18,3-back,Fz,22,9.069831913704242e-08
18,3-back,Fz,23,6.318753604826302e-08
18,3-back,Fz,24,2.89612281232622e-08
18,3-back,Fz,25,6.467325922503757e-08
18,3-back,Fz,26,2.9561820207003294e-08
18,3-back,Fz,27,4.4520896157029326e-08
18,3-back,Fz,28,3.8695507132831445e-08
18,3-back,Fz,29,4.7336709456292915e-08
18,3-back,Fz,30,3.1533433186135316e-08
18,3-back,Fz,31,9.130418364456719e-08
18,3-back,Fz,32,3.205181487369431e-08
18,3-back,Fz,33,6.435479761385357e-08
18,3-back,Fz,34,5.3348720355030756e-08
18,3-back,Fz,35,6.35745974427042e-08
18,3-back,Fz,36,4.0802368440247414e-08
18,3-back,Fz,37,4.320158483235733e-08
18,3-back,Fz,38,7.641564056812287e-08
18,3-back,Fz,39,8.498568544759009e-08
18,3-back,Fz,40,9.834277036849902e-08
18,3-back,Fz,41,5.839520712499474e-08
18,3-back,Fz,42,4.132737971923452e-08
18,3-back,Fz,43,3.983814748001032e-08
18,3-back,Fz,44,5.325251103876755e-08
18,3-back,Fz,45,4.909030800785114e-08
18,3-back,Fz,46,4.2567433201933034e-08
18,3-back,Fz,47,5.770372582445507e-08
18,3-back,Fz,48,5.4567555924165584e-08
18,4-back,F3,1,5.018336935047135e-08
18,4-back,F3,2,3.336782914737673e-08
18,4-back,F3,3,2.4790204908796162e-08
18,4-back,F3,4,4.198860064832775e-08
18,4-back,F3,5,3.0563542066500194e-08
18,4-back,F3,6,6.901768690081934e-08
18,4-back,F3,7,3.2821660455198535e-08
18,4-back,F3,8,3.5046436410394254e-08
18,4-back,F3,9,2.3366278043902606e-08
18,4-back,F3,10,5.204984537199712e-08
18,4-back,F3,11,6.2031103690809e-08
18,4-back,F3,12,2.8232049617553064e-08
18,4-back,F3,13,4.090440171960283e-08
18,4-back,F3,14,5.5971123718642964e-08
18,4-back,F3,15,4.559990828109819e-08
18,4-back,F3,16,2.5649636603076514e-08
18,4-back,F3,17,3.844867911461531e-08
18,4-back,F3,18,3.8423609762098503e-08
18,4-back,F3,19,3.4720354220524984e-08
18,4-back,F3,20,3.880737569837894e-08
18,4-back,F3,21,2.831482314244574e-08
18,4-back,F3,22,6.352267317444851e-08
18,4-back,F3,23,5.560307108451989e-08
18,4-back,F3,24,5.224093044352965e-08
18,4-back,F3,25,6.1642108079277e-08
18,4-back,F3,26,2.6841873806839238e-08
18,4-back,F3,27,1.1923530994706003e-07
18,4-back,F3,28,9.362541957997195e-08
18,4-back,F3,29,3.207493336662926e-08
18,4-back,F3,30,4.752054440042702e-08
18,4-back,F3,31,4.741578914465769e-08
18,4-back,F3,32,8.990455403791169e-08
18,4-back,F3,33,3.679248524897483e-08
18,4-back,F3,34,5.980733953241517e-08
18,4-back,F3,35,8.951831569232382e-08
18,4-back,F3,36,6.693007707079429e-08
18,4-back,F3,37,4.573017718280928e-08
18,4-back,F3,38,4.196037578852437e-08
18,4-back,F3,39,4.177305666672703e-08
18,4-back,F3,40,7.55123839662653e-08
18,4-back,F3,41,1.9232434585337985e-08
18,4-back,F3,42,4.678463448695444e-08
18,4-back,F3,43,5.291787333099234e-08
18,4-back,F4,1,5.8519653758550796e-08
18,4-back,F4,2,3.695411404406159e-08
18,4-back,F4,3,3.07379498275944e-08
18,4-back,F4,4,5.520021413935823e-08
18,4-back,F4,5,2.6175667790165205e-08
18,4-back,F4,6,5.714139412449871e-08
18,4-back,F4,7,2.307791083877936e-08
18,4-back,F4,8,2.8506777369273086e-08
18,4-back,F4,9,2.8339615173802602e-08
18,4-back,F4,10,6.464708291007815e-08
18,4-back,F4,11,5.1345111666277407e-08
18,4-back,F4,12,2.2198891966231894e-08
18,4-back,F4,13,3.2957921920936745e-08
18,4-back,F4,14,6.67127103314143e-08
18,4-back,F4,15,5.1658051492139786e-08
18,4-back,F4,16,1.6817284695436472e-08
18,4-back,F4,17,3.985517195587672e-08
18,4-back,F4,18,2.8666758793325702e-08
18,4-back,F4,19,5.088663698578582e-08
18,4-back,F4,20,3.8491639110814567e-08
18,4-back,F4,21,2.374239044370483e-08
18,4-back,F4,22,5.538962335048648e-08
18,4-back,F4,23,4.906366122385218e-08
18,4-back,F4,24,5.398382493120248e-08
18,4-back,F4,25,6.126189907199788e-08
18,4-back,F4,26,1.472155963092816e-08
18,4-back,F4,27,8.560688844074574e-08
18,4-back,F4,28,6.168340462412799e-08
18,4-back,F4,29,2.864655617880423e-08
18,4-back,F4,30,4.1867037482967535e-08
18,4-back,F4,31,4.057371581094773e-08
18,4-back,F4,32,6.071234059100142e-08
18,4-back,F4,33,4.3973496006837136e-08
18,4-back,F4,34,5.3331653319106986e-08
18,4-back,F4,35,8.438643363438451e-08
18,4-back,F4,36,5.017544541869711e-08
18,4-back,F4,37,3.8458860037783727e-08
18,4-back,F4,38,5.2684246466514867e-08
18,4-back,F4,39,2.39784162966788e-08
18,4-back,F4,40,7.793914061768326e-08
18,4-back,F4,41,2.8895877417335456e-08
18,4-back,F4,42,3.415759492356299e-08
18,4-back,F4,43,5.235268613005155e-08
18,4-back,F7,1,2.2517751623658183e-08
18,4-back,F7,2,1.4029183108807207e-08
18,4-back,F7,3,1.8802075468427923e-08
18,4-back,F7,4,1.9431964255382114e-08
18,4-back,F7,5,1.6945122131658655e-08
18,4-back,F7,6,3.467770473127916e-08
18,4-back,F7,7,2.279383671955728e-08
18,4-back,F7,8,2.5817071854583215e-08
18,4-back,F7,9,1.3003469213996996e-08
18,4-back,F7,10,1.6430818259111642e-08
18,4-back,F7,11,2.7245175773716624e-08
18,4-back,F7,12,1.7209356680885218e-08
18,4-back,F7,13,2.3615248030765957e-08
18,4-back,F7,14,3.732053692494751e-08
18,4-back,F7,15,1.9913517968693203e-08
18,4-back,F7,16,2.2276114338221934e-08
18,4-back,F7,17,2.6612270971755684e-08
18,4-back,F7,18,3.237262053895067e-08
18,4-back,F7,19,1.0259827628578884e-08
18,4-back,F7,20,2.466803942024552e-08
18,4-back,F7,21,2.7564520801250255e-08
18,4-back,F7,22,3.098394624032408e-08
18,4-back,F7,23,2.8986593528745954e-08
18,4-back,F7,24,3.21874446171626e-08
18,4-back,F7,25,3.905967703472423e-08
18,4-back,F7,26,1.4773300779874832e-08
18,4-back,F7,27,4.990779604601183e-08
18,4-back,F7,28,4.902196013737059e-08
18,4-back,F7,29,1.4286448407357884e-08
18,4-back,F7,30,2.42441778705246e-08
18,4-back,F7,31,2.5277959753218103e-08
18,4-back,F7,32,2.929839315049784e-08
18,4-back,F7,33,1.9202322719246495e-08
18,4-back,F7,34,3.1890918308421085e-08
18,4-back,F7,35,2.7725175601203586e-08
18,4-back,F7,36,2.1294254553285455e-08
18,4-back,F7,37,2.550413172267382e-08
18,4-back,F7,38,6.308581230014587e-08
18,4-back,F7,39,1.6442456768340965e-08
18,4-back,F7,40,2.844214359900542e-08
18,4-back,F7,41,1.6770563809173825e-08
18,4-back,F7,42,2.712750306744018e-08
18,4-back,F7,43,3.907511377828987e-08
18,4-back,F8,1,3.5195529452829166e-08
18,4-back,F8,2,2.725789937685994e-08
18,4-back,F8,3,1.8565482598242174e-08
18,4-back,F8,4,2.0335013520570657e-08
18,4-back,F8,5,1.2468353551731377e-08
18,4-back,F8,6,2.336114281938486e-08
18,4-back,F8,7,1.122301313288386e-08
18,4-back,F8,8,1.5364438081533726e-08
18,4-back,F8,9,1.661141384806137e-08
18,4-back,F8,10,4.15999258482636e-08
18,4-back,F8,11,2.794751615650893e-08
18,4-back,F8,12,1.2089455442591711e-08
18,4-back,F8,13,2.030753840385241e-08
18,4-back,F8,14,5.243591047937644e-08
18,4-back,F8,15,2.0482179564090987e-08
18,4-back,F8,16,8.971444033357478e-09
18,4-back,F8,17,2.2614949984763583e-08
18,4-back,F8,18,2.1464101693266413e-08
18,4-back,F8,19,2.761370345432578e-08
18,4-back,F8,20,2.6552111354708825e-08
18,4-back,F8,21,1.3633168697610902e-08
18,4-back,F8,22,3.257145174171396e-08
18,4-back,F8,23,2.5198278730520165e-08
18,4-back,F8,24,4.055500663785462e-08
18,4-back,F8,25,4.056297036958361e-08
18,4-back,F8,26,1.3748403712351894e-08
18,4-back,F8,27,3.5538385666966174e-08
18,4-back,F8,28,2.6122307993593932e-08
18,4-back,F8,29,1.668074705526701e-08
18,4-back,F8,30,1.5182765072479414e-08
18,4-back,F8,31,1.5670724007546772e-08
18,4-back,F8,32,2.9200080897350717e-08
18,4-back,F8,33,2.4408212724705803e-08
18,4-back,F8,34,3.269649150661352e-08
18,4-back,F8,35,3.6180080689866006e-08
18,4-back,F8,36,1.7752962366885123e-08
18,4-back,F8,37,1.978562108009926e-08
18,4-back,F8,38,3.52923196023088e-08
18,4-back,F8,39,8.450923551833502e-09
18,4-back,F8,40,2.7415294818836503e-08
18,4-back,F8,41,1.8514716137125806e-08
18,4-back,F8,42,1.376856094873125e-08
18,4-back,F8,43,2.7174987869060316e-08
18,4-back,Fz,1,7.408146754474331e-08
18,4-back,Fz,2,4.139635206570402e-08
18,4-back,Fz,3,3.8239757285457543e-08
18,4-back,Fz,4,7.17851068783554e-08
18,4-back,Fz,5,4.729056733558188e-08
18,4-back,Fz,6,8.49389038130973e-08
18,4-back,Fz,7,2.9344327985543808e-08
18,4-back,Fz,8,3.787827332250196e-08
18,4-back,Fz,9,3.8041815074632385e-08
18,4-back,Fz,10,8.484516974249216e-08
18,4-back,Fz,11,7.552040750514869e-08
18,4-back,Fz,12,2.7576319695869992e-08
18,4-back,Fz,13,4.291111682321601e-08
18,4-back,Fz,14,8.511576260241837e-08
18,4-back,Fz,15,6.84261296200675e-08
18,4-back,Fz,16,3.262209185025181e-08
18,4-back,Fz,17,5.045416458450051e-08
18,4-back,Fz,18,4.8760735683227536e-08
18,4-back,Fz,19,4.658667200035618e-08
18,4-back,Fz,20,4.73768528017247e-08
18,4-back,Fz,21,3.0650455004988166e-08
18,4-back,Fz,22,8.249101509415182e-08
18,4-back,Fz,23,6.185294507813886e-08
18,4-back,Fz,24,7.027110411499008e-08
18,4-back,Fz,25,8.225520956361197e-08
18,4-back,Fz,26,2.3447577174493704e-08
18,4-back,Fz,27,1.6216762693404885e-07
18,4-back,Fz,28,9.497185686140215e-08
18,4-back,Fz,29,3.939250265224858e-08
18,4-back,Fz,30,5.510210142304066e-08
18,4-back,Fz,31,5.5568630151436164e-08
18,4-back,Fz,32,1.0115957616115706e-07
18,4-back,Fz,33,5.909913847082877e-08
18,4-back,Fz,34,6.382680454820553e-08
18,4-back,Fz,35,1.4846870986746246e-07
18,4-back,Fz,36,8.104509970798546e-08
18,4-back,Fz,37,5.2691023790310376e-08
18,4-back,Fz,38,7.14285190338781e-08
18,4-back,Fz,39,3.731920067422437e-08
18,4-back,Fz,40,1.0311625782166986e-07
18,4-back,Fz,41,3.201890470093337e-08
18,4-back,Fz,42,5.837490467944285e-08
18,4-back,Fz,43,6.184520143805815e-08
