Sample,Condition,Electrode,Epoch,Theta_Power
1,1-back,F3,1,5.5734302323696485e-11
1,1-back,F3,2,2.2148704638737268e-10
1,1-back,F3,3,4.069832593337322e-10
1,1-back,F3,4,1.3630877632369605e-10
1,1-back,F3,5,2.953561485747541e-11
1,1-back,F3,6,2.6335929749523974e-11
1,1-back,F3,7,3.3441768778438785e-10
1,1-back,F3,8,5.216525086200379e-11
1,1-back,F3,9,4.856441741783948e-11
1,1-back,F3,10,1.2689895222390033e-10
1,1-back,F3,11,3.036155138766707e-11
1,1-back,F3,12,7.6986880155021e-11
1,1-back,F3,13,6.161276215122238e-11
1,1-back,F3,14,1.5341161543182938e-10
1,1-back,F3,15,3.110173597833226e-11
1,1-back,F3,16,7.854105796391888e-11
1,1-back,F3,17,7.210907117087446e-11
1,1-back,F3,18,1.132048523890021e-10
1,1-back,F3,19,4.185909478210203e-11
1,1-back,F3,20,2.395851078501407e-10
1,1-back,F3,21,4.6404163948849234e-11
1,1-back,F3,22,1.5028660466619036e-10
1,1-back,F3,23,1.9230865167858975e-10
1,1-back,F3,24,4.3586185590248035e-11
1,1-back,F3,25,2.577157769526337e-10
1,1-back,F3,26,1.5596273569599406e-10
1,1-back,F3,27,1.1411324356452785e-10
1,1-back,F3,28,1.2060537617033596e-10
1,1-back,F3,29,4.106726746813829e-11
1,1-back,F3,30,6.595038765153304e-11
1,1-back,F3,31,8.361086128971586e-11
1,1-back,F3,32,5.35311546104968e-11
1,1-back,F3,33,2.101096970580706e-10
1,1-back,F3,34,1.220663966446444e-10
1,1-back,F3,35,6.430163329360831e-11
1,1-back,F3,36,5.6562394674237976e-11
1,1-back,F3,37,3.676696089910922e-11
1,1-back,F3,38,4.8838534683889734e-11
1,1-back,F3,39,2.452134218421892e-11
1,1-back,F3,40,1.7052259766174812e-10
1,1-back,F3,41,2.713404453778137e-11
1,1-back,F3,42,1.3457335452334923e-10
1,1-back,F3,43,7.097366959486118e-11
1,1-back,F3,44,5.584388432641682e-11
1,1-back,F3,45,9.69436874020099e-11
1,1-back,F3,46,3.083820500122354e-11
1,1-back,F3,47,3.810689198184526e-11
1,1-back,F3,48,3.0499343935698386e-11
1,1-back,F3,49,3.6616249482094165e-11
1,1-back,F4,1,3.1951334979401224e-11
1,1-back,F4,2,2.0133102947648287e-10
1,1-back,F4,3,3.8865527138669685e-10
1,1-back,F4,4,1.2613624336502527e-10
1,1-back,F4,5,2.3182967446680085e-11
1,1-back,F4,6,2.1475644535886464e-11
1,1-back,F4,7,2.8578236665382765e-10
1,1-back,F4,8,2.4638876933731404e-11
1,1-back,F4,9,7.457680575817434e-11
1,1-back,F4,10,1.3128374964740883e-10
1,1-back,F4,11,4.330731501705911e-11
1,1-back,F4,12,4.268879755319224e-11
1,1-back,F4,13,5.572221541369987e-11
1,1-back,F4,14,1.592436694533815e-10
1,1-back,F4,15,2.6090484962137943e-11
1,1-back,F4,16,7.398496491724234e-11
1,1-back,F4,17,5.243493778133658e-11
1,1-back,F4,18,5.082317228772502e-11
1,1-back,F4,19,3.1132256066000143e-11
1,1-back,F4,20,2.7228318086695214e-10
1,1-back,F4,21,7.578783322624999e-11
1,1-back,F4,22,1.5863550880449156e-10
1,1-back,F4,23,8.163567304155345e-11
1,1-back,F4,24,7.42738028332717e-11
1,1-back,F4,25,3.9068242096230834e-10
1,1-back,F4,26,1.652806793305205e-10
1,1-back,F4,27,1.1993847019018517e-10
1,1-back,F4,28,1.5345451404140567e-10
1,1-back,F4,29,3.833603319800934e-11
1,1-back,F4,30,5.574759127967138e-11
1,1-back,F4,31,1.9519705178732637e-10
1,1-back,F4,32,5.554151753916958e-11
1,1-back,F4,33,1.7201468315317545e-10
1,1-back,F4,34,8.813156833052006e-11
1,1-back,F4,35,2.8615800437397982e-11
1,1-back,F4,36,4.7559510630748317e-11
1,1-back,F4,37,1.8358155450610526e-11
1,1-back,F4,38,2.0849807765049063e-11
1,1-back,F4,39,4.1940331392327664e-11
1,1-back,F4,40,1.3748268051478347e-10
1,1-back,F4,41,9.577227879570098e-11
1,1-back,F4,42,9.262277957047463e-11
1,1-back,F4,43,5.762072977614426e-11
1,1-back,F4,44,6.800702009566205e-11
1,1-back,F4,45,9.146079532458955e-11
1,1-back,F4,46,2.9076796156913778e-11
1,1-back,F4,47,3.6829572219849694e-11
1,1-back,F4,48,1.766676369901254e-11
1,1-back,F4,49,6.578370361698169e-11
1,1-back,F7,1,1.3388398616235363e-10
1,1-back,F7,2,3.158926362830932e-10
1,1-back,F7,3,4.5227754769736255e-10
1,1-back,F7,4,7.599621908560313e-11
1,1-back,F7,5,2.4034070404704787e-11
1,1-back,F7,6,2.180853982620988e-11
1,1-back,F7,7,3.298923088106216e-10
1,1-back,F7,8,7.568011867796436e-11
1,1-back,F7,9,8.555638072961053e-11
1,1-back,F7,10,1.3645707047127916e-10
1,1-back,F7,11,1.3395770809800978e-10
1,1-back,F7,12,6.602870428406237e-11
1,1-back,F7,13,8.378238911478963e-11
1,1-back,F7,14,2.4585377601682914e-10
1,1-back,F7,15,3.6977246912298193e-11
1,1-back,F7,16,7.591912986964208e-11
1,1-back,F7,17,7.964182041666208e-11
1,1-back,F7,18,1.0050030607165637e-10
1,1-back,F7,19,3.589771561185401e-11
1,1-back,F7,20,1.3662034088219495e-10
1,1-back,F7,21,4.1047639024683635e-11
1,1-back,F7,22,1.2858255625985777e-10
1,1-back,F7,23,4.879670692273449e-11
1,1-back,F7,24,3.824125640608239e-11
1,1-back,F7,25,1.45128494372098e-10
1,1-back,F7,26,2.0380046207407648e-10
1,1-back,F7,27,5.7419577448719783e-11
1,1-back,F7,28,1.915929426709284e-10
1,1-back,F7,29,8.435606951337034e-11
1,1-back,F7,30,7.71444294054982e-11
1,1-back,F7,31,1.542133510103271e-10
1,1-back,F7,32,1.2542077725651346e-10
1,1-back,F7,33,1.9082125432759225e-10
1,1-back,F7,34,5.7343682988015373e-11
1,1-back,F7,35,1.2652390481288502e-10
1,1-back,F7,36,1.9001659788558267e-10
1,1-back,F7,37,4.3511850221652514e-10
1,1-back,F7,38,5.858553650085881e-11
1,1-back,F7,39,1.4087914627149956e-11
1,1-back,F7,40,4.4178943371433194e-10
1,1-back,F7,41,1.724326293796719e-11
1,1-back,F7,42,1.6773262877373073e-10
1,1-back,F7,43,4.673206787379804e-11
1,1-back,F7,44,5.535522854881545e-11
1,1-back,F7,45,2.721988882800795e-10
1,1-back,F7,46,6.721452961802581e-11
1,1-back,F7,47,2.440869650341106e-11
1,1-back,F7,48,5.720781248610686e-11
1,1-back,F7,49,1.0181276868852685e-11
1,1-back,F8,1,2.1131620051078578e-11
1,1-back,F8,2,2.0207296164325215e-10
1,1-back,F8,3,5.490846898406646e-10
1,1-back,F8,4,6.685646036689765e-11
1,1-back,F8,5,3.712484878358521e-11
1,1-back,F8,6,2.1627781632663895e-11
1,1-back,F8,7,3.2973852327549426e-10
1,1-back,F8,8,2.4815987944395816e-11
1,1-back,F8,9,6.117353783378945e-11
1,1-back,F8,10,8.757321985916031e-11
1,1-back,F8,11,2.1203087616876944e-11
1,1-back,F8,12,1.41731088781047e-11
1,1-back,F8,13,2.1860422789193924e-11
1,1-back,F8,14,1.5616958667870978e-10
1,1-back,F8,15,1.5890761201207257e-11
1,1-back,F8,16,4.151808593861448e-11
1,1-back,F8,17,4.4644125413692796e-11
1,1-back,F8,18,3.7046752479756286e-11
1,1-back,F8,19,4.1868212332005e-11
1,1-back,F8,20,1.601955875550811e-10
1,1-back,F8,21,3.9884285757753684e-11
1,1-back,F8,22,2.1255966174384417e-10
1,1-back,F8,23,1.0366606964113947e-10
1,1-back,F8,24,4.5085692820584135e-11
1,1-back,F8,25,2.2516024782687685e-10
1,1-back,F8,26,1.9351650330443092e-10
1,1-back,F8,27,4.563256421103015e-11
1,1-back,F8,28,9.017804429835488e-11
1,1-back,F8,29,4.184165169840385e-11
1,1-back,F8,30,5.135651307540753e-11
1,1-back,F8,31,2.119354913891644e-10
1,1-back,F8,32,5.670786749705306e-11
1,1-back,F8,33,1.0613001077124464e-10
1,1-back,F8,34,6.38702956506098e-11
1,1-back,F8,35,4.300628731858154e-11
1,1-back,F8,36,3.3647849055269857e-11
1,1-back,F8,37,1.4622267729372897e-11
1,1-back,F8,38,2.3724520849022393e-11
1,1-back,F8,39,3.708715677021315e-11
1,1-back,F8,40,2.1657477116046805e-10
1,1-back,F8,41,5.313023503269733e-11
1,1-back,F8,42,8.636240392351797e-11
1,1-back,F8,43,1.1155256749753274e-11
1,1-back,F8,44,5.368023664497804e-11
1,1-back,F8,45,8.05682793537622e-11
1,1-back,F8,46,2.6323446722734557e-11
1,1-back,F8,47,8.02088311436965e-11
1,1-back,F8,48,4.123037536436687e-11
1,1-back,F8,49,6.904491805897703e-11
1,1-back,Fz,1,2.6988248147629294e-11
1,1-back,Fz,2,2.3994473937189226e-10
1,1-back,Fz,3,4.1676411814425676e-10
1,1-back,Fz,4,1.9401327899206912e-10
1,1-back,Fz,5,1.8442892299262978e-11
1,1-back,Fz,6,3.467437009870401e-11
1,1-back,Fz,7,2.6750419269899134e-10
1,1-back,Fz,8,3.749614607064453e-11
1,1-back,Fz,9,5.105405050387485e-11
1,1-back,Fz,10,2.1455039999444155e-10
1,1-back,Fz,11,4.784775519659705e-11
1,1-back,Fz,12,7.528757976345825e-11
1,1-back,Fz,13,7.984657447367849e-11
1,1-back,Fz,14,1.6540255719781643e-10
1,1-back,Fz,15,3.9027248573143676e-11
1,1-back,Fz,16,8.48729679455448e-11
1,1-back,Fz,17,6.249891958434969e-11
1,1-back,Fz,18,5.2397146396790787e-11
1,1-back,Fz,19,1.8770751465882313e-11
1,1-back,Fz,20,2.5783123934419903e-10
1,1-back,Fz,21,7.010852742059972e-11
1,1-back,Fz,22,1.3128130677774073e-10
1,1-back,Fz,23,9.681768152076543e-11
1,1-back,Fz,24,4.712918261930191e-11
1,1-back,Fz,25,3.749383234015589e-10
1,1-back,Fz,26,1.656453245864697e-10
1,1-back,Fz,27,9.624176164818855e-11
1,1-back,Fz,28,1.7307247884489593e-10
1,1-back,Fz,29,4.561869369437565e-11
1,1-back,Fz,30,6.772733545111034e-11
1,1-back,Fz,31,9.031156416262457e-11
1,1-back,Fz,32,6.940775000354871e-11
1,1-back,Fz,33,2.4775065168867386e-10
1,1-back,Fz,34,1.3243616584020502e-10
1,1-back,Fz,35,3.8658123384917106e-11
1,1-back,Fz,36,3.831953603309248e-11
1,1-back,Fz,37,2.6168513671265888e-11
1,1-back,Fz,38,4.169047875473121e-11
1,1-back,Fz,39,2.1648729775832168e-11
1,1-back,Fz,40,1.731308224563737e-10
1,1-back,Fz,41,6.691529745420005e-11
1,1-back,Fz,42,1.0527765276864742e-10
1,1-back,Fz,43,1.0521672270401107e-10
1,1-back,Fz,44,8.744769731855105e-11
1,1-back,Fz,45,1.1770389863667252e-10
1,1-back,Fz,46,4.656500050181474e-11
1,1-back,Fz,47,5.577194448673817e-11
1,1-back,Fz,48,2.276249477960115e-11
1,1-back,Fz,49,8.193910482689608e-11
1,2-back,F3,1,2.8913236365335065e-11
1,2-back,F3,2,1.1105422917443227e-10
1,2-back,F3,3,7.293424033654266e-11
1,2-back,F3,4,1.4934238700692806e-10
1,2-back,F3,5,1.5741604439686295e-11
1,2-back,F3,6,5.077971079930125e-11
1,2-back,F3,7,9.630610316793557e-11
1,2-back,F3,8,5.2314527753490485e-11
1,2-back,F3,9,8.612832877305536e-11
1,2-back,F3,10,5.206905857908753e-11
1,2-back,F3,11,1.358508992092803e-10
1,2-back,F3,12,1.3227329013147227e-10
1,2-back,F3,13,9.788920911924373e-11
1,2-back,F3,14,1.6585247080996075e-10
1,2-back,F3,15,8.652016072477469e-11
1,2-back,F3,16,1.4412242112430587e-10
1,2-back,F3,17,3.324951354126925e-10
1,2-back,F3,18,6.593805865688138e-11
1,2-back,F3,19,1.1024283838779876e-10
1,2-back,F3,20,1.0892804032709287e-10
1,2-back,F3,21,1.9356975370210474e-10
1,2-back,F3,22,1.42802936558486e-10
1,2-back,F3,23,1.4634251390572348e-10
1,2-back,F3,24,1.670910768735211e-10
1,2-back,F3,25,2.1879570819232186e-10
1,2-back,F3,26,4.053871295037876e-10
1,2-back,F3,27,6.95789526019017e-11
1,2-back,F3,28,1.6775714345780813e-10
1,2-back,F3,29,4.1153392858786326e-11
1,2-back,F3,30,9.688697973178823e-11
1,2-back,F3,31,9.158423011646929e-11
1,2-back,F3,32,4.435967440813695e-10
1,2-back,F3,33,1.220364052891585e-10
1,2-back,F3,34,1.7813360223552503e-10
1,2-back,F3,35,8.193556672362988e-11
1,2-back,F3,36,3.7606348310625906e-11
1,2-back,F3,37,1.0046775693895033e-10
1,2-back,F3,38,1.6743061017577116e-10
1,2-back,F3,39,5.813581058906131e-11
1,2-back,F3,40,1.4682656635456548e-10
1,2-back,F3,41,1.8803209655651211e-10
1,2-back,F3,42,4.6240056572136266e-11
1,2-back,F3,43,2.3167875582272178e-10
1,2-back,F3,44,1.0103313899080604e-10
1,2-back,F4,1,2.972633117421444e-11
1,2-back,F4,2,7.84153518675519e-11
1,2-back,F4,3,8.570693108845573e-11
1,2-back,F4,4,1.2872922715675898e-10
1,2-back,F4,5,1.8707987469866066e-11
1,2-back,F4,6,3.50875648552239e-11
1,2-back,F4,7,5.554657465264313e-11
1,2-back,F4,8,9.946568072911434e-11
1,2-back,F4,9,1.0973555613491276e-10
1,2-back,F4,10,4.095930530506349e-11
1,2-back,F4,11,1.3853095252478659e-10
1,2-back,F4,12,7.645761780725344e-11
1,2-back,F4,13,7.663523364006746e-11
1,2-back,F4,14,1.0809114778805001e-10
1,2-back,F4,15,9.613582484973262e-11
1,2-back,F4,16,8.196054492509837e-11
1,2-back,F4,17,3.778415086073729e-10
1,2-back,F4,18,8.666225917266264e-11
1,2-back,F4,19,7.490211696459752e-11
1,2-back,F4,20,8.711040374132079e-11
1,2-back,F4,21,1.4459561554493907e-10
1,2-back,F4,22,1.5279655742389447e-10
1,2-back,F4,23,1.0998293701094855e-10
1,2-back,F4,24,1.247173745822972e-10
1,2-back,F4,25,1.800303433184718e-10
1,2-back,F4,26,3.3697956327307946e-10
1,2-back,F4,27,8.218279276143956e-11
1,2-back,F4,28,1.0222717986981391e-10
1,2-back,F4,29,4.3593865680748244e-11
1,2-back,F4,30,5.267299623736605e-11
1,2-back,F4,31,7.467532910630546e-11
1,2-back,F4,32,2.701344388470447e-10
1,2-back,F4,33,1.8213732856485402e-11
1,2-back,F4,34,1.6714584657240733e-10
1,2-back,F4,35,1.0536688312678782e-10
1,2-back,F4,36,4.0905687886823174e-11
1,2-back,F4,37,6.900413043027247e-11
1,2-back,F4,38,1.3538204403266561e-10
1,2-back,F4,39,6.524050732088143e-11
1,2-back,F4,40,1.0370054190935687e-10
1,2-back,F4,41,1.2218847471972112e-10
1,2-back,F4,42,3.838721943305908e-11
1,2-back,F4,43,1.0481851750855477e-10
1,2-back,F4,44,1.8064831625505243e-10
1,2-back,F7,1,8.619485163166803e-11
1,2-back,F7,2,8.920520557423864e-11
1,2-back,F7,3,3.4727079278766027e-10
1,2-back,F7,4,1.4297775199362009e-10
1,2-back,F7,5,4.134626802235081e-10
1,2-back,F7,6,4.2588589815711914e-10
1,2-back,F7,7,7.181062161220637e-11
1,2-back,F7,8,7.61397190822149e-11
1,2-back,F7,9,1.2499724101195404e-10
1,2-back,F7,10,1.8549483407938477e-10
1,2-back,F7,11,1.5667844433329865e-10
1,2-back,F7,12,7.811593780829997e-11
1,2-back,F7,13,1.2267634419578855e-10
1,2-back,F7,14,1.2874991438600392e-10
1,2-back,F7,15,1.4019415482168567e-10
1,2-back,F7,16,1.1855082587072725e-10
1,2-back,F7,17,3.042993770687658e-10
1,2-back,F7,18,4.3929927819837905e-11
1,2-back,F7,19,5.1824850631530985e-11
1,2-back,F7,20,1.0798707034774168e-10
1,2-back,F7,21,2.949040825630615e-10
1,2-back,F7,22,1.7928864485300636e-10
1,2-back,F7,23,1.6602920439327214e-10
1,2-back,F7,24,1.3694098762063134e-10
1,2-back,F7,25,6.211050786753199e-11
1,2-back,F7,26,5.749097206505856e-10
1,2-back,F7,27,1.0169114757205879e-10
1,2-back,F7,28,1.141558473471615e-10
1,2-back,F7,29,5.5625127510391296e-11
1,2-back,F7,30,8.036252280346076e-11
1,2-back,F7,31,6.50045910944965e-11
1,2-back,F7,32,4.328509229802162e-10
1,2-back,F7,33,1.9465115768574204e-10
1,2-back,F7,34,1.3452021387736228e-10
1,2-back,F7,35,9.465650328714305e-11
1,2-back,F7,36,1.0709565571713138e-10
1,2-back,F7,37,1.70048717020505e-10
1,2-back,F7,38,1.9584067018920813e-10
1,2-back,F7,39,1.9900660856108767e-11
1,2-back,F7,40,6.791616139311287e-11
1,2-back,F7,41,1.6033349922146372e-10
1,2-back,F7,42,3.440361738606276e-11
1,2-back,F7,43,9.878706930520176e-11
1,2-back,F7,44,6.965110311015878e-11
1,2-back,F8,1,5.4614823108396266e-11
1,2-back,F8,2,9.984204700056856e-11
1,2-back,F8,3,1.0136542725034152e-10
1,2-back,F8,4,1.3430386570281338e-10
1,2-back,F8,5,3.121421219433647e-11
1,2-back,F8,6,3.00465763926677e-11
1,2-back,F8,7,2.230466369779591e-11
1,2-back,F8,8,3.3139238115090254e-11
1,2-back,F8,9,8.681256926576173e-11
1,2-back,F8,10,3.555697272896826e-11
1,2-back,F8,11,1.4013377472031744e-10
1,2-back,F8,12,7.387832347981754e-11
1,2-back,F8,13,8.01431028114586e-11
1,2-back,F8,14,1.5613339531523306e-10
1,2-back,F8,15,1.1136735821325614e-10
1,2-back,F8,16,8.245379180116925e-11
1,2-back,F8,17,3.240489845171328e-10
1,2-back,F8,18,7.92908513592291e-11
1,2-back,F8,19,8.517008170645301e-11
1,2-back,F8,20,9.579796225185736e-11
1,2-back,F8,21,1.6528491938758057e-10
1,2-back,F8,22,1.3078464212672295e-10
1,2-back,F8,23,1.1699204470245728e-10
1,2-back,F8,24,8.88209608090461e-11
1,2-back,F8,25,1.1539070961194221e-10
1,2-back,F8,26,3.5002257169539276e-10
1,2-back,F8,27,5.833620205457773e-11
1,2-back,F8,28,6.656096104776855e-11
1,2-back,F8,29,3.911331448352644e-11
1,2-back,F8,30,5.092482405133903e-11
1,2-back,F8,31,4.1789178672917563e-11
1,2-back,F8,32,2.1932060105380815e-10
1,2-back,F8,33,6.331906408392396e-11
1,2-back,F8,34,2.7068365753464263e-10
1,2-back,F8,35,8.180347699605794e-11
1,2-back,F8,36,4.1681159498930383e-11
1,2-back,F8,37,8.377413094007526e-11
1,2-back,F8,38,1.3744851081816197e-10
1,2-back,F8,39,4.62209621654317e-11
1,2-back,F8,40,7.793783127314737e-11
1,2-back,F8,41,9.508678739525721e-11
1,2-back,F8,42,4.0459503553194754e-11
1,2-back,F8,43,3.775982271842818e-11
1,2-back,F8,44,1.5035071365675775e-10
1,2-back,Fz,1,3.069738614442041e-11
1,2-back,Fz,2,9.187482873204798e-11
1,2-back,Fz,3,7.057566354870362e-11
1,2-back,Fz,4,1.4493858596940361e-10
1,2-back,Fz,5,1.6864024583986957e-11
1,2-back,Fz,6,4.686242500562644e-11
1,2-back,Fz,7,8.510114103694129e-11
1,2-back,Fz,8,6.097066253238309e-11
1,2-back,Fz,9,7.932661144591426e-11
1,2-back,Fz,10,3.9669871022508897e-11
1,2-back,Fz,11,1.3995505241443353e-10
1,2-back,Fz,12,1.1668970344098e-10
1,2-back,Fz,13,7.990251138194133e-11
1,2-back,Fz,14,1.873188948871667e-10
1,2-back,Fz,15,8.63644135495041e-11
1,2-back,Fz,16,9.3027758024364e-11
1,2-back,Fz,17,6.030334079949944e-10
1,2-back,Fz,18,7.666359998800054e-11
1,2-back,Fz,19,7.179523454327592e-11
1,2-back,Fz,20,1.0748595701867934e-10
1,2-back,Fz,21,1.6546570445235346e-10
1,2-back,Fz,22,1.2599655852552854e-10
1,2-back,Fz,23,1.432055108912118e-10
1,2-back,Fz,24,1.4859880835960102e-10
1,2-back,Fz,25,2.0362258514168071e-10
1,2-back,Fz,26,4.139962094514877e-10
1,2-back,Fz,27,6.532463269892437e-11
1,2-back,Fz,28,1.8412202614852628e-10
1,2-back,Fz,29,3.434414839784876e-11
1,2-back,Fz,30,1.0440607976767249e-10
1,2-back,Fz,31,1.018124769914418e-10
1,2-back,Fz,32,3.510887291241323e-10
1,2-back,Fz,33,3.5524054064280126e-11
1,2-back,Fz,34,1.8058571176948575e-10
1,2-back,Fz,35,9.965282402539971e-11
1,2-back,Fz,36,3.5624569181870757e-11
1,2-back,Fz,37,8.685160851181873e-11
1,2-back,Fz,38,1.5849308143927292e-10
1,2-back,Fz,39,5.450415728339103e-11
1,2-back,Fz,40,1.5948878140619355e-10
1,2-back,Fz,41,1.5256194115459335e-10
1,2-back,Fz,42,4.16288124928693e-11
1,2-back,Fz,43,2.457287460730001e-10
1,2-back,Fz,44,1.629063955971368e-10
1,3-back,F3,1,7.89628199114376e-11
1,3-back,F3,2,8.177329620774573e-11
1,3-back,F3,3,9.748622880511986e-11
1,3-back,F3,4,1.4070238063694173e-10
1,3-back,F3,5,2.3744285748119474e-10
1,3-back,F3,6,9.998992623591994e-11
1,3-back,F3,7,1.0596902164645558e-10
1,3-back,F3,8,4.965629537460901e-11
1,3-back,F3,9,5.623851986805517e-11
1,3-back,F3,10,2.4144645511443884e-10
1,3-back,F3,11,3.1423218152216874e-11
1,3-back,F3,12,6.988546458083521e-11
1,3-back,F3,13,1.34484815150995e-10
1,3-back,F3,14,7.143664624301524e-11
1,3-back,F3,15,9.22521035044805e-11
1,3-back,F3,16,7.769439359883501e-11
1,3-back,F3,17,1.425873994431666e-10
1,3-back,F3,18,2.8004225672843586e-11
1,3-back,F3,19,1.8023026662249215e-10
1,3-back,F3,20,9.739539526399271e-11
1,3-back,F3,21,3.344251911887165e-11
1,3-back,F3,22,3.87361549458928e-11
1,3-back,F3,23,1.8631876555408214e-10
1,3-back,F3,24,6.454781648151323e-11
1,3-back,F3,25,3.5906428389863175e-11
1,3-back,F3,26,8.697850794591247e-11
1,3-back,F3,27,1.3104498619331528e-10
1,3-back,F3,28,1.2432758577710152e-10
1,3-back,F3,29,5.241436035053015e-11
1,3-back,F3,30,5.095271131587932e-11
1,3-back,F3,31,1.04196287144499e-10
1,3-back,F3,32,5.066700711881662e-11
1,3-back,F3,33,1.736572456632554e-10
1,3-back,F3,34,9.264717819240417e-11
1,3-back,F3,35,8.395040815866219e-11
1,3-back,F3,36,7.382025239093617e-11
1,3-back,F3,37,1.9762177763422116e-10
1,3-back,F3,38,4.424956006877058e-11
1,3-back,F3,39,7.167125077422193e-11
1,3-back,F3,40,1.9088272739698372e-10
1,3-back,F3,41,1.1007675721600969e-10
1,3-back,F3,42,3.566255518635028e-11
1,3-back,F3,43,1.0452757378702207e-10
1,3-back,F3,44,2.655011636373701e-10
1,3-back,F3,45,1.7592021244314784e-11
1,3-back,F3,46,2.407867482514824e-10
1,3-back,F3,47,2.7918166500723187e-10
1,3-back,F3,48,5.5972892570634104e-11
1,3-back,F3,49,9.834517748572739e-11
1,3-back,F3,50,6.291929283058206e-11
1,3-back,F3,51,1.3849703384956228e-10
1,3-back,F3,52,9.354140142929205e-11
1,3-back,F3,53,5.983663204950996e-11
1,3-back,F3,54,1.5703659379089933e-10
1,3-back,F3,55,1.680755771143047e-10
1,3-back,F3,56,1.012733467188727e-10
1,3-back,F3,57,1.8384580171810598e-10
1,3-back,F3,58,2.4112389352145195e-10
1,3-back,F3,59,1.7487344529536896e-10
1,3-back,F4,1,3.464175538784888e-11
1,3-back,F4,2,1.4037185003837265e-10
1,3-back,F4,3,8.026753938053792e-11
1,3-back,F4,4,1.4323984395881778e-10
1,3-back,F4,5,4.0297072827735786e-10
1,3-back,F4,6,8.378599464888884e-11
1,3-back,F4,7,6.167360830694954e-11
1,3-back,F4,8,3.417245991834776e-11
1,3-back,F4,9,5.171073161512133e-11
1,3-back,F4,10,1.7131134883183857e-10
1,3-back,F4,11,2.4149885406398346e-11
1,3-back,F4,12,5.424256207542254e-11
1,3-back,F4,13,1.2547374996294656e-10
1,3-back,F4,14,8.862982169424362e-11
1,3-back,F4,15,6.44259402861131e-11
1,3-back,F4,16,6.267016874988765e-11
1,3-back,F4,17,7.415767620449923e-11
1,3-back,F4,18,4.614472605298686e-11
1,3-back,F4,19,1.9610322967419454e-10
1,3-back,F4,20,5.100866853803066e-11
1,3-back,F4,21,5.101057260501402e-11
1,3-back,F4,22,6.324233604886702e-11
1,3-back,F4,23,1.356391679306448e-10
1,3-back,F4,24,1.0805159716732855e-10
1,3-back,F4,25,6.153708858375764e-11
1,3-back,F4,26,7.455903475136684e-11
1,3-back,F4,27,1.15190718374409e-10
1,3-back,F4,28,7.954615252151322e-11
1,3-back,F4,29,9.262469178835639e-11
1,3-back,F4,30,3.4293023101305e-11
1,3-back,F4,31,1.4186508111220128e-10
1,3-back,F4,32,4.056297336944671e-11
1,3-back,F4,33,9.028573708096385e-11
1,3-back,F4,34,3.421998375762157e-11
1,3-back,F4,35,5.329661696384942e-11
1,3-back,F4,36,7.653050925683024e-11
1,3-back,F4,37,2.2174154736044863e-10
1,3-back,F4,38,3.40317933293849e-11
1,3-back,F4,39,3.591326572073718e-11
1,3-back,F4,40,1.2387670242208303e-10
1,3-back,F4,41,1.4653715777815372e-10
1,3-back,F4,42,2.5363001673509626e-11
1,3-back,F4,43,8.439760985063078e-11
1,3-back,F4,44,1.9703184534547551e-10
1,3-back,F4,45,5.1586320059074604e-11
1,3-back,F4,46,1.711711912428499e-10
1,3-back,F4,47,2.218505836776245e-10
1,3-back,F4,48,9.84104022975055e-11
1,3-back,F4,49,1.101517336057203e-10
1,3-back,F4,50,4.238850511025381e-11
1,3-back,F4,51,8.112986663914415e-11
1,3-back,F4,52,8.247789566179333e-11
1,3-back,F4,53,5.29421485656201e-11
1,3-back,F4,54,7.404454502386484e-11
1,3-back,F4,55,7.008883829016263e-11
1,3-back,F4,56,7.051921893914603e-11
1,3-back,F4,57,3.8042059797429774e-11
1,3-back,F4,58,2.2820359499565866e-10
1,3-back,F4,59,1.4375569210965912e-10
1,3-back,F7,1,1.2079791162536243e-10
1,3-back,F7,2,6.584656841840238e-11
1,3-back,F7,3,1.4711157244281917e-10
1,3-back,F7,4,2.1124530191390746e-10
1,3-back,F7,5,1.5890461332918956e-10
1,3-back,F7,6,2.2078019309197125e-10
1,3-back,F7,7,2.503188324700508e-10
1,3-back,F7,8,2.861724618115202e-11
1,3-back,F7,9,1.015724932925393e-10
1,3-back,F7,10,2.8080887644953883e-10
1,3-back,F7,11,4.39586431517295e-11
1,3-back,F7,12,1.3335190968179087e-10
1,3-back,F7,13,2.5956920888153643e-10
1,3-back,F7,14,1.731793964745401e-10
1,3-back,F7,15,1.2739678607110273e-10
1,3-back,F7,16,5.349826056152014e-11
1,3-back,F7,17,1.0106821564904982e-10
1,3-back,F7,18,2.8721810000716338e-11
1,3-back,F7,19,2.2024715431754697e-10
1,3-back,F7,20,7.854921766069437e-11
1,3-back,F7,21,3.5984918960896327e-11
1,3-back,F7,22,5.2380107200679013e-11
1,3-back,F7,23,2.808890279032889e-10
1,3-back,F7,24,2.961960691220699e-11
1,3-back,F7,25,1.5310099563282712e-11
1,3-back,F7,26,5.222370277774975e-11
1,3-back,F7,27,1.7904215767725318e-10
1,3-back,F7,28,1.439025603410129e-10
1,3-back,F7,29,5.095389373835697e-11
1,3-back,F7,30,4.1245821484060076e-11
1,3-back,F7,31,1.5252438302719003e-10
1,3-back,F7,32,4.154367766592014e-11
1,3-back,F7,33,1.9121647447184345e-10
1,3-back,F7,34,6.061731328213068e-11
1,3-back,F7,35,4.2530564507538685e-11
1,3-back,F7,36,6.628567163034297e-11
1,3-back,F7,37,1.6593127844517203e-10
1,3-back,F7,38,2.4044010718073535e-11
1,3-back,F7,39,5.056720554289885e-11
1,3-back,F7,40,1.345943463096394e-10
1,3-back,F7,41,1.907946081078242e-10
1,3-back,F7,42,6.870635030621751e-11
1,3-back,F7,43,9.912534883324493e-11
1,3-back,F7,44,1.5345669401625753e-10
1,3-back,F7,45,9.229354670724237e-12
1,3-back,F7,46,3.354239883261341e-10
1,3-back,F7,47,3.471298852915362e-10
1,3-back,F7,48,2.4705540837761017e-11
1,3-back,F7,49,1.6358348104103576e-10
1,3-back,F7,50,7.882743286850416e-11
1,3-back,F7,51,2.4560374344116004e-10
1,3-back,F7,52,6.751487333339877e-11
1,3-back,F7,53,1.088429517221331e-10
1,3-back,F7,54,8.658602289041759e-11
1,3-back,F7,55,6.57689261274403e-11
1,3-back,F7,56,1.3997552036252164e-10
1,3-back,F7,57,3.705548660774017e-11
1,3-back,F7,58,4.406875620087082e-10
1,3-back,F7,59,1.0355547422647238e-10
1,3-back,F8,1,2.4713536633360928e-11
1,3-back,F8,2,8.941590497351508e-11
1,3-back,F8,3,1.3561805105506005e-10
1,3-back,F8,4,1.902783107075304e-10
1,3-back,F8,5,4.345127534979264e-10
1,3-back,F8,6,1.4751463870897112e-10
1,3-back,F8,7,9.687075854869887e-11
1,3-back,F8,8,4.4108630833759e-11
1,3-back,F8,9,3.998009521395805e-11
1,3-back,F8,10,1.9440925202987656e-10
1,3-back,F8,11,2.9149015261463485e-11
1,3-back,F8,12,6.827124796301003e-11
1,3-back,F8,13,2.324529845536271e-10
1,3-back,F8,14,1.1338237048922593e-10
1,3-back,F8,15,7.003837994796338e-11
1,3-back,F8,16,4.750017556314683e-11
1,3-back,F8,17,6.890452542836185e-11
1,3-back,F8,18,5.6907362104382945e-11
1,3-back,F8,19,1.7125253465098998e-10
1,3-back,F8,20,5.590918984374168e-11
1,3-back,F8,21,6.719239793035056e-11
1,3-back,F8,22,5.910574666748002e-11
1,3-back,F8,23,2.0061836487157802e-10
1,3-back,F8,24,8.462576426888197e-11
1,3-back,F8,25,6.686456063345415e-11
1,3-back,F8,26,2.885093134443148e-11
1,3-back,F8,27,1.1046898118580512e-10
1,3-back,F8,28,1.1554366058532542e-10
1,3-back,F8,29,1.3586060976504967e-10
1,3-back,F8,30,6.547894604476636e-11
1,3-back,F8,31,1.5815446709357077e-10
1,3-back,F8,32,1.7549832615842907e-11
1,3-back,F8,33,1.0713642627565828e-10
1,3-back,F8,34,3.197627535364358e-11
1,3-back,F8,35,5.28761462934246e-11
1,3-back,F8,36,3.486539812601396e-11
1,3-back,F8,37,2.3151210585119744e-10
1,3-back,F8,38,4.74742896149586e-11
1,3-back,F8,39,1.0268310484373181e-11
1,3-back,F8,40,6.281244990590075e-11
1,3-back,F8,41,2.247284042744708e-10
1,3-back,F8,42,5.2211552987190984e-11
1,3-back,F8,43,6.644972478757648e-11
1,3-back,F8,44,1.387290207812083e-10
1,3-back,F8,45,4.069402931685672e-11
1,3-back,F8,46,1.2355876671294757e-10
1,3-back,F8,47,2.1846840274901056e-10
1,3-back,F8,48,6.832305877585369e-11
1,3-back,F8,49,1.2868199664969847e-10
1,3-back,F8,50,3.336621991049781e-11
1,3-back,F8,51,5.915568529824371e-11
1,3-back,F8,52,7.542372317551609e-11
1,3-back,F8,53,9.56692845854067e-11
1,3-back,F8,54,7.580239958045388e-11
1,3-back,F8,55,5.714511659201776e-11
1,3-back,F8,56,6.737255963440698e-11
1,3-back,F8,57,3.5945961891208506e-11
1,3-back,F8,58,2.9690171110710297e-10
1,3-back,F8,59,1.40922417054323e-10
1,3-back,Fz,1,5.4357167649651116e-11
1,3-back,Fz,2,1.3197347668662254e-10
1,3-back,Fz,3,9.207545067045287e-11
1,3-back,Fz,4,1.3878976545730598e-10
1,3-back,Fz,5,3.072824926831664e-10
1,3-back,Fz,6,9.291989921242993e-11
1,3-back,Fz,7,8.614801220181868e-11
1,3-back,Fz,8,5.130666560441491e-11
1,3-back,Fz,9,5.5492863996043246e-11
1,3-back,Fz,10,2.4969063977504327e-10
1,3-back,Fz,11,1.6560255322749545e-11
1,3-back,Fz,12,5.655114685319295e-11
1,3-back,Fz,13,1.2801403245123517e-10
1,3-back,Fz,14,7.746407780798301e-11
1,3-back,Fz,15,7.319397619431984e-11
1,3-back,Fz,16,1.0099424117099279e-10
1,3-back,Fz,17,1.2929188350578794e-10
1,3-back,Fz,18,2.5045161351206938e-11
1,3-back,Fz,19,1.883473177312037e-10
1,3-back,Fz,20,8.666409953316188e-11
1,3-back,Fz,21,2.8630466937027377e-11
1,3-back,Fz,22,6.647559970473222e-11
1,3-back,Fz,23,1.5376094832557544e-10
1,3-back,Fz,24,1.0441203228573789e-10
1,3-back,Fz,25,6.989732680635798e-11
1,3-back,Fz,26,8.729394789077364e-11
1,3-back,Fz,27,1.400108259166897e-10
1,3-back,Fz,28,9.369321415664434e-11
1,3-back,Fz,29,7.419678637657121e-11
1,3-back,Fz,30,4.166350220372349e-11
1,3-back,Fz,31,1.7903469786391458e-10
1,3-back,Fz,32,4.1935442799588664e-11
1,3-back,Fz,33,1.1924909008387162e-10
1,3-back,Fz,34,6.903139645142038e-11
1,3-back,Fz,35,5.645094886186852e-11
1,3-back,Fz,36,9.706059125797119e-11
1,3-back,Fz,37,2.5839133053898484e-10
1,3-back,Fz,38,3.3729928388465496e-11
1,3-back,Fz,39,7.055884594015092e-11
1,3-back,Fz,40,2.065629485309952e-10
1,3-back,Fz,41,1.1690115535707948e-10
1,3-back,Fz,42,1.9377427723436198e-11
1,3-back,Fz,43,1.0037850290198022e-10
1,3-back,Fz,44,2.4740714290389297e-10
1,3-back,Fz,45,2.989975582011818e-11
1,3-back,Fz,46,2.0772690964940493e-10
1,3-back,Fz,47,2.778806457319761e-10
1,3-back,Fz,48,6.798201027486897e-11
1,3-back,Fz,49,9.544553382135472e-11
1,3-back,Fz,50,4.604124276935709e-11
1,3-back,Fz,51,1.1729947803871887e-10
1,3-back,Fz,52,1.2334949227753573e-10
1,3-back,Fz,53,1.0077022618129865e-10
1,3-back,Fz,54,4.9429520565360576e-11
1,3-back,Fz,55,8.178621835960095e-11
1,3-back,Fz,56,6.93017574861623e-11
1,3-back,Fz,57,3.9846834407271026e-11
1,3-back,Fz,58,2.232294917600767e-10
1,3-back,Fz,59,1.8531621522344654e-10
1,4-back,F3,1,4.800328451839202e-11
1,4-back,F3,2,1.7675983706213863e-10
1,4-back,F3,3,1.347311435504013e-10
1,4-back,F3,4,6.548505588993323e-11
1,4-back,F3,5,2.2901750062143208e-10
1,4-back,F3,6,1.74777215330173e-10
1,4-back,F3,7,2.939766451383751e-10
1,4-back,F3,8,8.909406205182264e-11
1,4-back,F3,9,5.804933098582595e-10
1,4-back,F3,10,5.995486362864406e-10
1,4-back,F3,11,9.964284725825036e-11
1,4-back,F3,12,5.0774080576551536e-11
1,4-back,F3,13,2.297124567956139e-10
1,4-back,F3,14,6.490970748618314e-11
1,4-back,F3,15,2.1951691160938992e-10
1,4-back,F3,16,1.5155303101726464e-10
1,4-back,F3,17,2.0192360420135192e-10
1,4-back,F3,18,1.663967587472711e-10
1,4-back,F3,19,7.511781996706666e-11
1,4-back,F3,20,3.2795387379963353e-10
1,4-back,F3,21,6.506578716108967e-11
1,4-back,F3,22,4.244264742375775e-10
1,4-back,F3,23,1.0752979468873997e-10
1,4-back,F3,24,1.0757329048313113e-10
1,4-back,F3,25,1.015965414030916e-10
1,4-back,F3,26,8.068305032575009e-11
1,4-back,F3,27,1.4445296228288858e-10
1,4-back,F3,28,1.3099827608950322e-10
1,4-back,F3,29,8.684220354400045e-11
1,4-back,F3,30,3.431678789453586e-10
1,4-back,F3,31,7.11006465666814e-11
1,4-back,F3,32,2.3158160170120894e-10
1,4-back,F3,33,1.022096046136439e-10
1,4-back,F3,34,3.8722423882270485e-10
1,4-back,F3,35,2.422570196183802e-10
1,4-back,F3,36,1.1285077666881615e-10
1,4-back,F3,37,7.282368609593497e-11
1,4-back,F3,38,6.494279359764337e-11
1,4-back,F3,39,1.1108383770753708e-10
1,4-back,F3,40,2.7518362766644275e-10
1,4-back,F3,41,5.451496704185576e-10
1,4-back,F3,42,1.5196089968048537e-10
1,4-back,F3,43,8.815314400852589e-11
1,4-back,F3,44,8.281686675857483e-11
1,4-back,F3,45,1.207906866511883e-11
1,4-back,F3,46,3.658653443529983e-11
1,4-back,F4,1,3.4444286901269705e-11
1,4-back,F4,2,1.802870388000806e-10
1,4-back,F4,3,9.769007345841256e-11
1,4-back,F4,4,4.5785467530094545e-11
1,4-back,F4,5,1.895201523828561e-10
1,4-back,F4,6,1.7942451996564945e-10
1,4-back,F4,7,1.7166822848854564e-10
1,4-back,F4,8,7.999773786160034e-11
1,4-back,F4,9,4.777567430350602e-10
1,4-back,F4,10,4.1961832888912074e-10
1,4-back,F4,11,1.56457716087956e-10
1,4-back,F4,12,7.79312762930092e-11
1,4-back,F4,13,1.1040747698686992e-10
1,4-back,F4,14,3.312077094543671e-11
1,4-back,F4,15,1.2864187848918853e-10
1,4-back,F4,16,7.548300939465527e-11
1,4-back,F4,17,1.049318599777362e-10
1,4-back,F4,18,1.1757025048240343e-10
1,4-back,F4,19,1.1220662438617044e-10
1,4-back,F4,20,2.5672861682098573e-10
1,4-back,F4,21,1.8085799010589938e-11
1,4-back,F4,22,8.411735915187153e-10
1,4-back,F4,23,8.314809548037817e-11
1,4-back,F4,24,1.0230635509393873e-10
1,4-back,F4,25,9.657318330349628e-11
1,4-back,F4,26,7.308891249479395e-11
1,4-back,F4,27,9.966091182987435e-11
1,4-back,F4,28,1.8194556635286562e-10
1,4-back,F4,29,8.162195617157096e-11
1,4-back,F4,30,2.044728906539108e-10
1,4-back,F4,31,7.788438842201945e-11
1,4-back,F4,32,2.7144296681693046e-10
1,4-back,F4,33,1.4417317374979313e-10
1,4-back,F4,34,2.7619734345575404e-10
1,4-back,F4,35,1.7836679527112552e-10
1,4-back,F4,36,7.13801178197866e-11
1,4-back,F4,37,8.911108694214388e-11
1,4-back,F4,38,1.0740159602505541e-10
1,4-back,F4,39,1.008588157812667e-10
1,4-back,F4,40,1.8065884986783372e-10
1,4-back,F4,41,5.040982029197191e-10
1,4-back,F4,42,1.5409849851302531e-10
1,4-back,F4,43,6.111381889108527e-11
1,4-back,F4,44,7.583820911663605e-11
1,4-back,F4,45,8.842768092205234e-12
1,4-back,F4,46,3.186295043490236e-11
1,4-back,F7,1,8.214094485177722e-11
1,4-back,F7,2,1.0980387875088613e-10
1,4-back,F7,3,8.236642051533628e-11
1,4-back,F7,4,4.408435306981281e-11
1,4-back,F7,5,1.5619642641311711e-10
1,4-back,F7,6,3.507551431145203e-10
1,4-back,F7,7,5.042989138025764e-10
1,4-back,F7,8,1.3245775649086852e-10
1,4-back,F7,9,1.0479656072442769e-09
1,4-back,F7,10,8.209307738559136e-10
1,4-back,F7,11,1.287817503442651e-10
1,4-back,F7,12,3.731519994068921e-11
1,4-back,F7,13,2.4243126339700825e-10
1,4-back,F7,14,3.0483803612280943e-11
1,4-back,F7,15,1.6628968564911235e-10
1,4-back,F7,16,1.364943252717065e-10
1,4-back,F7,17,1.1263636395281059e-10
1,4-back,F7,18,1.8396657353915252e-10
1,4-back,F7,19,2.4410824661986092e-11
1,4-back,F7,20,4.1236736699163703e-10
1,4-back,F7,21,1.288830631110429e-10
1,4-back,F7,22,2.9409816211009113e-10
1,4-back,F7,23,1.1240561028341789e-10
1,4-back,F7,24,9.765384793348221e-11
1,4-back,F7,25,2.1573559240738535e-10
1,4-back,F7,26,8.232936115711753e-11
1,4-back,F7,27,1.2450897111816797e-10
1,4-back,F7,28,1.9609186287840198e-10
1,4-back,F7,29,1.580202946913644e-11
1,4-back,F7,30,3.2196530331058e-10
1,4-back,F7,31,1.3465096377075365e-10
1,4-back,F7,32,4.456134634826677e-10
1,4-back,F7,33,1.942950286093245e-10
1,4-back,F7,34,4.031303693635285e-10
1,4-back,F7,35,3.9386105110964154e-10
1,4-back,F7,36,7.731168269778929e-11
1,4-back,F7,37,1.7622723776878233e-10
1,4-back,F7,38,9.033681085357176e-11
1,4-back,F7,39,1.5917002949240854e-10
1,4-back,F7,40,2.929550741327363e-10
1,4-back,F7,41,8.145875874107721e-10
1,4-back,F7,42,1.0116850433606545e-10
1,4-back,F7,43,4.957455596439786e-11
1,4-back,F7,44,1.2578148180066725e-10
1,4-back,F7,45,4.6546373168824555e-11
1,4-back,F7,46,2.2635138382065203e-11
1,4-back,F8,1,1.7249775362794403e-11
1,4-back,F8,2,1.5336034985674825e-10
1,4-back,F8,3,8.84841719098904e-11
1,4-back,F8,4,3.963460452709364e-11
1,4-back,F8,5,1.411247020588162e-10
1,4-back,F8,6,2.38815550171457e-10
1,4-back,F8,7,2.5384166429010905e-10
1,4-back,F8,8,6.887561396183487e-11
1,4-back,F8,9,6.263316026007615e-10
1,4-back,F8,10,4.859458297136912e-10
1,4-back,F8,11,7.326557177047868e-11
1,4-back,F8,12,1.0423616022954287e-10
1,4-back,F8,13,2.0202995384670227e-10
1,4-back,F8,14,4.184114091700842e-11
1,4-back,F8,15,6.858972393900348e-11
1,4-back,F8,16,7.898814745972782e-11
1,4-back,F8,17,3.3434543860323245e-11
1,4-back,F8,18,1.3236270098809521e-10
1,4-back,F8,19,5.001850146468397e-11
1,4-back,F8,20,2.821062653721249e-10
1,4-back,F8,21,2.0121333200191306e-11
1,4-back,F8,22,6.471906987200845e-10
1,4-back,F8,23,1.0612886601771302e-10
1,4-back,F8,24,9.721306852864248e-11
1,4-back,F8,25,1.1633345158110298e-10
1,4-back,F8,26,5.6767399539506743e-11
1,4-back,F8,27,8.468287775889387e-11
1,4-back,F8,28,2.3988702425092356e-10
1,4-back,F8,29,3.5302193706235255e-11
1,4-back,F8,30,2.0983460146750982e-10
1,4-back,F8,31,9.419005736851296e-11
1,4-back,F8,32,3.184652693274661e-10
1,4-back,F8,33,2.804670392475763e-10
1,4-back,F8,34,2.6299101443365514e-10
1,4-back,F8,35,2.9881743002367705e-10
1,4-back,F8,36,4.7711775524120525e-11
1,4-back,F8,37,1.1289850658553844e-10
1,4-back,F8,38,9.335932701896789e-11
1,4-back,F8,39,1.6239538478022883e-10
1,4-back,F8,40,3.721131621709106e-10
1,4-back,F8,41,5.96174955819479e-10
1,4-back,F8,42,7.354255963099971e-11
1,4-back,F8,43,7.18541285502324e-11
1,4-back,F8,44,1.0979142286993079e-10
1,4-back,F8,45,9.898666760434089e-12
1,4-back,F8,46,1.3514255028678642e-11
1,4-back,Fz,1,3.863089598218456e-11
1,4-back,Fz,2,2.2486204202022745e-10
1,4-back,Fz,3,1.4722555678317405e-10
1,4-back,Fz,4,3.565935443043293e-11
1,4-back,Fz,5,2.0983748809674567e-10
1,4-back,Fz,6,1.9527893376914515e-10
1,4-back,Fz,7,2.393582029901717e-10
1,4-back,Fz,8,9.521918709026259e-11
1,4-back,Fz,9,4.964290987885306e-10
1,4-back,Fz,10,5.47899503834809e-10
1,4-back,Fz,11,9.557970332200315e-11
1,4-back,Fz,12,6.679419764938749e-11
1,4-back,Fz,13,1.88382194801679e-10
1,4-back,Fz,14,6.67457250174862e-11
1,4-back,Fz,15,2.4337532085516525e-10
1,4-back,Fz,16,1.3162702766279355e-10
1,4-back,Fz,17,2.0563992217694657e-10
1,4-back,Fz,18,1.35721949505565e-10
1,4-back,Fz,19,1.2097415544174505e-10
1,4-back,Fz,20,3.1613017767063535e-10
1,4-back,Fz,21,6.819953862801276e-11
1,4-back,Fz,22,4.4822209748215173e-10
1,4-back,Fz,23,7.252370881774556e-11
1,4-back,Fz,24,6.964376897032092e-11
1,4-back,Fz,25,1.1079520098240165e-10
1,4-back,Fz,26,8.192428002808296e-11
1,4-back,Fz,27,1.182063163721177e-10
1,4-back,Fz,28,1.4663223589693432e-10
1,4-back,Fz,29,7.717452660172569e-11
1,4-back,Fz,30,2.520638348101875e-10
1,4-back,Fz,31,8.101802980575593e-11
1,4-back,Fz,32,3.081258210873855e-10
1,4-back,Fz,33,1.0640280865153466e-10
1,4-back,Fz,34,3.124633127217874e-10
1,4-back,Fz,35,2.4260338607546813e-10
1,4-back,Fz,36,8.896807865844153e-11
1,4-back,Fz,37,7.73863132056835e-11
1,4-back,Fz,38,8.708157723777118e-11
1,4-back,Fz,39,9.689746608525192e-11
1,4-back,Fz,40,2.2197282847591176e-10
1,4-back,Fz,41,4.760245849647376e-10
1,4-back,Fz,42,1.2011546432310296e-10
1,4-back,Fz,43,7.329219901958222e-11
1,4-back,Fz,44,8.09210950612571e-11
1,4-back,Fz,45,2.7115298214967344e-11
1,4-back,Fz,46,2.9141495049732185e-11
2,1-back,F3,1,1.0424484560087878e-10
2,1-back,F3,2,2.6590898925233313e-11
2,1-back,F3,3,7.441232285697389e-11
2,1-back,F3,4,1.3196394140492796e-10
2,1-back,F3,5,4.683973448561953e-10
2,1-back,F3,6,3.651305720472229e-11
2,1-back,F3,7,4.143141688732957e-11
2,1-back,F3,8,5.259251267343017e-10
2,1-back,F3,9,2.8254022928392425e-10
2,1-back,F3,10,1.3301906836248422e-10
2,1-back,F3,11,7.88816131929335e-11
2,1-back,F3,12,1.1585621212124936e-10
2,1-back,F3,13,1.5983803477540454e-10
2,1-back,F3,14,1.0572366053488615e-10
2,1-back,F3,15,4.265971599275758e-11
2,1-back,F3,16,9.732671431118631e-11
2,1-back,F3,17,5.058859357021924e-11
2,1-back,F3,18,2.9286081130498707e-10
2,1-back,F3,19,4.416888732904175e-11
2,1-back,F3,20,4.4789588659672353e-11
2,1-back,F3,21,5.435553198164796e-10
2,1-back,F3,22,2.44166307071917e-11
2,1-back,F3,23,4.223063740453686e-11
2,1-back,F3,24,3.933974599824156e-11
2,1-back,F3,25,6.661596113604487e-11
2,1-back,F3,26,4.289317227717225e-11
2,1-back,F3,27,4.515524384499109e-11
2,1-back,F3,28,5.368321636674032e-11
2,1-back,F3,29,6.566866246543042e-11
2,1-back,F3,30,4.727371601640292e-11
2,1-back,F3,31,2.160857399253491e-11
2,1-back,F3,32,6.07671102821224e-11
2,1-back,F3,33,3.117341684438164e-11
2,1-back,F3,34,1.5552591236503694e-11
2,1-back,F3,35,5.2302554716671355e-11
2,1-back,F3,36,7.814699352442427e-11
2,1-back,F3,37,5.6300091447819334e-11
2,1-back,F3,38,3.3019770215476746e-11
2,1-back,F3,39,3.5793945098138656e-11
2,1-back,F3,40,8.55057080033651e-11
2,1-back,F3,41,1.524492963290883e-10
2,1-back,F3,42,2.8008461864032606e-11
2,1-back,F3,43,8.610903874776899e-11
2,1-back,F3,44,3.346721135688864e-11
2,1-back,F3,45,8.406774391918907e-11
2,1-back,F3,46,3.4092469915766524e-11
2,1-back,F3,47,4.215700002076284e-11
2,1-back,F3,48,5.4328376001613985e-11
2,1-back,F3,49,7.818975458638499e-11
2,1-back,F3,50,1.1314104273277342e-10
2,1-back,F3,51,4.352663101066226e-11
2,1-back,F3,52,1.1788801766041012e-10
2,1-back,F3,53,1.0692401092180348e-10
2,1-back,F3,54,4.0990203335539715e-11
2,1-back,F3,55,8.01324998828311e-11
2,1-back,F3,56,3.2934523042364704e-11
2,1-back,F3,57,2.712363479270765e-10
2,1-back,F3,58,4.86125388890006e-11
2,1-back,F3,59,1.5240665501751646e-10
2,1-back,F3,60,2.649819781118943e-10
2,1-back,F3,61,5.821077757874425e-11
2,1-back,F3,62,2.857979129145967e-10
2,1-back,F3,63,1.0346664120942184e-10
2,1-back,F3,64,3.3184286856129616e-10
2,1-back,F3,65,8.471466667880328e-11
2,1-back,F3,66,4.317091718362932e-11
2,1-back,F3,67,7.855851364776423e-11
2,1-back,F3,68,6.804999291703547e-11
2,1-back,F4,1,9.996548839100101e-11
2,1-back,F4,2,1.388830248280082e-11
2,1-back,F4,3,5.0194411679433395e-11
2,1-back,F4,4,1.1297870160317392e-10
2,1-back,F4,5,2.142738866933426e-10
2,1-back,F4,6,5.926691308560513e-11
2,1-back,F4,7,3.174287044146751e-11
2,1-back,F4,8,3.458439374528292e-10
2,1-back,F4,9,2.761363393772156e-10
2,1-back,F4,10,1.609734383650959e-10
2,1-back,F4,11,8.836788349823089e-11
2,1-back,F4,12,7.180139333685887e-11
2,1-back,F4,13,9.600504181426884e-11
2,1-back,F4,14,6.200327794522663e-11
2,1-back,F4,15,5.928330222711055e-11
2,1-back,F4,16,1.2222574947159867e-10
2,1-back,F4,17,4.9227002518256043e-11
2,1-back,F4,18,1.7671156720285083e-10
2,1-back,F4,19,9.406361808532393e-11
2,1-back,F4,20,4.386245639152171e-11
2,1-back,F4,21,4.201851590849736e-10
2,1-back,F4,22,5.496746008442912e-11
2,1-back,F4,23,7.072593836441395e-11
2,1-back,F4,24,7.744397547741566e-11
2,1-back,F4,25,6.336983526203158e-11
2,1-back,F4,26,4.279410468785742e-11
2,1-back,F4,27,1.4428394201355457e-11
2,1-back,F4,28,2.531032695282208e-10
2,1-back,F4,29,8.268464671478467e-11
2,1-back,F4,30,4.823934629995987e-11
2,1-back,F4,31,1.9897111349495315e-11
2,1-back,F4,32,1.0858420210548098e-10
2,1-back,F4,33,4.082691964228678e-11
2,1-back,F4,34,3.889756951931127e-11
2,1-back,F4,35,1.5614656746993344e-11
2,1-back,F4,36,2.033423151300221e-11
2,1-back,F4,37,2.7780611599678043e-11
2,1-back,F4,38,2.941287810110418e-11
2,1-back,F4,39,7.495453577623591e-11
2,1-back,F4,40,9.451982508524303e-11
2,1-back,F4,41,9.003223939039069e-11
2,1-back,F4,42,3.9912903001133434e-11
2,1-back,F4,43,6.185881987156605e-11
2,1-back,F4,44,4.0517883337003546e-11
2,1-back,F4,45,7.642610439098166e-11
2,1-back,F4,46,2.2988625708797435e-11
2,1-back,F4,47,2.088403993552322e-11
2,1-back,F4,48,6.726478249990235e-11
2,1-back,F4,49,4.942644317114885e-11
2,1-back,F4,50,1.6166946144256237e-10
2,1-back,F4,51,5.279585880993816e-11
2,1-back,F4,52,1.2829701113096241e-10
2,1-back,F4,53,4.743798979272602e-11
2,1-back,F4,54,4.2967157665155804e-11
2,1-back,F4,55,6.30429212814802e-11
2,1-back,F4,56,3.7210235879706155e-11
2,1-back,F4,57,2.755001972588326e-10
2,1-back,F4,58,3.4045480117046105e-11
2,1-back,F4,59,1.271295607526414e-10
2,1-back,F4,60,1.5470766069814265e-10
2,1-back,F4,61,4.1212403585548e-11
2,1-back,F4,62,2.1524547279671855e-10
2,1-back,F4,63,6.669093845118692e-11
2,1-back,F4,64,3.5311456141947763e-10
2,1-back,F4,65,9.999784674322227e-11
2,1-back,F4,66,3.2292017324061046e-11
2,1-back,F4,67,7.640985115778183e-11
2,1-back,F4,68,9.683010788008234e-11
2,1-back,F7,1,8.56978027832671e-11
2,1-back,F7,2,1.7562422470949622e-11
2,1-back,F7,3,6.413597203892053e-11
2,1-back,F7,4,9.784700823341009e-11
2,1-back,F7,5,6.112751152815213e-10
2,1-back,F7,6,2.1462680624569157e-11
2,1-back,F7,7,1.0198789714114083e-11
2,1-back,F7,8,1.33172985733239e-09
2,1-back,F7,9,2.854902638665485e-10
2,1-back,F7,10,3.3514091682622023e-10
2,1-back,F7,11,7.517825441169611e-11
2,1-back,F7,12,2.477798560102881e-10
2,1-back,F7,13,1.0318928599201912e-10
2,1-back,F7,14,5.981103392654011e-11
2,1-back,F7,15,2.391004592801647e-11
2,1-back,F7,16,1.2301990735133303e-10
2,1-back,F7,17,3.844760248004869e-11
2,1-back,F7,18,4.566562217223935e-10
2,1-back,F7,19,1.9039406384771462e-11
2,1-back,F7,20,7.882350660121656e-11
2,1-back,F7,21,8.732050718779768e-10
2,1-back,F7,22,3.732253647452288e-11
2,1-back,F7,23,8.299919572935702e-11
2,1-back,F7,24,4.754379730627439e-11
2,1-back,F7,25,6.029315441769313e-11
2,1-back,F7,26,3.987580185314772e-11
2,1-back,F7,27,5.7521810069605126e-11
2,1-back,F7,28,5.1209686908088534e-11
2,1-back,F7,29,5.25986058635007e-11
2,1-back,F7,30,8.112392603702109e-11
2,1-back,F7,31,5.070778915380541e-11
2,1-back,F7,32,4.7939165557281325e-11
2,1-back,F7,33,2.0080029595846947e-11
2,1-back,F7,34,1.1603825642735526e-11
2,1-back,F7,35,3.8548858899946526e-11
2,1-back,F7,36,6.378286137929039e-11
2,1-back,F7,37,4.57829181148467e-11
2,1-back,F7,38,9.556860751766815e-12
2,1-back,F7,39,3.28024781332906e-11
2,1-back,F7,40,5.14557444036281e-11
2,1-back,F7,41,2.213508187297265e-10
2,1-back,F7,42,3.291278141087548e-11
2,1-back,F7,43,5.0304926059088494e-11
2,1-back,F7,44,1.7739214757594347e-11
2,1-back,F7,45,6.11567613240398e-11
2,1-back,F7,46,1.6428244818287577e-11
2,1-back,F7,47,7.986334734745203e-11
2,1-back,F7,48,3.877046307561832e-11
2,1-back,F7,49,5.4487351712815287e-11
2,1-back,F7,50,8.435684283247822e-11
2,1-back,F7,51,6.126958734751821e-11
2,1-back,F7,52,1.244162953096258e-10
2,1-back,F7,53,7.123137736292838e-11
2,1-back,F7,54,2.502348720064178e-11
2,1-back,F7,55,5.1549255635608325e-11
2,1-back,F7,56,2.3726485196780783e-11
2,1-back,F7,57,3.10472070525157e-10
2,1-back,F7,58,2.5035518915876517e-11
2,1-back,F7,59,2.134641816150591e-10
2,1-back,F7,60,2.707947630051171e-10
2,1-back,F7,61,5.813415732704682e-11
2,1-back,F7,62,3.4029236912378627e-10
2,1-back,F7,63,1.2763721724849408e-10
2,1-back,F7,64,4.852990970703519e-10
2,1-back,F7,65,2.0254047383540603e-10
2,1-back,F7,66,4.4669471833325916e-11
2,1-back,F7,67,1.5141609970866663e-10
2,1-back,F7,68,3.3770710047459694e-11
2,1-back,F8,1,6.883380468180672e-11
2,1-back,F8,2,1.443414439472731e-11
2,1-back,F8,3,4.4363224221278274e-11
2,1-back,F8,4,5.798546285349655e-11
2,1-back,F8,5,2.8680275726177117e-10
2,1-back,F8,6,4.243563635556524e-11
2,1-back,F8,7,6.784773183855329e-11
2,1-back,F8,8,2.990963518856076e-10
2,1-back,F8,9,2.6953714292044243e-10
2,1-back,F8,10,2.676830469294128e-10
2,1-back,F8,11,6.554359064497841e-11
2,1-back,F8,12,8.29655011541452e-11
2,1-back,F8,13,3.343447237945564e-11
2,1-back,F8,14,6.249316789342316e-11
2,1-back,F8,15,6.421162093968988e-11
2,1-back,F8,16,1.0951570641089806e-10
2,1-back,F8,17,3.375709650473926e-11
2,1-back,F8,18,2.559240155504487e-10
2,1-back,F8,19,5.905036426697845e-11
2,1-back,F8,20,3.089445445083229e-11
2,1-back,F8,21,4.0988851469122415e-10
2,1-back,F8,22,4.50429584316588e-11
2,1-back,F8,23,6.056967785816294e-11
2,1-back,F8,24,9.03851751933463e-11
2,1-back,F8,25,4.631822894343689e-11
2,1-back,F8,26,3.934254585859578e-11
2,1-back,F8,27,1.2787345341537953e-11
2,1-back,F8,28,1.7999138658651865e-10
2,1-back,F8,29,9.778245806668929e-11
2,1-back,F8,30,4.045754074657687e-11
2,1-back,F8,31,1.6690954647591466e-11
2,1-back,F8,32,6.861184462033987e-11
2,1-back,F8,33,4.503832487029595e-11
2,1-back,F8,34,3.611883179657519e-11
2,1-back,F8,35,2.0699674890638296e-11
2,1-back,F8,36,1.2328827386969895e-11
2,1-back,F8,37,6.091120691371559e-11
2,1-back,F8,38,4.815741698648789e-11
2,1-back,F8,39,1.983227109352954e-11
2,1-back,F8,40,3.8877647837397435e-11
2,1-back,F8,41,1.3635441790058223e-10
2,1-back,F8,42,2.586980514498819e-11
2,1-back,F8,43,4.5291083387215786e-11
2,1-back,F8,44,2.8749436568378167e-11
2,1-back,F8,45,3.952534924088897e-11
2,1-back,F8,46,1.8009386256244048e-11
2,1-back,F8,47,4.3283276679568574e-11
2,1-back,F8,48,7.749437494010151e-11
2,1-back,F8,49,4.907147866235623e-11
2,1-back,F8,50,1.37329520044573e-10
2,1-back,F8,51,5.496237562815825e-11
2,1-back,F8,52,9.124276221513377e-11
2,1-back,F8,53,4.425067120316116e-11
2,1-back,F8,54,5.046451880427041e-11
2,1-back,F8,55,5.4807742648043824e-11
2,1-back,F8,56,4.1456665613235135e-11
2,1-back,F8,57,3.627093197977654e-10
2,1-back,F8,58,1.6588288705281928e-11
2,1-back,F8,59,1.6717614100961295e-10
2,1-back,F8,60,2.2164035110173404e-10
2,1-back,F8,61,5.2226517045017136e-11
2,1-back,F8,62,2.412914116250669e-10
2,1-back,F8,63,1.3038883129299518e-10
2,1-back,F8,64,4.704110735518709e-10
2,1-back,F8,65,1.1973845961180637e-10
2,1-back,F8,66,1.6252415308015145e-11
2,1-back,F8,67,1.0499976192461903e-10
2,1-back,F8,68,6.201366118116335e-11
2,1-back,Fz,1,9.937914517457997e-11
2,1-back,Fz,2,1.8506110723545027e-11
2,1-back,Fz,3,6.778535724703985e-11
2,1-back,Fz,4,1.1124976128864767e-10
2,1-back,Fz,5,2.3358020445565107e-10
2,1-back,Fz,6,7.994367954826245e-11
2,1-back,Fz,7,3.703979406877706e-11
2,1-back,Fz,8,4.3127372332260955e-10
2,1-back,Fz,9,2.767405016803007e-10
2,1-back,Fz,10,1.1864502016092478e-10
2,1-back,Fz,11,1.049526729257344e-10
2,1-back,Fz,12,8.939305196242816e-11
2,1-back,Fz,13,1.0634450335697464e-10
2,1-back,Fz,14,9.280646054743305e-11
2,1-back,Fz,15,6.237376579052645e-11
2,1-back,Fz,16,1.0493243383367139e-10
2,1-back,Fz,17,5.998372463470325e-11
2,1-back,Fz,18,1.7180994029506087e-10
2,1-back,Fz,19,7.403046108507248e-11
2,1-back,Fz,20,4.161800661882194e-11
2,1-back,Fz,21,4.611285788377435e-10
2,1-back,Fz,22,5.0405075424675144e-11
2,1-back,Fz,23,5.507236668416935e-11
2,1-back,Fz,24,6.165782794272666e-11
2,1-back,Fz,25,6.381838583654376e-11
2,1-back,Fz,26,3.6125511860693275e-11
2,1-back,Fz,27,3.0539054999750026e-11
2,1-back,Fz,28,1.1566827920831392e-10
2,1-back,Fz,29,6.34321462662583e-11
2,1-back,Fz,30,5.254209524260254e-11
2,1-back,Fz,31,1.504791900735387e-11
2,1-back,Fz,32,1.0808024785453671e-10
2,1-back,Fz,33,4.642225856612261e-11
2,1-back,Fz,34,2.3835539372341396e-11
2,1-back,Fz,35,3.185690449897465e-11
2,1-back,Fz,36,3.4188180377814716e-11
2,1-back,Fz,37,2.6844408647278752e-11
2,1-back,Fz,38,3.680852599994541e-11
2,1-back,Fz,39,7.996042644317321e-11
2,1-back,Fz,40,8.607255265479322e-11
2,1-back,Fz,41,1.1968977330865515e-10
2,1-back,Fz,42,2.134624891800664e-11
2,1-back,Fz,43,9.297288286744131e-11
2,1-back,Fz,44,2.7062797079546167e-11
2,1-back,Fz,45,1.1940574633594546e-10
2,1-back,Fz,46,4.2870789818151277e-11
2,1-back,Fz,47,2.813962937940052e-11
2,1-back,Fz,48,6.367851107783982e-11
2,1-back,Fz,49,5.102798290180368e-11
2,1-back,Fz,50,1.70693518872598e-10
2,1-back,Fz,51,4.56135262977677e-11
2,1-back,Fz,52,1.5619270272644969e-10
2,1-back,Fz,53,4.5198304314564767e-11
2,1-back,Fz,54,4.0233299815729594e-11
2,1-back,Fz,55,6.655230101823407e-11
2,1-back,Fz,56,1.9075674572916266e-11
2,1-back,Fz,57,2.8375421755394773e-10
2,1-back,Fz,58,5.471054696179817e-11
2,1-back,Fz,59,1.515473021047589e-10
2,1-back,Fz,60,2.1287072599364128e-10
2,1-back,Fz,61,7.362771371938255e-11
2,1-back,Fz,62,2.560306161872616e-10
2,1-back,Fz,63,8.524750567474941e-11
2,1-back,Fz,64,3.740952852310588e-10
2,1-back,Fz,65,8.330940408918732e-11
2,1-back,Fz,66,4.250649313960246e-11
2,1-back,Fz,67,9.119976846755415e-11
2,1-back,Fz,68,8.206634952480212e-11
2,2-back,F3,1,4.8862119004315985e-11
2,2-back,F3,2,1.0104236156099563e-10
2,2-back,F3,3,6.866344304734314e-11
2,2-back,F3,4,1.1062287594464331e-10
2,2-back,F3,5,3.039139024349379e-11
2,2-back,F3,6,1.8079587083551197e-10
2,2-back,F3,7,2.085630852719732e-10
2,2-back,F3,8,1.456161796128872e-10
2,2-back,F3,9,1.3064441462503802e-10
2,2-back,F3,10,1.494190838558809e-10
2,2-back,F3,11,8.232392297826575e-11
2,2-back,F3,12,1.0130909256308356e-10
2,2-back,F3,13,5.947601198277285e-11
2,2-back,F3,14,4.485993728279694e-11
2,2-back,F3,15,1.4379259668936889e-11
2,2-back,F3,16,1.5141835800837523e-10
2,2-back,F3,17,5.959475312841287e-11
2,2-back,F3,18,2.0085274234423421e-10
2,2-back,F3,19,1.4156870474878156e-10
2,2-back,F3,20,8.096434076273893e-11
2,2-back,F3,21,8.114000893662778e-11
2,2-back,F3,22,1.5990016882299656e-10
2,2-back,F3,23,1.4028547969849072e-10
2,2-back,F3,24,5.379728001132615e-11
2,2-back,F3,25,2.1632761621911274e-10
2,2-back,F3,26,5.754069998281129e-11
2,2-back,F3,27,6.966507272060385e-11
2,2-back,F3,28,6.942871155524208e-11
2,2-back,F3,29,1.7050725421892472e-10
2,2-back,F3,30,4.800328680486457e-11
2,2-back,F3,31,1.553660656532498e-10
2,2-back,F3,32,6.886182820672897e-11
2,2-back,F3,33,1.7595427715968073e-10
2,2-back,F3,34,1.610715449102273e-11
2,2-back,F3,35,1.2632217266540758e-10
2,2-back,F3,36,1.6614198223895203e-10
2,2-back,F3,37,8.580447856475342e-11
2,2-back,F3,38,1.731005565536273e-10
2,2-back,F3,39,2.1210829402886797e-10
2,2-back,F3,40,2.2097281653700548e-10
2,2-back,F3,41,5.445545020777383e-11
2,2-back,F3,42,9.028237963662205e-11
2,2-back,F3,43,2.0972453197193073e-11
2,2-back,F3,44,1.3697407316182422e-10
2,2-back,F3,45,8.564226168606524e-11
2,2-back,F3,46,1.7452954921341488e-10
2,2-back,F3,47,4.063049400897914e-11
2,2-back,F3,48,3.0479383777442515e-10
2,2-back,F3,49,2.643360600698265e-10
2,2-back,F3,50,1.5433258940351575e-10
2,2-back,F3,51,5.1608235286871625e-11
2,2-back,F3,52,3.433522681087378e-10
2,2-back,F3,53,4.331512881047752e-10
2,2-back,F3,54,7.571218489415422e-11
2,2-back,F3,55,4.1268797879008235e-10
2,2-back,F3,56,1.3483989845630255e-10
2,2-back,F3,57,2.920205327172256e-10
2,2-back,F3,58,2.7781184492466297e-10
2,2-back,F3,59,1.570604383534149e-10
2,2-back,F3,60,1.411697016983603e-10
2,2-back,F3,61,9.289971257477197e-11
2,2-back,F3,62,1.4313459946514855e-10
2,2-back,F3,63,5.0451694071890286e-11
2,2-back,F3,64,9.642438614562974e-11
2,2-back,F3,65,8.561555750104488e-11
2,2-back,F3,66,1.2546051118548803e-10
2,2-back,F3,67,1.539749384217708e-10
2,2-back,F4,1,4.192982738557356e-11
2,2-back,F4,2,5.90625732289055e-11
2,2-back,F4,3,1.2741450102209243e-10
2,2-back,F4,4,6.876559415160675e-11
2,2-back,F4,5,3.251403793422794e-11
2,2-back,F4,6,1.3439545148873637e-10
2,2-back,F4,7,1.7915885903609103e-10
2,2-back,F4,8,2.0842507152108075e-10
2,2-back,F4,9,8.514867967766346e-11
2,2-back,F4,10,1.475767672466311e-10
2,2-back,F4,11,6.927260681938056e-11
2,2-back,F4,12,7.171397169109017e-11
2,2-back,F4,13,4.7777094317914136e-11
2,2-back,F4,14,5.500659974984326e-11
2,2-back,F4,15,4.371036985730089e-11
2,2-back,F4,16,1.8770603151014796e-10
2,2-back,F4,17,1.4546267006820671e-10
2,2-back,F4,18,1.2446552219126962e-10
2,2-back,F4,19,1.4903145064079942e-10
2,2-back,F4,20,4.87589811973564e-11
2,2-back,F4,21,7.198687413725716e-11
2,2-back,F4,22,1.708733693070294e-10
2,2-back,F4,23,1.618971820398788e-10
2,2-back,F4,24,2.984396930695649e-11
2,2-back,F4,25,2.070616675374105e-10
2,2-back,F4,26,1.7988084184672905e-11
2,2-back,F4,27,5.592994363652112e-11
2,2-back,F4,28,2.477816015496558e-11
2,2-back,F4,29,1.509496594666887e-10
2,2-back,F4,30,2.457560447281999e-11
2,2-back,F4,31,1.6131880371582057e-10
2,2-back,F4,32,8.996377582261724e-11
2,2-back,F4,33,6.101220515202975e-11
2,2-back,F4,34,4.010463289120608e-11
2,2-back,F4,35,1.1459183477644935e-10
2,2-back,F4,36,1.3404305340923673e-10
2,2-back,F4,37,7.676496966265274e-11
2,2-back,F4,38,2.03795491046754e-10
2,2-back,F4,39,1.2771645345273744e-10
2,2-back,F4,40,1.9872757060221874e-10
2,2-back,F4,41,5.487076064391818e-11
2,2-back,F4,42,8.504132249780755e-11
2,2-back,F4,43,4.9264168391221425e-11
2,2-back,F4,44,1.1723716142460154e-10
2,2-back,F4,45,9.374505435392696e-11
2,2-back,F4,46,6.163629512536604e-11
2,2-back,F4,47,7.046165216855553e-11
2,2-back,F4,48,2.68615848836305e-10
2,2-back,F4,49,2.034858430732394e-10
2,2-back,F4,50,1.4413787325551804e-10
2,2-back,F4,51,6.295143536285183e-11
2,2-back,F4,52,2.685227296036903e-10
2,2-back,F4,53,4.134405942583411e-10
2,2-back,F4,54,5.8080351085472454e-11
2,2-back,F4,55,2.3154146855693564e-10
2,2-back,F4,56,6.42708570137178e-11
2,2-back,F4,57,2.2022197031488287e-10
2,2-back,F4,58,2.153391123822929e-10
2,2-back,F4,59,1.361619625373289e-10
2,2-back,F4,60,6.646802156116927e-11
2,2-back,F4,61,8.784704545688202e-11
2,2-back,F4,62,1.0754098456819466e-10
2,2-back,F4,63,5.5187771193054046e-11
2,2-back,F4,64,8.980581298357591e-11
2,2-back,F4,65,7.918135224613633e-11
2,2-back,F4,66,1.2829403199515578e-10
2,2-back,F4,67,1.1292550972543021e-10
2,2-back,F7,1,5.830378242853933e-11
2,2-back,F7,2,1.0962443043806441e-10
2,2-back,F7,3,3.960099696468058e-11
2,2-back,F7,4,1.250559677726576e-10
2,2-back,F7,5,3.9188030886437624e-11
2,2-back,F7,6,3.5398346210265327e-10
2,2-back,F7,7,1.905400763517064e-10
2,2-back,F7,8,1.6231317905381085e-10
2,2-back,F7,9,1.4867697934585444e-10
2,2-back,F7,10,1.6561223880068824e-10
2,2-back,F7,11,2.8102381420038363e-11
2,2-back,F7,12,5.815947345340112e-11
2,2-back,F7,13,5.32620503243137e-11
2,2-back,F7,14,9.196437064134301e-11
2,2-back,F7,15,1.554561178519337e-11
2,2-back,F7,16,1.3320688972855293e-10
2,2-back,F7,17,8.091302815866494e-11
2,2-back,F7,18,4.783518945984816e-11
2,2-back,F7,19,1.1619102212824473e-10
2,2-back,F7,20,3.084152963523e-11
2,2-back,F7,21,8.25658238174044e-11
2,2-back,F7,22,1.4518277679011003e-10
2,2-back,F7,23,1.3786317984451153e-10
2,2-back,F7,24,5.024101868402847e-11
2,2-back,F7,25,3.246685686583532e-10
2,2-back,F7,26,2.6555190302350397e-11
2,2-back,F7,27,4.5996905167222134e-11
2,2-back,F7,28,4.8994191949012264e-11
2,2-back,F7,29,1.507663938963113e-10
2,2-back,F7,30,2.549864009997736e-11
2,2-back,F7,31,1.0028103013418775e-10
2,2-back,F7,32,3.7605340628337966e-11
2,2-back,F7,33,3.8927694739450363e-10
2,2-back,F7,34,5.13820060346958e-11
2,2-back,F7,35,6.301862979248116e-11
2,2-back,F7,36,4.3738494147716696e-10
2,2-back,F7,37,1.0517627569945163e-10
2,2-back,F7,38,2.4189920210191925e-10
2,2-back,F7,39,3.420458428853913e-10
2,2-back,F7,40,4.0613093010402016e-10
2,2-back,F7,41,4.1427165481757896e-11
2,2-back,F7,42,9.593892078002653e-11
2,2-back,F7,43,1.156705366437832e-11
2,2-back,F7,44,9.868491622616837e-11
2,2-back,F7,45,1.8563686179008708e-10
2,2-back,F7,46,1.0502756411675965e-10
2,2-back,F7,47,5.215412492332638e-11
2,2-back,F7,48,2.7320332946914526e-10
2,2-back,F7,49,5.162505100379457e-10
2,2-back,F7,50,1.2083473432867902e-10
2,2-back,F7,51,2.9440123679123655e-11
2,2-back,F7,52,7.066339276987603e-10
2,2-back,F7,53,5.54849829425161e-10
2,2-back,F7,54,1.5667968497642886e-10
2,2-back,F7,55,3.185623132067573e-10
2,2-back,F7,56,8.9837305817727e-11
2,2-back,F7,57,4.926752080055915e-10
2,2-back,F7,58,3.913125283142012e-10
2,2-back,F7,59,1.522642946932928e-10
2,2-back,F7,60,9.811202708283069e-11
2,2-back,F7,61,7.928025488121617e-11
2,2-back,F7,62,2.4848776365262484e-10
2,2-back,F7,63,5.856708395495405e-11
2,2-back,F7,64,9.794894365464383e-11
2,2-back,F7,65,6.893818138843472e-11
2,2-back,F7,66,1.3904556461305305e-10
2,2-back,F7,67,2.030339964227586e-10
2,2-back,F8,1,4.6795102380661305e-11
2,2-back,F8,2,6.640935776470926e-11
2,2-back,F8,3,5.213522479381288e-11
2,2-back,F8,4,9.256958395625668e-11
2,2-back,F8,5,6.490805521931162e-11
2,2-back,F8,6,2.44786463250301e-10
2,2-back,F8,7,2.371386128191448e-10
2,2-back,F8,8,1.4579208029237751e-10
2,2-back,F8,9,8.904654083218831e-11
2,2-back,F8,10,1.2315150676013068e-10
2,2-back,F8,11,5.9312515187902e-11
2,2-back,F8,12,5.661166310906431e-11
2,2-back,F8,13,3.677481780227909e-11
2,2-back,F8,14,7.053596874187049e-11
2,2-back,F8,15,3.164165489334195e-11
2,2-back,F8,16,1.539742045613375e-10
2,2-back,F8,17,1.242029327327028e-10
2,2-back,F8,18,6.653312006189709e-11
2,2-back,F8,19,9.890394187346558e-11
2,2-back,F8,20,2.3320048193786454e-11
2,2-back,F8,21,5.251582068962302e-11
2,2-back,F8,22,1.2777472183521113e-10
2,2-back,F8,23,1.4450243643488514e-10
2,2-back,F8,24,2.3037903960963066e-11
2,2-back,F8,25,2.0317359530217096e-10
2,2-back,F8,26,1.8760388373781305e-11
2,2-back,F8,27,4.257716592271039e-11
2,2-back,F8,28,1.4341307782263498e-11
2,2-back,F8,29,1.576228568494491e-10
2,2-back,F8,30,1.8747373512564394e-11
2,2-back,F8,31,9.50972139953695e-11
2,2-back,F8,32,5.249726905408252e-11
2,2-back,F8,33,8.034170440308757e-11
2,2-back,F8,34,4.339969479770117e-11
2,2-back,F8,35,5.3688873597709156e-11
2,2-back,F8,36,1.7629407356717447e-10
2,2-back,F8,37,8.420287189208963e-11
2,2-back,F8,38,1.964018127743785e-10
2,2-back,F8,39,1.0040826344775116e-10
2,2-back,F8,40,2.1804912266464966e-10
2,2-back,F8,41,5.716977353055372e-11
2,2-back,F8,42,7.7945494547603e-11
2,2-back,F8,43,4.7286453372828255e-11
2,2-back,F8,44,8.322353926775893e-11
2,2-back,F8,45,6.334068650188466e-11
2,2-back,F8,46,3.983309853181334e-11
2,2-back,F8,47,8.198303740727137e-11
2,2-back,F8,48,2.0757710158354865e-10
2,2-back,F8,49,3.090530570349045e-10
2,2-back,F8,50,1.0804685384965257e-10
2,2-back,F8,51,3.513911196382028e-11
2,2-back,F8,52,3.615844680342616e-10
2,2-back,F8,53,5.136994455054476e-10
2,2-back,F8,54,8.101634524401193e-11
2,2-back,F8,55,2.6264691964853907e-10
2,2-back,F8,56,3.199912979887907e-11
2,2-back,F8,57,2.8895160809362037e-10
2,2-back,F8,58,1.874900841266287e-10
2,2-back,F8,59,6.828779091945233e-11
2,2-back,F8,60,8.009926491358252e-11
2,2-back,F8,61,8.961858724102472e-11
2,2-back,F8,62,2.4176297914285636e-10
2,2-back,F8,63,4.225218889970957e-11
2,2-back,F8,64,8.643422364451158e-11
2,2-back,F8,65,6.074795282314321e-11
2,2-back,F8,66,6.764830206682765e-11
2,2-back,F8,67,1.030387817714261e-10
2,2-back,Fz,1,5.335397288885041e-11
2,2-back,Fz,2,5.665345750615673e-11
2,2-back,Fz,3,9.768610648525195e-11
2,2-back,Fz,4,1.1245642163095903e-10
2,2-back,Fz,5,1.443580178657082e-11
2,2-back,Fz,6,2.0063126922202371e-10
2,2-back,Fz,7,2.33921964179168e-10
2,2-back,Fz,8,1.7760291821948349e-10
2,2-back,Fz,9,1.0881369164521404e-10
2,2-back,Fz,10,1.4034084502008016e-10
2,2-back,Fz,11,7.942679514312644e-11
2,2-back,Fz,12,1.1012027260396053e-10
2,2-back,Fz,13,5.420266335423255e-11
2,2-back,Fz,14,5.1684378654778915e-11
2,2-back,Fz,15,2.2792895860055168e-11
2,2-back,Fz,16,1.6819805260145363e-10
2,2-back,Fz,17,1.010761622330832e-10
2,2-back,Fz,18,1.7856385504131742e-10
2,2-back,Fz,19,1.238004147708697e-10
2,2-back,Fz,20,6.62027717138552e-11
2,2-back,Fz,21,7.634161349652748e-11
2,2-back,Fz,22,1.7895722241955762e-10
2,2-back,Fz,23,1.6454701162564238e-10
2,2-back,Fz,24,5.534718986709511e-11
2,2-back,Fz,25,2.38866322071463e-10
2,2-back,Fz,26,3.11434829150644e-11
2,2-back,Fz,27,6.337075523301967e-11
2,2-back,Fz,28,4.133497305873216e-11
2,2-back,Fz,29,1.6831333773701562e-10
2,2-back,Fz,30,3.860173837428799e-11
2,2-back,Fz,31,1.5165293663804605e-10
2,2-back,Fz,32,7.266444827535898e-11
2,2-back,Fz,33,1.2011693493665608e-10
2,2-back,Fz,34,4.9664444355745016e-11
2,2-back,Fz,35,1.164316933837176e-10
2,2-back,Fz,36,1.4071922721380058e-10
2,2-back,Fz,37,9.232730092976503e-11
2,2-back,Fz,38,1.573625918712825e-10
2,2-back,Fz,39,2.097553675823742e-10
2,2-back,Fz,40,2.466254775067307e-10
2,2-back,Fz,41,9.060579727703027e-11
2,2-back,Fz,42,7.111327873034324e-11
2,2-back,Fz,43,4.5411966035853626e-11
2,2-back,Fz,44,1.4098380044398918e-10
2,2-back,Fz,45,8.134305166542411e-11
2,2-back,Fz,46,1.4062282591077057e-10
2,2-back,Fz,47,4.115391584022471e-11
2,2-back,Fz,48,2.864901701402949e-10
2,2-back,Fz,49,2.9944312940188637e-10
2,2-back,Fz,50,1.347468771963738e-10
2,2-back,Fz,51,7.533964213929031e-11
2,2-back,Fz,52,3.1764334299849797e-10
2,2-back,Fz,53,4.3255603431485635e-10
2,2-back,Fz,54,6.840534417373156e-11
2,2-back,Fz,55,1.997673537813797e-10
2,2-back,Fz,56,9.12362377641402e-11
2,2-back,Fz,57,2.360487217891158e-10
2,2-back,Fz,58,2.1849614810473417e-10
2,2-back,Fz,59,1.5990273780203934e-10
2,2-back,Fz,60,7.223066881158233e-11
2,2-back,Fz,61,1.0036398939163118e-10
2,2-back,Fz,62,1.1880724878214527e-10
2,2-back,Fz,63,4.985798506277284e-11
2,2-back,Fz,64,1.0919793210515173e-10
2,2-back,Fz,65,1.2028425651552098e-10
2,2-back,Fz,66,1.865145690748517e-10
2,2-back,Fz,67,1.46998502923641e-10
2,3-back,F3,1,1.9039109036167192e-10
2,3-back,F3,2,4.110542521726268e-10
2,3-back,F3,3,1.7649556946482482e-10
2,3-back,F3,4,2.453045182495066e-10
2,3-back,F3,5,6.878858543769416e-11
2,3-back,F3,6,1.8202029177108585e-10
2,3-back,F3,7,6.472278005799336e-11
2,3-back,F3,8,1.2493972637233327e-10
2,3-back,F3,9,5.998906303609973e-11
2,3-back,F3,10,6.551743261706253e-11
2,3-back,F3,11,5.7733567380563e-11
2,3-back,F3,12,1.7334407641155208e-10
2,3-back,F3,13,9.720026545944912e-11
2,3-back,F3,14,1.0258980550228821e-10
2,3-back,F3,15,2.8308908533201563e-11
2,3-back,F3,16,3.1805726281285355e-10
2,3-back,F3,17,4.2447738214849365e-11
2,3-back,F3,18,1.395698535710297e-10
2,3-back,F3,19,6.788474899677097e-11
2,3-back,F3,20,4.171509249762816e-11
2,3-back,F3,21,1.2394931440568404e-10
2,3-back,F3,22,1.3435402017389443e-10
2,3-back,F3,23,3.258578865122656e-10
2,3-back,F3,24,2.686813791019565e-10
2,3-back,F3,25,2.1313897039112306e-10
2,3-back,F3,26,1.688148827161e-10
2,3-back,F3,27,1.0437299478963259e-10
2,3-back,F3,28,2.342945022167951e-10
2,3-back,F3,29,1.1401606557475298e-10
2,3-back,F3,30,7.855978079737984e-11
2,3-back,F3,31,1.3200760106875434e-10
2,3-back,F3,32,2.12567558532879e-10
2,3-back,F3,33,5.961860183648874e-11
2,3-back,F3,34,3.19362862374337e-10
2,3-back,F3,35,1.56733193913592e-10
2,3-back,F3,36,1.9941719993424515e-10
2,3-back,F3,37,1.6161996129393489e-10
2,3-back,F3,38,6.28407355328185e-10
2,3-back,F3,39,3.7113922233897975e-11
2,3-back,F3,40,1.7805828102485953e-10
2,3-back,F3,41,3.6171267991510954e-11
2,3-back,F3,42,1.8044789193283165e-10
2,3-back,F3,43,4.288426628551777e-11
2,3-back,F3,44,1.2195706261110357e-10
2,3-back,F3,45,2.3153304590442253e-10
2,3-back,F3,46,1.3989238457673348e-10
2,3-back,F3,47,1.1241818737807071e-10
2,3-back,F3,48,1.3035390220259973e-10
2,3-back,F3,49,1.1016239211507983e-10
2,3-back,F3,50,7.136636213173959e-11
2,3-back,F3,51,1.970833321690327e-10
2,3-back,F3,52,6.159968024419522e-11
2,3-back,F3,53,1.1250129761090741e-10
2,3-back,F3,54,1.2931321802501428e-10
2,3-back,F3,55,6.538167183232998e-11
2,3-back,F3,56,4.1675955878742253e-11
2,3-back,F3,57,8.12076190731907e-11
2,3-back,F3,58,7.543579899087431e-11
2,3-back,F3,59,5.734186557222037e-11
2,3-back,F3,60,5.912333065437239e-11
2,3-back,F3,61,4.367532681331783e-11
2,3-back,F3,62,1.987900186814013e-11
2,3-back,F3,63,2.3170760990903076e-10
2,3-back,F3,64,6.386346651413862e-11
2,3-back,F3,65,1.7232170200650859e-10
2,3-back,F3,66,8.110855920864356e-10
2,3-back,F3,67,1.3516632735844948e-10
2,3-back,F3,68,1.1461244469065213e-10
2,3-back,F3,69,5.971149882515492e-10
2,3-back,F4,1,1.7983395277085473e-10
2,3-back,F4,2,3.231163145057714e-10
2,3-back,F4,3,8.566512110405939e-11
2,3-back,F4,4,1.8764950248924355e-10
2,3-back,F4,5,5.64356187474937e-11
2,3-back,F4,6,1.4655273501856864e-10
2,3-back,F4,7,5.891401277284622e-11
2,3-back,F4,8,8.087844863467988e-11
2,3-back,F4,9,7.346965921179065e-11
2,3-back,F4,10,5.858676295800355e-11
2,3-back,F4,11,3.897906187221474e-11
2,3-back,F4,12,2.0641465309636652e-10
2,3-back,F4,13,1.0697324974612265e-10
2,3-back,F4,14,7.237256016921072e-11
2,3-back,F4,15,1.7425210104630818e-11
2,3-back,F4,16,2.712201537974853e-10
2,3-back,F4,17,4.5128844138800954e-11
2,3-back,F4,18,8.603927547340592e-11
2,3-back,F4,19,9.7318810269756e-11
2,3-back,F4,20,7.357542013801096e-11
2,3-back,F4,21,7.297205471235498e-11
2,3-back,F4,22,1.2504345940100075e-10
2,3-back,F4,23,3.9141601085827685e-10
2,3-back,F4,24,1.7967485726598478e-10
2,3-back,F4,25,1.7489001447506704e-10
2,3-back,F4,26,8.524959838939449e-11
2,3-back,F4,27,8.737881479194326e-11
2,3-back,F4,28,2.4194647609521225e-10
2,3-back,F4,29,1.4628536939289402e-10
2,3-back,F4,30,9.108330371528567e-11
2,3-back,F4,31,1.671395119835672e-10
2,3-back,F4,32,1.5514881570607165e-10
2,3-back,F4,33,7.448994177047068e-11
2,3-back,F4,34,1.614633754597905e-10
2,3-back,F4,35,1.525122701250353e-10
2,3-back,F4,36,1.9600192838726063e-10
2,3-back,F4,37,1.0794694277645625e-10
2,3-back,F4,38,4.3910257237691593e-10
2,3-back,F4,39,5.485119377710971e-11
2,3-back,F4,40,1.4846375147164523e-10
2,3-back,F4,41,1.756512204819576e-11
2,3-back,F4,42,1.4333024043525522e-10
2,3-back,F4,43,4.322026904707489e-11
2,3-back,F4,44,1.2097261351983832e-10
2,3-back,F4,45,1.7739110641230146e-10
2,3-back,F4,46,1.0929900943571841e-10
2,3-back,F4,47,8.761377339899863e-11
2,3-back,F4,48,1.1705159283366952e-10
2,3-back,F4,49,9.3429611451411e-11
2,3-back,F4,50,4.6155596567422606e-11
2,3-back,F4,51,1.731272907124485e-10
2,3-back,F4,52,7.156748276490897e-11
2,3-back,F4,53,1.3807874656821628e-10
2,3-back,F4,54,1.2136005332603624e-10
2,3-back,F4,55,5.724067755642316e-11
2,3-back,F4,56,5.903057587815596e-11
2,3-back,F4,57,6.631667163064592e-11
2,3-back,F4,58,4.389552350440577e-11
2,3-back,F4,59,3.81398001249306e-11
2,3-back,F4,60,4.9956187732496974e-11
2,3-back,F4,61,2.415676994359681e-11
2,3-back,F4,62,2.0934648869683592e-11
2,3-back,F4,63,1.3786472932634474e-10
2,3-back,F4,64,6.578315804772236e-11
2,3-back,F4,65,9.115093693896168e-11
2,3-back,F4,66,3.3107411681983183e-11
2,3-back,F4,67,1.6901987583965529e-10
2,3-back,F4,68,2.929049573173987e-11
2,3-back,F4,69,1.3777206827410481e-10
2,3-back,F7,1,2.568318224361756e-10
2,3-back,F7,2,7.977628209138802e-10
2,3-back,F7,3,6.772135178003137e-11
2,3-back,F7,4,3.328896123120464e-10
2,3-back,F7,5,3.168179655462683e-11
2,3-back,F7,6,3.1066283385535435e-10
2,3-back,F7,7,4.143130203422218e-11
2,3-back,F7,8,7.195850948559769e-11
2,3-back,F7,9,2.895201621768857e-11
2,3-back,F7,10,8.113919035283574e-11
2,3-back,F7,11,5.884037775760509e-11
2,3-back,F7,12,2.4995965764366427e-10
2,3-back,F7,13,1.0927404649852504e-10
2,3-back,F7,14,9.713345212947551e-11
2,3-back,F7,15,2.961772205724655e-11
2,3-back,F7,16,4.768557906449072e-10
2,3-back,F7,17,3.34925125917717e-11
2,3-back,F7,18,8.315147077984312e-11
2,3-back,F7,19,1.6422407618770473e-10
2,3-back,F7,20,1.3840712554725153e-10
2,3-back,F7,21,1.666558418661542e-10
2,3-back,F7,22,1.5241704438343689e-10
2,3-back,F7,23,6.710899181640126e-10
2,3-back,F7,24,4.6467302595740887e-10
2,3-back,F7,25,8.788870059809951e-11
2,3-back,F7,26,1.0190909932949325e-10
2,3-back,F7,27,2.0825522013637935e-10
2,3-back,F7,28,1.5462778849372568e-10
2,3-back,F7,29,9.47164620931769e-11
2,3-back,F7,30,5.051006441101017e-11
2,3-back,F7,31,8.69270301896555e-11
2,3-back,F7,32,3.4192921732765667e-10
2,3-back,F7,33,5.261208396848942e-11
2,3-back,F7,34,3.706396182572088e-10
2,3-back,F7,35,1.93902008821094e-10
2,3-back,F7,36,2.3225778849218216e-10
2,3-back,F7,37,6.504697332036108e-11
2,3-back,F7,38,6.114828950817878e-10
2,3-back,F7,39,2.9835469976318226e-11
2,3-back,F7,40,5.289235511649271e-10
2,3-back,F7,41,3.95895959265358e-11
2,3-back,F7,42,2.7274794592327404e-10
2,3-back,F7,43,3.649762545098378e-11
2,3-back,F7,44,2.2089519475057582e-10
2,3-back,F7,45,2.1296667353472147e-10
2,3-back,F7,46,2.55503501386125e-10
2,3-back,F7,47,1.0042897082092131e-10
2,3-back,F7,48,3.940166962690725e-11
2,3-back,F7,49,8.238712275324724e-11
2,3-back,F7,50,3.822649446278663e-11
2,3-back,F7,51,3.3306537268808767e-10
2,3-back,F7,52,1.8655003156615593e-11
2,3-back,F7,53,2.2921863738600013e-10
2,3-back,F7,54,8.116632949921674e-11
2,3-back,F7,55,9.266818151661656e-11
2,3-back,F7,56,1.6739321824886686e-11
2,3-back,F7,57,8.575184646218922e-11
2,3-back,F7,58,1.3781123042100434e-10
2,3-back,F7,59,5.964929154945487e-11
2,3-back,F7,60,2.0154253108195866e-10
2,3-back,F7,61,5.294891636370228e-11
2,3-back,F7,62,9.07997418182461e-12
2,3-back,F7,63,7.488219520610007e-11
2,3-back,F7,64,1.5465218432300472e-10
2,3-back,F7,65,7.705369579734714e-11
2,3-back,F7,66,2.206489000600637e-11
2,3-back,F7,67,9.724945795710787e-11
2,3-back,F7,68,3.4729761424845556e-11
2,3-back,F7,69,2.903751617453883e-10
2,3-back,F8,1,2.4226449073053923e-10
2,3-back,F8,2,3.711375142689452e-10
2,3-back,F8,3,5.368606024252027e-11
2,3-back,F8,4,2.6688086877843075e-10
2,3-back,F8,5,2.994218057699707e-11
2,3-back,F8,6,2.1936003631193206e-10
2,3-back,F8,7,4.6508214984210796e-11
2,3-back,F8,8,6.27597385977954e-11
2,3-back,F8,9,6.571195476941991e-11
2,3-back,F8,10,6.468534971657993e-11
2,3-back,F8,11,2.8239632490683228e-11
2,3-back,F8,12,1.5453049234235037e-10
2,3-back,F8,13,9.908219446762719e-11
2,3-back,F8,14,8.360733513812221e-11
2,3-back,F8,15,1.7112683312450213e-11
2,3-back,F8,16,2.2215143385252305e-10
2,3-back,F8,17,4.0448139695538707e-11
2,3-back,F8,18,6.957274641681968e-11
2,3-back,F8,19,9.455714688903206e-11
2,3-back,F8,20,5.611324593813584e-11
2,3-back,F8,21,8.079807433156547e-11
2,3-back,F8,22,1.244736389794743e-10
2,3-back,F8,23,5.214387985808228e-10
2,3-back,F8,24,2.217596113700433e-10
2,3-back,F8,25,5.3139691395882146e-11
2,3-back,F8,26,4.068974765298126e-11
2,3-back,F8,27,1.0363187142076993e-10
2,3-back,F8,28,2.104720636257429e-10
2,3-back,F8,29,1.3343495371585635e-10
2,3-back,F8,30,6.121151584990614e-11
2,3-back,F8,31,1.0296298090471852e-10
2,3-back,F8,32,1.7611526328622126e-10
2,3-back,F8,33,5.6854945479427596e-11
2,3-back,F8,34,1.5963468454876106e-10
2,3-back,F8,35,2.51570802002929e-10
2,3-back,F8,36,1.8524668756094363e-10
2,3-back,F8,37,1.0182039007307755e-10
2,3-back,F8,38,4.961624260691138e-10
2,3-back,F8,39,4.38954417971215e-11
2,3-back,F8,40,3.6047372740824293e-10
2,3-back,F8,41,2.2753807327935466e-11
2,3-back,F8,42,1.3614837489151794e-10
2,3-back,F8,43,5.286689537472337e-11
2,3-back,F8,44,1.3106631785661114e-10
2,3-back,F8,45,1.4927660069936195e-10
2,3-back,F8,46,1.3921011855307786e-10
2,3-back,F8,47,4.921021976761596e-11
2,3-back,F8,48,8.920898304529444e-11
2,3-back,F8,49,9.78833004297472e-11
2,3-back,F8,50,4.5570068885392587e-11
2,3-back,F8,51,2.0795621569456396e-10
2,3-back,F8,52,3.623997864079399e-11
2,3-back,F8,53,1.9160003102178113e-10
2,3-back,F8,54,8.98172605985788e-11
2,3-back,F8,55,1.0175682548326126e-10
2,3-back,F8,56,1.9210392257138274e-11
2,3-back,F8,57,1.0264650807215109e-10
2,3-back,F8,58,4.611519155822418e-11
2,3-back,F8,59,2.8082819504118646e-11
2,3-back,F8,60,7.955646182520228e-11
2,3-back,F8,61,1.8500887711491328e-11
2,3-back,F8,62,2.4970008239225196e-11
2,3-back,F8,63,1.0225956464254679e-10
2,3-back,F8,64,8.916498499869339e-11
2,3-back,F8,65,4.2718634715868464e-11
2,3-back,F8,66,2.2999401192728993e-11
2,3-back,F8,67,1.911737380749826e-10
2,3-back,F8,68,1.6662081319090782e-11
2,3-back,F8,69,2.3758437931148483e-10
2,3-back,Fz,1,1.9342241162686765e-10
2,3-back,Fz,2,4.1188958946273337e-10
2,3-back,Fz,3,9.44252937766499e-11
2,3-back,Fz,4,2.173808167190184e-10
2,3-back,Fz,5,5.029187093864128e-11
2,3-back,Fz,6,1.8368942025065758e-10
2,3-back,Fz,7,6.181076724265204e-11
2,3-back,Fz,8,1.1589844711923782e-10
2,3-back,Fz,9,8.588617853226364e-11
2,3-back,Fz,10,7.103312399263405e-11
2,3-back,Fz,11,5.0283034362459384e-11
2,3-back,Fz,12,2.1485423167932317e-10
2,3-back,Fz,13,1.3240028429347847e-10
2,3-back,Fz,14,1.0318940628437393e-10
2,3-back,Fz,15,2.910352524882236e-11
2,3-back,Fz,16,3.064183543851172e-10
2,3-back,Fz,17,2.4332343938600895e-11
2,3-back,Fz,18,1.2686900667282706e-10
2,3-back,Fz,19,8.90171069055603e-11
2,3-back,Fz,20,5.4504156282685925e-11
2,3-back,Fz,21,8.477671614755272e-11
2,3-back,Fz,22,1.160242061466207e-10
2,3-back,Fz,23,3.597469368428755e-10
2,3-back,Fz,24,2.465039617796407e-10
2,3-back,Fz,25,2.1673458861863064e-10
2,3-back,Fz,26,1.6902531124451058e-10
2,3-back,Fz,27,1.0757015303721506e-10
2,3-back,Fz,28,2.9347948705222097e-10
2,3-back,Fz,29,1.5039478913968279e-10
2,3-back,Fz,30,1.0528336006178036e-10
2,3-back,Fz,31,1.378897487842801e-10
2,3-back,Fz,32,2.0172134873177642e-10
2,3-back,Fz,33,5.390720121558932e-11
2,3-back,Fz,34,2.1408774254111928e-10
2,3-back,Fz,35,1.4509207855348238e-10
2,3-back,Fz,36,2.7737845341057796e-10
2,3-back,Fz,37,1.680807438418679e-10
2,3-back,Fz,38,4.873463011466085e-10
2,3-back,Fz,39,5.345599486027016e-11
2,3-back,Fz,40,1.943940957270768e-10
2,3-back,Fz,41,1.901559325703925e-11
2,3-back,Fz,42,1.4026948904083378e-10
2,3-back,Fz,43,4.127124362862522e-11
2,3-back,Fz,44,1.2128352180865446e-10
2,3-back,Fz,45,2.428317751186775e-10
2,3-back,Fz,46,1.2178546808253685e-10
2,3-back,Fz,47,9.800586720359412e-11
2,3-back,Fz,48,1.3086837035728674e-10
2,3-back,Fz,49,1.1413902280940894e-10
2,3-back,Fz,50,5.85713993776182e-11
2,3-back,Fz,51,1.7941013524193227e-10
2,3-back,Fz,52,4.337121184412345e-11
2,3-back,Fz,53,1.1634594614634104e-10
2,3-back,Fz,54,1.5499088277926191e-10
2,3-back,Fz,55,7.018101478793557e-11
2,3-back,Fz,56,6.263769527002182e-11
2,3-back,Fz,57,6.489936726883946e-11
2,3-back,Fz,58,6.52845559160496e-11
2,3-back,Fz,59,4.961289372475223e-11
2,3-back,Fz,60,7.881412625699788e-11
2,3-back,Fz,61,3.4393023621368205e-11
2,3-back,Fz,62,2.079274974510289e-11
2,3-back,Fz,63,1.3621847408381496e-10
2,3-back,Fz,64,6.251736986706422e-11
2,3-back,Fz,65,1.095776569085601e-10
2,3-back,Fz,66,6.345902220605897e-11
2,3-back,Fz,67,1.104668216052454e-10
2,3-back,Fz,68,2.1823546783139533e-11
2,3-back,Fz,69,1.80037353423992e-10
2,4-back,F3,1,1.8271794184326505e-09
2,4-back,F3,2,2.546899341713306e-10
2,4-back,F3,3,3.162050114728114e-10
2,4-back,F3,4,2.2515214124799592e-11
2,4-back,F3,5,2.6150944550071297e-10
2,4-back,F3,6,3.4406457920536214e-11
2,4-back,F3,7,2.1014486562367647e-10
2,4-back,F3,8,2.8627055753392623e-10
2,4-back,F3,9,3.192530101314209e-10
2,4-back,F3,10,2.7874149109077415e-10
2,4-back,F3,11,3.0556108649840253e-10
2,4-back,F3,12,6.255201597788911e-10
2,4-back,F3,13,8.73403984750881e-10
2,4-back,F3,14,3.1061544682831936e-10
2,4-back,F3,15,3.0234107811627536e-10
2,4-back,F3,16,5.262251580768312e-10
2,4-back,F3,17,1.8811395786719332e-10
2,4-back,F3,18,1.5096438076938952e-10
2,4-back,F3,19,2.871330171506728e-10
2,4-back,F3,20,5.634010160430382e-10
2,4-back,F3,21,5.428672403195109e-11
2,4-back,F3,22,8.11850588276913e-11
2,4-back,F3,23,1.0697177998623211e-10
2,4-back,F3,24,1.2633606750886803e-10
2,4-back,F3,25,9.110773063956084e-10
2,4-back,F3,26,1.2945853901831766e-10
2,4-back,F3,27,2.596810330053764e-10
2,4-back,F3,28,4.0882926538817116e-10
2,4-back,F3,29,5.333466854950021e-10
2,4-back,F3,30,9.1157409817688e-11
2,4-back,F3,31,1.1070472283990584e-09
2,4-back,F3,32,6.632993106057397e-10
2,4-back,F3,33,1.8886389204839012e-10
2,4-back,F3,34,1.3830606997004014e-10
2,4-back,F3,35,7.310759479910453e-10
2,4-back,F3,36,1.7095807091492153e-10
2,4-back,F3,37,2.7804343666337967e-10
2,4-back,F3,38,1.0588073536234385e-10
2,4-back,F3,39,3.398157859284445e-09
2,4-back,F3,40,1.4857858466077613e-09
2,4-back,F3,41,2.64232994864854e-10
2,4-back,F3,42,4.117994710411154e-10
2,4-back,F3,43,6.262432157111708e-10
2,4-back,F3,44,1.0496986374164172e-10
2,4-back,F3,45,5.412092745300086e-10
2,4-back,F3,46,4.253757061148818e-11
2,4-back,F3,47,4.948943408598137e-10
2,4-back,F3,48,5.452522151095874e-10
2,4-back,F3,49,6.22673411765788e-10
2,4-back,F3,50,4.642651537366353e-10
2,4-back,F3,51,9.90328010939312e-10
2,4-back,F3,52,3.5767365972384967e-10
2,4-back,F3,53,2.6089885214227086e-10
2,4-back,F3,54,3.743807331856429e-10
2,4-back,F3,55,1.1145777992215979e-10
2,4-back,F3,56,4.980944520694126e-10
2,4-back,F3,57,1.7027872427863912e-10
2,4-back,F3,58,3.629105205037138e-10
2,4-back,F3,59,3.5032455137232633e-10
2,4-back,F3,60,4.590100827507101e-10
2,4-back,F3,61,2.2169694115489384e-11
2,4-back,F3,62,2.3934941996337483e-10
2,4-back,F3,63,1.7295255116247144e-10
2,4-back,F4,1,3.020852682467896e-10
2,4-back,F4,2,2.1278970062662646e-10
2,4-back,F4,3,2.522022734370301e-10
2,4-back,F4,4,3.605098687338972e-11
2,4-back,F4,5,1.873055703501786e-10
2,4-back,F4,6,3.508412379026368e-11
2,4-back,F4,7,1.9658240985242016e-10
2,4-back,F4,8,1.9792407099657457e-10
2,4-back,F4,9,2.7648408042652993e-10
2,4-back,F4,10,1.7138117281133642e-10
2,4-back,F4,11,5.399018414831638e-11
2,4-back,F4,12,3.787946456462349e-10
2,4-back,F4,13,5.949504973367297e-10
2,4-back,F4,14,3.800394541903759e-10
2,4-back,F4,15,6.983877770654967e-11
2,4-back,F4,16,3.3849684987165553e-10
2,4-back,F4,17,2.929510199105741e-10
2,4-back,F4,18,1.0693128972630683e-10
2,4-back,F4,19,2.1672479405958044e-10
2,4-back,F4,20,3.412229769270564e-10
2,4-back,F4,21,2.7682235253937332e-11
2,4-back,F4,22,4.8106478808792444e-11
2,4-back,F4,23,3.173906091369113e-11
2,4-back,F4,24,1.1632341462595134e-10
2,4-back,F4,25,2.8891397315289097e-10
2,4-back,F4,26,4.8047357210228235e-11
2,4-back,F4,27,1.9757324058559076e-10
2,4-back,F4,28,4.1799917973391887e-10
2,4-back,F4,29,3.9116213369754366e-10
2,4-back,F4,30,1.603995890553483e-10
2,4-back,F4,31,7.982037193733171e-11
2,4-back,F4,32,7.693224991751804e-11
2,4-back,F4,33,7.783317317398087e-11
2,4-back,F4,34,6.910757161261748e-11
2,4-back,F4,35,1.6987566886564233e-10
2,4-back,F4,36,6.330970245295005e-11
2,4-back,F4,37,1.812038981331971e-10
2,4-back,F4,38,5.436175497196216e-11
2,4-back,F4,39,5.038657989921476e-09
2,4-back,F4,40,1.4787995349847497e-09
2,4-back,F4,41,2.926704915871502e-10
2,4-back,F4,42,4.260317057910672e-10
2,4-back,F4,43,5.120273732797021e-10
2,4-back,F4,44,1.1652768876365474e-10
2,4-back,F4,45,4.246248700403854e-10
2,4-back,F4,46,4.721990768829233e-11
2,4-back,F4,47,3.4162282813319796e-10
2,4-back,F4,48,4.792172370200339e-10
2,4-back,F4,49,2.8016846351046993e-10
2,4-back,F4,50,2.77807312236858e-10
2,4-back,F4,51,8.019416467740423e-10
2,4-back,F4,52,1.7063530298362725e-10
2,4-back,F4,53,3.1654218925452644e-10
2,4-back,F4,54,2.2318850443573822e-10
2,4-back,F4,55,5.885241958504866e-11
2,4-back,F4,56,3.265721610646565e-10
2,4-back,F4,57,1.6758721464622055e-10
2,4-back,F4,58,2.799826846232553e-10
2,4-back,F4,59,2.9310436688724644e-10
2,4-back,F4,60,3.8525987965929935e-10
2,4-back,F4,61,3.3298743975314064e-11
2,4-back,F4,62,1.8385454405003807e-10
2,4-back,F4,63,8.053969926763827e-11
2,4-back,F7,1,4.659198094901444e-10
2,4-back,F7,2,5.584467614323725e-10
2,4-back,F7,3,6.41477913288767e-10
2,4-back,F7,4,2.914411867188202e-11
2,4-back,F7,5,3.0266028183613284e-10
2,4-back,F7,6,8.622902562960871e-11
2,4-back,F7,7,8.191714523358818e-10
2,4-back,F7,8,6.169808456713262e-10
2,4-back,F7,9,3.7063661358187436e-10
2,4-back,F7,10,3.248500703246868e-10
2,4-back,F7,11,8.578302524796093e-11
2,4-back,F7,12,6.742875698632018e-10
2,4-back,F7,13,1.1836323096846692e-09
2,4-back,F7,14,4.2733067755534265e-10
2,4-back,F7,15,1.9942497701327627e-11
2,4-back,F7,16,9.773654086498592e-10
2,4-back,F7,17,1.2434805087626596e-10
2,4-back,F7,18,4.353346799470602e-10
2,4-back,F7,19,2.8095311829819587e-10
2,4-back,F7,20,1.238057134846179e-09
2,4-back,F7,21,6.868944375361797e-11
2,4-back,F7,22,2.624037304493215e-11
2,4-back,F7,23,3.128124182705227e-11
2,4-back,F7,24,1.2405398311580945e-10
2,4-back,F7,25,7.867968462592225e-10
2,4-back,F7,26,1.002597166118695e-10
2,4-back,F7,27,6.312928417439381e-10
2,4-back,F7,28,8.681952591105949e-10
2,4-back,F7,29,8.049313083738368e-10
2,4-back,F7,30,5.482458063008806e-11
2,4-back,F7,31,1.6016460580806947e-10
2,4-back,F7,32,1.4499498748485626e-10
2,4-back,F7,33,4.2493386085134807e-10
2,4-back,F7,34,9.28538606848112e-11
2,4-back,F7,35,3.427213662263374e-10
2,4-back,F7,36,1.0599404363464759e-10
2,4-back,F7,37,5.531127234733156e-10
2,4-back,F7,38,7.66991059871483e-11
2,4-back,F7,39,4.954161420897678e-09
2,4-back,F7,40,1.5098842934021058e-09
2,4-back,F7,41,3.7475378284362356e-10
2,4-back,F7,42,4.3183355773061477e-10
2,4-back,F7,43,1.1610382544745378e-09
2,4-back,F7,44,3.3900824995353654e-11
2,4-back,F7,45,1.3468152574741452e-09
2,4-back,F7,46,1.2581826973219524e-10
2,4-back,F7,47,5.525999514997559e-10
2,4-back,F7,48,1.1590708066679034e-09
2,4-back,F7,49,7.857626263544795e-10
2,4-back,F7,50,9.069520056971797e-10
2,4-back,F7,51,1.3906772813646463e-09
2,4-back,F7,52,1.702850780507603e-10
2,4-back,F7,53,4.580550544403218e-10
2,4-back,F7,54,2.6909146045425367e-10
2,4-back,F7,55,1.0627622181296094e-10
2,4-back,F7,56,7.320913936227737e-10
2,4-back,F7,57,2.813314818876496e-10
2,4-back,F7,58,5.597897670803167e-10
2,4-back,F7,59,5.107668101371137e-10
2,4-back,F7,60,5.219420525178117e-10
2,4-back,F7,61,5.6831957020000514e-11
2,4-back,F7,62,3.934819788153084e-10
2,4-back,F7,63,1.1029023805486907e-10
2,4-back,F8,1,4.871309303400616e-10
2,4-back,F8,2,2.5141770934993864e-10
2,4-back,F8,3,2.773904967038004e-10
2,4-back,F8,4,4.2695966161333646e-11
2,4-back,F8,5,1.933352193310342e-10
2,4-back,F8,6,4.377488260052592e-11
2,4-back,F8,7,2.5728172935044197e-10
2,4-back,F8,8,2.393917735818052e-10
2,4-back,F8,9,2.813392152491676e-10
2,4-back,F8,10,1.6785527009678179e-10
2,4-back,F8,11,4.711216636413431e-11
2,4-back,F8,12,6.626067671942766e-10
2,4-back,F8,13,6.770372656255671e-10
2,4-back,F8,14,5.256492780496517e-10
2,4-back,F8,15,3.491440965000802e-11
2,4-back,F8,16,4.507347613665061e-10
2,4-back,F8,17,3.88963661529254e-10
2,4-back,F8,18,9.984795807379394e-11
2,4-back,F8,19,1.6756936145356144e-10
2,4-back,F8,20,6.697459670453683e-10
2,4-back,F8,21,1.564298679385165e-11
2,4-back,F8,22,3.3712362844813414e-11
2,4-back,F8,23,4.110148341738748e-11
2,4-back,F8,24,1.2714699040169276e-10
2,4-back,F8,25,4.4354170930512265e-10
2,4-back,F8,26,4.241895523463883e-11
2,4-back,F8,27,3.196214958139321e-10
2,4-back,F8,28,6.423049566329824e-10
2,4-back,F8,29,4.598208813861791e-10
2,4-back,F8,30,7.371407307766496e-11
2,4-back,F8,31,2.6100663091339313e-11
2,4-back,F8,32,6.372927624667081e-11
2,4-back,F8,33,1.907537321878487e-10
2,4-back,F8,34,8.057075599582979e-11
2,4-back,F8,35,3.3158999385156143e-10
2,4-back,F8,36,8.612185719001057e-12
2,4-back,F8,37,1.6731657923065357e-10
2,4-back,F8,38,6.865656690931726e-11
2,4-back,F8,39,4.8295737141029355e-09
2,4-back,F8,40,1.271664089226679e-09
2,4-back,F8,41,3.3154026441256344e-10
2,4-back,F8,42,3.5608352068866285e-10
2,4-back,F8,43,6.551829651651502e-10
2,4-back,F8,44,8.919349061750526e-11
2,4-back,F8,45,6.930339575588902e-10
2,4-back,F8,46,4.622703490640847e-11
2,4-back,F8,47,5.045460241090637e-10
2,4-back,F8,48,1.1504201013312503e-09
2,4-back,F8,49,4.793981745465589e-10
2,4-back,F8,50,7.028964942886571e-10
2,4-back,F8,51,1.0672036975584932e-09
2,4-back,F8,52,1.518835042757011e-10
2,4-back,F8,53,5.773410029707354e-10
2,4-back,F8,54,2.1680144856657969e-10
2,4-back,F8,55,4.6771233646692153e-11
2,4-back,F8,56,3.727048494935812e-10
2,4-back,F8,57,2.690012219594099e-10
2,4-back,F8,58,3.7138428796909773e-10
2,4-back,F8,59,4.041500057622107e-10
2,4-back,F8,60,5.414064684341468e-10
2,4-back,F8,61,3.901251306513799e-11
2,4-back,F8,62,3.5037268808061465e-10
2,4-back,F8,63,1.2413301649622679e-10
2,4-back,Fz,1,2.8725029660031333e-10
2,4-back,Fz,2,2.9317582584108555e-10
2,4-back,Fz,3,3.280356792443907e-10
2,4-back,Fz,4,2.419673033145158e-11
2,4-back,Fz,5,2.2093580247144284e-10
2,4-back,Fz,6,3.366710950986729e-11
2,4-back,Fz,7,2.499978078962103e-10
2,4-back,Fz,8,3.0055641316580397e-10
2,4-back,Fz,9,3.2955943331481277e-10
2,4-back,Fz,10,2.27653938067507e-10
2,4-back,Fz,11,5.955864238509213e-11
2,4-back,Fz,12,4.663240640531559e-10
2,4-back,Fz,13,6.214377051372569e-10
2,4-back,Fz,14,3.6865171619868325e-10
2,4-back,Fz,15,4.132336614627218e-11
2,4-back,Fz,16,4.659102864451159e-10
2,4-back,Fz,17,2.65454704890736e-10
2,4-back,Fz,18,1.1343631763605042e-10
2,4-back,Fz,19,2.4787180511049915e-10
2,4-back,Fz,20,4.348197284463349e-10
2,4-back,Fz,21,5.6915719137922014e-11
2,4-back,Fz,22,4.4815856905323336e-11
2,4-back,Fz,23,3.419316390715849e-11
2,4-back,Fz,24,7.509093191475815e-11
2,4-back,Fz,25,3.7901874456530283e-10
2,4-back,Fz,26,8.073710735123027e-11
2,4-back,Fz,27,2.3493535623556093e-10
2,4-back,Fz,28,5.235858537513623e-10
2,4-back,Fz,29,3.9644553835971495e-10
2,4-back,Fz,30,1.3595802896135925e-10
2,4-back,Fz,31,9.446939068311268e-11
2,4-back,Fz,32,8.245123595376734e-11
2,4-back,Fz,33,2.1536211344917044e-10
2,4-back,Fz,34,5.598829341299409e-11
2,4-back,Fz,35,2.2402594682646942e-10
2,4-back,Fz,36,1.2082562862168397e-10
2,4-back,Fz,37,2.2492407503372053e-10
2,4-back,Fz,38,7.583098104899655e-11
2,4-back,Fz,39,5.39401629240773e-09
2,4-back,Fz,40,1.8546380920190801e-09
2,4-back,Fz,41,3.754878291580349e-10
2,4-back,Fz,42,4.4802688731744325e-10
2,4-back,Fz,43,4.5718229611743364e-10
2,4-back,Fz,44,1.2270224293596517e-10
2,4-back,Fz,45,5.836887095783717e-10
2,4-back,Fz,46,4.567396893379419e-11
2,4-back,Fz,47,4.295561679022486e-10
2,4-back,Fz,48,4.939892058333683e-10
2,4-back,Fz,49,3.84736589882974e-10
2,4-back,Fz,50,4.078888565683425e-10
2,4-back,Fz,51,1.1584107416114867e-09
2,4-back,Fz,52,1.9293669891184015e-10
2,4-back,Fz,53,2.5817779321882675e-10
2,4-back,Fz,54,2.2488626521604768e-10
2,4-back,Fz,55,7.530921872801623e-11
2,4-back,Fz,56,3.8064226857597453e-10
2,4-back,Fz,57,1.387212473119899e-10
2,4-back,Fz,58,3.2196993540496084e-10
2,4-back,Fz,59,3.0919304241237273e-10
2,4-back,Fz,60,4.0172305043857806e-10
2,4-back,Fz,61,4.3409849330067416e-11
2,4-back,Fz,62,2.5246860348011487e-10
2,4-back,Fz,63,9.279103645347546e-11
3,1-back,F3,1,1.220894689926654e-10
3,1-back,F3,2,3.764981353304959e-11
3,1-back,F3,3,4.647970926900636e-10
3,1-back,F3,4,2.8983425415584767e-11
3,1-back,F3,5,7.550816709046953e-11
3,1-back,F3,6,8.88242768583002e-11
3,1-back,F3,7,3.2924539259136554e-10
3,1-back,F3,8,3.4036413378093346e-11
3,1-back,F3,9,6.377814619517876e-11
3,1-back,F3,10,4.8000161576628146e-11
3,1-back,F3,11,2.048761376495455e-10
3,1-back,F3,12,9.630241377056481e-11
3,1-back,F3,13,2.0976427294560335e-10
3,1-back,F3,14,3.2266324670513645e-11
3,1-back,F3,15,9.872168235337227e-11
3,1-back,F3,16,1.8204374461678406e-10
3,1-back,F3,17,4.557301885404835e-11
3,1-back,F3,18,1.4435497137911341e-11
3,1-back,F3,19,5.117364173655308e-11
3,1-back,F3,20,1.5574698596933156e-10
3,1-back,F3,21,1.7725429609669468e-11
3,1-back,F3,22,1.7724037920268264e-10
3,1-back,F3,23,3.022642131976866e-11
3,1-back,F3,24,2.8078901962736423e-10
3,1-back,F3,25,2.438853526816503e-10
3,1-back,F3,26,1.1388859089738277e-10
3,1-back,F3,27,3.0719459872190806e-10
3,1-back,F3,28,1.1393838268451487e-10
3,1-back,F3,29,2.9714156079856227e-10
3,1-back,F3,30,1.5440206643204638e-10
3,1-back,F4,1,8.739746223551056e-11
3,1-back,F4,2,5.055553652285748e-11
3,1-back,F4,3,5.36706047785314e-10
3,1-back,F4,4,7.150029500442345e-11
3,1-back,F4,5,7.149906811528607e-11
3,1-back,F4,6,1.2334335009709678e-10
3,1-back,F4,7,2.74878373471255e-10
3,1-back,F4,8,1.0971202255777602e-10
3,1-back,F4,9,4.7930914171457836e-11
3,1-back,F4,10,5.254795700982241e-11
3,1-back,F4,11,2.0231894900287002e-10
3,1-back,F4,12,5.6958156236927364e-11
3,1-back,F4,13,2.2643099053955304e-10
3,1-back,F4,14,4.7270346154788397e-11
3,1-back,F4,15,1.0171705478562704e-10
3,1-back,F4,16,1.7531630551846438e-10
3,1-back,F4,17,7.582521919105489e-11
3,1-back,F4,18,3.368636419679826e-11
3,1-back,F4,19,5.2266139776338245e-11
3,1-back,F4,20,1.427208897573673e-10
3,1-back,F4,21,1.3384739031747348e-10
3,1-back,F4,22,1.5035773943210295e-10
3,1-back,F4,23,7.397406306450216e-11
3,1-back,F4,24,2.946981001738281e-10
3,1-back,F4,25,1.7687301181460325e-10
3,1-back,F4,26,6.934873764033083e-11
3,1-back,F4,27,3.136084662989515e-10
3,1-back,F4,28,1.2065210868127414e-10
3,1-back,F4,29,1.3759129729944872e-10
3,1-back,F4,30,1.271258888253179e-10
3,1-back,F7,1,2.6883300275554926e-10
3,1-back,F7,2,9.694648857471241e-11
3,1-back,F7,3,7.672112113901384e-10
3,1-back,F7,4,8.57500267694729e-11
3,1-back,F7,5,2.0912427970263393e-10
3,1-back,F7,6,2.2771423380887812e-10
3,1-back,F7,7,5.398863956190535e-10
3,1-back,F7,8,1.1854295813247553e-10
3,1-back,F7,9,9.550320103710282e-11
3,1-back,F7,10,6.937866919014059e-11
3,1-back,F7,11,2.2616654506503074e-10
3,1-back,F7,12,1.0046353032999369e-10
3,1-back,F7,13,1.1514570739257206e-10
3,1-back,F7,14,5.177871596473445e-11
3,1-back,F7,15,6.999438143744632e-11
3,1-back,F7,16,1.3287215588097598e-10
3,1-back,F7,17,5.698035661634108e-11
3,1-back,F7,18,2.6169741185641858e-11
3,1-back,F7,19,1.3512879456101443e-10
3,1-back,F7,20,2.2583765680124616e-10
3,1-back,F7,21,8.506012235580394e-11
3,1-back,F7,22,4.824351366918442e-10
3,1-back,F7,23,7.443346323430835e-10
3,1-back,F7,24,1.874821906075993e-10
3,1-back,F7,25,2.823279948348526e-10
3,1-back,F7,26,1.431517265151982e-10
3,1-back,F7,27,2.7605730036178067e-10
3,1-back,F7,28,9.809042752935078e-11
3,1-back,F7,29,8.181970717140858e-10
3,1-back,F7,30,2.56477975448898e-10
3,1-back,F8,1,9.505854031469486e-11
3,1-back,F8,2,5.653365077878937e-11
3,1-back,F8,3,1.1908113799630158e-09
3,1-back,F8,4,6.896382332986229e-11
3,1-back,F8,5,4.538297389571615e-11
3,1-back,F8,6,1.3980715218033976e-10
3,1-back,F8,7,5.038832062736111e-10
3,1-back,F8,8,9.158538273384001e-11
3,1-back,F8,9,3.882036796866332e-11
3,1-back,F8,10,2.1769511398863986e-11
3,1-back,F8,11,2.278004744249638e-10
3,1-back,F8,12,7.160068008953963e-11
3,1-back,F8,13,4.1204879233179963e-10
3,1-back,F8,14,1.918547042227139e-11
3,1-back,F8,15,5.48130891375451e-11
3,1-back,F8,16,1.9262412455588544e-10
3,1-back,F8,17,4.067733519787828e-11
3,1-back,F8,18,1.2317249133473564e-11
3,1-back,F8,19,6.476379011128069e-11
3,1-back,F8,20,2.728137797288184e-10
3,1-back,F8,21,6.003881138672908e-11
3,1-back,F8,22,1.4656853881226413e-10
3,1-back,F8,23,2.9878675122943915e-11
3,1-back,F8,24,3.0644468527754765e-10
3,1-back,F8,25,1.488995987552034e-10
3,1-back,F8,26,4.3604527401219076e-11
3,1-back,F8,27,6.511202653223729e-10
3,1-back,F8,28,7.388088305839587e-11
3,1-back,F8,29,4.0684352836710114e-10
3,1-back,F8,30,1.0955022130911052e-10
3,1-back,Fz,1,1.507967393134187e-10
3,1-back,Fz,2,4.336518809774845e-11
3,1-back,Fz,3,5.190924810047482e-10
3,1-back,Fz,4,4.1577123676036284e-11
3,1-back,Fz,5,7.078055237984366e-11
3,1-back,Fz,6,1.1625707226122404e-10
3,1-back,Fz,7,3.2122655796687956e-10
3,1-back,Fz,8,6.866957263182939e-11
3,1-back,Fz,9,7.528344547405412e-11
3,1-back,Fz,10,7.083446636511819e-11
3,1-back,Fz,11,1.8745922804230298e-10
3,1-back,Fz,12,7.20372071129114e-11
3,1-back,Fz,13,2.463295023412359e-10
3,1-back,Fz,14,4.0826711299879575e-11
3,1-back,Fz,15,9.794892502074978e-11
3,1-back,Fz,16,1.9262547660444952e-10
3,1-back,Fz,17,4.322602802520361e-11
3,1-back,Fz,18,1.753037542127865e-11
3,1-back,Fz,19,5.0767564271566586e-11
3,1-back,Fz,20,1.3573135589636785e-10
3,1-back,Fz,21,3.6564677432364475e-11
3,1-back,Fz,22,1.3358723433275635e-10
3,1-back,Fz,23,3.948595880891998e-11
3,1-back,Fz,24,2.3953987518379787e-10
3,1-back,Fz,25,3.4475305240915166e-10
3,1-back,Fz,26,8.47345100550579e-11
3,1-back,Fz,27,2.1090442255227318e-10
3,1-back,Fz,28,1.8550415624598648e-10
3,1-back,Fz,29,1.9868271659722024e-10
3,1-back,Fz,30,1.4105361816248482e-10
3,2-back,F3,1,9.525232505780585e-11
3,2-back,F3,2,2.18792954413561e-10
3,2-back,F3,3,8.36746656945467e-11
3,2-back,F3,4,1.19988000707384e-10
3,2-back,F3,5,1.1380911635269472e-10
3,2-back,F3,6,9.737708320502887e-11
3,2-back,F3,7,1.3470724886601378e-10
3,2-back,F3,8,2.3303940444974094e-10
3,2-back,F3,9,4.4031269225889833e-11
3,2-back,F3,10,3.566323638414521e-10
3,2-back,F3,11,1.2264904723184995e-10
3,2-back,F3,12,8.144969689934074e-10
3,2-back,F3,13,1.65738610034367e-10
3,2-back,F3,14,1.6300044660462004e-10
3,2-back,F3,15,1.896374363721673e-10
3,2-back,F3,16,6.989254654813598e-11
3,2-back,F3,17,4.173861039341743e-10
3,2-back,F3,18,2.096581067976528e-10
3,2-back,F3,19,4.781054941564983e-10
3,2-back,F3,20,9.284524422485746e-11
3,2-back,F3,21,2.538183968457183e-10
3,2-back,F3,22,6.767589428326612e-10
3,2-back,F3,23,1.5336524345405912e-10
3,2-back,F3,24,1.276587360068426e-10
3,2-back,F3,25,5.87370477274979e-10
3,2-back,F3,26,3.950643876435836e-11
3,2-back,F3,27,3.556741717782816e-10
3,2-back,F3,28,1.3170083833074041e-10
3,2-back,F3,29,2.892625399146617e-10
3,2-back,F3,30,2.372276897304227e-10
3,2-back,F3,31,7.806969659248388e-11
3,2-back,F3,32,3.565869451383537e-11
3,2-back,F3,33,1.9966568858831545e-10
3,2-back,F3,34,2.9322829437760957e-11
3,2-back,F3,35,2.2837369606302465e-10
3,2-back,F3,36,3.8744281314632456e-11
3,2-back,F3,37,1.2708157497956044e-10
3,2-back,F4,1,1.3494733119614102e-10
3,2-back,F4,2,2.2122120599296291e-10
3,2-back,F4,3,5.6515737229142985e-11
3,2-back,F4,4,1.1647769447989601e-10
3,2-back,F4,5,5.840697127517828e-11
3,2-back,F4,6,7.44886178646626e-11
3,2-back,F4,7,1.01237176009667e-10
3,2-back,F4,8,2.6258304411223767e-10
3,2-back,F4,9,1.7343465994876022e-11
3,2-back,F4,10,2.98463302037136e-10
3,2-back,F4,11,1.0896655038989648e-10
3,2-back,F4,12,6.591903259530696e-10
3,2-back,F4,13,3.9715891388244314e-10
3,2-back,F4,14,2.3343332953583415e-10
3,2-back,F4,15,2.190464355787313e-10
3,2-back,F4,16,7.222643922174154e-11
3,2-back,F4,17,3.167527670434148e-10
3,2-back,F4,18,2.681962617826719e-10
3,2-back,F4,19,4.2617986220411535e-10
3,2-back,F4,20,8.501723606772729e-11
3,2-back,F4,21,2.23941694392506e-10
3,2-back,F4,22,6.235842934041127e-10
3,2-back,F4,23,1.0755437997644274e-10
3,2-back,F4,24,1.8811069453753894e-10
3,2-back,F4,25,5.985277187748691e-10
3,2-back,F4,26,5.968264852476882e-11
3,2-back,F4,27,7.308831134316327e-10
3,2-back,F4,28,1.1878787891653446e-10
3,2-back,F4,29,2.0460475548661808e-10
3,2-back,F4,30,3.235950462691475e-10
3,2-back,F4,31,1.1983449862259032e-10
3,2-back,F4,32,1.0093274899346956e-10
3,2-back,F4,33,2.70891447943942e-10
3,2-back,F4,34,7.564603037197785e-11
3,2-back,F4,35,2.7871112262285457e-10
3,2-back,F4,36,6.48667574869471e-11
3,2-back,F4,37,1.2250377826578765e-10
3,2-back,F7,1,3.345631435600966e-10
3,2-back,F7,2,2.926678281928058e-10
3,2-back,F7,3,1.4006522108865578e-10
3,2-back,F7,4,9.873838856455311e-11
3,2-back,F7,5,1.4035694821268596e-10
3,2-back,F7,6,1.166199236698909e-10
3,2-back,F7,7,1.466716678944669e-10
3,2-back,F7,8,1.2381192344951064e-09
3,2-back,F7,9,4.942181175845637e-10
3,2-back,F7,10,5.97684568490949e-10
3,2-back,F7,11,6.158685624043235e-10
3,2-back,F7,12,9.450982298399128e-10
3,2-back,F7,13,1.1142296505104791e-10
3,2-back,F7,14,4.0981189142969855e-10
3,2-back,F7,15,2.3575315950149035e-10
3,2-back,F7,16,1.9161756248877395e-10
3,2-back,F7,17,6.947783369375452e-10
3,2-back,F7,18,1.947252372970615e-10
3,2-back,F7,19,5.977181315689206e-10
3,2-back,F7,20,9.756529692201867e-11
3,2-back,F7,21,2.306607781028009e-10
3,2-back,F7,22,8.4635570451568e-10
3,2-back,F7,23,1.9453074960067272e-10
3,2-back,F7,24,1.772522039840098e-10
3,2-back,F7,25,7.332505365885895e-10
3,2-back,F7,26,2.7489377752120036e-11
3,2-back,F7,27,1.994929185266868e-10
3,2-back,F7,28,1.3435032925593558e-10
3,2-back,F7,29,4.82699657047962e-10
3,2-back,F7,30,6.34921167872605e-10
3,2-back,F7,31,2.0557472481429816e-10
3,2-back,F7,32,3.2535251330912806e-11
3,2-back,F7,33,2.2957807802470702e-10
3,2-back,F7,34,4.7223261662080954e-11
3,2-back,F7,35,2.7620475292641296e-10
3,2-back,F7,36,5.7957247996234106e-11
3,2-back,F7,37,1.2080782300116308e-10
3,2-back,F8,1,1.6426107786887538e-10
3,2-back,F8,2,1.516252507709533e-10
3,2-back,F8,3,9.003173427304876e-11
3,2-back,F8,4,1.2607338464339488e-10
3,2-back,F8,5,4.0711309873034246e-11
3,2-back,F8,6,7.849821457951478e-11
3,2-back,F8,7,2.8554340630672363e-10
3,2-back,F8,8,5.2192468306111e-10
3,2-back,F8,9,7.594425569342714e-11
3,2-back,F8,10,4.787230222591861e-10
3,2-back,F8,11,1.555427547245873e-10
3,2-back,F8,12,1.468383963927758e-09
3,2-back,F8,13,1.413431488780708e-10
3,2-back,F8,14,1.461092026606705e-10
3,2-back,F8,15,3.430460872438369e-10
3,2-back,F8,16,4.250282574945212e-11
3,2-back,F8,17,2.9537780433901353e-10
3,2-back,F8,18,5.832387534352267e-10
3,2-back,F8,19,8.487166050554706e-10
3,2-back,F8,20,4.825581289419528e-11
3,2-back,F8,21,3.142649107092856e-10
3,2-back,F8,22,9.189047380070177e-10
3,2-back,F8,23,1.606882850759843e-10
3,2-back,F8,24,2.3812027859742506e-10
3,2-back,F8,25,1.1600050329552365e-09
3,2-back,F8,26,2.178981753290693e-11
3,2-back,F8,27,2.250126508240863e-10
3,2-back,F8,28,2.1236701544927276e-10
3,2-back,F8,29,3.6518041126699786e-10
3,2-back,F8,30,1.5190457902677038e-10
3,2-back,F8,31,1.1893518447321438e-11
3,2-back,F8,32,1.4984618784192333e-11
3,2-back,F8,33,1.8130928159733774e-10
3,2-back,F8,34,9.60145013707629e-12
3,2-back,F8,35,3.556638521364863e-10
3,2-back,F8,36,3.393737948636754e-11
3,2-back,F8,37,6.676488904347273e-11
3,2-back,Fz,1,1.1923317281793253e-10
3,2-back,Fz,2,1.672603498897794e-10
3,2-back,Fz,3,5.8143109196309835e-11
3,2-back,Fz,4,1.0042076804405783e-10
3,2-back,Fz,5,8.64669666769587e-11
3,2-back,Fz,6,7.381051375041804e-11
3,2-back,Fz,7,1.0162518133330575e-10
3,2-back,Fz,8,2.425186540059794e-10
3,2-back,Fz,9,3.294284976253548e-11
3,2-back,Fz,10,3.410512395353497e-10
3,2-back,Fz,11,1.2411341788975574e-10
3,2-back,Fz,12,7.471079922007874e-10
3,2-back,Fz,13,1.7799152855680683e-10
3,2-back,Fz,14,1.3226418273185364e-10
3,2-back,Fz,15,2.0842309085717504e-10
3,2-back,Fz,16,6.582856934245204e-11
3,2-back,Fz,17,3.412186766414988e-10
3,2-back,Fz,18,2.656070030657318e-10
3,2-back,Fz,19,4.5282691690411526e-10
3,2-back,Fz,20,1.2845332971715102e-10
3,2-back,Fz,21,2.971704353312518e-10
3,2-back,Fz,22,5.973378900931644e-10
3,2-back,Fz,23,1.263201005441987e-10
3,2-back,Fz,24,1.3136399183724842e-10
3,2-back,Fz,25,6.076929825139844e-10
3,2-back,Fz,26,3.208455408012568e-11
3,2-back,Fz,27,2.910694830949083e-10
3,2-back,Fz,28,1.1451915317990264e-10
3,2-back,Fz,29,2.7022444281488125e-10
3,2-back,Fz,30,2.2536611481487763e-10
3,2-back,Fz,31,3.6681216217797095e-11
3,2-back,Fz,32,1.3256310610287245e-10
3,2-back,Fz,33,2.2486138544938616e-10
3,2-back,Fz,34,2.9339973762955424e-11
3,2-back,Fz,35,2.2848422168101113e-10
3,2-back,Fz,36,5.611315514816718e-11
3,2-back,Fz,37,8.443767415871595e-11
3,3-back,F3,1,1.0255670229441663e-10
3,3-back,F3,2,6.001751275522817e-10
3,3-back,F3,3,1.2565608947766653e-10
3,3-back,F3,4,4.055425224456376e-11
3,3-back,F3,5,3.9853688522303545e-11
3,3-back,F3,6,1.0432981932541475e-10
3,3-back,F3,7,1.3316909821117794e-10
3,3-back,F3,8,2.8795530991567437e-10
3,3-back,F3,9,7.432455161368551e-11
3,3-back,F3,10,6.925027846427964e-11
3,3-back,F3,11,3.3540567460378045e-11
3,3-back,F3,12,9.175569361865305e-11
3,3-back,F3,13,5.168625790472938e-10
3,3-back,F3,14,8.376932720909394e-11
3,3-back,F3,15,2.942343235759688e-10
3,3-back,F3,16,8.495291609174354e-11
3,3-back,F3,17,1.600762050391404e-10
3,3-back,F3,18,5.5769704762060285e-11
3,3-back,F3,19,1.9430756718187274e-10
3,3-back,F3,20,1.5096100950163626e-10
3,3-back,F3,21,3.6302210455355834e-11
3,3-back,F3,22,8.063125007552125e-11
3,3-back,F3,23,1.0785586171086437e-10
3,3-back,F3,24,5.2751265200162055e-11
3,3-back,F3,25,1.0745669662004103e-10
3,3-back,F3,26,5.518324562796511e-11
3,3-back,F3,27,9.232829495724054e-11
3,3-back,F3,28,4.5214289177068557e-10
3,3-back,F3,29,3.354697109400552e-10
3,3-back,F3,30,6.379544596309678e-11
3,3-back,F3,31,4.840114564396476e-10
3,3-back,F3,32,1.317116145325982e-09
3,3-back,F3,33,4.7146397897983946e-11
3,3-back,F3,34,5.951191020811617e-10
3,3-back,F3,35,6.759147389660622e-10
3,3-back,F3,36,8.110025493124271e-10
3,3-back,F3,37,5.531272987500277e-10
3,3-back,F3,38,9.055992711407027e-10
3,3-back,F3,39,7.944426096103325e-10
3,3-back,F4,1,1.5613229805792922e-10
3,3-back,F4,2,6.609327390253454e-10
3,3-back,F4,3,1.102257278080484e-10
3,3-back,F4,4,6.745518344231419e-11
3,3-back,F4,5,6.087797632337257e-11
3,3-back,F4,6,2.0823591378687387e-10
3,3-back,F4,7,1.1101072158150022e-10
3,3-back,F4,8,3.144548908081644e-10
3,3-back,F4,9,5.841634248609119e-11
3,3-back,F4,10,6.342387547860118e-11
3,3-back,F4,11,2.5383629576623555e-11
3,3-back,F4,12,7.670694863880814e-11
3,3-back,F4,13,4.237481043102094e-10
3,3-back,F4,14,1.0540549339896303e-10
3,3-back,F4,15,2.458243892245926e-10
3,3-back,F4,16,1.0752174055827362e-10
3,3-back,F4,17,1.4520048596794343e-10
3,3-back,F4,18,5.3921979218152955e-11
3,3-back,F4,19,1.8671397105621873e-10
3,3-back,F4,20,1.400176605045761e-10
3,3-back,F4,21,2.4513360691538362e-11
3,3-back,F4,22,9.885290651712744e-11
3,3-back,F4,23,8.346628711159662e-11
3,3-back,F4,24,3.712653058717298e-11
3,3-back,F4,25,1.4235766504740743e-10
3,3-back,F4,26,6.282544075420118e-11
3,3-back,F4,27,5.7351484844621785e-11
3,3-back,F4,28,4.3144259311589907e-10
3,3-back,F4,29,2.8985207385861026e-10
3,3-back,F4,30,3.948058502183414e-11
3,3-back,F4,31,4.130351001969778e-10
3,3-back,F4,32,1.1831655273991335e-09
3,3-back,F4,33,5.235125799347909e-11
3,3-back,F4,34,4.72663856335689e-10
3,3-back,F4,35,3.960113487615186e-08
3,3-back,F4,36,6.117492983840871e-10
3,3-back,F4,37,3.388722099251668e-10
3,3-back,F4,38,5.172601464330559e-10
3,3-back,F4,39,7.146803404455145e-10
3,3-back,F7,1,1.5509810872112216e-10
3,3-back,F7,2,9.245525457502752e-10
3,3-back,F7,3,1.1174510339903248e-10
3,3-back,F7,4,7.865805657770346e-11
3,3-back,F7,5,2.447024487099588e-11
3,3-back,F7,6,1.3611930574705162e-10
3,3-back,F7,7,1.8054683944372111e-10
3,3-back,F7,8,4.620606033487618e-10
3,3-back,F7,9,7.912818386491366e-11
3,3-back,F7,10,5.556037942365759e-11
3,3-back,F7,11,6.594438975225838e-11
3,3-back,F7,12,7.945708606769224e-11
3,3-back,F7,13,8.688181761164412e-10
3,3-back,F7,14,5.008588021457562e-11
3,3-back,F7,15,2.92518732631996e-10
3,3-back,F7,16,1.439993843833437e-10
3,3-back,F7,17,2.6488213097116334e-10
3,3-back,F7,18,6.377973426533056e-11
3,3-back,F7,19,3.3490974850634964e-10
3,3-back,F7,20,1.1083929027408877e-10
3,3-back,F7,21,3.666499223231969e-11
3,3-back,F7,22,4.841264181005218e-11
3,3-back,F7,23,1.1663679472210564e-10
3,3-back,F7,24,6.492276044641089e-11
3,3-back,F7,25,1.1406699676163668e-10
3,3-back,F7,26,3.838281671302856e-11
3,3-back,F7,27,1.0138133452408275e-10
3,3-back,F7,28,5.54564755851107e-10
3,3-back,F7,29,3.180571690084987e-10
3,3-back,F7,30,3.997665693143793e-11
3,3-back,F7,31,5.157617726398528e-10
3,3-back,F7,32,1.2524811955067867e-09
3,3-back,F7,33,4.7056060440246955e-11
3,3-back,F7,34,7.789972386084803e-10
3,3-back,F7,35,2.1987195607081576e-08
3,3-back,F7,36,8.71410307273762e-10
3,3-back,F7,37,8.414153202552416e-10
3,3-back,F7,38,1.271910358278547e-09
3,3-back,F7,39,8.396686419452826e-10
3,3-back,F8,1,1.3180983132454436e-10
3,3-back,F8,2,1.1928541169686418e-09
3,3-back,F8,3,1.4614907243817152e-10
3,3-back,F8,4,3.625533594100651e-11
3,3-back,F8,5,2.0076028394899738e-11
3,3-back,F8,6,1.9753859792049598e-10
3,3-back,F8,7,2.038994169712479e-10
3,3-back,F8,8,4.912402657873596e-10
3,3-back,F8,9,4.623988567422917e-11
3,3-back,F8,10,1.1324420573127005e-10
3,3-back,F8,11,4.485802521339038e-11
3,3-back,F8,12,2.7706295548901946e-10
3,3-back,F8,13,8.146547958780407e-10
3,3-back,F8,14,4.195246506167141e-11
3,3-back,F8,15,2.9031284702802715e-10
3,3-back,F8,16,1.49727720567026e-10
3,3-back,F8,17,2.2998663001026772e-10
3,3-back,F8,18,8.557212475982979e-11
3,3-back,F8,19,4.0453506794966916e-10
3,3-back,F8,20,1.5403322678665047e-10
3,3-back,F8,21,3.121225795897236e-11
3,3-back,F8,22,6.461473518940802e-11
3,3-back,F8,23,2.438582074077907e-11
3,3-back,F8,24,1.4477938261690406e-11
3,3-back,F8,25,1.1320281941750141e-10
3,3-back,F8,26,1.386369935391852e-11
3,3-back,F8,27,5.1523842962929134e-11
3,3-back,F8,28,6.640433638784463e-10
3,3-back,F8,29,4.1879026533417063e-10
3,3-back,F8,30,2.2723053214579984e-11
3,3-back,F8,31,8.943059415539451e-10
3,3-back,F8,32,1.4144750736044288e-09
3,3-back,F8,33,4.956190897971032e-11
3,3-back,F8,34,1.0921455748802938e-09
3,3-back,F8,35,1.4703256472003998e-08
3,3-back,F8,36,1.2922676394995846e-09
3,3-back,F8,37,7.467477622668121e-10
3,3-back,F8,38,1.3092657830922937e-09
3,3-back,F8,39,1.0128891679220942e-09
3,3-back,Fz,1,7.867669669421554e-11
3,3-back,Fz,2,6.425277115600626e-10
3,3-back,Fz,3,1.517573262439968e-10
3,3-back,Fz,4,9.691108674788713e-11
3,3-back,Fz,5,4.037172504418463e-11
3,3-back,Fz,6,1.0467285551176318e-10
3,3-back,Fz,7,1.2176075007646769e-10
3,3-back,Fz,8,2.7603241489945106e-10
3,3-back,Fz,9,7.032653035063468e-11
3,3-back,Fz,10,8.563948657954494e-11
3,3-back,Fz,11,2.4160037086836606e-11
3,3-back,Fz,12,8.065759442572096e-11
3,3-back,Fz,13,4.6349131052434453e-10
3,3-back,Fz,14,1.0304010160457753e-10
3,3-back,Fz,15,2.569152241348476e-10
3,3-back,Fz,16,1.0255272472186652e-10
3,3-back,Fz,17,1.6604489977523092e-10
3,3-back,Fz,18,4.2249338852311214e-11
3,3-back,Fz,19,1.8216108438740864e-10
3,3-back,Fz,20,1.4397357355500506e-10
3,3-back,Fz,21,5.1657750554548234e-11
3,3-back,Fz,22,7.768159215351177e-11
3,3-back,Fz,23,1.0372467830516342e-10
3,3-back,Fz,24,5.17476783413387e-11
3,3-back,Fz,25,1.0581284980304499e-10
3,3-back,Fz,26,4.58316110430657e-11
3,3-back,Fz,27,7.839101597340527e-11
3,3-back,Fz,28,4.6237249190942775e-10
3,3-back,Fz,29,2.799507493384966e-10
3,3-back,Fz,30,5.05461979260239e-11
3,3-back,Fz,31,5.061527009075175e-10
3,3-back,Fz,32,1.3316139341925522e-09
3,3-back,Fz,33,6.39975872000908e-11
3,3-back,Fz,34,5.964568619259376e-10
3,3-back,Fz,35,1.0262383844570435e-09
3,3-back,Fz,36,6.263340071930949e-10
3,3-back,Fz,37,3.778149760939498e-10
3,3-back,Fz,38,7.795095252385224e-10
3,3-back,Fz,39,7.352958773418851e-10
3,4-back,F3,1,2.823680748433067e-10
3,4-back,F3,2,5.630422782407379e-11
3,4-back,F3,3,1.0886516089243705e-10
3,4-back,F3,4,5.029831436053209e-10
3,4-back,F3,5,6.117662855817179e-10
3,4-back,F3,6,2.2911941631900267e-11
3,4-back,F3,7,6.438551099889953e-10
3,4-back,F3,8,1.26716226828585e-09
3,4-back,F3,9,1.0453001131982903e-09
3,4-back,F3,10,3.3704273799403093e-10
3,4-back,F3,11,8.43865427694968e-11
3,4-back,F3,12,7.144782135750242e-10
3,4-back,F3,13,1.004796102690364e-09
3,4-back,F3,14,1.1107531996189962e-09
3,4-back,F3,15,4.643482473654665e-10
3,4-back,F3,16,6.870913632210915e-10
3,4-back,F3,17,8.618844732788189e-11
3,4-back,F3,18,7.671601552261572e-10
3,4-back,F3,19,9.908798468102569e-10
3,4-back,F3,20,3.0614353526186994e-10
3,4-back,F3,21,6.790480200788401e-11
3,4-back,F3,22,1.84226172757206e-09
3,4-back,F3,23,1.7999829051698465e-09
3,4-back,F3,24,6.446850196094517e-10
3,4-back,F3,25,3.569601635248922e-10
3,4-back,F3,26,1.1222151781122012e-10
3,4-back,F3,27,7.15420399313496e-10
3,4-back,F3,28,1.0468558095927316e-09
3,4-back,F3,29,2.2570895387275092e-10
3,4-back,F3,30,8.991434518566544e-10
3,4-back,F3,31,8.459215475071352e-10
3,4-back,F3,32,8.100660520623512e-11
3,4-back,F3,33,5.85971758987406e-10
3,4-back,F3,34,7.909895610647297e-10
3,4-back,F3,35,5.798265013787741e-10
3,4-back,F3,36,6.466250261366186e-10
3,4-back,F3,37,3.44950853368248e-11
3,4-back,F3,38,9.748233024168682e-11
3,4-back,F3,39,9.986238576771253e-10
3,4-back,F3,40,9.07591565494636e-11
3,4-back,F4,1,3.2623417979906576e-10
3,4-back,F4,2,7.884259858816757e-11
3,4-back,F4,3,9.409508075741942e-11
3,4-back,F4,4,4.002056589208083e-10
3,4-back,F4,5,6.336399808622699e-10
3,4-back,F4,6,8.538495025768106e-11
3,4-back,F4,7,5.927615344519686e-10
3,4-back,F4,8,1.1325104122642384e-09
3,4-back,F4,9,6.156051685995682e-10
3,4-back,F4,10,2.5270105963270346e-10
3,4-back,F4,11,4.5357844111365835e-11
3,4-back,F4,12,6.836146502184677e-10
3,4-back,F4,13,6.246025835629211e-10
3,4-back,F4,14,1.0277175258750943e-09
3,4-back,F4,15,5.46372059430203e-10
3,4-back,F4,16,4.6525173340578023e-10
3,4-back,F4,17,4.507315030826212e-11
3,4-back,F4,18,7.298963499984008e-10
3,4-back,F4,19,6.869313799806522e-10
3,4-back,F4,20,2.572391827998733e-10
3,4-back,F4,21,8.198871505696185e-11
3,4-back,F4,22,3.938292524422159e-09
3,4-back,F4,23,1.5256122805935074e-09
3,4-back,F4,24,1.4318927811563953e-09
3,4-back,F4,25,4.038925632941188e-10
3,4-back,F4,26,1.7165152841796317e-10
3,4-back,F4,27,7.763257388312868e-10
3,4-back,F4,28,8.433543266207786e-10
3,4-back,F4,29,2.444794579645938e-10
3,4-back,F4,30,3.126097170284694e-10
3,4-back,F4,31,5.312602811096259e-10
3,4-back,F4,32,8.167981602664128e-11
3,4-back,F4,33,5.094795120806291e-10
3,4-back,F4,34,6.518241630716666e-10
3,4-back,F4,35,4.827202768734885e-10
3,4-back,F4,36,8.380471584302334e-10
3,4-back,F4,37,6.018089775718972e-11
3,4-back,F4,38,1.9043076200786372e-10
3,4-back,F4,39,7.637907065906754e-10
3,4-back,F4,40,1.5727447817633214e-10
3,4-back,F7,1,1.1928155552588705e-10
3,4-back,F7,2,1.708357377234531e-10
3,4-back,F7,3,1.3348652395986288e-10
3,4-back,F7,4,7.002168275520571e-10
3,4-back,F7,5,8.022613445611106e-10
3,4-back,F7,6,5.922860444195356e-11
3,4-back,F7,7,7.469509055816512e-10
3,4-back,F7,8,2.0122984358029818e-09
3,4-back,F7,9,1.295652454641175e-09
3,4-back,F7,10,5.685533680425051e-10
3,4-back,F7,11,8.772811719598394e-11
3,4-back,F7,12,8.406005328903028e-10
3,4-back,F7,13,1.2403507227364298e-09
3,4-back,F7,14,1.3390734995609184e-09
3,4-back,F7,15,6.957768658598716e-10
3,4-back,F7,16,8.778467052475145e-10
3,4-back,F7,17,5.761054877378431e-11
3,4-back,F7,18,1.0071497607379679e-09
3,4-back,F7,19,1.2622188001356595e-09
3,4-back,F7,20,4.3774026432815705e-10
3,4-back,F7,21,1.2192724566554651e-10
3,4-back,F7,22,4.280889926292588e-09
3,4-back,F7,23,2.5084918244653477e-09
3,4-back,F7,24,2.346343881159131e-09
3,4-back,F7,25,1.2937120154088223e-09
3,4-back,F7,26,7.370362038013566e-11
3,4-back,F7,27,1.1838068556944572e-09
3,4-back,F7,28,1.0822573176606038e-09
3,4-back,F7,29,3.427680764810903e-10
3,4-back,F7,30,9.339217631525406e-10
3,4-back,F7,31,1.0832481841370672e-09
3,4-back,F7,32,3.826988642441114e-11
3,4-back,F7,33,9.187459056688629e-10
3,4-back,F7,34,1.2550580613438114e-09
3,4-back,F7,35,1.0616444041618904e-09
3,4-back,F7,36,7.433536188997494e-10
3,4-back,F7,37,5.911061274074498e-11
3,4-back,F7,38,2.9117936873983925e-10
3,4-back,F7,39,9.754665178416252e-10
3,4-back,F7,40,9.252066480349557e-11
3,4-back,F8,1,1.2265675290155504e-10
3,4-back,F8,2,6.417574466296709e-11
3,4-back,F8,3,4.592547257572491e-11
3,4-back,F8,4,6.016570725843592e-10
3,4-back,F8,5,1.6655245888340737e-09
3,4-back,F8,6,5.3284251442518144e-11
3,4-back,F8,7,1.0700965204063097e-09
3,4-back,F8,8,2.0222561607111965e-09
3,4-back,F8,9,1.2422174733241425e-09
3,4-back,F8,10,5.593042957514844e-10
3,4-back,F8,11,4.39415577447454e-11
3,4-back,F8,12,1.3693995005849965e-09
3,4-back,F8,13,1.0769698554619042e-09
3,4-back,F8,14,1.3703109426130545e-09
3,4-back,F8,15,1.0457932628028974e-09
3,4-back,F8,16,9.012163452143848e-10
3,4-back,F8,17,4.6308617082951025e-11
3,4-back,F8,18,1.1917855011365152e-09
3,4-back,F8,19,1.4074408102741592e-09
3,4-back,F8,20,3.3548139850688326e-10
3,4-back,F8,21,7.478333012223518e-11
3,4-back,F8,22,2.4483313205286934e-09
3,4-back,F8,23,2.3672360995188727e-09
3,4-back,F8,24,1.7533365525858367e-09
3,4-back,F8,25,6.380665101061199e-10
3,4-back,F8,26,6.725160022024412e-11
3,4-back,F8,27,1.2002756528258047e-09
3,4-back,F8,28,1.4656437552528412e-09
3,4-back,F8,29,3.493085182817538e-10
3,4-back,F8,30,1.5949774426885216e-10
3,4-back,F8,31,1.0516931198359026e-09
3,4-back,F8,32,5.625581130147253e-11
3,4-back,F8,33,9.747678637024752e-10
3,4-back,F8,34,1.5305466740595468e-09
3,4-back,F8,35,8.705404632976262e-10
3,4-back,F8,36,1.1702954032244712e-09
3,4-back,F8,37,7.125741492815512e-11
3,4-back,F8,38,6.040605368279366e-11
3,4-back,F8,39,1.1697085605756154e-09
3,4-back,F8,40,4.169629092343812e-11
3,4-back,Fz,1,3.548545734557773e-10
3,4-back,Fz,2,5.946520422021078e-11
3,4-back,Fz,3,1.437943739093297e-10
3,4-back,Fz,4,4.928605808825343e-10
3,4-back,Fz,5,6.796447565387765e-10
3,4-back,Fz,6,2.4013063405962693e-11
3,4-back,Fz,7,6.102728733168314e-10
3,4-back,Fz,8,1.2985586465618245e-09
3,4-back,Fz,9,9.10403964113075e-10
3,4-back,Fz,10,3.1665036136565145e-10
3,4-back,Fz,11,7.308907754465927e-11
3,4-back,Fz,12,6.208919493201174e-10
3,4-back,Fz,13,8.63233245888235e-10
3,4-back,Fz,14,1.0513606650267849e-09
3,4-back,Fz,15,5.735814007543716e-10
3,4-back,Fz,16,5.80820970601838e-10
3,4-back,Fz,17,9.590154796784169e-11
3,4-back,Fz,18,7.290087870679481e-10
3,4-back,Fz,19,9.836966242784326e-10
3,4-back,Fz,20,3.191375200655807e-10
3,4-back,Fz,21,7.479991543903825e-11
3,4-back,Fz,22,1.7222287369246501e-09
3,4-back,Fz,23,1.7086519987489937e-09
3,4-back,Fz,24,7.106096861111344e-10
3,4-back,Fz,25,3.9185539659996726e-10
3,4-back,Fz,26,1.8979532597232317e-10
3,4-back,Fz,27,7.068250443201892e-10
3,4-back,Fz,28,8.51929725590916e-10
3,4-back,Fz,29,2.275116373754071e-10
3,4-back,Fz,30,4.683414398948925e-10
3,4-back,Fz,31,7.335241437852088e-10
3,4-back,Fz,32,6.483676181291388e-11
3,4-back,Fz,33,4.2792910978177167e-10
3,4-back,Fz,34,6.576318109476675e-10
3,4-back,Fz,35,5.08377148166477e-10
3,4-back,Fz,36,6.761484563603663e-10
3,4-back,Fz,37,5.2554425728255883e-11
3,4-back,Fz,38,1.1428206292193767e-10
3,4-back,Fz,39,8.086907933344957e-10
3,4-back,Fz,40,9.30515745208474e-11
4,1-back,F3,1,1.285988704758557e-10
4,1-back,F3,2,4.52298898942953e-10
4,1-back,F3,3,1.5099110181004696e-10
4,1-back,F3,4,9.009712768560592e-10
4,1-back,F3,5,4.0750618636988946e-10
4,1-back,F3,6,2.8687272656663097e-10
4,1-back,F3,7,4.070690452771146e-10
4,1-back,F3,8,3.807660865854497e-10
4,1-back,F3,9,4.297253124661979e-10
4,1-back,F3,10,1.2828695086790557e-10
4,1-back,F3,11,1.78264180015219e-10
4,1-back,F3,12,1.4299806132002476e-10
4,1-back,F3,13,9.93107016283155e-11
4,1-back,F3,14,8.360968812389109e-11
4,1-back,F3,15,2.151740492401069e-10
4,1-back,F3,16,8.148820356430031e-11
4,1-back,F3,17,5.001048553090201e-11
4,1-back,F3,18,1.6459307339032177e-10
4,1-back,F3,19,3.75591611495727e-10
4,1-back,F3,20,1.0377631565421826e-10
4,1-back,F3,21,9.142737123577967e-11
4,1-back,F3,22,1.9486541041092425e-10
4,1-back,F3,23,3.2476420756588395e-10
4,1-back,F3,24,7.224497272320688e-11
4,1-back,F3,25,1.4837936001204902e-10
4,1-back,F3,26,1.0118812824845045e-10
4,1-back,F3,27,1.4932694311922603e-10
4,1-back,F3,28,1.4768697195820165e-10
4,1-back,F3,29,3.06413784421821e-10
4,1-back,F3,30,2.2141259298827503e-10
4,1-back,F3,31,4.4334897021862703e-10
4,1-back,F3,32,1.6287571061544058e-10
4,1-back,F3,33,2.6419598107820026e-10
4,1-back,F3,34,4.405442221233188e-11
4,1-back,F3,35,2.4537724888641243e-10
4,1-back,F3,36,9.837788738825558e-11
4,1-back,F3,37,2.1052357416089541e-10
4,1-back,F3,38,1.669589562420472e-10
4,1-back,F4,1,1.5477321434355197e-10
4,1-back,F4,2,3.1595125762552016e-10
4,1-back,F4,3,9.525110694652462e-11
4,1-back,F4,4,6.540707493345992e-10
4,1-back,F4,5,2.43702874350497e-10
4,1-back,F4,6,1.9587251761194875e-10
4,1-back,F4,7,2.134653643447612e-10
4,1-back,F4,8,2.941067847480664e-10
4,1-back,F4,9,2.7115099146630797e-10
4,1-back,F4,10,2.2651373619944443e-10
4,1-back,F4,11,1.547037581956592e-10
4,1-back,F4,12,8.734960802204095e-11
4,1-back,F4,13,5.7595300233039934e-11
4,1-back,F4,14,6.771868335005487e-11
4,1-back,F4,15,9.672660646333814e-11
4,1-back,F4,16,9.468593511881002e-11
4,1-back,F4,17,6.067850466863887e-11
4,1-back,F4,18,5.6779456926659976e-11
4,1-back,F4,19,2.4807004391258175e-10
4,1-back,F4,20,1.073920049548068e-10
4,1-back,F4,21,9.108910914472166e-11
4,1-back,F4,22,1.7602347980839604e-10
4,1-back,F4,23,2.5914961647749804e-10
4,1-back,F4,24,6.668688824425947e-11
4,1-back,F4,25,5.979483551855938e-11
4,1-back,F4,26,9.166599028216045e-11
4,1-back,F4,27,1.533347022050877e-10
4,1-back,F4,28,1.4060584609185423e-10
4,1-back,F4,29,1.979215077209117e-10
4,1-back,F4,30,1.9838095567635057e-10
4,1-back,F4,31,2.815226112796661e-10
4,1-back,F4,32,2.397924060764418e-10
4,1-back,F4,33,2.781630231082054e-10
4,1-back,F4,34,6.635675423372604e-11
4,1-back,F4,35,2.0715169440723178e-10
4,1-back,F4,36,8.234765165923419e-11
4,1-back,F4,37,2.2056675139874307e-10
4,1-back,F4,38,2.0690132797963385e-10
4,1-back,F7,1,6.275855824875754e-11
4,1-back,F7,2,6.03424235230306e-10
4,1-back,F7,3,1.930540611745228e-10
4,1-back,F7,4,1.5831034491884478e-09
4,1-back,F7,5,6.102872193274759e-10
4,1-back,F7,6,2.1276165926727297e-10
4,1-back,F7,7,5.967489971435612e-10
4,1-back,F7,8,5.587141417828865e-10
4,1-back,F7,9,4.5262041968375794e-10
4,1-back,F7,10,2.4303797712313848e-11
4,1-back,F7,11,2.851584439414823e-10
4,1-back,F7,12,1.0048612775870045e-10
4,1-back,F7,13,7.877691806543822e-11
4,1-back,F7,14,3.6694851507857276e-11
4,1-back,F7,15,8.831018862692884e-11
4,1-back,F7,16,6.439676755917986e-11
4,1-back,F7,17,3.443798892564275e-11
4,1-back,F7,18,1.0210884094580229e-10
4,1-back,F7,19,4.6199905139135715e-10
4,1-back,F7,20,5.73475640000505e-11
4,1-back,F7,21,8.835912852540786e-11
4,1-back,F7,22,4.51678270221902e-10
4,1-back,F7,23,5.125356002095438e-10
4,1-back,F7,24,2.3233439063443908e-11
4,1-back,F7,25,1.435563467898206e-10
4,1-back,F7,26,9.441213930253492e-11
4,1-back,F7,27,1.4877561930593517e-10
4,1-back,F7,28,4.140112444325511e-11
4,1-back,F7,29,5.696663842671263e-10
4,1-back,F7,30,1.5887186599027067e-10
4,1-back,F7,31,5.922235893505112e-10
4,1-back,F7,32,2.601919654408414e-10
4,1-back,F7,33,3.282139188718656e-10
4,1-back,F7,34,8.237981199742247e-11
4,1-back,F7,35,4.3322969275108244e-10
4,1-back,F7,36,9.590633903046778e-11
4,1-back,F7,37,1.497594297176553e-10
4,1-back,F7,38,1.555971226907517e-10
4,1-back,F8,1,4.974278208117249e-11
4,1-back,F8,2,7.092543193246519e-10
4,1-back,F8,3,8.85239161843573e-11
4,1-back,F8,4,1.2640277191897057e-09
4,1-back,F8,5,5.334207143307982e-10
4,1-back,F8,6,2.2778194930725494e-10
4,1-back,F8,7,4.986417959825289e-10
4,1-back,F8,8,4.967784172804814e-10
4,1-back,F8,9,4.0134544785027444e-10
4,1-back,F8,10,1.6678429155052896e-10
4,1-back,F8,11,3.3679561809767106e-10
4,1-back,F8,12,6.011464443109114e-11
4,1-back,F8,13,6.320418065787424e-11
4,1-back,F8,14,8.114252333996347e-11
4,1-back,F8,15,1.2733459026585367e-10
4,1-back,F8,16,3.2864567399549565e-11
4,1-back,F8,17,5.932125101629622e-11
4,1-back,F8,18,7.0735439768324e-11
4,1-back,F8,19,3.558064786731437e-10
4,1-back,F8,20,9.00353903504316e-11
4,1-back,F8,21,5.540443826911462e-11
4,1-back,F8,22,3.669713222613476e-10
4,1-back,F8,23,3.760068131334111e-10
4,1-back,F8,24,3.871037468522958e-11
4,1-back,F8,25,9.100148275123684e-11
4,1-back,F8,26,7.975046588603114e-11
4,1-back,F8,27,1.212172908802489e-10
4,1-back,F8,28,4.687623135508354e-11
4,1-back,F8,29,5.905781244035229e-10
4,1-back,F8,30,5.95005527686836e-11
4,1-back,F8,31,3.3531796589667233e-10
4,1-back,F8,32,3.557816888272598e-10
4,1-back,F8,33,3.905718020856671e-10
4,1-back,F8,34,3.5614856201109636e-11
4,1-back,F8,35,3.557724641065759e-10
4,1-back,F8,36,3.043908113551378e-11
4,1-back,F8,37,1.151286262160045e-10
4,1-back,F8,38,1.9922231202273e-10
4,1-back,Fz,1,2.2437087669383764e-10
4,1-back,Fz,2,3.4302936695761357e-10
4,1-back,Fz,3,1.412952662091881e-10
4,1-back,Fz,4,7.987062301278612e-10
4,1-back,Fz,5,3.0257815456676054e-10
4,1-back,Fz,6,2.3018903152813417e-10
4,1-back,Fz,7,3.149855857863838e-10
4,1-back,Fz,8,2.3387265065400524e-10
4,1-back,Fz,9,3.2733665468286073e-10
4,1-back,Fz,10,9.034790021444105e-11
4,1-back,Fz,11,2.37985399228513e-10
4,1-back,Fz,12,1.5098700959768448e-10
4,1-back,Fz,13,7.592788744503331e-11
4,1-back,Fz,14,9.916383162036862e-11
4,1-back,Fz,15,1.8321034874408138e-10
4,1-back,Fz,16,1.275973218209638e-10
4,1-back,Fz,17,6.150513282233341e-11
4,1-back,Fz,18,1.0088788258882821e-10
4,1-back,Fz,19,3.326870742263428e-10
4,1-back,Fz,20,1.3401611927124303e-10
4,1-back,Fz,21,9.753676165402536e-11
4,1-back,Fz,22,1.9635904107644508e-10
4,1-back,Fz,23,2.628361640520304e-10
4,1-back,Fz,24,7.395534764748951e-11
4,1-back,Fz,25,7.833944135693791e-11
4,1-back,Fz,26,8.345523600680693e-11
4,1-back,Fz,27,1.7173860334830114e-10
4,1-back,Fz,28,2.0814551598445184e-10
4,1-back,Fz,29,2.428324690955602e-10
4,1-back,Fz,30,2.7680727845866947e-10
4,1-back,Fz,31,3.6748818377095423e-10
4,1-back,Fz,32,2.4082389747975873e-10
4,1-back,Fz,33,2.7185985398786067e-10
4,1-back,Fz,34,8.917231401407199e-11
4,1-back,Fz,35,2.3739710098051046e-10
4,1-back,Fz,36,1.5622094781202634e-10
4,1-back,Fz,37,2.819434631305443e-10
4,1-back,Fz,38,2.2101662162774334e-10
4,2-back,F3,1,2.6955503505714423e-10
4,2-back,F3,2,1.0953734987146328e-10
4,2-back,F3,3,1.0364934534515388e-10
4,2-back,F3,4,3.514333902991214e-10
4,2-back,F3,5,6.103634898876653e-10
4,2-back,F3,6,5.692337874748067e-10
4,2-back,F3,7,3.377184791328206e-10
4,2-back,F3,8,3.3260036985599836e-10
4,2-back,F3,9,4.3613623901788235e-11
4,2-back,F3,10,2.6279102830006734e-10
4,2-back,F3,11,1.0577860025425777e-09
4,2-back,F3,12,1.9232417425935747e-10
4,2-back,F3,13,1.4334960281566739e-10
4,2-back,F3,14,4.685076209815399e-10
4,2-back,F3,15,4.070267590427631e-11
4,2-back,F3,16,2.661229532330917e-10
4,2-back,F3,17,2.601301789057048e-10
4,2-back,F3,18,4.631601430851263e-10
4,2-back,F3,19,2.5337153440037025e-10
4,2-back,F3,20,4.788404944922475e-10
4,2-back,F3,21,1.7708428436323774e-10
4,2-back,F3,22,3.476625502830749e-10
4,2-back,F3,23,3.669800276489585e-10
4,2-back,F3,24,3.7751617966998244e-10
4,2-back,F3,25,4.126728818151683e-10
4,2-back,F3,26,7.056181746592668e-11
4,2-back,F3,27,1.971654761660073e-10
4,2-back,F3,28,6.971203012378591e-10
4,2-back,F3,29,6.68998838695005e-11
4,2-back,F3,30,2.421901407489284e-10
4,2-back,F3,31,6.577651360714411e-11
4,2-back,F3,32,3.6663820248240695e-10
4,2-back,F3,33,2.878976223891771e-10
4,2-back,F3,34,2.7292931321864965e-10
4,2-back,F3,35,1.3401660093540597e-10
4,2-back,F4,1,3.478318092365295e-10
4,2-back,F4,2,9.841817295912292e-11
4,2-back,F4,3,5.769690098247965e-11
4,2-back,F4,4,2.579582063738457e-10
4,2-back,F4,5,4.6366507120820696e-10
4,2-back,F4,6,4.16995793638557e-10
4,2-back,F4,7,3.31935900466556e-10
4,2-back,F4,8,2.5098055372583584e-10
4,2-back,F4,9,2.92846535310158e-11
4,2-back,F4,10,2.2274813823257297e-10
4,2-back,F4,11,8.694192060877373e-10
4,2-back,F4,12,1.332301137862592e-10
4,2-back,F4,13,8.382252577107373e-11
4,2-back,F4,14,3.138305453134857e-10
4,2-back,F4,15,4.0872984838402914e-11
4,2-back,F4,16,1.3504145705206253e-10
4,2-back,F4,17,1.7791470195371012e-10
4,2-back,F4,18,3.9190013351532076e-10
4,2-back,F4,19,2.014763901398119e-10
4,2-back,F4,20,4.245964328370516e-10
4,2-back,F4,21,1.1092839330977592e-10
4,2-back,F4,22,2.4888666134287516e-10
4,2-back,F4,23,2.9536652504847114e-10
4,2-back,F4,24,2.605945689818022e-10
4,2-back,F4,25,2.38964373962693e-10
4,2-back,F4,26,5.7128540120389506e-11
4,2-back,F4,27,2.3357004646029813e-10
4,2-back,F4,28,4.462499217090521e-10
4,2-back,F4,29,1.0277344314725396e-10
4,2-back,F4,30,2.2492748564025375e-10
4,2-back,F4,31,2.58357078804101e-10
4,2-back,F4,32,3.571534993976348e-10
4,2-back,F4,33,1.7888394849658181e-10
4,2-back,F4,34,2.7470912450945243e-10
4,2-back,F4,35,6.561167870440822e-11
4,2-back,F7,1,4.756039008824932e-10
4,2-back,F7,2,1.464019865963537e-10
4,2-back,F7,3,2.3440352537679135e-11
4,2-back,F7,4,4.830902112892577e-10
4,2-back,F7,5,7.370098949924293e-10
4,2-back,F7,6,7.421280101486438e-10
4,2-back,F7,7,4.1192712229312316e-10
4,2-back,F7,8,4.379274766881103e-10
4,2-back,F7,9,2.1114349126406234e-11
4,2-back,F7,10,2.1617474522344817e-10
4,2-back,F7,11,1.7408290239052105e-09
4,2-back,F7,12,1.464128352199902e-10
4,2-back,F7,13,1.3112442271360633e-10
4,2-back,F7,14,5.794216650880974e-10
4,2-back,F7,15,4.7403577908593185e-11
4,2-back,F7,16,2.4494805504238586e-10
4,2-back,F7,17,2.1010234458403342e-10
4,2-back,F7,18,5.720668894700942e-10
4,2-back,F7,19,3.725046312877283e-10
4,2-back,F7,20,1.0331077663080166e-09
4,2-back,F7,21,1.3848958025420725e-10
4,2-back,F7,22,4.1720159052471356e-10
4,2-back,F7,23,4.139174785168027e-10
4,2-back,F7,24,4.501730610966794e-10
4,2-back,F7,25,5.52964512617868e-10
4,2-back,F7,26,1.902035230249459e-11
4,2-back,F7,27,2.4195391787593684e-10
4,2-back,F7,28,7.55597778889359e-10
4,2-back,F7,29,7.276132579745277e-11
4,2-back,F7,30,1.3861822214579705e-10
4,2-back,F7,31,8.097583763196547e-11
4,2-back,F7,32,7.036857419444083e-10
4,2-back,F7,33,4.289318276832277e-10
4,2-back,F7,34,3.2339107311137785e-10
4,2-back,F7,35,8.071130342329061e-11
4,2-back,F8,1,5.278583311884327e-10
4,2-back,F8,2,1.9757352641407548e-10
4,2-back,F8,3,5.746926534759891e-11
4,2-back,F8,4,5.802435807063366e-10
4,2-back,F8,5,8.425420240587972e-10
4,2-back,F8,6,7.03203842414425e-10
4,2-back,F8,7,5.148476448510247e-10
4,2-back,F8,8,3.8598408858597984e-10
4,2-back,F8,9,2.7065267497272813e-11
4,2-back,F8,10,2.795079419140013e-10
4,2-back,F8,11,2.0243443151621046e-09
4,2-back,F8,12,1.5493291907433046e-10
4,2-back,F8,13,4.3523833249465244e-11
4,2-back,F8,14,6.323510981710084e-10
4,2-back,F8,15,3.590061090200085e-11
4,2-back,F8,16,2.0026294923803151e-10
4,2-back,F8,17,8.513537541380877e-11
4,2-back,F8,18,7.121019993844047e-10
4,2-back,F8,19,4.4280992361514427e-10
4,2-back,F8,20,1.154792530712262e-09
4,2-back,F8,21,1.6923158537359894e-10
4,2-back,F8,22,4.663427847341991e-10
4,2-back,F8,23,5.602235387373362e-10
4,2-back,F8,24,2.5574435622457514e-10
4,2-back,F8,25,4.820943940963779e-10
4,2-back,F8,26,5.790866749998377e-11
4,2-back,F8,27,4.189192512419695e-10
4,2-back,F8,28,6.345554301659508e-10
4,2-back,F8,29,1.1346344151505178e-10
4,2-back,F8,30,1.0084315950128664e-10
4,2-back,F8,31,1.136652669727679e-10
4,2-back,F8,32,8.065419118468897e-10
4,2-back,F8,33,4.0256308751194434e-10
4,2-back,F8,34,3.2825284237654446e-10
4,2-back,F8,35,3.0619971358074276e-11
4,2-back,Fz,1,2.580665767986332e-10
4,2-back,Fz,2,7.306429234984128e-11
4,2-back,Fz,3,1.186103229731892e-10
4,2-back,Fz,4,3.324114556940823e-10
4,2-back,Fz,5,5.676125777310913e-10
4,2-back,Fz,6,6.512654810514753e-10
4,2-back,Fz,7,3.5453247728677387e-10
4,2-back,Fz,8,2.9453752447637294e-10
4,2-back,Fz,9,5.194323853329997e-11
4,2-back,Fz,10,2.5784710962025166e-10
4,2-back,Fz,11,1.004006793049402e-09
4,2-back,Fz,12,2.568701139916181e-10
4,2-back,Fz,13,1.5037706315348395e-10
4,2-back,Fz,14,3.9049280646585167e-10
4,2-back,Fz,15,9.46293754394618e-11
4,2-back,Fz,16,2.8262656472198076e-10
4,2-back,Fz,17,2.545170519540391e-10
4,2-back,Fz,18,4.798311367479227e-10
4,2-back,Fz,19,2.3412766248514174e-10
4,2-back,Fz,20,4.816624987398093e-10
4,2-back,Fz,21,1.7306884609826298e-10
4,2-back,Fz,22,3.467323822662106e-10
4,2-back,Fz,23,4.220097303296593e-10
4,2-back,Fz,24,3.435947012809937e-10
4,2-back,Fz,25,3.623671556953178e-10
4,2-back,Fz,26,1.2214652893385956e-10
4,2-back,Fz,27,2.8087028611248034e-10
4,2-back,Fz,28,6.049501508744345e-10
4,2-back,Fz,29,1.0710427919636949e-10
4,2-back,Fz,30,2.4620327480377993e-10
4,2-back,Fz,31,1.7866715168381634e-10
4,2-back,Fz,32,3.6422208678175727e-10
4,2-back,Fz,33,1.9818605042582984e-10
4,2-back,Fz,34,2.509249948015364e-10
4,2-back,Fz,35,9.607177290185751e-11
4,3-back,F3,1,7.701193160421845e-10
4,3-back,F3,2,2.7024256036125533e-10
4,3-back,F3,3,7.626307686966479e-10
4,3-back,F3,4,3.833757970319004e-10
4,3-back,F3,5,1.877917146524068e-10
4,3-back,F3,6,3.9299495356683437e-10
4,3-back,F3,7,2.4939766602586586e-10
4,3-back,F3,8,1.0784422606143789e-10
4,3-back,F3,9,2.3999378627038256e-10
4,3-back,F3,10,2.905642544236402e-10
4,3-back,F3,11,5.854934202200986e-10
4,3-back,F3,12,1.8157168790400488e-10
4,3-back,F3,13,3.523585432572876e-10
4,3-back,F3,14,6.331330583081841e-10
4,3-back,F3,15,2.867971034708551e-10
4,3-back,F3,16,4.223199439198278e-10
4,3-back,F3,17,4.583892479479395e-10
4,3-back,F3,18,2.5440925239133135e-10
4,3-back,F3,19,3.1390912231756214e-10
4,3-back,F3,20,2.0652535229821972e-10
4,3-back,F3,21,1.2789763354696373e-10
4,3-back,F3,22,9.769876376907764e-11
4,3-back,F3,23,3.9526715020267946e-10
4,3-back,F3,24,3.876240330120792e-10
4,3-back,F3,25,6.060835890730928e-11
4,3-back,F3,26,7.450248642127382e-11
4,3-back,F3,27,4.6068896944829716e-10
4,3-back,F3,28,4.284776652433542e-10
4,3-back,F3,29,1.170124176284942e-10
4,3-back,F3,30,2.2469781651487967e-10
4,3-back,F3,31,3.6691133047708434e-10
4,3-back,F3,32,5.485246250698366e-10
4,3-back,F3,33,2.9520694227370343e-10
4,3-back,F3,34,1.4773571258601334e-10
4,3-back,F3,35,1.99257531444816e-10
4,3-back,F3,36,3.923683301146796e-10
4,3-back,F3,37,3.3921978655570574e-10
4,3-back,F3,38,1.6513086897070055e-10
4,3-back,F3,39,1.0218398749244572e-10
4,3-back,F4,1,5.7445453596773e-10
4,3-back,F4,2,1.179571281753322e-10
4,3-back,F4,3,3.6697050844627783e-10
4,3-back,F4,4,3.3558048032605093e-10
4,3-back,F4,5,1.568640684048755e-10
4,3-back,F4,6,2.5548303337871784e-10
4,3-back,F4,7,2.1890913863705473e-10
4,3-back,F4,8,1.690685338455361e-10
4,3-back,F4,9,2.4278862257146216e-10
4,3-back,F4,10,2.498235548074136e-10
4,3-back,F4,11,4.00407176274115e-10
4,3-back,F4,12,1.4308560578003376e-10
4,3-back,F4,13,2.5898751262829363e-10
4,3-back,F4,14,6.121887510895096e-10
4,3-back,F4,15,2.589585509812656e-10
4,3-back,F4,16,4.264772504131697e-10
4,3-back,F4,17,2.670591196962282e-10
4,3-back,F4,18,2.3208203366088016e-10
4,3-back,F4,19,2.6156959988379595e-10
4,3-back,F4,20,2.519230665777083e-10
4,3-back,F4,21,1.0265906211674443e-10
4,3-back,F4,22,6.860850711526763e-11
4,3-back,F4,23,4.464140749471816e-10
4,3-back,F4,24,1.9033826925454616e-10
4,3-back,F4,25,6.347899639849657e-11
4,3-back,F4,26,1.0948335576553052e-10
4,3-back,F4,27,3.9702377616102735e-10
4,3-back,F4,28,2.788552681166785e-10
4,3-back,F4,29,1.2692838690264749e-10
4,3-back,F4,30,2.154057774141822e-10
4,3-back,F4,31,2.0610511624040079e-10
4,3-back,F4,32,4.774928327118179e-10
4,3-back,F4,33,2.1402786375290879e-10
4,3-back,F4,34,1.2808133943706545e-10
4,3-back,F4,35,1.3202039825887813e-10
4,3-back,F4,36,2.896820709254449e-10
4,3-back,F4,37,3.231982185766449e-10
4,3-back,F4,38,1.3420205715721744e-10
4,3-back,F4,39,9.591188574705172e-11
4,3-back,F7,1,1.04360025499119e-09
4,3-back,F7,2,2.781155564548668e-10
4,3-back,F7,3,1.2070056879945957e-09
4,3-back,F7,4,6.142487243316078e-10
4,3-back,F7,5,1.228315781701993e-10
4,3-back,F7,6,5.093878506867415e-10
4,3-back,F7,7,3.96761422298794e-10
4,3-back,F7,8,1.1493957160362043e-10
4,3-back,F7,9,6.190145092445737e-11
4,3-back,F7,10,2.949455134856905e-10
4,3-back,F7,11,6.705198285235384e-10
4,3-back,F7,12,2.610367951784741e-10
4,3-back,F7,13,4.780143436653039e-10
4,3-back,F7,14,1.032100875982236e-09
4,3-back,F7,15,3.624879986604336e-10
4,3-back,F7,16,5.42172927736627e-10
4,3-back,F7,17,6.582929894094762e-10
4,3-back,F7,18,4.1389446709102273e-10
4,3-back,F7,19,3.608524552661202e-10
4,3-back,F7,20,3.446328150724962e-10
4,3-back,F7,21,1.1871102175433044e-10
4,3-back,F7,22,8.457494168183617e-11
4,3-back,F7,23,5.101596710573809e-10
4,3-back,F7,24,2.761802240253193e-10
4,3-back,F7,25,6.043086877840136e-11
4,3-back,F7,26,5.811153846640456e-11
4,3-back,F7,27,4.1624585204194694e-10
4,3-back,F7,28,4.957795341022239e-10
4,3-back,F7,29,1.35297573622228e-10
4,3-back,F7,30,1.7583067780735612e-10
4,3-back,F7,31,3.707264697127206e-10
4,3-back,F7,32,6.879462281048415e-10
4,3-back,F7,33,4.816982834055587e-10
4,3-back,F7,34,2.0265510427225165e-10
4,3-back,F7,35,1.452674150462642e-10
4,3-back,F7,36,5.716981761534215e-10
4,3-back,F7,37,3.326719216627918e-10
4,3-back,F7,38,2.465172038709312e-10
4,3-back,F7,39,1.6548727114883194e-10
4,3-back,F8,1,1.1593952192260658e-09
4,3-back,F8,2,2.0393393373469078e-10
4,3-back,F8,3,1.0262246748831806e-09
4,3-back,F8,4,5.616127615633286e-10
4,3-back,F8,5,1.3221141490138063e-10
4,3-back,F8,6,5.702506315024557e-10
4,3-back,F8,7,3.5373209801864133e-10
4,3-back,F8,8,1.080783542808156e-10
4,3-back,F8,9,1.2452970672378046e-10
4,3-back,F8,10,3.2834913122167826e-10
4,3-back,F8,11,5.514278598528998e-10
4,3-back,F8,12,2.170446794951432e-10
4,3-back,F8,13,4.38634551810751e-10
4,3-back,F8,14,1.1035245591470713e-09
4,3-back,F8,15,3.4433679921145563e-10
4,3-back,F8,16,6.565258947636747e-10
4,3-back,F8,17,4.908769364348511e-10
4,3-back,F8,18,5.766567871383625e-10
4,3-back,F8,19,3.734098536402626e-10
4,3-back,F8,20,3.461160615233762e-10
4,3-back,F8,21,4.110832869791367e-11
4,3-back,F8,22,5.157991620410331e-11
4,3-back,F8,23,5.95843332819063e-10
4,3-back,F8,24,2.738803859096361e-10
4,3-back,F8,25,1.2195200098232833e-10
4,3-back,F8,26,7.924813122010572e-11
4,3-back,F8,27,6.129429287738903e-10
4,3-back,F8,28,4.980677467545695e-10
4,3-back,F8,29,1.189605267725809e-10
4,3-back,F8,30,1.8362013141450422e-10
4,3-back,F8,31,3.719161697079466e-10
4,3-back,F8,32,9.103017980312435e-10
4,3-back,F8,33,4.4899726678672214e-10
4,3-back,F8,34,1.9196345122963365e-10
4,3-back,F8,35,1.2664810396950414e-10
4,3-back,F8,36,5.15364749048404e-10
4,3-back,F8,37,2.1110120716597566e-10
4,3-back,F8,38,2.669716790084948e-10
4,3-back,F8,39,2.3246908757105383e-10
4,3-back,Fz,1,7.032606798449827e-10
4,3-back,Fz,2,1.8645537309963913e-10
4,3-back,Fz,3,6.180986922166645e-10
4,3-back,Fz,4,3.5172335646728307e-10
4,3-back,Fz,5,2.462906714904631e-10
4,3-back,Fz,6,3.1755528129608325e-10
4,3-back,Fz,7,2.506349287066345e-10
4,3-back,Fz,8,1.074350791435798e-10
4,3-back,Fz,9,2.380766958990746e-10
4,3-back,Fz,10,2.1897538202973744e-10
4,3-back,Fz,11,5.842586345576357e-10
4,3-back,Fz,12,1.7349916841133997e-10
4,3-back,Fz,13,2.745453525662257e-10
4,3-back,Fz,14,6.036949397239964e-10
4,3-back,Fz,15,2.969381834101697e-10
4,3-back,Fz,16,3.1612639783619774e-10
4,3-back,Fz,17,3.2160020868495127e-10
4,3-back,Fz,18,2.394455509648236e-10
4,3-back,Fz,19,2.4679509557098306e-10
4,3-back,Fz,20,1.4765795535881079e-10
4,3-back,Fz,21,1.2046212472622454e-10
4,3-back,Fz,22,1.72026552891432e-10
4,3-back,Fz,23,4.3680081656555686e-10
4,3-back,Fz,24,2.570700043554419e-10
4,3-back,Fz,25,6.719891569456306e-11
4,3-back,Fz,26,9.897725095747625e-11
4,3-back,Fz,27,4.871164691776094e-10
4,3-back,Fz,28,3.5969434712408085e-10
4,3-back,Fz,29,1.0969169885495602e-10
4,3-back,Fz,30,1.6805363024658626e-10
4,3-back,Fz,31,3.3262184602875e-10
4,3-back,Fz,32,4.460274066952572e-10
4,3-back,Fz,33,3.08895222264345e-10
4,3-back,Fz,34,1.2886695433556836e-10
4,3-back,Fz,35,2.6798031414963656e-10
4,3-back,Fz,36,3.5281580885879317e-10
4,3-back,Fz,37,3.35293694748477e-10
4,3-back,Fz,38,1.2919328272127618e-10
4,3-back,Fz,39,1.2107470751205343e-10
4,4-back,F3,1,2.356014821311731e-10
4,4-back,F3,2,4.84849157985599e-11
4,4-back,F3,3,1.593395274168849e-10
4,4-back,F3,4,4.4938427437392104e-11
4,4-back,F3,5,2.7178387899805523e-10
4,4-back,F3,6,5.300338957366599e-10
4,4-back,F3,7,2.7604426833004064e-10
4,4-back,F3,8,6.03305480650999e-11
4,4-back,F3,9,3.439755533097647e-10
4,4-back,F3,10,6.127592668321415e-11
4,4-back,F3,11,1.8112792507238113e-10
4,4-back,F3,12,5.196864437566187e-10
4,4-back,F3,13,5.599185444417366e-10
4,4-back,F3,14,2.7702176131630794e-10
4,4-back,F3,15,2.9889994567897656e-10
4,4-back,F3,16,1.711151719064378e-10
4,4-back,F3,17,1.0266598083059567e-10
4,4-back,F3,18,2.1807707426715991e-10
4,4-back,F3,19,1.9067532167313832e-10
4,4-back,F3,20,2.772837324646824e-10
4,4-back,F3,21,4.849871388298809e-10
4,4-back,F3,22,3.8694712156574013e-10
4,4-back,F3,23,5.450804383210258e-11
4,4-back,F3,24,1.6749192169940054e-10
4,4-back,F3,25,1.4863851016402867e-10
4,4-back,F3,26,1.3240288049252268e-10
4,4-back,F3,27,5.567063199427189e-10
4,4-back,F3,28,4.621207846226083e-10
4,4-back,F3,29,2.6217307280975455e-10
4,4-back,F3,30,1.1179541263735775e-10
4,4-back,F3,31,9.525605461667753e-11
4,4-back,F3,32,1.291327792856868e-10
4,4-back,F3,33,1.123967982860209e-10
4,4-back,F3,34,1.4500715890397686e-10
4,4-back,F3,35,3.183438524956591e-10
4,4-back,F3,36,1.654942942683099e-10
4,4-back,F3,37,1.7529309904551756e-10
4,4-back,F3,38,7.252598943426965e-10
4,4-back,F3,39,4.883218193820373e-10
4,4-back,F3,40,1.9091974336744967e-10
4,4-back,F4,1,1.737721694755048e-10
4,4-back,F4,2,3.454861930331374e-11
4,4-back,F4,3,1.2451686439601778e-10
4,4-back,F4,4,8.518279896796723e-11
4,4-back,F4,5,2.6362906842530836e-10
4,4-back,F4,6,4.597267224349574e-10
4,4-back,F4,7,2.4869099376495894e-10
4,4-back,F4,8,1.0068591522291586e-10
4,4-back,F4,9,1.8885618645886595e-10
4,4-back,F4,10,6.891972629020407e-11
4,4-back,F4,11,1.41459276994499e-10
4,4-back,F4,12,3.1926729862585287e-10
4,4-back,F4,13,3.6485319950871295e-10
4,4-back,F4,14,2.3616300857604906e-10
4,4-back,F4,15,1.543276970927943e-10
4,4-back,F4,16,1.5942177381637056e-10
4,4-back,F4,17,6.373591892496171e-11
4,4-back,F4,18,1.262355939124224e-10
4,4-back,F4,19,2.2454005185163033e-10
4,4-back,F4,20,1.7631131655830353e-10
4,4-back,F4,21,4.6098925956450444e-10
4,4-back,F4,22,2.477100992578528e-10
4,4-back,F4,23,3.764968624397549e-11
4,4-back,F4,24,7.028421504243579e-11
4,4-back,F4,25,6.944342248469175e-11
4,4-back,F4,26,6.292894812749539e-11
4,4-back,F4,27,3.80977450633278e-10
4,4-back,F4,28,2.8759502067297927e-10
4,4-back,F4,29,1.5522212077485523e-10
4,4-back,F4,30,4.499242299665978e-11
4,4-back,F4,31,8.959549408757429e-11
4,4-back,F4,32,8.892963114867076e-11
4,4-back,F4,33,8.183741085544704e-11
4,4-back,F4,34,9.591638273879176e-11
4,4-back,F4,35,2.467739431957429e-10
4,4-back,F4,36,1.298169823796824e-10
4,4-back,F4,37,6.115205151986615e-11
4,4-back,F4,38,4.82166792128263e-10
4,4-back,F4,39,3.6951276983766527e-10
4,4-back,F4,40,1.6166747454654333e-10
4,4-back,F7,1,3.1769606961884796e-10
4,4-back,F7,2,2.1097061959819273e-11
4,4-back,F7,3,7.170913042541497e-11
4,4-back,F7,4,2.9224423696983073e-11
4,4-back,F7,5,4.4124394258308637e-10
4,4-back,F7,6,6.536086626209684e-10
4,4-back,F7,7,4.934824168164564e-10
4,4-back,F7,8,6.148940330636972e-11
4,4-back,F7,9,1.775164193228044e-10
4,4-back,F7,10,9.096260824775954e-12
4,4-back,F7,11,2.16223232978827e-10
4,4-back,F7,12,5.272908199028004e-10
4,4-back,F7,13,9.055292164127821e-10
4,4-back,F7,14,3.4974569046853287e-10
4,4-back,F7,15,4.5241746076811545e-10
4,4-back,F7,16,1.4808312009057706e-10
4,4-back,F7,17,6.57945194356186e-11
4,4-back,F7,18,3.802584797199914e-10
4,4-back,F7,19,2.9431115191172415e-10
4,4-back,F7,20,3.3913724934553633e-10
4,4-back,F7,21,5.045574536285967e-10
4,4-back,F7,22,4.487212191840278e-10
4,4-back,F7,23,2.7496020137040688e-11
4,4-back,F7,24,1.1950835582246216e-10
4,4-back,F7,25,1.5946388080447495e-10
4,4-back,F7,26,1.6764493656724816e-10
4,4-back,F7,27,4.1772771438206943e-10
4,4-back,F7,28,4.741779570084759e-10
4,4-back,F7,29,2.3582843469159135e-10
4,4-back,F7,30,1.0997285409038935e-10
4,4-back,F7,31,7.930389861369127e-11
4,4-back,F7,32,1.3438267708644742e-10
4,4-back,F7,33,2.3117137659687278e-10
4,4-back,F7,34,2.2121705211003807e-10
4,4-back,F7,35,5.526705872841759e-10
4,4-back,F7,36,1.4026498832359605e-10
4,4-back,F7,37,8.18138731985543e-11
4,4-back,F7,38,3.4124225229504673e-10
4,4-back,F7,39,6.402540678623585e-10
4,4-back,F7,40,3.2873494246204544e-10
4,4-back,F8,1,4.3826460576637005e-10
4,4-back,F8,2,2.9806226505941174e-11
4,4-back,F8,3,5.249571395238823e-11
4,4-back,F8,4,6.117294549351195e-11
4,4-back,F8,5,4.162155916806811e-10
4,4-back,F8,6,7.807258759751145e-10
4,4-back,F8,7,5.058573183150745e-10
4,4-back,F8,8,6.242911844019579e-11
4,4-back,F8,9,9.198999049022456e-11
4,4-back,F8,10,4.9038653229991557e-11
4,4-back,F8,11,2.3929683285788997e-10
4,4-back,F8,12,5.623013913920172e-10
4,4-back,F8,13,8.446747634180872e-10
4,4-back,F8,14,3.581975205355308e-10
4,4-back,F8,15,4.0564581279354624e-10
4,4-back,F8,16,1.8938586759717255e-10
4,4-back,F8,17,2.5463389995276098e-11
4,4-back,F8,18,3.7182715249154924e-10
4,4-back,F8,19,3.3936873566204464e-10
4,4-back,F8,20,2.5525622945885277e-10
4,4-back,F8,21,5.629325237390421e-10
4,4-back,F8,22,3.2310230709346455e-10
4,4-back,F8,23,2.5686661680161914e-11
4,4-back,F8,24,5.1606183522970315e-11
4,4-back,F8,25,8.254522103970931e-11
4,4-back,F8,26,1.539532301503974e-10
4,4-back,F8,27,4.180936481386988e-10
4,4-back,F8,28,4.110472430153224e-10
4,4-back,F8,29,1.4612995135310233e-10
4,4-back,F8,30,2.5638062003717208e-11
4,4-back,F8,31,7.921619355302866e-11
4,4-back,F8,32,8.922233394888729e-11
4,4-back,F8,33,2.3585280143779886e-10
4,4-back,F8,34,2.0754800637156206e-10
4,4-back,F8,35,4.540537391943083e-10
4,4-back,F8,36,1.4116845742807884e-10
4,4-back,F8,37,2.2623558149805828e-11
4,4-back,F8,38,3.573067526142639e-10
4,4-back,F8,39,5.37359191502142e-10
4,4-back,F8,40,2.617411105054891e-10
4,4-back,Fz,1,2.1426387449871683e-10
4,4-back,Fz,2,6.382841393044823e-11
4,4-back,Fz,3,2.372774648877904e-10
4,4-back,Fz,4,8.59230793259913e-11
4,4-back,Fz,5,2.1780677573010763e-10
4,4-back,Fz,6,5.286506596588394e-10
4,4-back,Fz,7,2.807101125548465e-10
4,4-back,Fz,8,1.3811727103450206e-10
4,4-back,Fz,9,2.2729034704976704e-10
4,4-back,Fz,10,7.645190995094047e-11
4,4-back,Fz,11,1.6932684855713697e-10
4,4-back,Fz,12,6.257384700477806e-10
4,4-back,Fz,13,5.238544174312609e-10
4,4-back,Fz,14,2.7877875142449627e-10
4,4-back,Fz,15,2.856524269987197e-10
4,4-back,Fz,16,2.1945645495459671e-10
4,4-back,Fz,17,9.936299608905952e-11
4,4-back,Fz,18,2.0236133293529997e-10
4,4-back,Fz,19,1.7327897374951377e-10
4,4-back,Fz,20,2.98080195250113e-10
4,4-back,Fz,21,5.354682149290525e-10
4,4-back,Fz,22,3.5985534942601963e-10
4,4-back,Fz,23,3.723253300647683e-11
4,4-back,Fz,24,1.0796620155061791e-10
4,4-back,Fz,25,1.0878766725905142e-10
4,4-back,Fz,26,1.0691460207036552e-10
4,4-back,Fz,27,5.591195880843478e-10
4,4-back,Fz,28,4.148610774555307e-10
4,4-back,Fz,29,2.2988714291423425e-10
4,4-back,Fz,30,1.0079652334403573e-10
4,4-back,Fz,31,7.593443403663616e-11
4,4-back,Fz,32,9.902625901699948e-11
4,4-back,Fz,33,8.420769572726276e-11
4,4-back,Fz,34,1.2043044959432179e-10
4,4-back,Fz,35,2.9987055912196844e-10
4,4-back,Fz,36,1.793646943007736e-10
4,4-back,Fz,37,1.3746612795577624e-10
4,4-back,Fz,38,7.214046621205335e-10
4,4-back,Fz,39,4.1488211020970694e-10
4,4-back,Fz,40,1.6441559763617944e-10
5,1-back,F3,1,7.101032623137295e-11
5,1-back,F3,2,1.4334528710129478e-10
5,1-back,F3,3,7.522858757811707e-11
5,1-back,F3,4,6.169090734311153e-11
5,1-back,F3,5,7.605823773104894e-11
5,1-back,F3,6,9.800885311351425e-11
5,1-back,F3,7,5.4266335491244026e-11
5,1-back,F3,8,6.802187883766524e-11
5,1-back,F3,9,1.3748517788842828e-10
5,1-back,F3,10,8.786476487570135e-11
5,1-back,F3,11,9.181784308055844e-11
5,1-back,F3,12,1.5558765432531217e-10
5,1-back,F3,13,3.380985373513951e-10
5,1-back,F3,14,1.3004696926195733e-10
5,1-back,F3,15,1.0277260599093153e-10
5,1-back,F3,16,1.1824702421175236e-10
5,1-back,F3,17,1.366767406288765e-10
5,1-back,F3,18,4.462845790616089e-11
5,1-back,F3,19,4.1233343597627574e-10
5,1-back,F3,20,6.034057777873763e-11
5,1-back,F3,21,1.0129585338798313e-10
5,1-back,F3,22,8.096261807109963e-11
5,1-back,F3,23,2.080568589046373e-10
5,1-back,F3,24,3.0502252314619253e-10
5,1-back,F3,25,2.0203585701371506e-10
5,1-back,F3,26,1.2217048582603943e-10
5,1-back,F3,27,2.257029930285312e-10
5,1-back,F3,28,5.684043876966087e-11
5,1-back,F3,29,2.1743534456567897e-10
5,1-back,F3,30,3.678185867685548e-10
5,1-back,F3,31,3.0329451211932247e-10
5,1-back,F3,32,1.0807321721400673e-10
5,1-back,F4,1,1.494991062513397e-10
5,1-back,F4,2,1.3201809975837485e-10
5,1-back,F4,3,2.0034963023262107e-10
5,1-back,F4,4,1.3443766370447975e-10
5,1-back,F4,5,3.0439352753068434e-10
5,1-back,F4,6,1.2101136437279967e-10
5,1-back,F4,7,7.484334968973958e-11
5,1-back,F4,8,4.929016090714238e-11
5,1-back,F4,9,1.1534323464412327e-10
5,1-back,F4,10,1.5710206057050735e-10
5,1-back,F4,11,2.2371326809694608e-10
5,1-back,F4,12,1.438730180241964e-10
5,1-back,F4,13,5.514489155792897e-10
5,1-back,F4,14,4.43399652153888e-10
5,1-back,F4,15,1.3267087698013086e-10
5,1-back,F4,16,2.600997523360426e-10
5,1-back,F4,17,2.0109108953312409e-10
5,1-back,F4,18,8.638670843560158e-11
5,1-back,F4,19,4.529996548292137e-10
5,1-back,F4,20,1.2130591548085159e-10
5,1-back,F4,21,1.1249828451004073e-10
5,1-back,F4,22,1.6205554726972587e-10
5,1-back,F4,23,2.515383336988075e-10
5,1-back,F4,24,1.9007876468141476e-10
5,1-back,F4,25,1.7139894995444696e-10
5,1-back,F4,26,2.8253063482643713e-10
5,1-back,F4,27,2.3014522819371498e-10
5,1-back,F4,28,1.1189760361780614e-10
5,1-back,F4,29,2.511021586593921e-10
5,1-back,F4,30,6.03907694431262e-10
5,1-back,F4,31,4.379353834075355e-10
5,1-back,F4,32,1.7929769710418355e-10
5,1-back,F7,1,1.739646739495535e-11
5,1-back,F7,2,6.840195505459552e-11
5,1-back,F7,3,2.7527094128962107e-11
5,1-back,F7,4,2.851589423616534e-11
5,1-back,F7,5,2.539447043471869e-11
5,1-back,F7,6,6.016393679362622e-11
5,1-back,F7,7,4.2872414126948385e-11
5,1-back,F7,8,5.298037241611272e-11
5,1-back,F7,9,4.6974434038778907e-11
5,1-back,F7,10,6.454569251712322e-11
5,1-back,F7,11,5.767141007380785e-11
5,1-back,F7,12,5.731532488159057e-11
5,1-back,F7,13,1.5389468517313349e-10
5,1-back,F7,14,2.372707241522181e-11
5,1-back,F7,15,2.812202685368925e-11
5,1-back,F7,16,6.735208882377754e-11
5,1-back,F7,17,2.8282062952102372e-11
5,1-back,F7,18,3.325308371651013e-11
5,1-back,F7,19,1.2663422808822547e-10
5,1-back,F7,20,3.716775216261538e-11
5,1-back,F7,21,1.0124424988251466e-10
5,1-back,F7,22,6.11686349261e-11
5,1-back,F7,23,1.0068236935202228e-10
5,1-back,F7,24,1.1023890008107545e-10
5,1-back,F7,25,6.282214336336868e-11
5,1-back,F7,26,1.2489399099838948e-10
5,1-back,F7,27,1.5385039976458172e-10
5,1-back,F7,28,5.203368822807803e-11
5,1-back,F7,29,8.911898210263559e-11
5,1-back,F7,30,6.284007842251961e-11
5,1-back,F7,31,1.1536773927643118e-10
5,1-back,F7,32,5.0985391173842706e-11
5,1-back,F8,1,2.060578837910104e-11
5,1-back,F8,2,9.057719444009504e-11
5,1-back,F8,3,2.8087785825909463e-11
5,1-back,F8,4,5.012010454931809e-11
5,1-back,F8,5,1.2911681156220487e-10
5,1-back,F8,6,1.4234140846115648e-10
5,1-back,F8,7,1.280811395980386e-10
5,1-back,F8,8,1.1671309688572957e-10
5,1-back,F8,9,1.5757992079523365e-10
5,1-back,F8,10,1.170824685348795e-10
5,1-back,F8,11,7.393445653817335e-10
5,1-back,F8,12,2.5071524044910296e-10
5,1-back,F8,13,1.630835243630682e-10
5,1-back,F8,14,2.5824020479457e-10
5,1-back,F8,15,8.831990221051141e-11
5,1-back,F8,16,1.8495009541869735e-10
5,1-back,F8,17,3.1523043337309805e-10
5,1-back,F8,18,1.0977959244794068e-10
5,1-back,F8,19,3.4110121559197897e-10
5,1-back,F8,20,1.2389119889210574e-10
5,1-back,F8,21,1.9968360270765795e-10
5,1-back,F8,22,1.8527046543718189e-10
5,1-back,F8,23,1.921129218568113e-10
5,1-back,F8,24,2.0646403780490185e-10
5,1-back,F8,25,1.035681030923374e-10
5,1-back,F8,26,1.9848304317561706e-10
5,1-back,F8,27,1.3798127989464163e-10
5,1-back,F8,28,3.788037689132164e-10
5,1-back,F8,29,3.3555163265541734e-10
5,1-back,F8,30,6.084119995069529e-10
5,1-back,F8,31,2.161653496741442e-10
5,1-back,F8,32,7.079653456139071e-11
5,1-back,Fz,1,1.1272200465930086e-10
5,1-back,Fz,2,2.4102450656019454e-10
5,1-back,Fz,3,8.958803207097785e-11
5,1-back,Fz,4,1.4992047883227839e-10
5,1-back,Fz,5,6.853346424054588e-11
5,1-back,Fz,6,8.434809409366773e-11
5,1-back,Fz,7,1.7315000804128967e-10
5,1-back,Fz,8,6.013162184533424e-11
5,1-back,Fz,9,1.5093805870258333e-10
5,1-back,Fz,10,1.5258475581122892e-10
5,1-back,Fz,11,1.8495660815308115e-10
5,1-back,Fz,12,1.9953466739059755e-10
5,1-back,Fz,13,6.564619161412723e-10
5,1-back,Fz,14,2.045879527178277e-10
5,1-back,Fz,15,9.938028829252906e-11
5,1-back,Fz,16,2.0433344047098305e-10
5,1-back,Fz,17,1.3142797838007064e-10
5,1-back,Fz,18,4.535639964953991e-11
5,1-back,Fz,19,5.046110836579245e-10
5,1-back,Fz,20,1.5992360979166348e-10
5,1-back,Fz,21,1.0046371555116861e-10
5,1-back,Fz,22,1.0153782140279539e-10
5,1-back,Fz,23,3.243215280235936e-10
5,1-back,Fz,24,4.2599273456097924e-10
5,1-back,Fz,25,1.9183854730003676e-10
5,1-back,Fz,26,1.8284752308629168e-10
5,1-back,Fz,27,3.481748763331433e-10
5,1-back,Fz,28,2.87791561429084e-11
5,1-back,Fz,29,4.621443119058723e-10
5,1-back,Fz,30,8.300557190883629e-10
5,1-back,Fz,31,4.2982882494201236e-10
5,1-back,Fz,32,1.1492515057530959e-10
5,2-back,F3,1,8.507757644044446e-11
5,2-back,F3,2,1.2797970172225136e-10
5,2-back,F3,3,2.3526222919084234e-10
5,2-back,F3,4,1.596239473406732e-10
5,2-back,F3,5,1.207012373330458e-10
5,2-back,F3,6,1.5174095222187597e-10
5,2-back,F3,7,7.857561634958896e-11
5,2-back,F3,8,6.370736294964832e-11
5,2-back,F3,9,1.7970446556671817e-11
5,2-back,F3,10,1.6615644502181902e-10
5,2-back,F3,11,1.0116786503412494e-10
5,2-back,F3,12,1.1237997995865815e-10
5,2-back,F3,13,7.133747714682525e-11
5,2-back,F3,14,1.209999600031221e-10
5,2-back,F3,15,1.7295649642333647e-10
5,2-back,F3,16,1.7919070443438761e-10
5,2-back,F3,17,5.152074263733936e-11
5,2-back,F3,18,1.2849845893492657e-10
5,2-back,F3,19,2.2737682290657057e-10
5,2-back,F3,20,1.8821158333095724e-10
5,2-back,F3,21,8.816192648854004e-11
5,2-back,F3,22,9.049122478209384e-11
5,2-back,F3,23,9.881960756231447e-11
5,2-back,F3,24,7.658588159904563e-11
5,2-back,F3,25,1.7879952468145533e-10
5,2-back,F3,26,1.2393617113272569e-10
5,2-back,F3,27,2.1651465988516198e-10
5,2-back,F3,28,1.154955297735819e-10
5,2-back,F3,29,1.2146849490245763e-10
5,2-back,F3,30,3.823114503456715e-10
5,2-back,F3,31,9.508739844365464e-11
5,2-back,F3,32,1.6045725576501957e-10
5,2-back,F3,33,1.350839690174375e-10
5,2-back,F3,34,9.688923064798933e-11
5,2-back,F3,35,9.50472863269711e-11
5,2-back,F4,1,1.3726433587416902e-10
5,2-back,F4,2,1.2973961306238287e-10
5,2-back,F4,3,2.836973080749736e-10
5,2-back,F4,4,2.3190489523032336e-10
5,2-back,F4,5,9.774396110399976e-11
5,2-back,F4,6,1.4272690339252293e-10
5,2-back,F4,7,8.90782428145543e-11
5,2-back,F4,8,6.416815146236731e-11
5,2-back,F4,9,6.372406188316594e-11
5,2-back,F4,10,2.2640519525092893e-10
5,2-back,F4,11,9.704561876644828e-11
5,2-back,F4,12,1.6912070255305692e-10
5,2-back,F4,13,1.664503955463975e-10
5,2-back,F4,14,9.971954121170813e-11
5,2-back,F4,15,2.436552727561333e-10
5,2-back,F4,16,1.8179677474475506e-10
5,2-back,F4,17,1.080664014017142e-10
5,2-back,F4,18,9.786862738081831e-11
5,2-back,F4,19,2.7421285097833805e-10
5,2-back,F4,20,1.1129645587405181e-10
5,2-back,F4,21,1.4651208341497952e-10
5,2-back,F4,22,1.1140346358815968e-10
5,2-back,F4,23,8.330540866380018e-11
5,2-back,F4,24,1.1316164422346346e-10
5,2-back,F4,25,2.2072670294203034e-10
5,2-back,F4,26,1.8744163955493314e-10
5,2-back,F4,27,2.8681146909785325e-10
5,2-back,F4,28,2.75616587526423e-10
5,2-back,F4,29,1.250535620673235e-10
5,2-back,F4,30,1.27282039229333e-10
5,2-back,F4,31,5.4564242460538367e-11
5,2-back,F4,32,1.2270838348427008e-10
5,2-back,F4,33,1.8921095887752317e-10
5,2-back,F4,34,8.322459663550118e-11
5,2-back,F4,35,9.284820049870364e-11
5,2-back,F7,1,3.288919693285471e-11
5,2-back,F7,2,1.1689231854994535e-10
5,2-back,F7,3,6.354442192609706e-11
5,2-back,F7,4,8.815236906082359e-11
5,2-back,F7,5,1.1299971225644543e-11
5,2-back,F7,6,6.454688785738934e-11
5,2-back,F7,7,4.034232958951914e-11
5,2-back,F7,8,4.350258863124621e-11
5,2-back,F7,9,4.953495480270232e-11
5,2-back,F7,10,2.0173580502691893e-11
5,2-back,F7,11,3.834396187610313e-11
5,2-back,F7,12,3.6447827011884156e-11
5,2-back,F7,13,6.74576775927135e-11
5,2-back,F7,14,6.011577472916025e-11
5,2-back,F7,15,6.778598760718312e-11
5,2-back,F7,16,7.377978773368297e-11
5,2-back,F7,17,2.9202316657171156e-11
5,2-back,F7,18,4.521741689293896e-11
5,2-back,F7,19,1.468757745996304e-10
5,2-back,F7,20,6.534070943557702e-11
5,2-back,F7,21,6.542767119481907e-11
5,2-back,F7,22,9.295390453024536e-11
5,2-back,F7,23,1.1264898129502673e-10
5,2-back,F7,24,1.1251860291556558e-10
5,2-back,F7,25,1.0281801783663063e-10
5,2-back,F7,26,8.494503369349196e-11
5,2-back,F7,27,1.0857113191829861e-10
5,2-back,F7,28,5.473980605121995e-11
5,2-back,F7,29,6.269271044991997e-11
5,2-back,F7,30,7.776232086185701e-11
5,2-back,F7,31,6.43699021977551e-11
5,2-back,F7,32,5.5269710290444834e-11
5,2-back,F7,33,7.041558886273882e-11
5,2-back,F7,34,1.4587103275547643e-11
5,2-back,F7,35,4.487389937862921e-11
5,2-back,F8,1,1.4644426731016326e-10
5,2-back,F8,2,1.5861869754215646e-10
5,2-back,F8,3,8.61499012362104e-11
5,2-back,F8,4,1.381346797490975e-10
5,2-back,F8,5,2.374237479981426e-10
5,2-back,F8,6,9.91857219277768e-11
5,2-back,F8,7,1.248374345101208e-10
5,2-back,F8,8,1.5933497172838517e-10
5,2-back,F8,9,4.089141275621009e-11
5,2-back,F8,10,1.7681913479961344e-10
5,2-back,F8,11,1.955975883277208e-10
5,2-back,F8,12,2.5319128364441643e-10
5,2-back,F8,13,2.9625501393254755e-10
5,2-back,F8,14,8.446962590280948e-11
5,2-back,F8,15,1.3440695732461263e-10
5,2-back,F8,16,1.7826022931843174e-10
5,2-back,F8,17,1.0124303878118031e-10
5,2-back,F8,18,2.2703847727980505e-10
5,2-back,F8,19,1.9431871939213474e-10
5,2-back,F8,20,1.9433058461536433e-10
5,2-back,F8,21,1.8977538989266965e-10
5,2-back,F8,22,1.1129492420645713e-10
5,2-back,F8,23,1.5502643877013196e-10
5,2-back,F8,24,6.05584814845193e-11
5,2-back,F8,25,1.533496331933068e-10
5,2-back,F8,26,2.2917224027301734e-10
5,2-back,F8,27,1.1748659609422967e-10
5,2-back,F8,28,2.113191687926624e-10
5,2-back,F8,29,1.6407273783883383e-10
5,2-back,F8,30,2.509467238777952e-10
5,2-back,F8,31,1.1968194356607052e-10
5,2-back,F8,32,1.755354108387227e-10
5,2-back,F8,33,2.764371566153372e-11
5,2-back,F8,34,1.3231728413058147e-10
5,2-back,F8,35,9.10499006738389e-11
5,2-back,Fz,1,1.4701175049276427e-10
5,2-back,Fz,2,2.587237116837167e-10
5,2-back,Fz,3,3.803124621848096e-10
5,2-back,Fz,4,1.2473164101140527e-10
5,2-back,Fz,5,2.624022036324944e-10
5,2-back,Fz,6,1.3260844521783814e-10
5,2-back,Fz,7,1.4327124243990537e-10
5,2-back,Fz,8,8.309646486887822e-11
5,2-back,Fz,9,5.777599484127467e-11
5,2-back,Fz,10,1.7885414737880018e-10
5,2-back,Fz,11,1.5182231410372636e-10
5,2-back,Fz,12,1.692737698632363e-10
5,2-back,Fz,13,1.1261042092571586e-10
5,2-back,Fz,14,1.8773895539016369e-10
5,2-back,Fz,15,1.9181085369641962e-10
5,2-back,Fz,16,2.66514153970839e-10
5,2-back,Fz,17,1.1070291281457281e-09
5,2-back,Fz,18,7.507047917485496e-11
5,2-back,Fz,19,4.118017680641182e-10
5,2-back,Fz,20,2.2998077089118566e-10
5,2-back,Fz,21,1.1989601386764713e-10
5,2-back,Fz,22,1.2770019778211153e-10
5,2-back,Fz,23,1.183649368715163e-10
5,2-back,Fz,24,1.9966745893455942e-10
5,2-back,Fz,25,2.7874570073088285e-10
5,2-back,Fz,26,1.864328176585008e-10
5,2-back,Fz,27,2.574283102600798e-10
5,2-back,Fz,28,2.9492708408453603e-10
5,2-back,Fz,29,2.1029249059853278e-10
5,2-back,Fz,30,2.615158714908553e-10
5,2-back,Fz,31,2.234209413957628e-10
5,2-back,Fz,32,1.2339780486189882e-09
5,2-back,Fz,33,1.5182903950676055e-10
5,2-back,Fz,34,1.5398713846335472e-10
5,2-back,Fz,35,1.2534927364378255e-10
5,3-back,F3,1,5.4806687694343674e-11
5,3-back,F3,2,8.554076173300971e-11
5,3-back,F3,3,1.2232095163993105e-10
5,3-back,F3,4,2.9033883155213547e-10
5,3-back,F3,5,7.798580199155999e-11
5,3-back,F3,6,2.459658370702334e-10
5,3-back,F3,7,1.89010332421977e-10
5,3-back,F3,8,8.936073091823179e-11
5,3-back,F3,9,7.86276932593328e-11
5,3-back,F3,10,1.0205595472810976e-10
5,3-back,F3,11,1.342023106875755e-10
5,3-back,F3,12,1.0634383911096327e-10
5,3-back,F3,13,5.837810808613533e-11
5,3-back,F3,14,5.412315795512963e-11
5,3-back,F3,15,1.4819998054633682e-10
5,3-back,F3,16,9.26479506868469e-11
5,3-back,F3,17,2.1345273728864519e-10
5,3-back,F3,18,2.3857406420547394e-10
5,3-back,F3,19,1.0873414505979381e-10
5,3-back,F3,20,8.542142201311382e-11
5,3-back,F3,21,9.461400494337047e-11
5,3-back,F3,22,2.2413975991514795e-10
5,3-back,F3,23,4.1142179705719554e-11
5,3-back,F3,24,1.32018267270745e-10
5,3-back,F3,25,1.3988000110020112e-10
5,3-back,F3,26,3.817304340514207e-11
5,3-back,F4,1,1.3929244210641652e-10
5,3-back,F4,2,7.778810251081585e-11
5,3-back,F4,3,2.337257322474983e-10
5,3-back,F4,4,2.728609665401899e-10
5,3-back,F4,5,7.335577584785624e-11
5,3-back,F4,6,1.5974958867115358e-10
5,3-back,F4,7,1.9435993415021798e-10
5,3-back,F4,8,1.8807168721656467e-10
5,3-back,F4,9,1.0857910051881838e-10
5,3-back,F4,10,1.6217158383258635e-10
5,3-back,F4,11,1.1094623421510566e-10
5,3-back,F4,12,1.318804412038255e-10
5,3-back,F4,13,8.477721307432805e-11
5,3-back,F4,14,6.646626399098124e-11
5,3-back,F4,15,2.884215345629919e-10
5,3-back,F4,16,1.780669790391446e-10
5,3-back,F4,17,1.4131890520869815e-10
5,3-back,F4,18,2.5963949128421646e-10
5,3-back,F4,19,8.263072608104834e-11
5,3-back,F4,20,9.724851708992975e-11
5,3-back,F4,21,1.0403577349761542e-10
5,3-back,F4,22,2.988521239202705e-10
5,3-back,F4,23,1.0450987461407988e-10
5,3-back,F4,24,1.4793094774543874e-10
5,3-back,F4,25,2.857546308447315e-10
5,3-back,F4,26,1.2101860075211855e-10
5,3-back,F7,1,4.671045469666344e-11
5,3-back,F7,2,3.7678658585499066e-11
5,3-back,F7,3,3.892272307437083e-11
5,3-back,F7,4,5.860933319613568e-11
5,3-back,F7,5,7.742719131170392e-11
5,3-back,F7,6,1.174938285360234e-10
5,3-back,F7,7,9.562020169315293e-11
5,3-back,F7,8,3.047969428494172e-11
5,3-back,F7,9,6.493183041810123e-11
5,3-back,F7,10,1.170163363513702e-10
5,3-back,F7,11,5.16587854613133e-11
5,3-back,F7,12,3.392038028320598e-11
5,3-back,F7,13,1.3098533330237356e-11
5,3-back,F7,14,2.612345810779447e-11
5,3-back,F7,15,9.312030604610814e-11
5,3-back,F7,16,2.6836915676659368e-11
5,3-back,F7,17,8.471514406544745e-11
5,3-back,F7,18,1.0037267021167424e-10
5,3-back,F7,19,3.3324325437732235e-11
5,3-back,F7,20,4.818603297419313e-11
5,3-back,F7,21,8.179048656272008e-11
5,3-back,F7,22,6.058116807668524e-11
5,3-back,F7,23,6.751926931927314e-11
5,3-back,F7,24,6.211594359229722e-11
5,3-back,F7,25,1.00028887485393e-10
5,3-back,F7,26,1.4598395899206276e-11
5,3-back,F8,1,2.7052414344277234e-10
5,3-back,F8,2,1.2401196157214104e-10
5,3-back,F8,3,1.3515132582426382e-10
5,3-back,F8,4,9.303079142376578e-11
5,3-back,F8,5,1.3836117670047958e-10
5,3-back,F8,6,1.113853192813116e-10
5,3-back,F8,7,7.3268457833701e-11
5,3-back,F8,8,1.0469653534978925e-10
5,3-back,F8,9,1.9848651197192922e-10
5,3-back,F8,10,1.4025551658068522e-10
5,3-back,F8,11,6.495514909169135e-11
5,3-back,F8,12,7.513903504055319e-11
5,3-back,F8,13,3.5412758407783764e-10
5,3-back,F8,14,7.442021086882473e-11
5,3-back,F8,15,1.702186122049168e-10
5,3-back,F8,16,1.9319105095637431e-10
5,3-back,F8,17,1.9095349139917772e-10
5,3-back,F8,18,3.4273510538609654e-10
5,3-back,F8,19,7.029862317602933e-11
5,3-back,F8,20,1.4989661532305863e-10
5,3-back,F8,21,5.082565243919993e-11
5,3-back,F8,22,1.682097740936575e-10
5,3-back,F8,23,8.93938839213881e-11
5,3-back,F8,24,3.8659409789344506e-10
5,3-back,F8,25,2.613801746044083e-10
5,3-back,F8,26,7.47026422096678e-11
5,3-back,Fz,1,8.30472291906445e-11
5,3-back,Fz,2,9.324569670673836e-11
5,3-back,Fz,3,3.868646068717841e-10
5,3-back,Fz,4,2.588822071749504e-10
5,3-back,Fz,5,1.9319042149343938e-10
5,3-back,Fz,6,3.7157423256626665e-10
5,3-back,Fz,7,1.9675725403100136e-10
5,3-back,Fz,8,8.754736333226052e-11
5,3-back,Fz,9,5.704201784932353e-10
5,3-back,Fz,10,2.106421463323749e-09
5,3-back,Fz,11,1.5572433004046827e-10
5,3-back,Fz,12,1.4413020715360552e-10
5,3-back,Fz,13,4.0768371187699794e-11
5,3-back,Fz,14,6.417603917460453e-11
5,3-back,Fz,15,2.0732580704594891e-10
5,3-back,Fz,16,1.5004652773567787e-10
5,3-back,Fz,17,2.5868323623853197e-10
5,3-back,Fz,18,4.698342936070447e-10
5,3-back,Fz,19,8.289987744424476e-11
5,3-back,Fz,20,8.130838285928747e-11
5,3-back,Fz,21,1.0268549979540021e-10
5,3-back,Fz,22,3.8275211889407274e-10
5,3-back,Fz,23,1.2952880481066262e-10
5,3-back,Fz,24,1.3666841439028085e-10
5,3-back,Fz,25,3.574036062535563e-10
5,3-back,Fz,26,6.934361475159571e-11
5,4-back,F3,1,1.537541064240639e-10
5,4-back,F3,2,5.404138251032455e-11
5,4-back,F3,3,9.308420749567999e-11
5,4-back,F3,4,9.037569279183857e-11
5,4-back,F3,5,3.1857022419397705e-10
5,4-back,F3,6,1.61144994450994e-10
5,4-back,F3,7,2.502640968830025e-10
5,4-back,F3,8,1.776770574465517e-10
5,4-back,F3,9,3.2268966110455907e-10
5,4-back,F3,10,1.602390337219369e-10
5,4-back,F3,11,1.5975553943748385e-10
5,4-back,F3,12,1.9122097256112152e-10
5,4-back,F3,13,1.0706327198068337e-10
5,4-back,F3,14,1.21033083630671e-10
5,4-back,F3,15,3.8708916029872913e-10
5,4-back,F3,16,1.5041151719675563e-10
5,4-back,F3,17,8.482261468646056e-11
5,4-back,F3,18,6.395504105902913e-11
5,4-back,F3,19,1.5388703664572383e-10
5,4-back,F3,20,3.0319988973929343e-10
5,4-back,F3,21,4.651796836907327e-10
5,4-back,F3,22,7.882355931391194e-11
5,4-back,F3,23,1.9173273853190622e-10
5,4-back,F3,24,5.490444415119753e-10
5,4-back,F3,25,2.783148250397864e-10
5,4-back,F3,26,1.213592651749541e-10
5,4-back,F3,27,8.487877411041354e-11
5,4-back,F3,28,9.116727410523894e-11
5,4-back,F3,29,1.6917526406327286e-10
5,4-back,F3,30,1.0054200392553106e-10
5,4-back,F3,31,5.2644140536118455e-11
5,4-back,F3,32,1.403288342131857e-10
5,4-back,F3,33,1.1768828579248785e-10
5,4-back,F4,1,1.6438433943575147e-10
5,4-back,F4,2,1.4582485756143894e-10
5,4-back,F4,3,2.71950770278117e-10
5,4-back,F4,4,1.3940874973060162e-10
5,4-back,F4,5,2.7885961677381846e-10
5,4-back,F4,6,1.4047052932140356e-10
5,4-back,F4,7,1.5278669103883769e-10
5,4-back,F4,8,2.047424672824035e-10
5,4-back,F4,9,3.105655296352724e-10
5,4-back,F4,10,1.3145675934967176e-10
5,4-back,F4,11,1.7614460242910732e-10
5,4-back,F4,12,2.0438785717061694e-10
5,4-back,F4,13,2.13026187485271e-10
5,4-back,F4,14,9.093088249915805e-11
5,4-back,F4,15,2.7580940558136977e-10
5,4-back,F4,16,1.6321085926521164e-10
5,4-back,F4,17,1.3425162316795048e-10
5,4-back,F4,18,9.376058293204054e-11
5,4-back,F4,19,8.960318298332823e-11
5,4-back,F4,20,2.4882511838546906e-10
5,4-back,F4,21,3.2979419543494354e-10
5,4-back,F4,22,1.0610846428068821e-10
5,4-back,F4,23,1.6526681371083702e-10
5,4-back,F4,24,4.580307510512239e-10
5,4-back,F4,25,3.542795860940989e-10
5,4-back,F4,26,1.3723228464185566e-10
5,4-back,F4,27,9.608604768305518e-11
5,4-back,F4,28,6.806958356981866e-11
5,4-back,F4,29,1.9250582563466932e-10
5,4-back,F4,30,2.5056122718474e-10
5,4-back,F4,31,9.596567364575859e-11
5,4-back,F4,32,1.856766941801081e-10
5,4-back,F4,33,2.513149452783282e-11
5,4-back,F7,1,5.395802821125192e-11
5,4-back,F7,2,3.33255850467625e-11
5,4-back,F7,3,3.932774897137166e-11
5,4-back,F7,4,6.746704213821785e-11
5,4-back,F7,5,1.2879009203152448e-10
5,4-back,F7,6,1.658737055164165e-10
5,4-back,F7,7,1.7001235112841998e-10
5,4-back,F7,8,1.265125211939776e-10
5,4-back,F7,9,1.5550230774672127e-10
5,4-back,F7,10,9.903327585507781e-11
5,4-back,F7,11,1.0683016374292563e-10
5,4-back,F7,12,1.1062624333961104e-10
5,4-back,F7,13,8.21426521930388e-11
5,4-back,F7,14,6.293392935434553e-11
5,4-back,F7,15,9.895054179535015e-11
5,4-back,F7,16,5.1819621796967675e-11
5,4-back,F7,17,8.755233099467344e-11
5,4-back,F7,18,3.9817521877765856e-11
5,4-back,F7,19,1.256491529174966e-10
5,4-back,F7,20,2.383438115040822e-10
5,4-back,F7,21,2.630644995636066e-10
5,4-back,F7,22,4.590629814389055e-11
5,4-back,F7,23,1.9514868951943438e-10
5,4-back,F7,24,2.877933087917395e-10
5,4-back,F7,25,1.2757300466360483e-10
5,4-back,F7,26,1.676776334555135e-11
5,4-back,F7,27,2.6767681280581884e-11
5,4-back,F7,28,2.5768280041188813e-11
5,4-back,F7,29,4.706071957121258e-11
5,4-back,F7,30,7.171211774018663e-11
5,4-back,F7,31,4.5909277619794234e-11
5,4-back,F7,32,3.5902303242953484e-11
5,4-back,F7,33,7.651234086135194e-11
5,4-back,F8,1,8.765698823069547e-11
5,4-back,F8,2,2.0052769956940032e-10
5,4-back,F8,3,1.686481318874732e-10
5,4-back,F8,4,1.913585842132076e-10
5,4-back,F8,5,2.9355888579657407e-10
5,4-back,F8,6,1.3305219295118741e-10
5,4-back,F8,7,1.0047981794895356e-10
5,4-back,F8,8,2.0343293764203034e-10
5,4-back,F8,9,3.035547049518165e-10
5,4-back,F8,10,3.9160896984377406e-11
5,4-back,F8,11,3.166649084664759e-10
5,4-back,F8,12,2.76062392239751e-10
5,4-back,F8,13,1.1737117951987786e-10
5,4-back,F8,14,1.5937053509149666e-10
5,4-back,F8,15,1.0827632705249032e-10
5,4-back,F8,16,1.18774573877328e-10
5,4-back,F8,17,1.213494167054303e-10
5,4-back,F8,18,1.437138650635039e-10
5,4-back,F8,19,1.3418298833845727e-10
5,4-back,F8,20,2.9018404661222615e-10
5,4-back,F8,21,4.738003479072809e-10
5,4-back,F8,22,8.912087012161225e-11
5,4-back,F8,23,2.3223907048147894e-10
5,4-back,F8,24,3.67111273556151e-10
5,4-back,F8,25,3.576482998352394e-10
5,4-back,F8,26,2.566977767551848e-10
5,4-back,F8,27,7.054312526618001e-11
5,4-back,F8,28,1.4740616760594384e-10
5,4-back,F8,29,3.2659577081713824e-10
5,4-back,F8,30,2.8472607707111503e-10
5,4-back,F8,31,1.0029523016045349e-10
5,4-back,F8,32,1.5770793432882283e-10
5,4-back,F8,33,6.309988837033316e-11
5,4-back,Fz,1,1.5123354408985555e-10
5,4-back,Fz,2,2.1902840761993008e-10
5,4-back,Fz,3,2.049308604548606e-10
5,4-back,Fz,4,9.092324812045975e-11
5,4-back,Fz,5,3.9392848978158704e-10
5,4-back,Fz,6,2.8278068247362123e-10
5,4-back,Fz,7,1.968722425300392e-10
5,4-back,Fz,8,2.2691212360828527e-10
5,4-back,Fz,9,3.0723564066487163e-10
5,4-back,Fz,10,1.1622201415421076e-10
5,4-back,Fz,11,1.7317186395669934e-10
5,4-back,Fz,12,2.1288044709755626e-10
5,4-back,Fz,13,1.6391213732181544e-10
5,4-back,Fz,14,6.088192298083154e-11
5,4-back,Fz,15,3.6828151613660926e-10
5,4-back,Fz,16,2.2184624764160443e-10
5,4-back,Fz,17,1.0379222220158318e-10
5,4-back,Fz,18,6.642457658524172e-11
5,4-back,Fz,19,2.487649600133655e-10
5,4-back,Fz,20,3.560159647361274e-10
5,4-back,Fz,21,5.32719329639151e-10
5,4-back,Fz,22,6.661004470113503e-11
5,4-back,Fz,23,2.294370958682898e-10
5,4-back,Fz,24,6.471719148925287e-10
5,4-back,Fz,25,4.0022284322812484e-10
5,4-back,Fz,26,3.1666777982890533e-10
5,4-back,Fz,27,9.65786010914987e-11
5,4-back,Fz,28,1.299187127744679e-10
5,4-back,Fz,29,2.1181205630001728e-10
5,4-back,Fz,30,1.82451635725144e-10
5,4-back,Fz,31,5.994594718703331e-11
5,4-back,Fz,32,1.7838808186725585e-10
5,4-back,Fz,33,5.27765873336338e-11
6,1-back,F3,1,6.208848230620712e-11
6,1-back,F3,2,6.386409735064556e-11
6,1-back,F3,3,1.543735259760986e-10
6,1-back,F3,4,8.686744133075482e-11
6,1-back,F3,5,1.2798702890474415e-10
6,1-back,F3,6,1.46738725898312e-10
6,1-back,F3,7,1.0915708578752235e-10
6,1-back,F3,8,2.1848116089563886e-10
6,1-back,F3,9,1.0312472129411528e-10
6,1-back,F3,10,3.9058461524647707e-10
6,1-back,F3,11,1.1334504090852017e-10
6,1-back,F3,12,1.0808828488148572e-10
6,1-back,F3,13,1.6016772766375486e-10
6,1-back,F3,14,5.952381166216889e-11
6,1-back,F3,15,7.705612707840586e-11
6,1-back,F3,16,8.150402607438715e-11
6,1-back,F3,17,1.0142182075920314e-10
6,1-back,F3,18,5.256037438247881e-11
6,1-back,F3,19,3.0219714736369936e-10
6,1-back,F3,20,2.376780005849325e-10
6,1-back,F3,21,1.7073905461164506e-10
6,1-back,F3,22,7.144794803587852e-11
6,1-back,F3,23,1.4717795795348882e-10
6,1-back,F3,24,2.8129463806466683e-10
6,1-back,F3,25,1.2811834459890786e-10
6,1-back,F3,26,4.8058093949592e-10
6,1-back,F3,27,1.194547771589338e-10
6,1-back,F3,28,4.763237340950069e-10
6,1-back,F3,29,1.4030863409956631e-10
6,1-back,F3,30,2.003853414615864e-10
6,1-back,F3,31,6.587973274156598e-11
6,1-back,F3,32,1.038053988033742e-10
6,1-back,F3,33,1.1360762790533441e-10
6,1-back,F3,34,4.9458475799327924e-11
6,1-back,F3,35,1.189112909278225e-10
6,1-back,F3,36,1.1683428264434203e-10
6,1-back,F3,37,1.4888694630231386e-10
6,1-back,F3,38,9.626427804487225e-11
6,1-back,F3,39,1.4093745482815516e-10
6,1-back,F3,40,1.5023747654141526e-10
6,1-back,F3,41,7.655900884556142e-11
6,1-back,F3,42,1.6720510601248636e-10
6,1-back,F3,43,6.217352885746162e-10
6,1-back,F3,44,1.1522451326090462e-10
6,1-back,F3,45,1.2023886494102042e-10
6,1-back,F3,46,8.814324139866144e-11
6,1-back,F3,47,7.510613759156294e-11
6,1-back,F3,48,2.421475441955259e-10
6,1-back,F3,49,1.935162302350526e-10
6,1-back,F3,50,3.1765397250405153e-10
6,1-back,F3,51,5.8159456869320966e-11
6,1-back,F3,52,5.0022319291377576e-11
6,1-back,F3,53,7.124008649022726e-11
6,1-back,F3,54,2.096144679671795e-11
6,1-back,F3,55,1.6757738910685916e-10
6,1-back,F3,56,2.2230729425264555e-10
6,1-back,F3,57,2.8595415419796643e-10
6,1-back,F3,58,7.112830919116273e-10
6,1-back,F3,59,1.6893362450175068e-10
6,1-back,F3,60,1.181898608790837e-10
6,1-back,F3,61,1.2483775333796909e-10
6,1-back,F3,62,5.194695397257478e-11
6,1-back,F3,63,1.4903934568774044e-10
6,1-back,F3,64,2.556612607140297e-10
6,1-back,F3,65,2.2612792340712676e-10
6,1-back,F3,66,1.7350084775419686e-10
6,1-back,F3,67,7.061161467342087e-11
6,1-back,F3,68,7.633535220095765e-11
6,1-back,F3,69,1.7829206642508877e-10
6,1-back,F3,70,6.167329304773188e-11
6,1-back,F3,71,7.485644841565364e-11
6,1-back,F3,72,2.0547141776189013e-10
6,1-back,F3,73,1.0809189664951671e-10
6,1-back,F3,74,1.1201679351041654e-10
6,1-back,F4,1,4.203684540561185e-11
6,1-back,F4,2,8.642754697187393e-11
6,1-back,F4,3,1.3059407640324322e-10
6,1-back,F4,4,1.838080241517352e-10
6,1-back,F4,5,5.867212104646145e-11
6,1-back,F4,6,1.1074011567682971e-10
6,1-back,F4,7,2.1471524475136944e-10
6,1-back,F4,8,1.4597444154249657e-10
6,1-back,F4,9,4.9550594144892135e-11
6,1-back,F4,10,2.3133326909395e-10
6,1-back,F4,11,1.1332303968875242e-10
6,1-back,F4,12,1.7056494313708042e-10
6,1-back,F4,13,1.0498179172122708e-10
6,1-back,F4,14,9.184018197703959e-11
6,1-back,F4,15,7.37123611508942e-11
6,1-back,F4,16,7.968003206296323e-11
6,1-back,F4,17,3.991663459640385e-11
6,1-back,F4,18,1.1941436096603313e-10
6,1-back,F4,19,2.7537830841784937e-10
6,1-back,F4,20,2.3245340191349888e-10
6,1-back,F4,21,1.2110846774673141e-10
6,1-back,F4,22,4.5094967719320275e-11
6,1-back,F4,23,2.5150888526181414e-11
6,1-back,F4,24,4.354446705714237e-10
6,1-back,F4,25,1.636178459943034e-10
6,1-back,F4,26,3.568216123425566e-10
6,1-back,F4,27,1.171344538598769e-10
6,1-back,F4,28,5.798086032162177e-10
6,1-back,F4,29,1.5631792139287028e-10
6,1-back,F4,30,1.4234053502848004e-10
6,1-back,F4,31,7.03756792546048e-11
6,1-back,F4,32,1.1901871491614248e-10
6,1-back,F4,33,1.0676154002442691e-10
6,1-back,F4,34,4.239615141942887e-11
6,1-back,F4,35,1.0526030552199443e-10
6,1-back,F4,36,7.635374857027676e-11
6,1-back,F4,37,9.031401317140885e-11
6,1-back,F4,38,4.625927530222499e-11
6,1-back,F4,39,1.086620818175224e-10
6,1-back,F4,40,6.179972842344688e-11
6,1-back,F4,41,9.317295382859432e-11
6,1-back,F4,42,9.376295750306592e-11
6,1-back,F4,43,5.981796427648863e-10
6,1-back,F4,44,7.908427102037018e-11
6,1-back,F4,45,1.5434997758111875e-10
6,1-back,F4,46,4.972637927842827e-11
6,1-back,F4,47,1.172508357117524e-10
6,1-back,F4,48,2.9466925355395167e-10
6,1-back,F4,49,1.1141194880587415e-10
6,1-back,F4,50,2.15129018562403e-10
6,1-back,F4,51,3.840944704894122e-11
6,1-back,F4,52,5.1161144116205236e-11
6,1-back,F4,53,5.948524912651726e-11
6,1-back,F4,54,5.098123398397179e-11
6,1-back,F4,55,2.0454114603246547e-10
6,1-back,F4,56,1.0684182227686049e-10
6,1-back,F4,57,3.8159731116873017e-10
6,1-back,F4,58,6.582219251287574e-10
6,1-back,F4,59,4.777706986198126e-11
6,1-back,F4,60,1.5356998730843843e-10
6,1-back,F4,61,6.170170532816478e-11
6,1-back,F4,62,6.902491027556192e-11
6,1-back,F4,63,1.816267409231232e-10
6,1-back,F4,64,2.0954784056262063e-10
6,1-back,F4,65,2.0548049931940619e-10
6,1-back,F4,66,1.3177085419507074e-10
6,1-back,F4,67,5.468501918752194e-11
6,1-back,F4,68,8.473598913008011e-11
6,1-back,F4,69,8.577701140867482e-11
6,1-back,F4,70,8.10065474316254e-11
6,1-back,F4,71,5.023355274283692e-11
6,1-back,F4,72,1.4802557370017355e-10
6,1-back,F4,73,3.2008441546331404e-11
6,1-back,F4,74,4.885921408584402e-11
6,1-back,F7,1,8.106782478824015e-11
6,1-back,F7,2,2.0589986186343234e-10
6,1-back,F7,3,6.701005864302767e-11
6,1-back,F7,4,1.7210616518072315e-11
6,1-back,F7,5,5.295371169305333e-11
6,1-back,F7,6,1.093208677824448e-10
6,1-back,F7,7,6.924823501880685e-11
6,1-back,F7,8,1.748848630184177e-10
6,1-back,F7,9,1.1473854428490527e-10
6,1-back,F7,10,1.8251472143115908e-10
6,1-back,F7,11,8.096730820949952e-11
6,1-back,F7,12,6.39261272724814e-11
6,1-back,F7,13,1.0236247325891705e-10
6,1-back,F7,14,6.241595182505576e-11
6,1-back,F7,15,5.6704096387342374e-11
6,1-back,F7,16,6.656991843095908e-11
6,1-back,F7,17,5.3785318364585446e-11
6,1-back,F7,18,7.888887477057922e-11
6,1-back,F7,19,4.838045204060563e-10
6,1-back,F7,20,6.645058685826795e-11
6,1-back,F7,21,8.580747403967825e-11
6,1-back,F7,22,6.919653431451695e-11
6,1-back,F7,23,2.442208663059709e-10
6,1-back,F7,24,1.8708696180322923e-10
6,1-back,F7,25,9.511076455214786e-11
6,1-back,F7,26,3.1425453891912215e-10
6,1-back,F7,27,1.622860594087904e-10
6,1-back,F7,28,3.9756728746022297e-10
6,1-back,F7,29,6.152651681758825e-11
6,1-back,F7,30,1.051555292773147e-10
6,1-back,F7,31,5.565775298437928e-11
6,1-back,F7,32,5.807430180619331e-11
6,1-back,F7,33,7.656505821289436e-11
6,1-back,F7,34,9.422052891421081e-11
6,1-back,F7,35,6.332968380975574e-11
6,1-back,F7,36,2.376799513779188e-10
6,1-back,F7,37,7.374276973354247e-11
6,1-back,F7,38,1.083813420385361e-10
6,1-back,F7,39,5.825223719367449e-11
6,1-back,F7,40,6.176251095717391e-11
6,1-back,F7,41,1.3423346020962395e-10
6,1-back,F7,42,4.732731960703243e-11
6,1-back,F7,43,7.653661006883598e-10
6,1-back,F7,44,9.511883396921561e-11
6,1-back,F7,45,5.507073689333717e-11
6,1-back,F7,46,1.1507551551284719e-10
6,1-back,F7,47,5.904103858279116e-11
6,1-back,F7,48,1.9813131200310904e-10
6,1-back,F7,49,1.5785660592256336e-10
6,1-back,F7,50,3.821631195692272e-10
6,1-back,F7,51,7.063946028325403e-11
6,1-back,F7,52,3.173619589117282e-11
6,1-back,F7,53,2.0590443317749167e-11
6,1-back,F7,54,2.3342120855287456e-11
6,1-back,F7,55,1.193722979167317e-10
6,1-back,F7,56,5.41935366153051e-11
6,1-back,F7,57,4.6025836307124655e-10
6,1-back,F7,58,4.690276498303991e-10
6,1-back,F7,59,2.5592738585263784e-11
6,1-back,F7,60,1.0410448946389631e-10
6,1-back,F7,61,6.772615542539525e-11
6,1-back,F7,62,3.106765677225572e-11
6,1-back,F7,63,7.457510132078232e-11
6,1-back,F7,64,1.4271251930075235e-10
6,1-back,F7,65,2.674458883026269e-10
6,1-back,F7,66,3.427669136212642e-10
6,1-back,F7,67,6.885187320334011e-11
6,1-back,F7,68,6.457221709271379e-11
6,1-back,F7,69,3.865356923057513e-11
6,1-back,F7,70,5.2943622265761897e-11
6,1-back,F7,71,7.223447873029498e-11
6,1-back,F7,72,1.4515358403292503e-10
6,1-back,F7,73,1.0791925837739642e-10
6,1-back,F7,74,6.205878073174058e-11
6,1-back,F8,1,3.08213262046902e-11
6,1-back,F8,2,6.537502730162591e-11
6,1-back,F8,3,6.055211280209638e-11
6,1-back,F8,4,7.739152672060107e-11
6,1-back,F8,5,1.931422386478771e-11
6,1-back,F8,6,5.7244606145168036e-11
6,1-back,F8,7,1.1194497167695554e-10
6,1-back,F8,8,6.822618473591986e-11
6,1-back,F8,9,3.093007056009701e-11
6,1-back,F8,10,5.611737158049703e-11
6,1-back,F8,11,8.251446173976054e-11
6,1-back,F8,12,7.845556482427275e-11
6,1-back,F8,13,5.782004885278513e-11
6,1-back,F8,14,8.831552647912823e-11
6,1-back,F8,15,6.451852065632784e-11
6,1-back,F8,16,6.645922375010186e-11
6,1-back,F8,17,2.141665567839001e-11
6,1-back,F8,18,4.637178456754751e-11
6,1-back,F8,19,3.823961955706372e-10
6,1-back,F8,20,1.1920834351992693e-10
6,1-back,F8,21,3.816983865439032e-11
6,1-back,F8,22,3.8578482524895846e-11
6,1-back,F8,23,5.490402084317984e-11
6,1-back,F8,24,2.076597089192605e-10
6,1-back,F8,25,1.2255243797507555e-10
6,1-back,F8,26,2.4437540641549105e-10
6,1-back,F8,27,6.539634195114106e-11
6,1-back,F8,28,4.1775875920158906e-10
6,1-back,F8,29,1.1235436541251059e-10
6,1-back,F8,30,6.991439052614973e-11
6,1-back,F8,31,6.987333561546996e-11
6,1-back,F8,32,6.03425730784524e-11
6,1-back,F8,33,6.233535339057797e-11
6,1-back,F8,34,4.257193267154072e-11
6,1-back,F8,35,9.660418018278161e-11
6,1-back,F8,36,7.221015469340624e-11
6,1-back,F8,37,2.697272140454162e-11
6,1-back,F8,38,1.5658821122484228e-11
6,1-back,F8,39,5.5185566096226e-11
6,1-back,F8,40,9.307836353120338e-11
6,1-back,F8,41,6.226114956409883e-11
6,1-back,F8,42,3.11729052149279e-11
6,1-back,F8,43,6.626857601967935e-10
6,1-back,F8,44,7.819989139477255e-11
6,1-back,F8,45,1.2796835176321345e-10
6,1-back,F8,46,7.527144882615853e-11
6,1-back,F8,47,5.358701277849828e-11
6,1-back,F8,48,1.6855256279804092e-10
6,1-back,F8,49,3.2497885286259065e-11
6,1-back,F8,50,1.0410102447154579e-10
6,1-back,F8,51,4.135657355239253e-11
6,1-back,F8,52,2.5658615543149722e-11
6,1-back,F8,53,4.08350617260316e-11
6,1-back,F8,54,3.398991867524025e-11
6,1-back,F8,55,8.669980099274422e-11
6,1-back,F8,56,4.5716769782996606e-11
6,1-back,F8,57,3.967097301391492e-10
6,1-back,F8,58,4.817220469877881e-10
6,1-back,F8,59,2.6059351753318927e-11
6,1-back,F8,60,7.948110608566303e-11
6,1-back,F8,61,1.915101768688508e-11
6,1-back,F8,62,2.6050446032059526e-11
6,1-back,F8,63,8.27969056677248e-11
6,1-back,F8,64,1.0859709772212359e-10
6,1-back,F8,65,1.0922974754820698e-10
6,1-back,F8,66,2.8736809142125096e-10
6,1-back,F8,67,5.3494004814512844e-11
6,1-back,F8,68,7.27496418581494e-11
6,1-back,F8,69,2.828436619108165e-11
6,1-back,F8,70,4.4432179793609106e-11
6,1-back,F8,71,2.1922794836212162e-11
6,1-back,F8,72,4.4170160701777844e-11
6,1-back,F8,73,1.5603027565579305e-11
6,1-back,F8,74,4.5790413961998306e-11
6,1-back,Fz,1,4.0023492043026324e-11
6,1-back,Fz,2,8.994064882105467e-11
6,1-back,Fz,3,1.911343874122729e-10
6,1-back,Fz,4,1.576677344613049e-10
6,1-back,Fz,5,1.2607355304326063e-10
6,1-back,Fz,6,1.6698991429248553e-10
6,1-back,Fz,7,1.4628655255637248e-10
6,1-back,Fz,8,1.8819970251767067e-10
6,1-back,Fz,9,7.392901089827822e-11
6,1-back,Fz,10,3.504274161256721e-10
6,1-back,Fz,11,1.095341820722649e-10
6,1-back,Fz,12,1.5888269029523646e-10
6,1-back,Fz,13,1.8189566820144275e-10
6,1-back,Fz,14,8.760783863847387e-11
6,1-back,Fz,15,1.0328483017566125e-10
6,1-back,Fz,16,9.328254200449023e-11
6,1-back,Fz,17,6.896985930724776e-11
6,1-back,Fz,18,1.2419271105722485e-10
6,1-back,Fz,19,2.7746549186390463e-10
6,1-back,Fz,20,1.860005342457508e-10
6,1-back,Fz,21,1.151860190567911e-10
6,1-back,Fz,22,5.928689207348613e-11
6,1-back,Fz,23,6.702706984533221e-11
6,1-back,Fz,24,3.623361720100671e-10
6,1-back,Fz,25,1.7904708862282457e-10
6,1-back,Fz,26,4.191766993586072e-10
6,1-back,Fz,27,1.641444544554026e-10
6,1-back,Fz,28,6.758896191931822e-10
6,1-back,Fz,29,1.5285041817179395e-10
6,1-back,Fz,30,2.1010027909097094e-10
6,1-back,Fz,31,7.502143548888952e-11
6,1-back,Fz,32,1.3155156983525461e-10
6,1-back,Fz,33,1.2217506380950796e-10
6,1-back,Fz,34,5.421938167929416e-11
6,1-back,Fz,35,1.2524366906900363e-10
6,1-back,Fz,36,1.1386689837112436e-10
6,1-back,Fz,37,1.560498708911998e-10
6,1-back,Fz,38,8.478618827761652e-11
6,1-back,Fz,39,1.4293561065972848e-10
6,1-back,Fz,40,9.848897113696133e-11
6,1-back,Fz,41,1.1831175023566357e-10
6,1-back,Fz,42,1.8806302456207252e-10
6,1-back,Fz,43,6.528758199602084e-10
6,1-back,Fz,44,9.909580131845917e-11
6,1-back,Fz,45,1.9491655345370348e-10
6,1-back,Fz,46,6.467278364644739e-11
6,1-back,Fz,47,1.177218521040028e-10
6,1-back,Fz,48,3.375361773052666e-10
6,1-back,Fz,49,1.5853571613805302e-10
6,1-back,Fz,50,2.9739232056547094e-10
6,1-back,Fz,51,4.278762295087146e-11
6,1-back,Fz,52,4.4182798155519225e-11
6,1-back,Fz,53,8.267857549289361e-11
6,1-back,Fz,54,6.3698506416625e-11
6,1-back,Fz,55,2.0020797304880026e-10
6,1-back,Fz,56,1.6123640632646336e-10
6,1-back,Fz,57,2.6170789831033116e-10
6,1-back,Fz,58,6.965409317862e-10
6,1-back,Fz,59,5.394956997848445e-11
6,1-back,Fz,60,1.4159826092420353e-10
6,1-back,Fz,61,7.131881535061471e-11
6,1-back,Fz,62,7.756869014599133e-11
6,1-back,Fz,63,1.8568141850483955e-10
6,1-back,Fz,64,2.3171578968536424e-10
6,1-back,Fz,65,2.4665208486520353e-10
6,1-back,Fz,66,2.0183624572129084e-10
6,1-back,Fz,67,8.006535757908688e-11
6,1-back,Fz,68,5.3792116621224436e-11
6,1-back,Fz,69,8.98457468068337e-11
6,1-back,Fz,70,6.545497208582519e-11
6,1-back,Fz,71,7.254860480120483e-11
6,1-back,Fz,72,2.18406978700618e-10
6,1-back,Fz,73,6.550663541828561e-11
6,1-back,Fz,74,5.254579970790418e-11
6,2-back,F3,1,1.4285897437135855e-10
6,2-back,F3,2,4.1880739823568756e-11
6,2-back,F3,3,1.1751032993926035e-10
6,2-back,F3,4,2.3425786045419706e-11
6,2-back,F3,5,5.111840198213023e-10
6,2-back,F3,6,3.799754019739061e-10
6,2-back,F3,7,8.163369813558656e-10
6,2-back,F3,8,7.261538188423977e-11
6,2-back,F3,9,1.1733028186475384e-10
6,2-back,F3,10,1.9569151243612278e-10
6,2-back,F3,11,2.6297331569664434e-11
6,2-back,F3,12,9.580601777586894e-11
6,2-back,F3,13,5.875925440561752e-11
6,2-back,F3,14,3.5051585398802624e-10
6,2-back,F3,15,2.1702432473759357e-10
6,2-back,F3,16,3.7629418585832027e-10
6,2-back,F3,17,9.088075896502494e-11
6,2-back,F3,18,1.2337372144077984e-10
6,2-back,F3,19,3.392410654590192e-10
6,2-back,F3,20,1.322144471436001e-10
6,2-back,F3,21,4.033336242177946e-11
6,2-back,F3,22,1.0177273031237027e-10
6,2-back,F3,23,6.000661554920244e-11
6,2-back,F3,24,6.710971082391042e-11
6,2-back,F3,25,2.2320507508729974e-10
6,2-back,F3,26,3.8984598488155927e-10
6,2-back,F3,27,3.791956685655696e-10
6,2-back,F3,28,7.170895641389088e-11
6,2-back,F3,29,1.3134688995670652e-10
6,2-back,F3,30,6.256654283141126e-11
6,2-back,F3,31,2.2897019691815398e-10
6,2-back,F3,32,1.8300404405127752e-10
6,2-back,F3,33,4.0651944504497954e-11
6,2-back,F3,34,1.1784623931040807e-10
6,2-back,F3,35,2.3107980020420068e-10
6,2-back,F3,36,1.07939501397622e-10
6,2-back,F3,37,2.8323998207436806e-11
6,2-back,F3,38,8.894394963693484e-11
6,2-back,F3,39,2.537999577863297e-10
6,2-back,F3,40,6.699617254652026e-11
6,2-back,F3,41,1.3408236379453202e-10
6,2-back,F3,42,9.013958784218692e-11
6,2-back,F3,43,4.0560155645061033e-10
6,2-back,F3,44,2.1939460399075657e-10
6,2-back,F3,45,1.7267724610097398e-10
6,2-back,F3,46,1.3905194922530806e-10
6,2-back,F3,47,2.0526903873238854e-10
6,2-back,F3,48,1.41823585684684e-10
6,2-back,F3,49,2.427602767728832e-10
6,2-back,F3,50,2.1300890606229712e-10
6,2-back,F3,51,1.2530490347814246e-10
6,2-back,F3,52,4.242997083342083e-10
6,2-back,F3,53,3.722050448249828e-10
6,2-back,F3,54,1.1126703815567444e-10
6,2-back,F3,55,9.804374842269796e-11
6,2-back,F3,56,1.815439483652912e-10
6,2-back,F3,57,9.326065593844866e-11
6,2-back,F3,58,4.267785760760797e-11
6,2-back,F3,59,1.8667991664401656e-10
6,2-back,F3,60,7.732147454293343e-11
6,2-back,F3,61,8.523917220336213e-11
6,2-back,F3,62,5.803750739628121e-11
6,2-back,F3,63,1.066195227459384e-10
6,2-back,F4,1,5.320366071700252e-11
6,2-back,F4,2,3.4334740046501304e-11
6,2-back,F4,3,4.406997529258706e-11
6,2-back,F4,4,2.4412334987768254e-11
6,2-back,F4,5,4.920921659324769e-10
6,2-back,F4,6,6.952166622484415e-11
6,2-back,F4,7,7.623329919741202e-10
6,2-back,F4,8,4.583741470518069e-11
6,2-back,F4,9,8.191343671012631e-11
6,2-back,F4,10,1.4291369200999158e-10
6,2-back,F4,11,3.551402460860818e-11
6,2-back,F4,12,9.887887600221163e-11
6,2-back,F4,13,4.584165483590065e-11
6,2-back,F4,14,6.240436826418082e-11
6,2-back,F4,15,3.235585213729455e-10
6,2-back,F4,16,5.1006833841626e-11
6,2-back,F4,17,4.400727254878958e-11
6,2-back,F4,18,8.608033470916422e-11
6,2-back,F4,19,2.5663274909581153e-10
6,2-back,F4,20,1.5352493286607651e-10
6,2-back,F4,21,3.080893465401939e-11
6,2-back,F4,22,7.580414113565301e-11
6,2-back,F4,23,8.122017880357207e-11
6,2-back,F4,24,2.99865533957717e-11
6,2-back,F4,25,7.436991450040472e-11
6,2-back,F4,26,1.9278944025816532e-10
6,2-back,F4,27,8.310824151555348e-11
6,2-back,F4,28,4.037070374321355e-11
6,2-back,F4,29,5.792145495579987e-11
6,2-back,F4,30,8.043950234767666e-11
6,2-back,F4,31,8.688897225756675e-11
6,2-back,F4,32,1.3421617280249844e-10
6,2-back,F4,33,4.3660602225363974e-11
6,2-back,F4,34,3.292311859928023e-11
6,2-back,F4,35,1.5794328661100347e-10
6,2-back,F4,36,9.269371617114463e-11
6,2-back,F4,37,6.957096722799425e-11
6,2-back,F4,38,9.730410805400953e-11
6,2-back,F4,39,7.307497213841956e-11
6,2-back,F4,40,4.521331383603702e-11
6,2-back,F4,41,5.6617133441114353e-11
6,2-back,F4,42,3.8731893303280723e-11
6,2-back,F4,43,3.008929875747473e-10
6,2-back,F4,44,5.379217846747484e-11
6,2-back,F4,45,1.5318916181996048e-10
6,2-back,F4,46,3.687666874147195e-11
6,2-back,F4,47,1.478427975725324e-10
6,2-back,F4,48,4.5373281088892985e-11
6,2-back,F4,49,2.350081273489911e-10
6,2-back,F4,50,1.8056446976713678e-11
6,2-back,F4,51,9.834475054680261e-11
6,2-back,F4,52,1.9637197248130266e-10
6,2-back,F4,53,2.2394929268213022e-10
6,2-back,F4,54,4.10948319502475e-11
6,2-back,F4,55,5.018254427630889e-11
6,2-back,F4,56,5.523135235497596e-11
6,2-back,F4,57,3.8425373743805254e-11
6,2-back,F4,58,4.910321331117077e-11
6,2-back,F4,59,7.10660915981419e-11
6,2-back,F4,60,4.447688407427557e-11
6,2-back,F4,61,4.473737549331095e-11
6,2-back,F4,62,5.390417343861299e-11
6,2-back,F4,63,1.1870678900893836e-10
6,2-back,F7,1,4.3777637185721185e-11
6,2-back,F7,2,5.235014934001704e-11
6,2-back,F7,3,4.839356470143961e-11
6,2-back,F7,4,1.5719203195962535e-11
6,2-back,F7,5,5.279681928293659e-10
6,2-back,F7,6,5.492632935347956e-11
6,2-back,F7,7,1.3615514997485298e-09
6,2-back,F7,8,9.723937246013921e-11
6,2-back,F7,9,6.16881301117716e-11
6,2-back,F7,10,8.691963132326089e-11
6,2-back,F7,11,1.7135629667976245e-11
6,2-back,F7,12,5.5860291972434505e-11
6,2-back,F7,13,6.18585402445758e-11
6,2-back,F7,14,1.2111782242052538e-10
6,2-back,F7,15,1.1799527702519914e-10
6,2-back,F7,16,8.134716110373762e-11
6,2-back,F7,17,6.758819821864479e-11
6,2-back,F7,18,7.395413815308496e-11
6,2-back,F7,19,6.813671574146424e-10
6,2-back,F7,20,5.982040665445655e-11
6,2-back,F7,21,2.7290675706976195e-11
6,2-back,F7,22,5.829974373022823e-11
6,2-back,F7,23,2.799791881981412e-11
6,2-back,F7,24,3.315675729154081e-11
6,2-back,F7,25,9.266051258905958e-11
6,2-back,F7,26,1.9513019099697284e-10
6,2-back,F7,27,4.3205587457936264e-11
6,2-back,F7,28,5.062802869808773e-11
6,2-back,F7,29,8.500365099519443e-11
6,2-back,F7,30,5.616616405614045e-11
6,2-back,F7,31,8.442260509656455e-11
6,2-back,F7,32,1.8278095234962003e-10
6,2-back,F7,33,7.551118715545411e-11
6,2-back,F7,34,3.944703453415257e-11
6,2-back,F7,35,2.905217640582021e-10
6,2-back,F7,36,3.723422841939646e-11
6,2-back,F7,37,1.954348794828122e-11
6,2-back,F7,38,1.2682847007661864e-10
6,2-back,F7,39,1.688049933963651e-10
6,2-back,F7,40,1.175633648301713e-11
6,2-back,F7,41,7.567456136113705e-11
6,2-back,F7,42,4.888427495613059e-11
6,2-back,F7,43,3.5723587929078217e-10
6,2-back,F7,44,6.347995212246633e-11
6,2-back,F7,45,2.42020668191364e-10
6,2-back,F7,46,5.7148323374337903e-11
6,2-back,F7,47,7.12491965875807e-11
6,2-back,F7,48,3.688857705640987e-11
6,2-back,F7,49,9.859088727358453e-11
6,2-back,F7,50,2.4977792420098042e-11
6,2-back,F7,51,7.461679220529648e-11
6,2-back,F7,52,1.5205852958622496e-10
6,2-back,F7,53,2.337437832977034e-10
6,2-back,F7,54,2.4290959092785995e-11
6,2-back,F7,55,2.6901081663842963e-11
6,2-back,F7,56,4.729138906433496e-11
6,2-back,F7,57,4.48732701450176e-11
6,2-back,F7,58,2.933378819390177e-11
6,2-back,F7,59,1.6776466108485808e-11
6,2-back,F7,60,4.983685602640708e-11
6,2-back,F7,61,1.7555725789255606e-11
6,2-back,F7,62,2.550129431913756e-11
6,2-back,F7,63,3.518355778692348e-11
6,2-back,F8,1,3.959262457610575e-11
6,2-back,F8,2,2.6910574806111633e-11
6,2-back,F8,3,2.0427143396933693e-11
6,2-back,F8,4,1.4825556706318874e-11
6,2-back,F8,5,5.564930517607718e-10
6,2-back,F8,6,6.745844115707979e-11
6,2-back,F8,7,1.0009855053235697e-09
6,2-back,F8,8,2.0350368243820105e-11
6,2-back,F8,9,2.8872123430688107e-11
6,2-back,F8,10,8.520833819930743e-11
6,2-back,F8,11,2.533253517193309e-11
6,2-back,F8,12,3.8942420480239607e-11
6,2-back,F8,13,2.8320871636381398e-11
6,2-back,F8,14,3.7169390611892056e-11
6,2-back,F8,15,1.9353242456067316e-10
6,2-back,F8,16,3.2707791955778467e-11
6,2-back,F8,17,4.258127301872627e-11
6,2-back,F8,18,3.855748211867803e-11
6,2-back,F8,19,3.2576116948211433e-10
6,2-back,F8,20,5.778340741989267e-11
6,2-back,F8,21,1.957123984314509e-11
6,2-back,F8,22,4.358961819425568e-11
6,2-back,F8,23,3.2609443252532037e-11
6,2-back,F8,24,3.088664131462889e-11
6,2-back,F8,25,2.9769235664373485e-11
6,2-back,F8,26,1.4093812045055782e-10
6,2-back,F8,27,5.801837707850254e-11
6,2-back,F8,28,1.7018657230437316e-11
6,2-back,F8,29,3.73292008604713e-11
6,2-back,F8,30,2.8790685203563193e-11
6,2-back,F8,31,6.382606260072228e-11
6,2-back,F8,32,1.2812102563692466e-10
6,2-back,F8,33,1.7297242295103112e-11
6,2-back,F8,34,2.907049574469542e-11
6,2-back,F8,35,1.9268152080710135e-10
6,2-back,F8,36,5.131654421393762e-11
6,2-back,F8,37,4.449426955474209e-11
6,2-back,F8,38,7.523637601939067e-11
6,2-back,F8,39,3.329254322176018e-11
6,2-back,F8,40,1.9629300125335742e-11
6,2-back,F8,41,2.0724098473329873e-11
6,2-back,F8,42,2.97851019101702e-11
6,2-back,F8,43,3.3888810543699687e-10
6,2-back,F8,44,3.256881238376698e-11
6,2-back,F8,45,1.6369802411619795e-10
6,2-back,F8,46,2.2231047183040666e-11
6,2-back,F8,47,7.181606250530025e-11
6,2-back,F8,48,3.341473212884096e-11
6,2-back,F8,49,7.927101711997408e-11
6,2-back,F8,50,2.1430950233509788e-11
6,2-back,F8,51,9.034640978857332e-11
6,2-back,F8,52,2.0698516489523594e-10
6,2-back,F8,53,1.248861090961905e-10
6,2-back,F8,54,4.858315481222001e-11
6,2-back,F8,55,2.4851350246534587e-11
6,2-back,F8,56,3.058245334341177e-11
6,2-back,F8,57,3.19945115799862e-11
6,2-back,F8,58,1.83309690815981e-11
6,2-back,F8,59,3.738052306775288e-11
6,2-back,F8,60,5.8640061809204e-11
6,2-back,F8,61,3.715372989339829e-11
6,2-back,F8,62,3.154794680056185e-11
6,2-back,F8,63,5.6019166823999593e-11
6,2-back,Fz,1,4.9675373094194146e-11
6,2-back,Fz,2,3.706863448136466e-11
6,2-back,Fz,3,6.934884794561627e-11
6,2-back,Fz,4,3.173452745430472e-11
6,2-back,Fz,5,6.119464910824301e-10
6,2-back,Fz,6,8.579607222804443e-11
6,2-back,Fz,7,9.031327490705051e-10
6,2-back,Fz,8,6.886863928215732e-11
6,2-back,Fz,9,1.241406591446168e-10
6,2-back,Fz,10,2.359223210347552e-10
6,2-back,Fz,11,2.450723722972813e-11
6,2-back,Fz,12,9.796702079409103e-11
6,2-back,Fz,13,3.278197602459302e-11
6,2-back,Fz,14,1.215526803159191e-10
6,2-back,Fz,15,2.6238406674728544e-10
6,2-back,Fz,16,1.141115825621443e-10
6,2-back,Fz,17,6.299456860943428e-11
6,2-back,Fz,18,1.330914878997463e-10
6,2-back,Fz,19,3.238161238897987e-10
6,2-back,Fz,20,1.5394464265753054e-10
6,2-back,Fz,21,2.9714734972246694e-11
6,2-back,Fz,22,1.2939480642189396e-10
6,2-back,Fz,23,8.739436171338013e-11
6,2-back,Fz,24,4.724020338352334e-11
6,2-back,Fz,25,7.988991747747671e-11
6,2-back,Fz,26,2.9612197415887624e-10
6,2-back,Fz,27,1.2956631576866102e-10
6,2-back,Fz,28,4.783708866231527e-11
6,2-back,Fz,29,8.536506415804832e-11
6,2-back,Fz,30,1.0497333758632725e-10
6,2-back,Fz,31,9.84451000344107e-11
6,2-back,Fz,32,1.6219538797671318e-10
6,2-back,Fz,33,6.013226091681173e-11
6,2-back,Fz,34,2.561755200498238e-11
6,2-back,Fz,35,2.146337985842461e-10
6,2-back,Fz,36,9.073118327711712e-11
6,2-back,Fz,37,5.090950837715261e-11
6,2-back,Fz,38,1.2383130960902018e-10
6,2-back,Fz,39,1.1584084646031923e-10
6,2-back,Fz,40,3.050504988409292e-11
6,2-back,Fz,41,1.0648955785062355e-10
6,2-back,Fz,42,2.8310678773889522e-11
6,2-back,Fz,43,3.2419178466100343e-10
6,2-back,Fz,44,1.024134937842992e-10
6,2-back,Fz,45,2.0196698709668542e-10
6,2-back,Fz,46,3.172533034646631e-11
6,2-back,Fz,47,2.1726597508033857e-10
6,2-back,Fz,48,3.038158324321192e-11
6,2-back,Fz,49,2.939492761288783e-10
6,2-back,Fz,50,1.882263579710995e-11
6,2-back,Fz,51,1.0690959060613032e-10
6,2-back,Fz,52,2.567914838933759e-10
6,2-back,Fz,53,1.716903675258359e-10
6,2-back,Fz,54,5.5700832312339155e-11
6,2-back,Fz,55,6.590712138828564e-11
6,2-back,Fz,56,6.768352086824528e-11
6,2-back,Fz,57,6.340972516068161e-11
6,2-back,Fz,58,5.2202727178773203e-11
6,2-back,Fz,59,4.735518194413557e-11
6,2-back,Fz,60,7.764826195457597e-11
6,2-back,Fz,61,4.9075411764456024e-11
6,2-back,Fz,62,5.973376577619854e-11
6,2-back,Fz,63,1.21124549956647e-10
6,3-back,F3,1,7.817304786348856e-11
6,3-back,F3,2,5.436280378979863e-11
6,3-back,F3,3,4.530543164539315e-11
6,3-back,F3,4,9.715493791493717e-11
6,3-back,F3,5,1.1370591988465906e-10
6,3-back,F3,6,2.693471208727366e-11
6,3-back,F3,7,2.0885240579096995e-10
6,3-back,F3,8,5.3253623698677337e-11
6,3-back,F3,9,1.2390127847772083e-10
6,3-back,F3,10,1.8475507107814065e-10
6,3-back,F3,11,3.5307780023471344e-10
6,3-back,F3,12,1.0950706257144517e-10
6,3-back,F3,13,7.376442238863046e-11
6,3-back,F3,14,2.2893677338884598e-10
6,3-back,F3,15,1.1386325238891688e-10
6,3-back,F3,16,1.9015612684600685e-10
6,3-back,F3,17,9.883972737861982e-11
6,3-back,F3,18,7.426124031542929e-11
6,3-back,F3,19,1.1142350194400032e-10
6,3-back,F3,20,2.5396096361901005e-10
6,3-back,F3,21,4.747869734960169e-10
6,3-back,F3,22,2.726789700716146e-10
6,3-back,F3,23,2.0843827597787756e-10
6,3-back,F3,24,1.0580733090233138e-10
6,3-back,F3,25,1.3633517230127114e-10
6,3-back,F3,26,2.6891003797886e-10
6,3-back,F3,27,2.3367871483761057e-10
6,3-back,F3,28,2.8271208595271916e-10
6,3-back,F3,29,1.5174014668478814e-10
6,3-back,F3,30,1.8687271033837712e-10
6,3-back,F3,31,3.5408486501428457e-10
6,3-back,F3,32,2.756102625909793e-10
6,3-back,F3,33,5.65504095506871e-11
6,3-back,F3,34,1.3515349671658964e-10
6,3-back,F3,35,1.1502248646208264e-10
6,3-back,F3,36,7.287724328869922e-11
6,3-back,F3,37,2.183052042480461e-10
6,3-back,F3,38,6.010931474519683e-10
6,3-back,F3,39,3.241959333964762e-10
6,3-back,F3,40,1.1277698879329096e-10
6,3-back,F3,41,6.902597642327086e-11
6,3-back,F3,42,5.031507161832198e-10
6,3-back,F3,43,7.354785555567927e-11
6,3-back,F3,44,2.354321692605273e-10
6,3-back,F3,45,1.0362977910045023e-10
6,3-back,F3,46,3.1594949560073067e-10
6,3-back,F3,47,2.328695305761131e-10
6,3-back,F3,48,7.072014598563505e-11
6,3-back,F3,49,8.281155048459325e-11
6,3-back,F3,50,6.296786675971937e-11
6,3-back,F3,51,1.4220030013065535e-10
6,3-back,F3,52,4.270041202664091e-11
6,3-back,F3,53,7.967220914805093e-11
6,3-back,F3,54,9.157309020337948e-11
6,3-back,F3,55,6.835805298328351e-11
6,3-back,F3,56,7.370009991539145e-11
6,3-back,F3,57,1.5400001529200393e-10
6,3-back,F3,58,1.686216211010903e-10
6,3-back,F3,59,2.1950563537015122e-10
6,3-back,F3,60,1.5139700243696956e-10
6,3-back,F3,61,2.0135493278275567e-10
6,3-back,F3,62,1.1991550911756418e-10
6,3-back,F3,63,4.24643532455649e-10
6,3-back,F3,64,2.623105822505109e-10
6,3-back,F3,65,1.0883283082443885e-10
6,3-back,F3,66,1.8196945623399387e-10
6,3-back,F3,67,4.872700371597791e-11
6,3-back,F3,68,6.109264789640104e-10
6,3-back,F3,69,3.1797602615308015e-10
6,3-back,F4,1,1.8663356246201952e-11
6,3-back,F4,2,1.4077936957398364e-11
6,3-back,F4,3,4.4588123558027344e-11
6,3-back,F4,4,1.2533662775932805e-10
6,3-back,F4,5,9.908940222662012e-11
6,3-back,F4,6,3.1610586032057504e-11
6,3-back,F4,7,1.354807826235469e-10
6,3-back,F4,8,3.6279995236941486e-11
6,3-back,F4,9,4.2683803040088507e-11
6,3-back,F4,10,9.310620913738477e-11
6,3-back,F4,11,2.4253942604703115e-10
6,3-back,F4,12,1.1997561033301888e-10
6,3-back,F4,13,1.4439379920550915e-10
6,3-back,F4,14,1.6251159219009112e-10
6,3-back,F4,15,6.62900197175255e-11
6,3-back,F4,16,1.827583120497347e-10
6,3-back,F4,17,5.727976767643747e-11
6,3-back,F4,18,7.697468170264648e-11
6,3-back,F4,19,1.2067185232921922e-10
6,3-back,F4,20,1.5933222533289992e-10
6,3-back,F4,21,2.0148730144332578e-10
6,3-back,F4,22,1.3534875577034337e-10
6,3-back,F4,23,4.295083380736163e-11
6,3-back,F4,24,6.491560884272646e-11
6,3-back,F4,25,1.2862981281261328e-10
6,3-back,F4,26,3.5761144243703256e-11
6,3-back,F4,27,2.3112882538370085e-10
6,3-back,F4,28,5.885804609465649e-11
6,3-back,F4,29,8.233225466157073e-11
6,3-back,F4,30,4.367696248545611e-11
6,3-back,F4,31,9.913746769331917e-11
6,3-back,F4,32,3.607947708138403e-11
6,3-back,F4,33,1.0239890313647419e-10
6,3-back,F4,34,4.115372858457317e-11
6,3-back,F4,35,5.895836420616933e-11
6,3-back,F4,36,3.217263926690442e-11
6,3-back,F4,37,2.0848440513964977e-10
6,3-back,F4,38,4.945847916697736e-10
6,3-back,F4,39,1.6291322355250967e-10
6,3-back,F4,40,4.0509965357246534e-11
6,3-back,F4,41,4.284871429304346e-11
6,3-back,F4,42,4.1597026588819744e-10
6,3-back,F4,43,5.232307872930765e-11
6,3-back,F4,44,1.2607255423013496e-10
6,3-back,F4,45,1.0336621768727501e-10
6,3-back,F4,46,2.9024520564649267e-10
6,3-back,F4,47,1.4595462394576968e-10
6,3-back,F4,48,1.0654079763060204e-11
6,3-back,F4,49,5.417357089238272e-11
6,3-back,F4,50,3.1065196477315624e-11
6,3-back,F4,51,1.6620929046512322e-10
6,3-back,F4,52,4.9664459975550056e-11
6,3-back,F4,53,2.152772204462483e-11
6,3-back,F4,54,6.021112470088922e-11
6,3-back,F4,55,3.8682650035912616e-11
6,3-back,F4,56,4.105757088808998e-11
6,3-back,F4,57,9.477077813606401e-11
6,3-back,F4,58,6.715628761565253e-11
6,3-back,F4,59,1.1471057015061308e-10
6,3-back,F4,60,1.1052260625765258e-10
6,3-back,F4,61,1.076551802130673e-10
6,3-back,F4,62,1.5952434383778844e-10
6,3-back,F4,63,3.564447916776332e-10
6,3-back,F4,64,9.420616614792127e-11
6,3-back,F4,65,6.300189636734151e-11
6,3-back,F4,66,2.394516457943796e-10
6,3-back,F4,67,9.602712136606435e-11
6,3-back,F4,68,1.746514256228548e-10
6,3-back,F4,69,1.3578808669551235e-10
6,3-back,F7,1,2.386787273811703e-11
6,3-back,F7,2,4.491263281052943e-11
6,3-back,F7,3,2.8593068555073342e-11
6,3-back,F7,4,7.13941961842859e-11
6,3-back,F7,5,7.068786382538943e-11
6,3-back,F7,6,4.179230558283175e-11
6,3-back,F7,7,3.152439214086881e-10
6,3-back,F7,8,3.71123482718286e-11
6,3-back,F7,9,3.397411763864009e-11
6,3-back,F7,10,4.765959239492914e-11
6,3-back,F7,11,2.63252414507937e-10
6,3-back,F7,12,2.4808992119848666e-10
6,3-back,F7,13,1.9779617046177185e-10
6,3-back,F7,14,3.015584598161336e-10
6,3-back,F7,15,5.407956785958863e-11
6,3-back,F7,16,1.2640535255896646e-10
6,3-back,F7,17,1.6353961419364815e-11
6,3-back,F7,18,8.621712531966027e-11
6,3-back,F7,19,7.8210586909182e-11
6,3-back,F7,20,4.1408284065988645e-10
6,3-back,F7,21,5.73515006033084e-10
6,3-back,F7,22,2.1924872561306985e-10
6,3-back,F7,23,2.615866129032282e-10
6,3-back,F7,24,2.985039449225543e-11
6,3-back,F7,25,1.4765570834368216e-10
6,3-back,F7,26,2.7761270943231008e-11
6,3-back,F7,27,3.494736903268548e-10
6,3-back,F7,28,1.3226757069518508e-10
6,3-back,F7,29,6.34299471820516e-11
6,3-back,F7,30,1.4794729456441017e-10
6,3-back,F7,31,2.4016658167473207e-10
6,3-back,F7,32,3.966610694207832e-11
6,3-back,F7,33,1.1162833215720088e-10
6,3-back,F7,34,9.614725724240737e-12
6,3-back,F7,35,4.1184415138629806e-11
6,3-back,F7,36,5.3584439843658794e-11
6,3-back,F7,37,3.04051422505867e-10
6,3-back,F7,38,4.270202723563886e-10
6,3-back,F7,39,2.9076123904182673e-10
6,3-back,F7,40,1.1305775587906859e-10
6,3-back,F7,41,4.530082019907727e-11
6,3-back,F7,42,3.035069477886522e-10
6,3-back,F7,43,7.21130102050474e-11
6,3-back,F7,44,1.708466417142934e-10
6,3-back,F7,45,1.3121985972310122e-10
6,3-back,F7,46,4.591724716528172e-10
6,3-back,F7,47,6.90132699465642e-11
6,3-back,F7,48,1.569905521913106e-11
6,3-back,F7,49,4.787521726483399e-11
6,3-back,F7,50,4.8374579350977985e-11
6,3-back,F7,51,1.8527582319904636e-10
6,3-back,F7,52,3.606073077304504e-11
6,3-back,F7,53,1.0072175475617404e-10
6,3-back,F7,54,2.2097566915496817e-10
6,3-back,F7,55,7.85929012183928e-11
6,3-back,F7,56,6.90703662728602e-11
6,3-back,F7,57,1.8843273505360153e-10
6,3-back,F7,58,1.7217621829064267e-10
6,3-back,F7,59,1.2355190838554355e-10
6,3-back,F7,60,9.141795491928836e-11
6,3-back,F7,61,1.3380498722800257e-10
6,3-back,F7,62,1.3158442879222023e-10
6,3-back,F7,63,2.740503600632381e-10
6,3-back,F7,64,1.323586200803325e-10
6,3-back,F7,65,1.0279038952273314e-10
6,3-back,F7,66,1.7752292744749413e-10
6,3-back,F7,67,1.1807817080406832e-10
6,3-back,F7,68,7.406808084850386e-10
6,3-back,F7,69,8.068634740818063e-11
6,3-back,F8,1,1.2327157534488344e-11
6,3-back,F8,2,1.4595180357332706e-11
6,3-back,F8,3,1.4304941192715268e-11
6,3-back,F8,4,4.088321833656618e-11
6,3-back,F8,5,4.9819004740979496e-11
6,3-back,F8,6,1.1027132749062606e-11
6,3-back,F8,7,1.9400714094811185e-10
6,3-back,F8,8,1.485715692538282e-11
6,3-back,F8,9,1.489367636377704e-11
6,3-back,F8,10,3.83610316053083e-11
6,3-back,F8,11,9.143560333103869e-11
6,3-back,F8,12,9.941458827609072e-11
6,3-back,F8,13,1.8842905811789816e-10
6,3-back,F8,14,1.568352343102841e-10
6,3-back,F8,15,2.4834540115601883e-11
6,3-back,F8,16,1.144385325908464e-10
6,3-back,F8,17,9.991225393045829e-12
6,3-back,F8,18,5.920294904357221e-11
6,3-back,F8,19,6.734838383326655e-11
6,3-back,F8,20,3.165919526439288e-10
6,3-back,F8,21,2.6763208655749886e-10
6,3-back,F8,22,1.5527392792829002e-10
6,3-back,F8,23,2.0433919130580907e-11
6,3-back,F8,24,1.7420110728755363e-11
6,3-back,F8,25,1.2079766568733966e-10
6,3-back,F8,26,2.0168304978754752e-11
6,3-back,F8,27,2.52063056781753e-10
6,3-back,F8,28,8.925867947153642e-11
6,3-back,F8,29,2.669042930412005e-11
6,3-back,F8,30,2.7703265494135344e-11
6,3-back,F8,31,1.584970638493186e-10
6,3-back,F8,32,1.4533038021667498e-11
6,3-back,F8,33,1.8396441362318643e-10
6,3-back,F8,34,2.4626122285408622e-11
6,3-back,F8,35,3.9005462825725996e-11
6,3-back,F8,36,2.1230087125559127e-11
6,3-back,F8,37,2.1166267479195133e-10
6,3-back,F8,38,3.2981672340434786e-10
6,3-back,F8,39,1.0916093707315436e-10
6,3-back,F8,40,2.0297902348922768e-11
6,3-back,F8,41,1.7375994197452694e-11
6,3-back,F8,42,4.746544422596838e-10
6,3-back,F8,43,4.0374241473344035e-11
6,3-back,F8,44,6.249125618918782e-11
6,3-back,F8,45,9.89132068839149e-11
6,3-back,F8,46,4.002432069219599e-10
6,3-back,F8,47,3.1943255678010144e-11
6,3-back,F8,48,1.924443263929552e-11
6,3-back,F8,49,2.0743442258970695e-11
6,3-back,F8,50,1.5837115606090734e-11
6,3-back,F8,51,9.564252533730441e-11
6,3-back,F8,52,3.5782882130651066e-11
6,3-back,F8,53,1.739418121148172e-11
6,3-back,F8,54,8.098516976663017e-11
6,3-back,F8,55,2.611975692640939e-11
6,3-back,F8,56,3.410170415635838e-11
6,3-back,F8,57,5.2064470326177447e-11
6,3-back,F8,58,5.3360608382312965e-11
6,3-back,F8,59,3.6689516724712034e-11
6,3-back,F8,60,3.592059910843897e-10
6,3-back,F8,61,9.239806606217562e-11
6,3-back,F8,62,1.941311229316059e-10
6,3-back,F8,63,2.0594965447592459e-10
6,3-back,F8,64,9.228730606797554e-11
6,3-back,F8,65,8.547869855775177e-11
6,3-back,F8,66,1.285828931153873e-10
6,3-back,F8,67,7.927920066375384e-11
6,3-back,F8,68,1.2282652506424976e-10
6,3-back,F8,69,7.871958717619088e-11
6,3-back,Fz,1,3.731724059642592e-11
6,3-back,Fz,2,2.8721457000981663e-11
6,3-back,Fz,3,6.020215541154616e-11
6,3-back,Fz,4,1.8759353844000374e-10
6,3-back,Fz,5,1.1173683149728273e-10
6,3-back,Fz,6,3.4176513437525865e-11
6,3-back,Fz,7,1.6445995765707166e-10
6,3-back,Fz,8,6.281039657802665e-11
6,3-back,Fz,9,5.673509599038555e-11
6,3-back,Fz,10,1.2163140242030719e-10
6,3-back,Fz,11,3.430718323092839e-10
6,3-back,Fz,12,1.4225180009544913e-10
6,3-back,Fz,13,1.7761659015847223e-10
6,3-back,Fz,14,2.139348770028929e-10
6,3-back,Fz,15,1.0608741306032218e-10
6,3-back,Fz,16,1.8091742546371715e-10
6,3-back,Fz,17,6.988840383036546e-11
6,3-back,Fz,18,6.98053107376378e-11
6,3-back,Fz,19,1.4098991437511031e-10
6,3-back,Fz,20,2.1379079141367855e-10
6,3-back,Fz,21,2.8949123667018764e-10
6,3-back,Fz,22,1.7736000388006581e-10
6,3-back,Fz,23,1.1746945193989243e-10
6,3-back,Fz,24,8.009709283950082e-11
6,3-back,Fz,25,1.8050531273827577e-10
6,3-back,Fz,26,7.037383906471512e-11
6,3-back,Fz,27,2.8182438668081566e-10
6,3-back,Fz,28,6.86318343514499e-11
6,3-back,Fz,29,1.2475212447846295e-10
6,3-back,Fz,30,1.0422083896597832e-10
6,3-back,Fz,31,1.1144311626024572e-10
6,3-back,Fz,32,4.175237615041062e-11
6,3-back,Fz,33,1.0542414232818493e-10
6,3-back,Fz,34,5.568911453392175e-11
6,3-back,Fz,35,6.558819050284589e-11
6,3-back,Fz,36,4.092037311148359e-11
6,3-back,Fz,37,2.3599390652956537e-10
6,3-back,Fz,38,6.151911573735938e-10
6,3-back,Fz,39,2.8587973790525147e-10
6,3-back,Fz,40,4.974835521334006e-11
6,3-back,Fz,41,4.4731508164714163e-11
6,3-back,Fz,42,4.643373073693987e-10
6,3-back,Fz,43,5.449817807958874e-11
6,3-back,Fz,44,1.6921186182771253e-10
6,3-back,Fz,45,1.2732528065686085e-10
6,3-back,Fz,46,3.5456680133976165e-10
6,3-back,Fz,47,1.9358462537814034e-10
6,3-back,Fz,48,5.020486039366221e-11
6,3-back,Fz,49,8.873107662041735e-11
6,3-back,Fz,50,5.541597918758062e-11
6,3-back,Fz,51,1.4960704865155785e-10
6,3-back,Fz,52,4.0353194549938426e-11
6,3-back,Fz,53,4.54913810199717e-11
6,3-back,Fz,54,7.62029657912138e-11
6,3-back,Fz,55,4.912802379958882e-11
6,3-back,Fz,56,6.263385324597418e-11
6,3-back,Fz,57,1.240322839734139e-10
6,3-back,Fz,58,1.1148045793614999e-10
6,3-back,Fz,59,1.4501527514290672e-10
6,3-back,Fz,60,6.846417073398253e-11
6,3-back,Fz,61,1.376469664210918e-10
6,3-back,Fz,62,1.7030258937442412e-10
6,3-back,Fz,63,4.4980549543473026e-10
6,3-back,Fz,64,1.4875202965491222e-10
6,3-back,Fz,65,5.6805432810802354e-11
6,3-back,Fz,66,2.287408979705948e-10
6,3-back,Fz,67,1.2734186631312116e-10
6,3-back,Fz,68,2.4882962933165106e-10
6,3-back,Fz,69,2.7844125673922125e-10
6,4-back,F3,1,1.8882991191384806e-10
6,4-back,F3,2,4.259734615302775e-11
6,4-back,F3,3,8.960236326109834e-11
6,4-back,F3,4,1.1740408597518678e-10
6,4-back,F3,5,5.221819302275805e-11
6,4-back,F3,6,1.0036041343665257e-10
6,4-back,F3,7,1.7190493549229334e-10
6,4-back,F3,8,5.730700806402433e-11
6,4-back,F3,9,1.0727556404525388e-10
6,4-back,F3,10,3.964108225159435e-11
6,4-back,F3,11,7.486195040031885e-11
6,4-back,F3,12,1.9821820333905846e-10
6,4-back,F3,13,2.3374734104095126e-10
6,4-back,F3,14,2.3281632501007175e-10
6,4-back,F3,15,1.430922102548392e-10
6,4-back,F3,16,6.527520748184849e-11
6,4-back,F3,17,3.7855313352828004e-11
6,4-back,F3,18,1.1282472201358453e-10
6,4-back,F3,19,1.357749386395702e-10
6,4-back,F3,20,1.7585404395259138e-10
6,4-back,F3,21,2.1201305454075838e-10
6,4-back,F3,22,2.1374818613839857e-10
6,4-back,F3,23,2.2601028435868962e-10
6,4-back,F3,24,9.93233124313432e-11
6,4-back,F3,25,5.7116982004723364e-11
6,4-back,F3,26,7.408142912844831e-11
6,4-back,F3,27,1.1516183395788549e-10
6,4-back,F3,28,5.365093898129962e-10
6,4-back,F3,29,2.3032331906283783e-10
6,4-back,F3,30,1.185957780889607e-10
6,4-back,F3,31,5.420740142863794e-10
6,4-back,F3,32,1.3514632304951702e-10
6,4-back,F3,33,7.027880683441385e-11
6,4-back,F3,34,8.943846221771095e-11
6,4-back,F3,35,2.842392370721698e-10
6,4-back,F3,36,3.2139920723802025e-10
6,4-back,F3,37,1.23656436896623e-10
6,4-back,F3,38,6.986927256068298e-11
6,4-back,F3,39,1.0381276044806419e-10
6,4-back,F3,40,3.2375207314328644e-10
6,4-back,F3,41,4.705192862761417e-10
6,4-back,F3,42,3.5787051516725436e-10
6,4-back,F3,43,2.2058260985992748e-10
6,4-back,F3,44,2.776983837999385e-10
6,4-back,F3,45,1.0627279294232006e-10
6,4-back,F3,46,1.544728202556311e-10
6,4-back,F3,47,1.2900894432054263e-10
6,4-back,F3,48,2.2869258180619046e-10
6,4-back,F3,49,1.7506366608579628e-10
6,4-back,F3,50,1.543276237690298e-10
6,4-back,F3,51,6.278276133844914e-11
6,4-back,F3,52,3.7319568380700225e-11
6,4-back,F3,53,1.4342660802835e-10
6,4-back,F3,54,1.0703487023649709e-10
6,4-back,F3,55,1.7968336688767986e-10
6,4-back,F3,56,1.1207161119533229e-11
6,4-back,F3,57,4.752156494480628e-11
6,4-back,F3,58,8.562412748028965e-11
6,4-back,F3,59,7.304416749109886e-11
6,4-back,F3,60,2.9957586155239516e-10
6,4-back,F3,61,1.0257451858091188e-10
6,4-back,F3,62,3.515143171660221e-11
6,4-back,F3,63,1.6920076040255804e-10
6,4-back,F3,64,6.424912887532211e-11
6,4-back,F3,65,5.458280640953284e-11
6,4-back,F3,66,1.1328188057569201e-10
6,4-back,F3,67,9.391275585483044e-10
6,4-back,F3,68,3.2076426137689723e-10
6,4-back,F3,69,1.0612257691671233e-10
6,4-back,F3,70,2.0463697306529586e-10
6,4-back,F3,71,3.041382429797942e-10
6,4-back,F3,72,3.545054564365352e-10
6,4-back,F3,73,2.6579690374105977e-10
6,4-back,F4,1,7.15372344297871e-11
6,4-back,F4,2,1.70007764519085e-11
6,4-back,F4,3,2.856556155857936e-11
6,4-back,F4,4,2.2548889110728297e-11
6,4-back,F4,5,2.1021152801516877e-11
6,4-back,F4,6,1.3691670502098628e-10
6,4-back,F4,7,1.424131515436175e-10
6,4-back,F4,8,4.270381263967935e-11
6,4-back,F4,9,6.508446305356749e-11
6,4-back,F4,10,7.295821527040208e-11
6,4-back,F4,11,1.1068147194222523e-10
6,4-back,F4,12,2.380718343014191e-10
6,4-back,F4,13,1.6138008353513058e-10
6,4-back,F4,14,1.3316904959031442e-10
6,4-back,F4,15,6.053122196475106e-11
6,4-back,F4,16,1.7927596331719415e-11
6,4-back,F4,17,4.58579845039675e-11
6,4-back,F4,18,7.739552479665611e-11
6,4-back,F4,19,1.1571319660722981e-10
6,4-back,F4,20,7.988330983058317e-11
6,4-back,F4,21,2.370060818587152e-10
6,4-back,F4,22,8.490226804627131e-11
6,4-back,F4,23,1.6991048673782496e-10
6,4-back,F4,24,3.8238725944717494e-11
6,4-back,F4,25,7.676814411543282e-11
6,4-back,F4,26,9.711504491741227e-11
6,4-back,F4,27,6.856825788187788e-11
6,4-back,F4,28,5.239486711965021e-10
6,4-back,F4,29,2.393987379677835e-10
6,4-back,F4,30,1.0931936239358314e-10
6,4-back,F4,31,4.0061262898575307e-10
6,4-back,F4,32,9.02526873776732e-11
6,4-back,F4,33,1.279895295093653e-10
6,4-back,F4,34,1.1735201507938478e-10
6,4-back,F4,35,2.4805829071422765e-10
6,4-back,F4,36,2.8652398849125224e-10
6,4-back,F4,37,8.678814632226483e-11
6,4-back,F4,38,8.250432669645346e-11
6,4-back,F4,39,5.4009241318496244e-11
6,4-back,F4,40,1.708873689866616e-10
6,4-back,F4,41,5.485381610602783e-10
6,4-back,F4,42,5.155687763459814e-10
6,4-back,F4,43,1.4549331839438247e-10
6,4-back,F4,44,3.0923618370330844e-10
6,4-back,F4,45,1.1822644802652247e-10
6,4-back,F4,46,1.3980585163150478e-10
6,4-back,F4,47,1.7121604573726142e-10
6,4-back,F4,48,2.2113788187743262e-10
6,4-back,F4,49,8.606823181001713e-11
6,4-back,F4,50,1.1040486166150942e-10
6,4-back,F4,51,8.354680142856224e-11
6,4-back,F4,52,4.628931906433603e-11
6,4-back,F4,53,9.622202249168272e-11
6,4-back,F4,54,1.0905645338060684e-10
6,4-back,F4,55,2.5071707392007615e-10
6,4-back,F4,56,3.169223691263628e-11
6,4-back,F4,57,5.076599953250518e-11
6,4-back,F4,58,9.392721342187546e-11
6,4-back,F4,59,7.637850890173904e-11
6,4-back,F4,60,2.8731997609796784e-10
6,4-back,F4,61,5.499712548620511e-11
6,4-back,F4,62,5.237145609716015e-11
6,4-back,F4,63,1.1446306466675446e-10
6,4-back,F4,64,1.0467217478994562e-10
6,4-back,F4,65,5.333883483888388e-11
6,4-back,F4,66,1.673455804043113e-10
6,4-back,F4,67,6.61506578702298e-10
6,4-back,F4,68,5.251169906739572e-10
6,4-back,F4,69,8.408083817904757e-11
6,4-back,F4,70,2.7252505756900294e-10
6,4-back,F4,71,3.139110187233063e-10
6,4-back,F4,72,1.4997522177615185e-10
6,4-back,F4,73,2.412466416957577e-10
6,4-back,F7,1,5.9403980056669e-11
6,4-back,F7,2,2.0410497972173722e-11
6,4-back,F7,3,4.883452936965316e-11
6,4-back,F7,4,6.262651540535378e-11
6,4-back,F7,5,7.090480768703786e-11
6,4-back,F7,6,1.4360221622392548e-10
6,4-back,F7,7,8.729301653739538e-11
6,4-back,F7,8,2.919898826396082e-11
6,4-back,F7,9,4.717330410639301e-11
6,4-back,F7,10,1.680363174362824e-10
6,4-back,F7,11,3.370021232395164e-11
6,4-back,F7,12,4.121873197010065e-10
6,4-back,F7,13,2.891621763801729e-10
6,4-back,F7,14,1.9645693226974654e-10
6,4-back,F7,15,1.8875394617819462e-10
6,4-back,F7,16,7.26102947648991e-11
6,4-back,F7,17,3.224428108325219e-11
6,4-back,F7,18,9.628952946884449e-11
6,4-back,F7,19,1.5908302594518482e-10
6,4-back,F7,20,1.820485181318777e-10
6,4-back,F7,21,2.637989875776287e-10
6,4-back,F7,22,1.442032974741539e-10
6,4-back,F7,23,1.003628340716699e-10
6,4-back,F7,24,1.2768410499619376e-10
6,4-back,F7,25,3.252398796512651e-11
6,4-back,F7,26,1.372219920788896e-10
6,4-back,F7,27,1.799591920362416e-10
6,4-back,F7,28,4.630887094245811e-10
6,4-back,F7,29,2.373029916060265e-10
6,4-back,F7,30,2.1447879129714065e-10
6,4-back,F7,31,7.925881218177051e-10
6,4-back,F7,32,6.089289217641496e-10
6,4-back,F7,33,6.689660977031588e-10
6,4-back,F7,34,1.0386010214552838e-10
6,4-back,F7,35,3.559782874996115e-10
6,4-back,F7,36,2.362130426160127e-10
6,4-back,F7,37,5.616266021227761e-10
6,4-back,F7,38,4.792449104379917e-10
6,4-back,F7,39,5.24761559178126e-10
6,4-back,F7,40,2.560650112838797e-10
6,4-back,F7,41,7.704566474735577e-10
6,4-back,F7,42,1.078573666324378e-09
6,4-back,F7,43,2.0163895858120108e-10
6,4-back,F7,44,2.8689071321375425e-10
6,4-back,F7,45,5.981616886083361e-11
6,4-back,F7,46,7.543861661287611e-11
6,4-back,F7,47,2.379820016239889e-10
6,4-back,F7,48,1.3605772339819198e-10
6,4-back,F7,49,9.017962949678691e-11
6,4-back,F7,50,1.0201558037942401e-10
6,4-back,F7,51,7.947306854903397e-11
6,4-back,F7,52,2.818705183180331e-11
6,4-back,F7,53,2.1583958250583574e-10
6,4-back,F7,54,1.237995662535961e-10
6,4-back,F7,55,2.846839432783529e-10
6,4-back,F7,56,6.645001595908172e-11
6,4-back,F7,57,3.197690544829248e-11
6,4-back,F7,58,1.002871146547094e-10
6,4-back,F7,59,1.3919094193017763e-10
6,4-back,F7,60,2.140759949261123e-10
6,4-back,F7,61,8.167887675474101e-11
6,4-back,F7,62,4.80473027980347e-11
6,4-back,F7,63,5.693641208290455e-11
6,4-back,F7,64,4.84196879902126e-11
6,4-back,F7,65,5.6668211499827024e-11
6,4-back,F7,66,2.1568599200832854e-10
6,4-back,F7,67,9.606447884695363e-10
6,4-back,F7,68,4.215362857886483e-10
6,4-back,F7,69,1.0839836823279341e-10
6,4-back,F7,70,2.7191521726669446e-10
6,4-back,F7,71,1.5329159288890538e-10
6,4-back,F7,72,3.4880568263600375e-10
6,4-back,F7,73,1.8930114018296283e-10
6,4-back,F8,1,2.595991261748448e-11
6,4-back,F8,2,2.1460688213262903e-11
6,4-back,F8,3,1.371645068205959e-11
6,4-back,F8,4,2.5871772981018486e-11
6,4-back,F8,5,2.881096100897344e-11
6,4-back,F8,6,1.1666520304657575e-10
6,4-back,F8,7,9.610724429184049e-11
6,4-back,F8,8,2.8718823582189617e-11
6,4-back,F8,9,5.4499236955709226e-11
6,4-back,F8,10,5.6525842776725634e-11
6,4-back,F8,11,3.829699492509753e-11
6,4-back,F8,12,3.1105197524189226e-10
6,4-back,F8,13,1.5017443419606282e-10
6,4-back,F8,14,9.537040728361685e-11
6,4-back,F8,15,5.4047379784613e-11
6,4-back,F8,16,1.7518831146637928e-11
6,4-back,F8,17,3.573431729893182e-11
6,4-back,F8,18,7.452027424722862e-11
6,4-back,F8,19,7.51607456433579e-11
6,4-back,F8,20,4.50828760959462e-11
6,4-back,F8,21,2.44009289540466e-10
6,4-back,F8,22,6.712416141634243e-11
6,4-back,F8,23,9.205357729663712e-11
6,4-back,F8,24,2.1198215232367366e-11
6,4-back,F8,25,5.3298623965865675e-11
6,4-back,F8,26,1.1384386200332086e-10
6,4-back,F8,27,8.004802414529037e-11
6,4-back,F8,28,1.4632497629365604e-10
6,4-back,F8,29,2.5412133438626424e-10
6,4-back,F8,30,1.5235219363174538e-10
6,4-back,F8,31,4.0281587170004524e-10
6,4-back,F8,32,5.281044090094085e-11
6,4-back,F8,33,2.1900063980356965e-10
6,4-back,F8,34,1.600607894599816e-10
6,4-back,F8,35,4.758181334885004e-10
6,4-back,F8,36,3.3563161920778275e-10
6,4-back,F8,37,1.568337909228359e-10
6,4-back,F8,38,1.4195794244874614e-10
6,4-back,F8,39,2.3965602512989127e-11
6,4-back,F8,40,2.20182393336058e-10
6,4-back,F8,41,1.1258309037122984e-09
6,4-back,F8,42,7.116551955679021e-10
6,4-back,F8,43,2.4808113793648815e-10
6,4-back,F8,44,4.434413722502864e-10
6,4-back,F8,45,1.0111477428904914e-10
6,4-back,F8,46,1.2554552438860596e-10
6,4-back,F8,47,2.23071669273784e-10
6,4-back,F8,48,1.677487776677474e-10
6,4-back,F8,49,3.7148622969496134e-11
6,4-back,F8,50,7.421390472382633e-11
6,4-back,F8,51,3.837540458163738e-11
6,4-back,F8,52,3.647095384108146e-11
6,4-back,F8,53,1.8643681765444875e-10
6,4-back,F8,54,9.276425458983655e-11
6,4-back,F8,55,7.232648664186461e-11
6,4-back,F8,56,1.338874179285469e-11
6,4-back,F8,57,3.4257203876695444e-11
6,4-back,F8,58,8.506887446104101e-11
6,4-back,F8,59,1.0480715863005859e-10
6,4-back,F8,60,2.8863152501244735e-10
6,4-back,F8,61,3.1361827252126774e-11
6,4-back,F8,62,4.472913050321407e-11
6,4-back,F8,63,7.13130755873294e-11
6,4-back,F8,64,4.016670890596688e-11
6,4-back,F8,65,5.59738260401586e-11
6,4-back,F8,66,1.7934838185152042e-10
6,4-back,F8,67,6.523880222928332e-10
6,4-back,F8,68,6.228790775920737e-10
6,4-back,F8,69,1.0495043362983374e-10
6,4-back,F8,70,3.854747278444573e-10
6,4-back,F8,71,2.861463835926242e-10
6,4-back,F8,72,3.059073487361941e-10
6,4-back,F8,73,1.5220170021264156e-10
6,4-back,Fz,1,7.144667758233118e-11
6,4-back,Fz,2,2.5512269156403758e-11
6,4-back,Fz,3,8.944815711017977e-11
6,4-back,Fz,4,5.760258205295642e-11
6,4-back,Fz,5,2.621329906727377e-11
6,4-back,Fz,6,1.0987975225664296e-10
6,4-back,Fz,7,2.515372552239936e-10
6,4-back,Fz,8,8.572282758496166e-11
6,4-back,Fz,9,1.0787743518402016e-10
6,4-back,Fz,10,6.486094353574703e-11
6,4-back,Fz,11,1.2367584833471513e-10
6,4-back,Fz,12,3.1169392699998024e-10
6,4-back,Fz,13,2.1287204350977126e-10
6,4-back,Fz,14,2.2369193475599507e-10
6,4-back,Fz,15,1.1367286963404344e-10
6,4-back,Fz,16,5.1063957745284335e-11
6,4-back,Fz,17,3.1242684860368474e-11
6,4-back,Fz,18,7.890464538344144e-11
6,4-back,Fz,19,1.3828832657713578e-10
6,4-back,Fz,20,1.5126168350112e-10
6,4-back,Fz,21,2.965980376911216e-10
6,4-back,Fz,22,1.3822397080477156e-10
6,4-back,Fz,23,1.9204429091356892e-10
6,4-back,Fz,24,8.032372532576281e-11
6,4-back,Fz,25,1.3007693590271042e-10
6,4-back,Fz,26,2.5633648555332885e-10
6,4-back,Fz,27,1.2830470025277576e-10
6,4-back,Fz,28,6.709991838482056e-10
6,4-back,Fz,29,3.539009256563861e-10
6,4-back,Fz,30,2.1622830324254122e-10
6,4-back,Fz,31,5.663763934581485e-10
6,4-back,Fz,32,1.9788440784931318e-10
6,4-back,Fz,33,2.557838724891577e-10
6,4-back,Fz,34,3.4120028433331967e-10
6,4-back,Fz,35,2.4620563641868373e-10
6,4-back,Fz,36,3.2863198610183806e-10
6,4-back,Fz,37,1.4297886714403973e-10
6,4-back,Fz,38,1.3978813007954407e-10
6,4-back,Fz,39,1.1167565682841753e-10
6,4-back,Fz,40,2.468075293419e-10
6,4-back,Fz,41,6.01133599320472e-10
6,4-back,Fz,42,4.715129751689536e-10
6,4-back,Fz,43,1.9272452093278002e-10
6,4-back,Fz,44,3.096680469482505e-10
6,4-back,Fz,45,9.496737382458864e-11
6,4-back,Fz,46,1.6386336713170207e-10
6,4-back,Fz,47,1.7825254409332986e-10
6,4-back,Fz,48,2.6420236712768304e-10
6,4-back,Fz,49,1.1350442177025899e-10
6,4-back,Fz,50,1.459820178785735e-10
6,4-back,Fz,51,6.694945078205516e-11
6,4-back,Fz,52,4.207203092665006e-11
6,4-back,Fz,53,9.602891828635089e-11
6,4-back,Fz,54,6.616593140826262e-11
6,4-back,Fz,55,1.005372849546534e-10
6,4-back,Fz,56,1.9193771030990835e-11
6,4-back,Fz,57,4.114224962901965e-11
6,4-back,Fz,58,9.427217898874321e-11
6,4-back,Fz,59,7.714007038979408e-11
6,4-back,Fz,60,3.1224944218293286e-10
6,4-back,Fz,61,7.650518278305048e-11
6,4-back,Fz,62,2.9257776098321046e-11
6,4-back,Fz,63,1.6561608212632658e-10
6,4-back,Fz,64,8.395027290932669e-11
6,4-back,Fz,65,3.530654189374379e-11
6,4-back,Fz,66,1.7585313461892464e-10
6,4-back,Fz,67,8.779767805462344e-10
6,4-back,Fz,68,5.17070894370803e-10
6,4-back,Fz,69,7.404717404723579e-11
6,4-back,Fz,70,2.4202013135429305e-10
6,4-back,Fz,71,3.337171731769354e-10
6,4-back,Fz,72,2.5640197682066064e-10
6,4-back,Fz,73,3.0308238323062575e-10
7,1-back,F3,1,2.055255316468499e-10
7,1-back,F3,2,1.264612798312525e-10
7,1-back,F3,3,5.374056001802365e-10
7,1-back,F3,4,1.725887186317806e-10
7,1-back,F3,5,3.0144520723796675e-11
7,1-back,F3,6,1.501573324758716e-10
7,1-back,F3,7,1.3125439420330887e-10
7,1-back,F3,8,2.99310880979276e-11
7,1-back,F3,9,3.8415623321029985e-10
7,1-back,F3,10,1.6823168328034481e-10
7,1-back,F3,11,5.762290442737638e-11
7,1-back,F3,12,1.302633544962356e-10
7,1-back,F3,13,1.5511955309120475e-10
7,1-back,F3,14,2.277082845028872e-11
7,1-back,F3,15,9.028363652627097e-11
7,1-back,F3,16,1.321688132077741e-10
7,1-back,F3,17,4.4721977709672115e-10
7,1-back,F3,18,1.4443360203962408e-10
7,1-back,F3,19,3.493923644938942e-10
7,1-back,F3,20,5.40537946983124e-11
7,1-back,F3,21,1.6195856003858192e-10
7,1-back,F3,22,1.4904690901135348e-10
7,1-back,F3,23,1.322706743163382e-10
7,1-back,F3,24,1.2842672083970414e-10
7,1-back,F3,25,4.816352612819188e-10
7,1-back,F3,26,2.7861082215052976e-10
7,1-back,F3,27,2.5411378142279667e-10
7,1-back,F3,28,2.5211142170017513e-10
7,1-back,F4,1,2.580928044954862e-10
7,1-back,F4,2,1.65568478453949e-10
7,1-back,F4,3,6.064325488231728e-10
7,1-back,F4,4,1.824239816858799e-10
7,1-back,F4,5,3.5998766810082554e-11
7,1-back,F4,6,1.4432503196358398e-10
7,1-back,F4,7,1.5403435100243403e-10
7,1-back,F4,8,6.690663521820793e-11
7,1-back,F4,9,2.2593123766451753e-10
7,1-back,F4,10,2.5360212465523654e-10
7,1-back,F4,11,6.175470114984717e-11
7,1-back,F4,12,1.0256561641863654e-10
7,1-back,F4,13,1.7456319018827679e-10
7,1-back,F4,14,3.2058840718262064e-11
7,1-back,F4,15,1.0837765027339434e-10
7,1-back,F4,16,1.5707141287598956e-10
7,1-back,F4,17,4.3261604851268943e-10
7,1-back,F4,18,2.272582613869785e-10
7,1-back,F4,19,2.6423717029232585e-10
7,1-back,F4,20,3.7857356191699434e-11
7,1-back,F4,21,1.5097956766343509e-10
7,1-back,F4,22,9.302457010240618e-11
7,1-back,F4,23,1.0622548623939118e-10
7,1-back,F4,24,6.224575693494522e-11
7,1-back,F4,25,4.0136663170438685e-10
7,1-back,F4,26,2.2944199126743261e-10
7,1-back,F4,27,2.2595552707212593e-10
7,1-back,F4,28,3.063274010350791e-10
7,1-back,F7,1,2.713116679814209e-10
7,1-back,F7,2,5.7253153631606216e-11
7,1-back,F7,3,8.187242090115601e-10
7,1-back,F7,4,2.8221616584742944e-10
7,1-back,F7,5,4.2320647260662435e-11
7,1-back,F7,6,9.87861607474348e-11
7,1-back,F7,7,1.0925849056973206e-10
7,1-back,F7,8,3.589286109666959e-11
7,1-back,F7,9,8.421391089160685e-10
7,1-back,F7,10,2.7172234520960733e-10
7,1-back,F7,11,7.176995313094854e-11
7,1-back,F7,12,1.000600396616058e-10
7,1-back,F7,13,1.0483260968947855e-10
7,1-back,F7,14,4.5599138898657525e-11
7,1-back,F7,15,1.0170077362190113e-10
7,1-back,F7,16,1.1711051334618975e-10
7,1-back,F7,17,4.422115237487104e-10
7,1-back,F7,18,5.76077758224557e-11
7,1-back,F7,19,6.264383595646135e-10
7,1-back,F7,20,3.347103062774901e-11
7,1-back,F7,21,6.556555567721858e-11
7,1-back,F7,22,1.2780174097959343e-10
7,1-back,F7,23,7.97706944165558e-11
7,1-back,F7,24,8.60630614357088e-11
7,1-back,F7,25,6.651833860066959e-10
7,1-back,F7,26,1.3618897926239506e-10
7,1-back,F7,27,4.870310608271145e-10
7,1-back,F7,28,9.080838265668e-11
7,1-back,F8,1,2.805646362720868e-10
7,1-back,F8,2,1.7111477630801107e-10
7,1-back,F8,3,7.079680987398631e-10
7,1-back,F8,4,2.2843589431041595e-10
7,1-back,F8,5,3.3238941292779566e-11
7,1-back,F8,6,9.177425326696133e-11
7,1-back,F8,7,1.04705758600376e-10
7,1-back,F8,8,5.8135491468735524e-11
7,1-back,F8,9,3.7533051582792854e-10
7,1-back,F8,10,3.4204884258939717e-10
7,1-back,F8,11,4.637585436816731e-11
7,1-back,F8,12,8.675121370288058e-11
7,1-back,F8,13,1.2899231544344027e-10
7,1-back,F8,14,1.8704818082465332e-11
7,1-back,F8,15,1.304490787884185e-10
7,1-back,F8,16,1.5436060799977145e-10
7,1-back,F8,17,4.603699041173607e-10
7,1-back,F8,18,1.178321488430513e-10
7,1-back,F8,19,4.636594714094703e-10
7,1-back,F8,20,2.2465429176223923e-11
7,1-back,F8,21,1.404890953153332e-10
7,1-back,F8,22,7.661761079804979e-11
7,1-back,F8,23,6.82848514013458e-11
7,1-back,F8,24,5.959869274470216e-11
7,1-back,F8,25,5.063314308138373e-10
7,1-back,F8,26,8.79034400660383e-11
7,1-back,F8,27,2.6425390148394004e-10
7,1-back,F8,28,2.1790813910720412e-10
7,1-back,Fz,1,2.2022352277950111e-10
7,1-back,Fz,2,1.5962991819159696e-10
7,1-back,Fz,3,5.929338708531867e-10
7,1-back,Fz,4,1.9045953139198174e-10
7,1-back,Fz,5,2.0805135178684593e-11
7,1-back,Fz,6,1.9362082042388822e-10
7,1-back,Fz,7,1.5599221692770475e-10
7,1-back,Fz,8,6.921048118415455e-11
7,1-back,Fz,9,2.8989070948400326e-10
7,1-back,Fz,10,1.7934313241725776e-10
7,1-back,Fz,11,6.340617806849611e-11
7,1-back,Fz,12,1.4354264487185178e-10
7,1-back,Fz,13,1.8681121920404076e-10
7,1-back,Fz,14,3.3337703570562604e-11
7,1-back,Fz,15,1.1297137250406789e-10
7,1-back,Fz,16,1.5703648351690672e-10
7,1-back,Fz,17,5.112883107315435e-10
7,1-back,Fz,18,2.184775481310903e-10
7,1-back,Fz,19,3.3000137169837943e-10
7,1-back,Fz,20,6.600117976907051e-11
7,1-back,Fz,21,1.2982263686752753e-10
7,1-back,Fz,22,1.0027106426761198e-10
7,1-back,Fz,23,1.3341699828892656e-10
7,1-back,Fz,24,1.1305057798581907e-10
7,1-back,Fz,25,5.089508384806781e-10
7,1-back,Fz,26,3.6321871119569217e-10
7,1-back,Fz,27,2.8373571310575043e-10
7,1-back,Fz,28,3.872401414903926e-10
7,2-back,F3,1,2.265933724674257e-10
7,2-back,F3,2,5.478243727011545e-11
7,2-back,F3,3,1.4848868257123645e-10
7,2-back,F3,4,1.3757924582936285e-10
7,2-back,F3,5,2.02326390187374e-10
7,2-back,F3,6,1.8907067488641798e-10
7,2-back,F3,7,1.70456984058421e-10
7,2-back,F3,8,9.670992704337571e-11
7,2-back,F3,9,8.287552020952212e-11
7,2-back,F3,10,1.2420279782089595e-10
7,2-back,F3,11,5.352941656234818e-10
7,2-back,F3,12,1.2635626815334275e-10
7,2-back,F3,13,8.466171271542478e-11
7,2-back,F3,14,2.660610341158282e-10
7,2-back,F3,15,1.7615806605371977e-10
7,2-back,F3,16,2.0978920441333715e-10
7,2-back,F3,17,1.241420392405998e-10
7,2-back,F3,18,1.1713328169524938e-10
7,2-back,F3,19,1.2535572829170383e-10
7,2-back,F4,1,1.5192618317687276e-10
7,2-back,F4,2,3.461869285732284e-11
7,2-back,F4,3,1.6277646585366562e-10
7,2-back,F4,4,5.0369762428287e-11
7,2-back,F4,5,1.0604387818480642e-10
7,2-back,F4,6,1.0756963293552948e-10
7,2-back,F4,7,8.739252528752621e-11
7,2-back,F4,8,2.5855097598216875e-11
7,2-back,F4,9,1.3588815160529855e-10
7,2-back,F4,10,1.454790150078501e-10
7,2-back,F4,11,4.4566571592506494e-10
7,2-back,F4,12,1.217639749509563e-10
7,2-back,F4,13,6.709905594687371e-11
7,2-back,F4,14,1.4899032382993366e-10
7,2-back,F4,15,1.6545627671976838e-10
7,2-back,F4,16,1.4553523813212326e-10
7,2-back,F4,17,8.687664867819716e-11
7,2-back,F4,18,1.1192266719099707e-10
7,2-back,F4,19,1.260260821408151e-10
7,2-back,F7,1,5.154465257589133e-10
7,2-back,F7,2,3.924386717289635e-11
7,2-back,F7,3,4.5367791467219266e-10
7,2-back,F7,4,7.659763077682421e-11
7,2-back,F7,5,1.508487788064772e-10
7,2-back,F7,6,1.2682930185619443e-10
7,2-back,F7,7,1.8598955179863347e-10
7,2-back,F7,8,1.11424360626112e-10
7,2-back,F7,9,8.173308251418624e-11
7,2-back,F7,10,1.5081453150264951e-10
7,2-back,F7,11,1.276385564758226e-09
7,2-back,F7,12,8.074867260561468e-11
7,2-back,F7,13,2.1356171713133934e-10
7,2-back,F7,14,2.777748594381784e-10
7,2-back,F7,15,4.200625590279577e-10
7,2-back,F7,16,6.111616059446568e-11
7,2-back,F7,17,1.0629583943932793e-10
7,2-back,F7,18,2.4555947489992285e-11
7,2-back,F7,19,7.350495019265224e-11
7,2-back,F8,1,2.6921367110728e-10
7,2-back,F8,2,2.845854350769576e-11
7,2-back,F8,3,3.8013842677319834e-10
7,2-back,F8,4,5.049753889834398e-11
7,2-back,F8,5,6.614529493925358e-11
7,2-back,F8,6,3.932386107286527e-11
7,2-back,F8,7,7.787422372351442e-11
7,2-back,F8,8,3.856003689534761e-11
7,2-back,F8,9,8.904169316882619e-11
7,2-back,F8,10,9.096985979590352e-11
7,2-back,F8,11,6.994813297303613e-10
7,2-back,F8,12,9.897973480146134e-11
7,2-back,F8,13,8.089912411891754e-11
7,2-back,F8,14,1.1560888441012243e-10
7,2-back,F8,15,3.091575781201632e-10
7,2-back,F8,16,7.372150395402546e-11
7,2-back,F8,17,6.848383686853684e-11
7,2-back,F8,18,1.1513364750111893e-10
7,2-back,F8,19,9.820154932679025e-11
7,2-back,Fz,1,1.785144861193821e-10
7,2-back,Fz,2,4.765363565841769e-11
7,2-back,Fz,3,1.7830247461420256e-10
7,2-back,Fz,4,1.1009261914257957e-10
7,2-back,Fz,5,1.4255728831630452e-10
7,2-back,Fz,6,1.577801078115105e-10
7,2-back,Fz,7,1.2923581587119965e-10
7,2-back,Fz,8,3.863265978284025e-11
7,2-back,Fz,9,1.3182912514588982e-10
7,2-back,Fz,10,1.6898442850621403e-10
7,2-back,Fz,11,4.3582319447849935e-10
7,2-back,Fz,12,1.0450219415792499e-10
7,2-back,Fz,13,7.50268089596832e-11
7,2-back,Fz,14,2.2403122018419803e-10
7,2-back,Fz,15,1.7234617830632655e-10
7,2-back,Fz,16,1.6376498086503996e-10
7,2-back,Fz,17,1.1615998963990038e-10
7,2-back,Fz,18,9.778021912123566e-11
7,2-back,Fz,19,1.499394889842084e-10
7,3-back,F3,1,4.6637298462528286e-11
7,3-back,F3,2,5.073590481922227e-09
7,3-back,F3,3,1.169535414175036e-10
7,3-back,F3,4,1.8944268520735664e-10
7,3-back,F3,5,2.68793294392381e-10
7,3-back,F3,6,3.082751930179399e-11
7,3-back,F3,7,1.3743655157174204e-10
7,3-back,F3,8,1.2050622696460758e-10
7,3-back,F3,9,8.828696030152485e-11
7,3-back,F3,10,4.4185743591234585e-10
7,3-back,F3,11,3.857277306235181e-10
7,3-back,F3,12,1.3828675957211414e-10
7,3-back,F3,13,8.97532385380138e-11
7,3-back,F3,14,1.635789932678339e-10
7,3-back,F3,15,3.326969254756373e-10
7,3-back,F3,16,1.1512139316660726e-10
7,3-back,F3,17,1.633115467682482e-10
7,3-back,F3,18,6.685306466512604e-10
7,3-back,F3,19,3.565326096088373e-10
7,3-back,F3,20,9.444364365785115e-11
7,3-back,F3,21,3.761398452695118e-10
7,3-back,F3,22,4.922968261440805e-10
7,3-back,F3,23,7.882509017033561e-11
7,3-back,F3,24,1.7143947873161062e-10
7,3-back,F3,25,1.6673344118251853e-10
7,3-back,F3,26,2.76147348290011e-10
7,3-back,F3,27,2.8625864737467575e-10
7,3-back,F3,28,2.2035050792766014e-10
7,3-back,F3,29,1.6600264966613464e-10
7,3-back,F3,30,2.167550999800144e-10
7,3-back,F3,31,1.9059867702191297e-10
7,3-back,F4,1,5.04686630350243e-11
7,3-back,F4,2,4.606999040734947e-09
7,3-back,F4,3,5.008150182038072e-11
7,3-back,F4,4,9.499780379979942e-11
7,3-back,F4,5,2.0730007118147272e-10
7,3-back,F4,6,2.410831304992429e-11
7,3-back,F4,7,9.93855325831206e-11
7,3-back,F4,8,1.5758712611695287e-10
7,3-back,F4,9,1.7011366747958474e-10
7,3-back,F4,10,6.10346622698644e-10
7,3-back,F4,11,2.7904626496749396e-10
7,3-back,F4,12,1.381619871667997e-10
7,3-back,F4,13,1.364994827447425e-10
7,3-back,F4,14,1.2668160695539245e-10
7,3-back,F4,15,2.8076975237840873e-10
7,3-back,F4,16,5.673326508081497e-11
7,3-back,F4,17,2.4923427787994934e-10
7,3-back,F4,18,5.525381069252975e-10
7,3-back,F4,19,2.6107621635982406e-10
7,3-back,F4,20,8.653938901718894e-11
7,3-back,F4,21,3.2832533395988495e-10
7,3-back,F4,22,4.1601338369282967e-10
7,3-back,F4,23,8.809446758629887e-11
7,3-back,F4,24,6.356417810215367e-11
7,3-back,F4,25,1.4287486799312746e-10
7,3-back,F4,26,3.037356919734419e-10
7,3-back,F4,27,2.873403231040289e-10
7,3-back,F4,28,8.568205080188924e-11
7,3-back,F4,29,8.902103193563226e-11
7,3-back,F4,30,2.0755546562575693e-10
7,3-back,F4,31,2.1851849246497153e-10
7,3-back,F7,1,6.965065690141105e-11
7,3-back,F7,2,6.827426980493018e-09
7,3-back,F7,3,1.5066721360079934e-10
7,3-back,F7,4,1.333286436055085e-10
7,3-back,F7,5,4.13197118294656e-10
7,3-back,F7,6,1.6738560671487212e-11
7,3-back,F7,7,2.218549484594503e-10
7,3-back,F7,8,4.5039235650800566e-11
7,3-back,F7,9,7.413701463201966e-11
7,3-back,F7,10,5.337882361843488e-10
7,3-back,F7,11,6.994358795696443e-10
7,3-back,F7,12,1.1857367188424622e-10
7,3-back,F7,13,5.2385658013068446e-11
7,3-back,F7,14,3.177244233504564e-10
7,3-back,F7,15,5.271442156346296e-10
7,3-back,F7,16,1.31044863695699e-10
7,3-back,F7,17,2.448477571861185e-10
7,3-back,F7,18,1.5791542443089928e-09
7,3-back,F7,19,1.1801408220425775e-09
7,3-back,F7,20,7.462319480719274e-11
7,3-back,F7,21,1.1746749572436975e-09
7,3-back,F7,22,9.837758112866303e-10
7,3-back,F7,23,2.2686277063227053e-10
7,3-back,F7,24,7.36152517107698e-11
7,3-back,F7,25,6.480206520159367e-11
7,3-back,F7,26,3.7297147190298885e-10
7,3-back,F7,27,7.910455692320627e-10
7,3-back,F7,28,1.6104872543808246e-10
7,3-back,F7,29,2.2316784286636056e-10
7,3-back,F7,30,4.925275793434138e-10
7,3-back,F7,31,5.22340823915475e-10
7,3-back,F8,1,2.9686864802888226e-11
7,3-back,F8,2,5.6559481915934415e-09
7,3-back,F8,3,3.990300690205411e-11
7,3-back,F8,4,8.8873169274919e-11
7,3-back,F8,5,2.3442217520377106e-10
7,3-back,F8,6,6.321636047900536e-11
7,3-back,F8,7,2.0955509719129754e-10
7,3-back,F8,8,1.6425213900779755e-10
7,3-back,F8,9,2.0265967523310206e-10
7,3-back,F8,10,7.430228439472772e-10
7,3-back,F8,11,3.9244561766302054e-10
7,3-back,F8,12,9.63731811942729e-11
7,3-back,F8,13,7.12714475384838e-11
7,3-back,F8,14,2.2102342812284342e-10
7,3-back,F8,15,2.5444726025116665e-10
7,3-back,F8,16,3.238586719862672e-11
7,3-back,F8,17,3.033451622891988e-10
7,3-back,F8,18,1.0709084034690721e-09
7,3-back,F8,19,3.4131015099390076e-10
7,3-back,F8,20,7.996143598162752e-11
7,3-back,F8,21,8.214776660708867e-10
7,3-back,F8,22,7.374429396961592e-10
7,3-back,F8,23,2.4019494210226004e-10
7,3-back,F8,24,5.057756327204508e-11
7,3-back,F8,25,1.1067366606264889e-10
7,3-back,F8,26,2.8140885423188565e-10
7,3-back,F8,27,6.519161295333339e-10
7,3-back,F8,28,7.864844096736994e-11
7,3-back,F8,29,1.6805220820949418e-10
7,3-back,F8,30,3.5410179819815175e-10
7,3-back,F8,31,4.457375875868228e-10
7,3-back,Fz,1,4.751604604916328e-11
7,3-back,Fz,2,4.641810534220803e-09
7,3-back,Fz,3,8.661001058679644e-11
7,3-back,Fz,4,1.3460446186503032e-10
7,3-back,Fz,5,2.4959674888660884e-10
7,3-back,Fz,6,2.186910722035312e-11
7,3-back,Fz,7,1.1807862073964957e-10
7,3-back,Fz,8,1.2443872848144104e-10
7,3-back,Fz,9,1.5319150669912472e-10
7,3-back,Fz,10,5.568167977551556e-10
7,3-back,Fz,11,3.314625207601869e-10
7,3-back,Fz,12,1.374238167000611e-10
7,3-back,Fz,13,1.5079783192582927e-10
7,3-back,Fz,14,1.4275476520160535e-10
7,3-back,Fz,15,3.2649227331190105e-10
7,3-back,Fz,16,1.0196711437097956e-10
7,3-back,Fz,17,1.6417154019130278e-10
7,3-back,Fz,18,6.905461243238932e-10
7,3-back,Fz,19,3.265694471993005e-10
7,3-back,Fz,20,1.0128188147794114e-10
7,3-back,Fz,21,3.653943577068553e-10
7,3-back,Fz,22,5.064960560275474e-10
7,3-back,Fz,23,9.251043413329185e-11
7,3-back,Fz,24,1.1548355360827212e-10
7,3-back,Fz,25,1.6843211961968155e-10
7,3-back,Fz,26,2.873573696804425e-10
7,3-back,Fz,27,3.035578399604593e-10
7,3-back,Fz,28,1.518919905647922e-10
7,3-back,Fz,29,1.188818911815749e-10
7,3-back,Fz,30,2.3331313389777796e-10
7,3-back,Fz,31,1.9381668303523778e-10
7,4-back,F3,1,8.807940206889599e-10
7,4-back,F3,2,1.0846651192480942e-09
7,4-back,F3,3,1.5838325595700625e-10
7,4-back,F3,4,8.441263153906355e-11
7,4-back,F3,5,2.769105923922297e-10
7,4-back,F3,6,1.5012288698521028e-10
7,4-back,F3,7,2.276117148768672e-11
7,4-back,F3,8,3.5845712273784097e-10
7,4-back,F3,9,1.0612907581731642e-10
7,4-back,F3,10,4.662935529532166e-11
7,4-back,F3,11,4.545203547121389e-10
7,4-back,F3,12,2.344366108583868e-10
7,4-back,F3,13,1.3709375171052906e-10
7,4-back,F3,14,1.819294187219859e-10
7,4-back,F3,15,5.372517905454512e-10
7,4-back,F3,16,2.359131995387427e-10
7,4-back,F3,17,1.1372324956269621e-10
7,4-back,F3,18,2.6616962502399884e-10
7,4-back,F3,19,3.222586011065062e-10
7,4-back,F3,20,8.166067903680667e-10
7,4-back,F3,21,9.768083272319197e-11
7,4-back,F3,22,3.150449824083815e-11
7,4-back,F3,23,6.424921581333676e-10
7,4-back,F3,24,2.278084541300148e-09
7,4-back,F3,25,5.26807802733514e-10
7,4-back,F3,26,5.043772297770038e-10
7,4-back,F3,27,1.8019267129846188e-10
7,4-back,F3,28,1.7420250579356593e-10
7,4-back,F3,29,5.4431817566935577e-11
7,4-back,F4,1,6.883507571818325e-10
7,4-back,F4,2,8.844736999053389e-10
7,4-back,F4,3,1.0319290589827438e-10
7,4-back,F4,4,8.151747480607274e-11
7,4-back,F4,5,1.748056879560326e-10
7,4-back,F4,6,1.226619283433145e-10
7,4-back,F4,7,4.724244129956342e-11
7,4-back,F4,8,3.388141816942522e-10
7,4-back,F4,9,9.511186047524293e-11
7,4-back,F4,10,1.1946346722232887e-10
7,4-back,F4,11,2.903342681192947e-10
7,4-back,F4,12,2.0154737797100434e-10
7,4-back,F4,13,9.785920267944666e-11
7,4-back,F4,14,1.1313917289984636e-10
7,4-back,F4,15,4.966687345450128e-10
7,4-back,F4,16,1.9150793395852804e-10
7,4-back,F4,17,7.948087981655119e-11
7,4-back,F4,18,1.842417961676924e-10
7,4-back,F4,19,2.1400462261714956e-10
7,4-back,F4,20,4.5084844987548685e-10
7,4-back,F4,21,1.400188877384147e-10
7,4-back,F4,22,4.6909880405835544e-11
7,4-back,F4,23,3.4178517185393313e-10
7,4-back,F4,24,1.9752949865578643e-09
7,4-back,F4,25,3.0548478890924087e-10
7,4-back,F4,26,3.128696573244935e-10
7,4-back,F4,27,1.425604614223475e-10
7,4-back,F4,28,8.471825103084368e-11
7,4-back,F4,29,8.42003502875131e-11
7,4-back,F7,1,1.3572564202110732e-09
7,4-back,F7,2,2.020573832549862e-09
7,4-back,F7,3,1.7646638210273018e-10
7,4-back,F7,4,5.113015181871283e-11
7,4-back,F7,5,4.86559685809719e-10
7,4-back,F7,6,1.0975671499776562e-10
7,4-back,F7,7,4.172835930510177e-11
7,4-back,F7,8,8.128821585646046e-10
7,4-back,F7,9,6.158487739653449e-11
7,4-back,F7,10,6.826763581682808e-11
7,4-back,F7,11,7.282368625646335e-10
7,4-back,F7,12,2.667172894428672e-10
7,4-back,F7,13,1.853500827540843e-10
7,4-back,F7,14,1.438424054212805e-10
7,4-back,F7,15,1.1311524152774048e-09
7,4-back,F7,16,5.598183567040363e-10
7,4-back,F7,17,9.749337826206148e-11
7,4-back,F7,18,4.756650517299179e-10
7,4-back,F7,19,4.0944102170956713e-10
7,4-back,F7,20,1.039766948240308e-09
7,4-back,F7,21,6.556776301290121e-11
7,4-back,F7,22,2.077157738149661e-11
7,4-back,F7,23,1.2513932853826416e-09
7,4-back,F7,24,2.106291767461084e-09
7,4-back,F7,25,9.29276901521077e-10
7,4-back,F7,26,1.5964479650086278e-10
7,4-back,F7,27,8.867241768063213e-11
7,4-back,F7,28,1.7722131368514872e-10
7,4-back,F7,29,3.22367507476177e-11
7,4-back,F8,1,8.378811777334235e-10
7,4-back,F8,2,1.3061384294211413e-09
7,4-back,F8,3,7.884213230610103e-11
7,4-back,F8,4,7.591612534814883e-11
7,4-back,F8,5,3.7827035129968674e-10
7,4-back,F8,6,1.0975888452026243e-10
7,4-back,F8,7,6.613048075005343e-11
7,4-back,F8,8,5.812583614373661e-10
7,4-back,F8,9,4.16015492731659e-11
7,4-back,F8,10,7.553220784745641e-11
7,4-back,F8,11,4.821113068409142e-10
7,4-back,F8,12,1.8523856003317255e-10
7,4-back,F8,13,1.616008914898418e-10
7,4-back,F8,14,1.3506678062783593e-10
7,4-back,F8,15,8.882989965071732e-10
7,4-back,F8,16,4.343616428836217e-10
7,4-back,F8,17,5.720522574620473e-11
7,4-back,F8,18,2.89828215594895e-10
7,4-back,F8,19,3.3540500251377866e-10
7,4-back,F8,20,7.461885416740855e-10
7,4-back,F8,21,5.773413723312158e-11
7,4-back,F8,22,6.247638117140255e-11
7,4-back,F8,23,5.734219502708583e-10
7,4-back,F8,24,2.0594301839478437e-09
7,4-back,F8,25,5.268775906138666e-10
7,4-back,F8,26,2.5584014657601713e-10
7,4-back,F8,27,1.2680597397554421e-10
7,4-back,F8,28,9.900452036960311e-11
7,4-back,F8,29,5.880410715113618e-11
7,4-back,Fz,1,7.491294481038154e-10
7,4-back,Fz,2,1.081624102555529e-09
7,4-back,Fz,3,1.1646439685502817e-10
7,4-back,Fz,4,1.3817946123581358e-10
7,4-back,Fz,5,2.1579927915767275e-10
7,4-back,Fz,6,1.4796390733032306e-10
7,4-back,Fz,7,1.0518226875905975e-10
7,4-back,Fz,8,3.9314986864582264e-10
7,4-back,Fz,9,1.5985828332440362e-10
7,4-back,Fz,10,1.5390118962848168e-10
7,4-back,Fz,11,3.631613420540673e-10
7,4-back,Fz,12,2.156697133503413e-10
7,4-back,Fz,13,1.3089005471001225e-10
7,4-back,Fz,14,2.3002398402462597e-10
7,4-back,Fz,15,4.961211041420249e-10
7,4-back,Fz,16,2.1063562625589182e-10
7,4-back,Fz,17,1.1452399038555736e-10
7,4-back,Fz,18,2.556224871908421e-10
7,4-back,Fz,19,2.5910623074529553e-10
7,4-back,Fz,20,6.879788069181007e-10
7,4-back,Fz,21,1.0854842429786633e-10
7,4-back,Fz,22,3.548523864338717e-11
7,4-back,Fz,23,4.775649763404074e-10
7,4-back,Fz,24,2.194361554465354e-09
7,4-back,Fz,25,3.506419049285395e-10
7,4-back,Fz,26,3.897503345802392e-10
7,4-back,Fz,27,9.315272426776633e-11
7,4-back,Fz,28,1.0253935522010255e-10
7,4-back,Fz,29,7.531027526862305e-11
8,1-back,F3,1,4.477110423181621e-10
8,1-back,F3,2,3.346448596195669e-10
8,1-back,F3,3,4.093500040899043e-10
8,1-back,F3,4,2.442139890890561e-10
8,1-back,F3,5,1.0409840937563954e-10
8,1-back,F3,6,1.2420642542540945e-10
8,1-back,F3,7,2.1435962522404343e-10
8,1-back,F3,8,8.710821440510006e-11
8,1-back,F3,9,3.001311834105056e-11
8,1-back,F3,10,2.2978047163807327e-10
8,1-back,F3,11,1.5606681370225744e-10
8,1-back,F3,12,1.9360846292706683e-10
8,1-back,F3,13,7.153135694972876e-11
8,1-back,F3,14,2.392078173731549e-10
8,1-back,F3,15,2.3236778394412142e-10
8,1-back,F3,16,4.902354487057408e-11
8,1-back,F3,17,2.1805271901980452e-10
8,1-back,F3,18,1.780997556596547e-10
8,1-back,F3,19,1.04755915040938e-10
8,1-back,F3,20,2.805204306112409e-11
8,1-back,F3,21,9.282088537891532e-10
8,1-back,F4,1,4.715682053112301e-10
8,1-back,F4,2,3.9845464782013893e-10
8,1-back,F4,3,3.4682692470766924e-10
8,1-back,F4,4,1.8751497465909921e-10
8,1-back,F4,5,4.056459765069187e-11
8,1-back,F4,6,2.876775820305099e-11
8,1-back,F4,7,1.7575266929397652e-10
8,1-back,F4,8,6.657339861710599e-11
8,1-back,F4,9,9.520500052662066e-11
8,1-back,F4,10,6.570849406527861e-11
8,1-back,F4,11,1.0797074059796959e-10
8,1-back,F4,12,9.964784514267615e-11
8,1-back,F4,13,1.561316247167217e-10
8,1-back,F4,14,1.5007317650854015e-10
8,1-back,F4,15,2.2608059694185139e-10
8,1-back,F4,16,1.0780654542824655e-10
8,1-back,F4,17,1.9023147752170924e-10
8,1-back,F4,18,1.1645754220827345e-10
8,1-back,F4,19,8.041243437089389e-11
8,1-back,F4,20,1.3487632116261078e-10
8,1-back,F4,21,1.2954619906845087e-09
8,1-back,F7,1,6.458091315884567e-10
8,1-back,F7,2,5.245905671755333e-10
8,1-back,F7,3,5.764125100385147e-10
8,1-back,F7,4,4.683613895587309e-10
8,1-back,F7,5,1.1116143672050753e-10
8,1-back,F7,6,7.977097178152904e-11
8,1-back,F7,7,6.331374376124692e-11
8,1-back,F7,8,6.736558787457444e-11
8,1-back,F7,9,4.296944440754283e-11
8,1-back,F7,10,1.7992482005018551e-10
8,1-back,F7,11,1.965866968908443e-10
8,1-back,F7,12,1.8017719666810437e-10
8,1-back,F7,13,6.182470029098921e-11
8,1-back,F7,14,1.2770047198236523e-10
8,1-back,F7,15,1.2793507743891805e-10
8,1-back,F7,16,1.877834910718332e-11
8,1-back,F7,17,1.272834033108478e-10
8,1-back,F7,18,1.3151830385165716e-10
8,1-back,F7,19,7.766610617832237e-11
8,1-back,F7,20,3.0821091015342035e-11
8,1-back,F7,21,8.633970380799131e-10
8,1-back,F8,1,5.265105385437118e-10
8,1-back,F8,2,3.8942729569017155e-10
8,1-back,F8,3,3.046343787945805e-10
8,1-back,F8,4,2.542079721960089e-10
8,1-back,F8,5,4.968678994929586e-11
8,1-back,F8,6,2.3196967640381405e-11
8,1-back,F8,7,8.53958027865905e-11
8,1-back,F8,8,2.821346173856984e-11
8,1-back,F8,9,4.2424194453030625e-11
8,1-back,F8,10,4.323926948985886e-11
8,1-back,F8,11,1.6515496059565014e-10
8,1-back,F8,12,5.7089626153242146e-11
8,1-back,F8,13,1.1257196316765352e-10
8,1-back,F8,14,6.144673894423858e-11
8,1-back,F8,15,1.8215183185066977e-10
8,1-back,F8,16,5.580348977862137e-11
8,1-back,F8,17,8.380025527555012e-11
8,1-back,F8,18,6.831157382653533e-11
8,1-back,F8,19,7.710725776485857e-11
8,1-back,F8,20,9.581390042695056e-11
8,1-back,F8,21,1.5006968578654622e-09
8,1-back,Fz,1,4.942846014392371e-10
8,1-back,Fz,2,3.628113542003155e-10
8,1-back,Fz,3,3.862855468823561e-10
8,1-back,Fz,4,2.2417247580216372e-10
8,1-back,Fz,5,7.560729108725357e-11
8,1-back,Fz,6,7.57362917108562e-11
8,1-back,Fz,7,2.8276087162021884e-10
8,1-back,Fz,8,2.398499727824589e-10
8,1-back,Fz,9,5.158983086821321e-11
8,1-back,Fz,10,1.9460385232984867e-10
8,1-back,Fz,11,1.0873315585949428e-10
8,1-back,Fz,12,1.4273602458079954e-10
8,1-back,Fz,13,1.4383250964438133e-10
8,1-back,Fz,14,2.481687600598383e-10
8,1-back,Fz,15,3.0597977663723093e-10
8,1-back,Fz,16,1.8963111750084637e-10
8,1-back,Fz,17,3.951727876396996e-10
8,1-back,Fz,18,1.1979850727836327e-10
8,1-back,Fz,19,1.4555695186672105e-10
8,1-back,Fz,20,1.0133541276819917e-10
8,1-back,Fz,21,1.2300079815611478e-09
8,2-back,F3,1,2.7656996579549846e-10
8,2-back,F3,2,1.400664263211381e-10
8,2-back,F3,3,2.5345481748703104e-10
8,2-back,F3,4,9.033807805425473e-11
8,2-back,F3,5,2.299776227516275e-10
8,2-back,F3,6,5.397350327135726e-10
8,2-back,F3,7,1.3890512389234967e-10
8,2-back,F3,8,1.7766096402862624e-10
8,2-back,F3,9,8.529178308003955e-11
8,2-back,F3,10,1.6771424125020166e-10
8,2-back,F3,11,3.0695221498649897e-10
8,2-back,F3,12,1.8303886200325787e-10
8,2-back,F3,13,2.276456080004411e-10
8,2-back,F3,14,4.79000932637257e-10
8,2-back,F3,15,6.265581605828109e-11
8,2-back,F3,16,1.7758507715057107e-10
8,2-back,F3,17,2.9941152610117393e-10
8,2-back,F3,18,4.340833077282227e-11
8,2-back,F3,19,1.0146533035300426e-10
8,2-back,F3,20,4.061355264365065e-11
8,2-back,F3,21,5.28749868401023e-10
8,2-back,F3,22,2.9132025025075754e-10
8,2-back,F3,23,8.497065105325456e-11
8,2-back,F3,24,1.0645367642434104e-10
8,2-back,F3,25,1.722537079738052e-10
8,2-back,F4,1,3.669625970167297e-10
8,2-back,F4,2,2.0095448832603876e-10
8,2-back,F4,3,3.0652102375524254e-10
8,2-back,F4,4,1.2340394249962957e-10
8,2-back,F4,5,4.5814717298102996e-10
8,2-back,F4,6,3.581387588095053e-10
8,2-back,F4,7,1.0035130030163758e-10
8,2-back,F4,8,1.5334807886975804e-10
8,2-back,F4,9,7.107824667710535e-11
8,2-back,F4,10,2.814596148083686e-10
8,2-back,F4,11,2.874495782040834e-10
8,2-back,F4,12,1.235754542532385e-10
8,2-back,F4,13,1.8648937349007221e-10
8,2-back,F4,14,3.0737453341510285e-10
8,2-back,F4,15,7.335976637878368e-11
8,2-back,F4,16,1.5038317742977642e-10
8,2-back,F4,17,3.0492704716678656e-10
8,2-back,F4,18,8.298807124491021e-11
8,2-back,F4,19,1.4184073518139563e-10
8,2-back,F4,20,8.195395523606535e-11
8,2-back,F4,21,6.296742410017838e-10
8,2-back,F4,22,2.1532717298960933e-10
8,2-back,F4,23,3.06759818131712e-11
8,2-back,F4,24,1.6621268287273275e-10
8,2-back,F4,25,1.7625256918684523e-10
8,2-back,F7,1,1.321912753827677e-10
8,2-back,F7,2,1.5748740417416427e-10
8,2-back,F7,3,3.288869328430653e-10
8,2-back,F7,4,2.9229921450529625e-11
8,2-back,F7,5,1.9347556092291527e-10
8,2-back,F7,6,1.7899918122701847e-10
8,2-back,F7,7,1.4429435905142325e-10
8,2-back,F7,8,1.313524891642512e-10
8,2-back,F7,9,1.1351285682472277e-10
8,2-back,F7,10,9.711228304844178e-11
8,2-back,F7,11,2.905740575005756e-10
8,2-back,F7,12,6.159347783841333e-11
8,2-back,F7,13,1.6776494404136372e-10
8,2-back,F7,14,3.175441975049502e-10
8,2-back,F7,15,2.525174746762874e-11
8,2-back,F7,16,6.592200000525927e-11
8,2-back,F7,17,2.865154079575942e-10
8,2-back,F7,18,6.44290127890875e-11
8,2-back,F7,19,1.4031240935204165e-10
8,2-back,F7,20,5.021308694529326e-11
8,2-back,F7,21,1.8736930385928278e-10
8,2-back,F7,22,8.08725983968833e-11
8,2-back,F7,23,2.540784143973266e-11
8,2-back,F7,24,6.890700783776843e-11
8,2-back,F7,25,1.3170018948097303e-10
8,2-back,F8,1,1.4546070589335345e-10
8,2-back,F8,2,2.1184600380351032e-10
8,2-back,F8,3,3.8425321395216063e-10
8,2-back,F8,4,6.528037088128303e-11
8,2-back,F8,5,2.320115817177138e-10
8,2-back,F8,6,8.04179174302165e-11
8,2-back,F8,7,1.1203096925044934e-10
8,2-back,F8,8,1.1798649876927746e-10
8,2-back,F8,9,2.836739303117421e-11
8,2-back,F8,10,8.877091019600592e-11
8,2-back,F8,11,1.7838548717943373e-10
8,2-back,F8,12,4.376441514657812e-11
8,2-back,F8,13,1.2082099536968076e-10
8,2-back,F8,14,2.2140706634590627e-10
8,2-back,F8,15,3.715457858223439e-11
8,2-back,F8,16,8.853897520192653e-11
8,2-back,F8,17,2.536732573744879e-10
8,2-back,F8,18,2.554873374458221e-11
8,2-back,F8,19,1.265719493929178e-10
8,2-back,F8,20,9.514052224382449e-11
8,2-back,F8,21,2.671086354984742e-10
8,2-back,F8,22,1.6477757947171704e-10
8,2-back,F8,23,2.1818172339312877e-11
8,2-back,F8,24,1.650342192643237e-10
8,2-back,F8,25,1.1551844406622686e-10
8,2-back,Fz,1,4.944618961565755e-10
8,2-back,Fz,2,1.139842469557477e-10
8,2-back,Fz,3,2.2301995316535448e-10
8,2-back,Fz,4,2.2896604189978977e-10
8,2-back,Fz,5,5.111839677329154e-10
8,2-back,Fz,6,5.341938061954916e-10
8,2-back,Fz,7,1.5600064156649752e-10
8,2-back,Fz,8,1.6163575647967328e-10
8,2-back,Fz,9,8.873351426452532e-11
8,2-back,Fz,10,3.656352106803318e-10
8,2-back,Fz,11,4.0709605455734864e-10
8,2-back,Fz,12,2.4397994628585457e-10
8,2-back,Fz,13,3.6541457523026743e-10
8,2-back,Fz,14,5.356884532303207e-10
8,2-back,Fz,15,1.1885792083070784e-10
8,2-back,Fz,16,3.0608230822565715e-10
8,2-back,Fz,17,2.6293142963890904e-10
8,2-back,Fz,18,2.0137197449305883e-10
8,2-back,Fz,19,1.501299646067994e-10
8,2-back,Fz,20,6.47573280690686e-11
8,2-back,Fz,21,1.3314624354215119e-09
8,2-back,Fz,22,5.068609761992611e-10
8,2-back,Fz,23,7.309492546438783e-11
8,2-back,Fz,24,1.7822340940105886e-10
8,2-back,Fz,25,2.357808679057085e-10
8,3-back,F3,1,2.4370207748567276e-10
8,3-back,F3,2,1.833254448903069e-10
8,3-back,F3,3,9.691452011351426e-11
8,3-back,F3,4,1.881211622856735e-10
8,3-back,F3,5,1.9204816343666578e-10
8,3-back,F3,6,3.862229154065811e-10
8,3-back,F3,7,2.2759513987471407e-10
8,3-back,F3,8,4.7028201941580506e-11
8,3-back,F3,9,2.4851679099737174e-10
8,3-back,F3,10,2.5785494491532245e-10
8,3-back,F3,11,2.912052556095379e-11
8,3-back,F3,12,2.95591725020127e-10
8,3-back,F3,13,3.198136523503725e-10
8,3-back,F3,14,1.747473531226556e-10
8,3-back,F3,15,1.7062426669749094e-10
8,3-back,F3,16,2.334876139668028e-10
8,3-back,F3,17,1.40208055856306e-10
8,3-back,F3,18,1.7018451628642517e-10
8,3-back,F3,19,4.292712300211438e-11
8,3-back,F3,20,2.15833672305534e-10
8,3-back,F3,21,1.078037423174557e-10
8,3-back,F3,22,4.079428990453882e-10
8,3-back,F3,23,2.442734915592934e-10
8,3-back,F3,24,1.1100871579670632e-10
8,3-back,F3,25,1.1261429560275221e-10
8,3-back,F3,26,3.276484916529766e-11
8,3-back,F3,27,8.898175691339767e-11
8,3-back,F3,28,1.9779933722810002e-10
8,3-back,F3,29,1.0827622055702517e-10
8,3-back,F3,30,1.2416130288834408e-10
8,3-back,F3,31,1.734209195957021e-10
8,3-back,F4,1,2.235808680448308e-10
8,3-back,F4,2,1.2717153530201835e-10
8,3-back,F4,3,8.351143604447252e-11
8,3-back,F4,4,8.374857528611578e-11
8,3-back,F4,5,1.4631008695179622e-10
8,3-back,F4,6,1.6882982475233258e-10
8,3-back,F4,7,1.3715945134816347e-10
8,3-back,F4,8,1.2822157399555705e-10
8,3-back,F4,9,1.5264556980966773e-10
8,3-back,F4,10,1.3618343761072086e-10
8,3-back,F4,11,1.3717822622481377e-10
8,3-back,F4,12,2.870489905013671e-10
8,3-back,F4,13,1.0947849236623559e-10
8,3-back,F4,14,2.0890620340442392e-10
8,3-back,F4,15,2.0165095766159578e-10
8,3-back,F4,16,1.6937517314572217e-10
8,3-back,F4,17,3.259881777305668e-10
8,3-back,F4,18,7.96819274361952e-11
8,3-back,F4,19,6.560686580028823e-11
8,3-back,F4,20,2.0767590551364396e-10
8,3-back,F4,21,1.2407903856195024e-10
8,3-back,F4,22,4.123204908218386e-10
8,3-back,F4,23,3.140496552370305e-10
8,3-back,F4,24,2.1132659306277998e-10
8,3-back,F4,25,1.693032175702304e-10
8,3-back,F4,26,5.358956932234288e-11
8,3-back,F4,27,1.605196965432427e-10
8,3-back,F4,28,1.1288683532119263e-10
8,3-back,F4,29,1.4231523470575557e-10
8,3-back,F4,30,2.128224527268252e-10
8,3-back,F4,31,1.6144638281221008e-10
8,3-back,F7,1,3.171409299054848e-10
8,3-back,F7,2,1.0008141658366587e-10
8,3-back,F7,3,1.178929900536685e-10
8,3-back,F7,4,1.8171203284818983e-10
8,3-back,F7,5,1.186674425110591e-10
8,3-back,F7,6,2.0009846878914236e-10
8,3-back,F7,7,3.275007930487495e-10
8,3-back,F7,8,2.6571065819689768e-11
8,3-back,F7,9,1.6545790276737861e-10
8,3-back,F7,10,2.770051692939031e-10
8,3-back,F7,11,2.6334913705060624e-11
8,3-back,F7,12,1.6760116534160508e-10
8,3-back,F7,13,1.521104873382833e-10
8,3-back,F7,14,1.399067500663446e-10
8,3-back,F7,15,1.21413651683366e-10
8,3-back,F7,16,1.622225064431069e-10
8,3-back,F7,17,1.9380178777267672e-10
8,3-back,F7,18,4.983060866715228e-11
8,3-back,F7,19,1.2350474898105937e-11
8,3-back,F7,20,2.3236370436386373e-10
8,3-back,F7,21,5.721176655700383e-11
8,3-back,F7,22,2.0567746334666483e-10
8,3-back,F7,23,1.557280592010577e-10
8,3-back,F7,24,1.434729824140296e-10
8,3-back,F7,25,1.106742054684379e-10
8,3-back,F7,26,1.7583517737048108e-11
8,3-back,F7,27,1.0192710709885203e-10
8,3-back,F7,28,1.1787813579579317e-10
8,3-back,F7,29,6.590396639084764e-11
8,3-back,F7,30,6.84172212003408e-11
8,3-back,F7,31,9.500606521109192e-11
8,3-back,F8,1,1.6579851169332062e-10
8,3-back,F8,2,6.41594950412243e-11
8,3-back,F8,3,7.460999516244542e-11
8,3-back,F8,4,4.98339037976493e-11
8,3-back,F8,5,1.0707629587858223e-10
8,3-back,F8,6,1.379206291495719e-10
8,3-back,F8,7,4.790702772025975e-11
8,3-back,F8,8,5.917542928999718e-11
8,3-back,F8,9,1.4898538053049147e-10
8,3-back,F8,10,1.3620440502417291e-10
8,3-back,F8,11,8.625397782268381e-11
8,3-back,F8,12,1.5106118957081348e-10
8,3-back,F8,13,3.117954546591229e-11
8,3-back,F8,14,5.581180791303304e-11
8,3-back,F8,15,8.326303459753693e-11
8,3-back,F8,16,6.106035743678234e-11
8,3-back,F8,17,2.667573283086733e-10
8,3-back,F8,18,2.840264160358095e-11
8,3-back,F8,19,5.7384925260104804e-11
8,3-back,F8,20,7.698986629086746e-11
8,3-back,F8,21,6.03712876457189e-11
8,3-back,F8,22,2.1894201106551405e-10
8,3-back,F8,23,2.418536722011566e-10
8,3-back,F8,24,2.348341875246039e-10
8,3-back,F8,25,7.842379107359141e-11
8,3-back,F8,26,2.963691289352548e-11
8,3-back,F8,27,9.093631914584528e-11
8,3-back,F8,28,5.912912018277109e-11
8,3-back,F8,29,6.831689183192284e-11
8,3-back,F8,30,1.111968106791462e-10
8,3-back,F8,31,4.654264380555347e-11
8,3-back,Fz,1,2.3439050368709907e-10
8,3-back,Fz,2,1.7032277935534487e-10
8,3-back,Fz,3,1.4568962851992087e-10
8,3-back,Fz,4,1.59114004503298e-10
8,3-back,Fz,5,2.3866965897053635e-10
8,3-back,Fz,6,5.19180929226554e-10
8,3-back,Fz,7,2.817978633426843e-10
8,3-back,Fz,8,1.345140198637901e-10
8,3-back,Fz,9,3.781377370545931e-10
8,3-back,Fz,10,1.9945485037817027e-10
8,3-back,Fz,11,1.4781771853790025e-10
8,3-back,Fz,12,2.775565713037917e-10
8,3-back,Fz,13,2.6806742795329544e-10
8,3-back,Fz,14,2.5107198210894466e-10
8,3-back,Fz,15,2.993200739768869e-10
8,3-back,Fz,16,3.70406241638775e-10
8,3-back,Fz,17,2.8657903111704225e-10
8,3-back,Fz,18,3.17558606726253e-10
8,3-back,Fz,19,7.074758651863739e-11
8,3-back,Fz,20,1.9993985864490236e-10
8,3-back,Fz,21,2.075902396096085e-10
8,3-back,Fz,22,7.245064010507246e-10
8,3-back,Fz,23,4.4451834007428054e-10
8,3-back,Fz,24,1.6925150123901804e-10
8,3-back,Fz,25,2.6866269881902205e-10
8,3-back,Fz,26,5.358223189052731e-11
8,3-back,Fz,27,1.9451609659727909e-10
8,3-back,Fz,28,1.951035482440911e-10
8,3-back,Fz,29,9.617192461484494e-11
8,3-back,Fz,30,2.4876699937304614e-10
8,3-back,Fz,31,2.683531157943388e-10
8,4-back,F3,1,1.8158727157426564e-10
8,4-back,F3,2,8.127093108658416e-10
8,4-back,F3,3,1.8399634287630538e-10
8,4-back,F3,4,1.1841663011124211e-10
8,4-back,F3,5,3.6037756999240863e-10
8,4-back,F3,6,1.4258176468744403e-10
8,4-back,F3,7,1.3675720358646508e-10
8,4-back,F3,8,1.0368621937313824e-10
8,4-back,F3,9,7.203435908370543e-11
8,4-back,F3,10,1.0706850746812172e-10
8,4-back,F3,11,1.5508113005224213e-10
8,4-back,F3,12,5.647223635467009e-10
8,4-back,F3,13,1.714853994622192e-10
8,4-back,F3,14,1.641150586544615e-10
8,4-back,F3,15,1.549335078020965e-10
8,4-back,F3,16,8.162725931554413e-11
8,4-back,F3,17,1.052506942135887e-10
8,4-back,F3,18,3.4657779785643664e-10
8,4-back,F3,19,1.1215738773643171e-10
8,4-back,F3,20,3.080981765181067e-10
8,4-back,F4,1,1.1837892142480949e-10
8,4-back,F4,2,6.527420218216735e-10
8,4-back,F4,3,8.783512419873418e-11
8,4-back,F4,4,1.2894562446913498e-10
8,4-back,F4,5,1.4401385074826788e-10
8,4-back,F4,6,6.683098304319855e-11
8,4-back,F4,7,1.8882455849772422e-10
8,4-back,F4,8,1.0450518299762858e-10
8,4-back,F4,9,8.755959419583433e-11
8,4-back,F4,10,6.652097982928196e-11
8,4-back,F4,11,1.8524586652171073e-10
8,4-back,F4,12,2.9353531094400234e-10
8,4-back,F4,13,1.3683906574960357e-10
8,4-back,F4,14,1.6111604340765276e-10
8,4-back,F4,15,1.1150452784560689e-10
8,4-back,F4,16,8.51185498100919e-11
8,4-back,F4,17,1.9558028825272079e-10
8,4-back,F4,18,3.314733554262087e-10
8,4-back,F4,19,1.2018293132054302e-10
8,4-back,F4,20,3.185312686206647e-10
8,4-back,F7,1,1.1420626174305135e-10
8,4-back,F7,2,2.646058461203385e-10
8,4-back,F7,3,2.7857462870940525e-10
8,4-back,F7,4,6.543708230656627e-11
8,4-back,F7,5,5.054727109146858e-10
8,4-back,F7,6,1.1632000852372441e-10
8,4-back,F7,7,3.686516511984273e-10
8,4-back,F7,8,5.2561822615417143e-11
8,4-back,F7,9,2.5441028375651732e-11
8,4-back,F7,10,8.469395153873732e-11
8,4-back,F7,11,2.832312597248818e-10
8,4-back,F7,12,9.093174121301377e-10
8,4-back,F7,13,3.568676415786756e-10
8,4-back,F7,14,1.061644154349729e-10
8,4-back,F7,15,1.217088981276311e-10
8,4-back,F7,16,6.402100606223702e-11
8,4-back,F7,17,5.298288265422162e-11
8,4-back,F7,18,2.329368833420902e-10
8,4-back,F7,19,1.0247007553541308e-10
8,4-back,F7,20,2.147336491146992e-10
8,4-back,F8,1,1.0258882450867689e-10
8,4-back,F8,2,2.0995299958061804e-10
8,4-back,F8,3,5.744536847367734e-11
8,4-back,F8,4,6.652662479549647e-11
8,4-back,F8,5,9.188215777346806e-11
8,4-back,F8,6,7.362304223073028e-11
8,4-back,F8,7,2.824177259230213e-10
8,4-back,F8,8,1.1571752197359918e-10
8,4-back,F8,9,3.1020619665621087e-11
8,4-back,F8,10,3.230624976504293e-11
8,4-back,F8,11,2.504364424570772e-10
8,4-back,F8,12,2.6274824106456807e-10
8,4-back,F8,13,8.488700478015094e-11
8,4-back,F8,14,9.529244676890666e-11
8,4-back,F8,15,1.547853838231874e-10
8,4-back,F8,16,6.005113546507832e-11
8,4-back,F8,17,1.059009161314298e-10
8,4-back,F8,18,2.297335996824433e-10
8,4-back,F8,19,1.2488794845812418e-10
8,4-back,F8,20,3.4359504385889864e-10
8,4-back,Fz,1,1.3948506217508108e-10
8,4-back,Fz,2,1.4501837034608041e-09
8,4-back,Fz,3,2.2963867860698875e-10
8,4-back,Fz,4,1.453637823819682e-10
8,4-back,Fz,5,1.8542469492815176e-10
8,4-back,Fz,6,7.795448630778993e-11
8,4-back,Fz,7,1.7948521497160995e-10
8,4-back,Fz,8,9.791323523177031e-11
8,4-back,Fz,9,1.3016199348451556e-10
8,4-back,Fz,10,1.2992259423989526e-10
8,4-back,Fz,11,2.048440123295321e-10
8,4-back,Fz,12,5.012875543773676e-10
8,4-back,Fz,13,1.2889713781264186e-10
8,4-back,Fz,14,2.9555715319030553e-10
8,4-back,Fz,15,1.7132099857075328e-10
8,4-back,Fz,16,1.5435358353940313e-10
8,4-back,Fz,17,2.2496109977542564e-10
8,4-back,Fz,18,3.2493436533984844e-10
8,4-back,Fz,19,1.7308764406750867e-10
8,4-back,Fz,20,3.503381776819526e-10
9,1-back,F3,1,4.468362347671693e-10
9,1-back,F3,2,2.4669628136703333e-10
9,1-back,F3,3,3.6403944051332265e-10
9,1-back,F3,4,5.71006447239343e-10
9,1-back,F3,5,1.7653171631062053e-10
9,1-back,F3,6,2.574753980280673e-10
9,1-back,F3,7,2.4842193490694693e-10
9,1-back,F3,8,2.9109653259796224e-10
9,1-back,F3,9,8.243369826787145e-11
9,1-back,F3,10,1.9414880262589884e-10
9,1-back,F3,11,5.204122153248244e-10
9,1-back,F3,12,2.6766513544266023e-10
9,1-back,F3,13,3.1649173289072566e-10
9,1-back,F3,14,3.32267453132891e-10
9,1-back,F3,15,3.463736005978713e-10
9,1-back,F3,16,7.61791554477388e-10
9,1-back,F3,17,2.7944507174296996e-10
9,1-back,F3,18,1.721968488088713e-10
9,1-back,F3,19,1.228992103573712e-09
9,1-back,F3,20,2.8520607125574657e-10
9,1-back,F3,21,5.286947247469797e-10
9,1-back,F3,22,1.659054025154119e-10
9,1-back,F3,23,2.1844712994138858e-10
9,1-back,F3,24,3.4681401931903973e-10
9,1-back,F3,25,3.977732039843079e-10
9,1-back,F3,26,9.079942808762787e-11
9,1-back,F3,27,1.2517048744335182e-10
9,1-back,F3,28,6.076344811124526e-10
9,1-back,F3,29,3.5416371032455794e-10
9,1-back,F3,30,8.427447853892863e-10
9,1-back,F3,31,2.488309807477082e-10
9,1-back,F3,32,2.266148536251926e-10
9,1-back,F3,33,7.595681312051474e-10
9,1-back,F3,34,1.8597625247200978e-10
9,1-back,F3,35,4.93098417298829e-10
9,1-back,F3,36,3.5312291264079634e-10
9,1-back,F3,37,5.856370483628598e-10
9,1-back,F3,38,2.3564302133952593e-10
9,1-back,F3,39,1.2281466246139946e-10
9,1-back,F3,40,2.1791701159334707e-10
9,1-back,F3,41,5.942219991774892e-10
9,1-back,F3,42,2.391953235010012e-10
9,1-back,F3,43,1.2932849672778475e-10
9,1-back,F3,44,8.071854267114074e-10
9,1-back,F3,45,1.981008829855325e-10
9,1-back,F3,46,1.8713053864283224e-09
9,1-back,F3,47,6.547943054183149e-11
9,1-back,F3,48,2.351426140839266e-10
9,1-back,F3,49,4.5573941759490513e-10
9,1-back,F3,50,3.73804705563756e-10
9,1-back,F3,51,9.352031752834417e-11
9,1-back,F3,52,3.199810563227864e-10
9,1-back,F3,53,3.260489724942701e-10
9,1-back,F3,54,4.2018164378979023e-10
9,1-back,F3,55,1.9527404231258582e-10
9,1-back,F3,56,2.7539248651548466e-10
9,1-back,F3,57,3.300028008857428e-10
9,1-back,F3,58,7.256733784277924e-11
9,1-back,F3,59,2.8766365723438375e-10
9,1-back,F3,60,2.6603792955580766e-10
9,1-back,F3,61,1.5663373755236837e-10
9,1-back,F3,62,6.386466997314166e-10
9,1-back,F3,63,1.9216734503111068e-10
9,1-back,F3,64,5.170653155667341e-11
9,1-back,F3,65,1.8131057112227835e-10
9,1-back,F3,66,6.339784532498616e-10
9,1-back,F4,1,4.452450390355388e-10
9,1-back,F4,2,4.497912137817396e-10
9,1-back,F4,3,4.66538311150479e-10
9,1-back,F4,4,8.48440806807282e-10
9,1-back,F4,5,2.537758161030431e-10
9,1-back,F4,6,3.469575379755209e-10
9,1-back,F4,7,3.097345890519146e-10
9,1-back,F4,8,1.5964182469446576e-10
9,1-back,F4,9,2.1621706095180373e-10
9,1-back,F4,10,1.2671321520573843e-10
9,1-back,F4,11,7.454209867049955e-10
9,1-back,F4,12,4.825831190807308e-10
9,1-back,F4,13,6.049096345849329e-10
9,1-back,F4,14,3.3257989783798766e-10
9,1-back,F4,15,2.416107873612391e-10
9,1-back,F4,16,8.210317973867819e-10
9,1-back,F4,17,1.6859710334261767e-10
9,1-back,F4,18,2.5336486800700946e-10
9,1-back,F4,19,1.2478998533276723e-09
9,1-back,F4,20,4.235025362957622e-10
9,1-back,F4,21,5.492345966355255e-10
9,1-back,F4,22,2.394159532390694e-10
9,1-back,F4,23,1.7952887533762719e-10
9,1-back,F4,24,2.6767529771939874e-10
9,1-back,F4,25,2.0345844494086273e-10
9,1-back,F4,26,3.1134324867824695e-10
9,1-back,F4,27,1.9385493968095263e-10
9,1-back,F4,28,8.43156591260722e-10
9,1-back,F4,29,4.704526868769467e-10
9,1-back,F4,30,3.3799006238107775e-10
9,1-back,F4,31,4.661343522967634e-10
9,1-back,F4,32,4.2055555546075453e-10
9,1-back,F4,33,8.514070467728864e-10
9,1-back,F4,34,4.622066741362924e-10
9,1-back,F4,35,1.00328069962283e-09
9,1-back,F4,36,2.9756013793037876e-10
9,1-back,F4,37,4.1578523532420945e-10
9,1-back,F4,38,4.46535404189394e-10
9,1-back,F4,39,3.442755448922054e-10
9,1-back,F4,40,4.022888960151219e-10
9,1-back,F4,41,5.379200981248762e-10
9,1-back,F4,42,2.2832766098895635e-10
9,1-back,F4,43,1.4538455286301915e-10
9,1-back,F4,44,8.232474920944821e-10
9,1-back,F4,45,2.7174164079490346e-10
9,1-back,F4,46,1.8464635377236584e-09
9,1-back,F4,47,1.0865442935726755e-10
9,1-back,F4,48,1.5843174720273773e-10
9,1-back,F4,49,5.150139972545723e-10
9,1-back,F4,50,3.683997065307937e-10
9,1-back,F4,51,1.9290494641581428e-10
9,1-back,F4,52,4.5889797860348176e-10
9,1-back,F4,53,4.4708921897841974e-10
9,1-back,F4,54,6.305237611230458e-10
9,1-back,F4,55,5.76803559716151e-10
9,1-back,F4,56,3.789974918802679e-10
9,1-back,F4,57,3.2899832382075455e-10
9,1-back,F4,58,1.198600794018647e-10
9,1-back,F4,59,3.967914482266056e-10
9,1-back,F4,60,2.5905134329935776e-10
9,1-back,F4,61,7.233974836859476e-10
9,1-back,F4,62,7.750962031701308e-10
9,1-back,F4,63,2.511997492019489e-10
9,1-back,F4,64,1.2747959763016646e-10
9,1-back,F4,65,1.6846465587686518e-10
9,1-back,F4,66,3.350251862300274e-10
9,1-back,F7,1,1.0139460076516878e-09
9,1-back,F7,2,8.632800974793e-11
9,1-back,F7,3,8.553567728375608e-10
9,1-back,F7,4,1.1469008265220195e-09
9,1-back,F7,5,1.279064712828255e-10
9,1-back,F7,6,2.4203945090024207e-10
9,1-back,F7,7,5.464095731424059e-10
9,1-back,F7,8,6.939979540543998e-11
9,1-back,F7,9,1.3545271482258372e-10
9,1-back,F7,10,2.1977726661163658e-10
9,1-back,F7,11,1.1764187159887025e-10
9,1-back,F7,12,8.473679344480672e-11
9,1-back,F7,13,1.0948577365228362e-10
9,1-back,F7,14,9.82705128035677e-11
9,1-back,F7,15,1.1779000326685327e-10
9,1-back,F7,16,1.9543989842602209e-10
9,1-back,F7,17,3.522796852910756e-10
9,1-back,F7,18,6.58881971289028e-11
9,1-back,F7,19,7.98157683874313e-10
9,1-back,F7,20,1.624494605029863e-10
9,1-back,F7,21,3.4849964972168245e-10
9,1-back,F7,22,7.170690396481661e-11
9,1-back,F7,23,2.3758312775748147e-10
9,1-back,F7,24,7.67335941695707e-11
9,1-back,F7,25,3.3581345099621855e-10
9,1-back,F7,26,9.484208899096276e-11
9,1-back,F7,27,1.9572181362134124e-10
9,1-back,F7,28,2.4764189890630657e-10
9,1-back,F7,29,1.0476607954238559e-10
9,1-back,F7,30,7.730176947868561e-10
9,1-back,F7,31,1.2097291768958733e-10
9,1-back,F7,32,1.1258278017930642e-10
9,1-back,F7,33,3.463572916722837e-10
9,1-back,F7,34,1.1054701157886943e-10
9,1-back,F7,35,1.9627687504417212e-10
9,1-back,F7,36,1.5454923667277654e-10
9,1-back,F7,37,5.211930797849449e-10
9,1-back,F7,38,1.410440771709588e-10
9,1-back,F7,39,5.397959339376088e-11
9,1-back,F7,40,7.209621491999125e-11
9,1-back,F7,41,6.665128440863057e-10
9,1-back,F7,42,1.5467065991655414e-10
9,1-back,F7,43,1.6170723670077272e-10
9,1-back,F7,44,6.380197125081845e-10
9,1-back,F7,45,1.106595921516329e-10
9,1-back,F7,46,5.938515671166037e-10
9,1-back,F7,47,5.418753673996189e-11
9,1-back,F7,48,2.0080199475651196e-10
9,1-back,F7,49,1.523646399566537e-10
9,1-back,F7,50,5.516255883344115e-10
9,1-back,F7,51,8.456668096007772e-11
9,1-back,F7,52,1.198757442962707e-10
9,1-back,F7,53,8.423374537325353e-11
9,1-back,F7,54,1.4694139408367126e-10
9,1-back,F7,55,9.434871407282981e-11
9,1-back,F7,56,2.4094830371015005e-10
9,1-back,F7,57,1.9097344364605305e-10
9,1-back,F7,58,2.907047597711175e-11
9,1-back,F7,59,1.5140651013584215e-10
9,1-back,F7,60,9.523088593938215e-11
9,1-back,F7,61,9.475747481666722e-11
9,1-back,F7,62,2.587799395945124e-10
9,1-back,F7,63,5.710044799807156e-11
9,1-back,F7,64,7.454148353243682e-11
9,1-back,F7,65,2.6048205584373597e-11
9,1-back,F7,66,2.643580865455042e-10
9,1-back,F8,1,9.67914180967968e-10
9,1-back,F8,2,2.372531669175487e-10
9,1-back,F8,3,9.447105347953428e-10
9,1-back,F8,4,1.9528502026652508e-09
9,1-back,F8,5,1.438093470629393e-10
9,1-back,F8,6,1.8150995561070016e-10
9,1-back,F8,7,5.343303431912376e-10
9,1-back,F8,8,1.2199440436813543e-10
9,1-back,F8,9,1.5143029957053217e-10
9,1-back,F8,10,1.4213519563201317e-10
9,1-back,F8,11,2.767623378243279e-10
9,1-back,F8,12,2.730914259018091e-10
9,1-back,F8,13,2.9268953330713967e-10
9,1-back,F8,14,1.8487895002154802e-10
9,1-back,F8,15,5.2383791983274016e-11
9,1-back,F8,16,2.7315394850284667e-10
9,1-back,F8,17,3.7947464806921354e-10
9,1-back,F8,18,1.175985850891366e-10
9,1-back,F8,19,1.35379771173912e-09
9,1-back,F8,20,2.1788726807185502e-10
9,1-back,F8,21,3.618632156230621e-10
9,1-back,F8,22,8.403660877557856e-11
9,1-back,F8,23,1.0499729581607595e-10
9,1-back,F8,24,1.2785090620941832e-10
9,1-back,F8,25,1.8057990937627012e-10
9,1-back,F8,26,2.1645591632015782e-10
9,1-back,F8,27,1.6097320654130145e-10
9,1-back,F8,28,4.09869044650115e-10
9,1-back,F8,29,1.609073424793868e-10
9,1-back,F8,30,2.0076404785887368e-10
9,1-back,F8,31,1.719094938362318e-10
9,1-back,F8,32,2.417687439306175e-10
9,1-back,F8,33,2.1874352806496987e-10
9,1-back,F8,34,1.7904993418674638e-10
9,1-back,F8,35,4.696539722611051e-10
9,1-back,F8,36,1.3258327430750146e-10
9,1-back,F8,37,3.203995838511271e-10
9,1-back,F8,38,2.58012643242138e-10
9,1-back,F8,39,1.0798498372975607e-10
9,1-back,F8,40,2.480645364914913e-10
9,1-back,F8,41,6.586058361377968e-10
9,1-back,F8,42,6.266452936844729e-11
9,1-back,F8,43,1.576314338949326e-10
9,1-back,F8,44,7.6326880107989e-10
9,1-back,F8,45,1.392669548841099e-10
9,1-back,F8,46,6.776504659760102e-10
9,1-back,F8,47,1.2631541170860942e-10
9,1-back,F8,48,1.8951159941961993e-10
9,1-back,F8,49,3.5998276648493286e-10
9,1-back,F8,50,4.3634105614778223e-10
9,1-back,F8,51,1.4196703803847386e-10
9,1-back,F8,52,1.8502424923661927e-10
9,1-back,F8,53,1.7325730447945854e-10
9,1-back,F8,54,2.1787478410487853e-10
9,1-back,F8,55,4.321869959930081e-10
9,1-back,F8,56,2.0662389381900427e-10
9,1-back,F8,57,2.826654726090701e-10
9,1-back,F8,58,4.011517768392339e-11
9,1-back,F8,59,1.9748814050626917e-10
9,1-back,F8,60,1.2748738959077322e-10
9,1-back,F8,61,2.8848203958277574e-10
9,1-back,F8,62,2.664742046824273e-10
9,1-back,F8,63,5.799079589251177e-11
9,1-back,F8,64,7.113021402142889e-11
9,1-back,F8,65,8.973659501954348e-11
9,1-back,F8,66,2.1332391993096936e-10
9,1-back,Fz,1,5.96199429200054e-10
9,1-back,Fz,2,3.025163123399219e-10
9,1-back,Fz,3,3.685742621171045e-10
9,1-back,Fz,4,7.240691132095832e-10
9,1-back,Fz,5,1.3700319816381197e-10
9,1-back,Fz,6,2.4060106262283503e-10
9,1-back,Fz,7,3.5753636206573966e-10
9,1-back,Fz,8,2.0754698853333327e-10
9,1-back,Fz,9,1.2654781836311607e-10
9,1-back,Fz,10,1.2673200987474365e-10
9,1-back,Fz,11,5.384425695671425e-10
9,1-back,Fz,12,1.861913928315281e-10
9,1-back,Fz,13,3.3364209799087817e-10
9,1-back,Fz,14,3.2630943103408695e-10
9,1-back,Fz,15,2.8105208884536674e-10
9,1-back,Fz,16,6.239991738442055e-10
9,1-back,Fz,17,2.342265317406965e-10
9,1-back,Fz,18,2.438940705610529e-10
9,1-back,Fz,19,1.0337548558163752e-09
9,1-back,Fz,20,3.3939732510534203e-10
9,1-back,Fz,21,5.981960699753192e-10
9,1-back,Fz,22,1.574140591110981e-10
9,1-back,Fz,23,3.3249483130433847e-10
9,1-back,Fz,24,2.5440773254801425e-10
9,1-back,Fz,25,1.0193649152489322e-10
9,1-back,Fz,26,2.460364654135012e-10
9,1-back,Fz,27,2.533087121069426e-10
9,1-back,Fz,28,6.951146831409457e-10
9,1-back,Fz,29,5.743598862154269e-10
9,1-back,Fz,30,7.584544891799577e-10
9,1-back,Fz,31,3.0652412556617924e-10
9,1-back,Fz,32,3.2857611108868374e-10
9,1-back,Fz,33,6.699541120551491e-10
9,1-back,Fz,34,3.3015341029414474e-10
9,1-back,Fz,35,7.416960519979613e-10
9,1-back,Fz,36,2.6239775803745035e-10
9,1-back,Fz,37,4.4022959955763365e-10
9,1-back,Fz,38,3.3756200295953667e-10
9,1-back,Fz,39,3.190258372281899e-10
9,1-back,Fz,40,1.874770843204776e-10
9,1-back,Fz,41,7.545242234679801e-10
9,1-back,Fz,42,3.7854616881390355e-10
9,1-back,Fz,43,3.3707188826694257e-10
9,1-back,Fz,44,7.109432652533413e-10
9,1-back,Fz,45,2.1584555698155144e-10
9,1-back,Fz,46,1.6702148560182618e-09
9,1-back,Fz,47,1.2706646689401295e-10
9,1-back,Fz,48,2.1879393985823554e-10
9,1-back,Fz,49,4.485135398255287e-10
9,1-back,Fz,50,4.4754123338254965e-10
9,1-back,Fz,51,1.7232141981495344e-10
9,1-back,Fz,52,3.0739782875120465e-10
9,1-back,Fz,53,4.2227201637902807e-10
9,1-back,Fz,54,3.5559005952716254e-10
9,1-back,Fz,55,3.5173378997737425e-10
9,1-back,Fz,56,3.369468541728882e-10
9,1-back,Fz,57,2.993508900892004e-10
9,1-back,Fz,58,1.6867469136067432e-10
9,1-back,Fz,59,2.859467417341925e-10
9,1-back,Fz,60,3.5196882926255973e-10
9,1-back,Fz,61,3.152741007097783e-10
9,1-back,Fz,62,5.052636542622265e-10
9,1-back,Fz,63,1.6028192076388236e-10
9,1-back,Fz,64,1.594988369701499e-10
9,1-back,Fz,65,2.372855693294142e-10
9,1-back,Fz,66,3.7978608620111694e-10
9,2-back,F3,1,2.335179027365165e-10
9,2-back,F3,2,2.0952817324253044e-10
9,2-back,F3,3,5.984141550029961e-11
9,2-back,F3,4,5.289839934512439e-10
9,2-back,F3,5,5.105538942554409e-10
9,2-back,F3,6,1.7659678369793548e-10
9,2-back,F3,7,3.5071224644852425e-10
9,2-back,F3,8,3.2436420663968034e-10
9,2-back,F3,9,3.5221473396798994e-10
9,2-back,F3,10,6.980206063130451e-10
9,2-back,F3,11,9.57275949023043e-10
9,2-back,F3,12,5.960715390656895e-10
9,2-back,F3,13,2.3305234604670053e-10
9,2-back,F3,14,4.516666082654357e-10
9,2-back,F3,15,4.4662603379128906e-10
9,2-back,F3,16,3.0532531074200253e-10
9,2-back,F3,17,5.017001492896787e-10
9,2-back,F3,18,1.284605931077397e-10
9,2-back,F3,19,5.350684420611898e-10
9,2-back,F3,20,1.9984733961082964e-10
9,2-back,F3,21,7.856912271921484e-11
9,2-back,F3,22,2.237079182231055e-10
9,2-back,F3,23,4.6222697665209023e-10
9,2-back,F3,24,4.55284115240314e-10
9,2-back,F3,25,5.038504105459542e-10
9,2-back,F3,26,4.974966406422211e-10
9,2-back,F3,27,5.245070822866828e-10
9,2-back,F3,28,8.144635379875836e-11
9,2-back,F3,29,8.002271730869528e-11
9,2-back,F3,30,5.489818079344863e-10
9,2-back,F3,31,2.2527715680056544e-10
9,2-back,F3,32,5.731836449459018e-10
9,2-back,F3,33,8.539456968036397e-11
9,2-back,F3,34,2.460894999773689e-10
9,2-back,F3,35,1.616959674686544e-10
9,2-back,F3,36,6.87461740166051e-11
9,2-back,F3,37,1.4710235041342243e-10
9,2-back,F3,38,2.0909000630896826e-10
9,2-back,F3,39,6.786586453461908e-11
9,2-back,F3,40,3.345181375506324e-10
9,2-back,F4,1,2.350711042246048e-10
9,2-back,F4,2,2.097489994575742e-10
9,2-back,F4,3,4.723076271747895e-11
9,2-back,F4,4,6.011949196907318e-10
9,2-back,F4,5,5.085006694798556e-10
9,2-back,F4,6,3.823719895585705e-10
9,2-back,F4,7,4.639649610374252e-10
9,2-back,F4,8,6.660817455815195e-10
9,2-back,F4,9,5.036297174008669e-10
9,2-back,F4,10,4.52378871083775e-10
9,2-back,F4,11,1.4581421185458434e-09
9,2-back,F4,12,5.438667509806955e-10
9,2-back,F4,13,1.282545392585463e-10
9,2-back,F4,14,5.607794699173815e-10
9,2-back,F4,15,6.262899420277359e-10
9,2-back,F4,16,2.9922714562839434e-10
9,2-back,F4,17,5.068902880411362e-10
9,2-back,F4,18,2.219356011696866e-10
9,2-back,F4,19,3.308047239588368e-10
9,2-back,F4,20,2.8204325257496123e-10
9,2-back,F4,21,1.686423562316497e-10
9,2-back,F4,22,4.5129917657498666e-10
9,2-back,F4,23,2.4653070782165164e-10
9,2-back,F4,24,3.838762056625134e-10
9,2-back,F4,25,4.517682745807273e-10
9,2-back,F4,26,3.370093495959661e-10
9,2-back,F4,27,5.082986975252549e-10
9,2-back,F4,28,1.1969127419861307e-10
9,2-back,F4,29,1.2122296760851258e-10
9,2-back,F4,30,5.341794146100604e-10
9,2-back,F4,31,2.847816580957001e-10
9,2-back,F4,32,6.161855833371311e-10
9,2-back,F4,33,1.266409443064598e-10
9,2-back,F4,34,1.9241389840271715e-10
9,2-back,F4,35,2.002421411665955e-10
9,2-back,F4,36,1.6977425528718887e-10
9,2-back,F4,37,3.100448520767737e-10
9,2-back,F4,38,2.3348984051023323e-10
9,2-back,F4,39,1.1017108502791111e-10
9,2-back,F4,40,1.4500108559620319e-10
9,2-back,F7,1,1.9935477918671254e-10
9,2-back,F7,2,1.2277587326721623e-10
9,2-back,F7,3,4.168253901907642e-11
9,2-back,F7,4,1.1092964042048134e-09
9,2-back,F7,5,8.855915298234807e-10
9,2-back,F7,6,2.2200678625538673e-10
9,2-back,F7,7,1.3984702715209004e-10
9,2-back,F7,8,7.26258937760869e-11
9,2-back,F7,9,1.4521367077914488e-10
9,2-back,F7,10,2.542265293657783e-10
9,2-back,F7,11,1.5419506278818998e-09
9,2-back,F7,12,3.826560594486458e-10
9,2-back,F7,13,2.2544055424326857e-10
9,2-back,F7,14,6.875399850107615e-10
9,2-back,F7,15,2.330192759448767e-10
9,2-back,F7,16,1.1498521051554896e-10
9,2-back,F7,17,6.29570956280178e-10
9,2-back,F7,18,1.2959366499113976e-10
9,2-back,F7,19,3.75858950473382e-10
9,2-back,F7,20,2.226211931724687e-10
9,2-back,F7,21,1.7914882010593404e-10
9,2-back,F7,22,1.2038748391169796e-10
9,2-back,F7,23,2.8238870012718346e-10
9,2-back,F7,24,2.8629477535137627e-10
9,2-back,F7,25,2.2840761592082657e-10
9,2-back,F7,26,6.902354600766204e-10
9,2-back,F7,27,3.3436172537915706e-10
9,2-back,F7,28,3.028807445295593e-10
9,2-back,F7,29,1.5732723791215519e-10
9,2-back,F7,30,5.53935340621643e-10
9,2-back,F7,31,1.0400943360140553e-10
9,2-back,F7,32,4.897595616692847e-10
9,2-back,F7,33,1.413370406012164e-10
9,2-back,F7,34,4.713912648232141e-10
9,2-back,F7,35,2.441847511518802e-10
9,2-back,F7,36,1.5193921488517731e-10
9,2-back,F7,37,2.1731065824028971e-10
9,2-back,F7,38,1.3687100663353472e-10
9,2-back,F7,39,4.7297413746298266e-11
9,2-back,F7,40,2.108288295895663e-10
9,2-back,F8,1,1.8727846615740133e-10
9,2-back,F8,2,1.5967442048457408e-10
9,2-back,F8,3,2.5424554020963833e-11
9,2-back,F8,4,8.553558006129144e-10
9,2-back,F8,5,8.059493677866973e-10
9,2-back,F8,6,3.055507221442872e-10
9,2-back,F8,7,2.785724579234682e-10
9,2-back,F8,8,2.04954526831256e-10
9,2-back,F8,9,2.986776978023547e-10
9,2-back,F8,10,2.1179741353107162e-10
9,2-back,F8,11,1.4348119279671185e-09
9,2-back,F8,12,3.7299851219344614e-10
9,2-back,F8,13,4.740735878401202e-11
9,2-back,F8,14,6.318767971509699e-10
9,2-back,F8,15,1.5831928706333023e-10
9,2-back,F8,16,1.4579735455964555e-10
9,2-back,F8,17,6.11320449298165e-10
9,2-back,F8,18,1.0803629696176585e-10
9,2-back,F8,19,5.494655799922347e-10
9,2-back,F8,20,3.862261288396554e-10
9,2-back,F8,21,7.38121429943372e-11
9,2-back,F8,22,2.885114775240481e-10
9,2-back,F8,23,1.7817542718746327e-10
9,2-back,F8,24,2.2807628961516608e-10
9,2-back,F8,25,1.2696922334404282e-10
9,2-back,F8,26,5.609118796946262e-10
9,2-back,F8,27,2.826066948103766e-10
9,2-back,F8,28,1.191744257353237e-10
9,2-back,F8,29,5.6990337160212033e-11
9,2-back,F8,30,2.980376799474378e-10
9,2-back,F8,31,9.3225878703416e-11
9,2-back,F8,32,5.589752712399568e-10
9,2-back,F8,33,6.435184967641032e-11
9,2-back,F8,34,2.412677771517651e-10
9,2-back,F8,35,7.154893776526087e-11
9,2-back,F8,36,1.9817639305705498e-10
9,2-back,F8,37,3.2804580772431764e-10
9,2-back,F8,38,1.9703758405116575e-10
9,2-back,F8,39,1.3537405083148978e-10
9,2-back,F8,40,1.0481037911288856e-10
9,2-back,Fz,1,2.5053484525937477e-10
9,2-back,Fz,2,1.2854790709638836e-10
9,2-back,Fz,3,1.2526791321661976e-10
9,2-back,Fz,4,4.542566218875357e-10
9,2-back,Fz,5,7.744946795449711e-10
9,2-back,Fz,6,4.5321141916201346e-10
9,2-back,Fz,7,4.68223968681974e-10
9,2-back,Fz,8,5.886706574976034e-10
9,2-back,Fz,9,5.952981331809288e-10
9,2-back,Fz,10,7.588713419336793e-10
9,2-back,Fz,11,1.5543458753641816e-09
9,2-back,Fz,12,4.170443877123861e-10
9,2-back,Fz,13,1.9452250484761165e-10
9,2-back,Fz,14,4.4488270439858094e-10
9,2-back,Fz,15,3.525999405087259e-10
9,2-back,Fz,16,2.686021964763727e-10
9,2-back,Fz,17,7.191735637206185e-10
9,2-back,Fz,18,1.6773228690077274e-10
9,2-back,Fz,19,5.825457156290912e-10
9,2-back,Fz,20,2.37541214950037e-10
9,2-back,Fz,21,3.483765659252855e-10
9,2-back,Fz,22,4.288322431992203e-10
9,2-back,Fz,23,4.5643478670944097e-10
9,2-back,Fz,24,3.412606095496544e-10
9,2-back,Fz,25,4.860634102825687e-10
9,2-back,Fz,26,4.999446910820528e-10
9,2-back,Fz,27,5.492097771521684e-10
9,2-back,Fz,28,1.4472319348168978e-10
9,2-back,Fz,29,7.776961842813109e-11
9,2-back,Fz,30,6.1655425436652e-10
9,2-back,Fz,31,1.2843147035508638e-10
9,2-back,Fz,32,8.887143707298357e-10
9,2-back,Fz,33,9.534859569821759e-11
9,2-back,Fz,34,3.1349252051081016e-10
9,2-back,Fz,35,2.70746176961045e-10
9,2-back,Fz,36,1.9848841829441556e-10
9,2-back,Fz,37,2.4539782632406225e-10
9,2-back,Fz,38,2.370907466314487e-10
9,2-back,Fz,39,1.0066500412331203e-10
9,2-back,Fz,40,1.1350379441287012e-10
9,3-back,F3,1,2.4830866727562923e-10
9,3-back,F3,2,3.803193838292043e-10
9,3-back,F3,3,6.288560216886734e-10
9,3-back,F3,4,2.6105872635812534e-10
9,3-back,F3,5,3.5516707911301453e-10
9,3-back,F3,6,2.876739010620879e-10
9,3-back,F3,7,3.8999006033492964e-10
9,3-back,F3,8,5.110153441357203e-10
9,3-back,F3,9,2.489725951351227e-10
9,3-back,F3,10,1.8698129699319378e-10
9,3-back,F3,11,4.434815418215924e-10
9,3-back,F3,12,6.72565616226375e-10
9,3-back,F3,13,3.358395149611039e-10
9,3-back,F3,14,1.620579170167117e-10
9,3-back,F3,15,4.0077660794811855e-10
9,3-back,F3,16,4.696443813045156e-10
9,3-back,F3,17,2.9975091213788965e-10
9,3-back,F3,18,5.0621333902230395e-11
9,3-back,F3,19,2.7553347922465473e-10
9,3-back,F3,20,1.7843306320701186e-10
9,3-back,F3,21,8.458159095370172e-11
9,3-back,F3,22,2.448786452739726e-10
9,3-back,F3,23,6.109862172379416e-10
9,3-back,F3,24,3.551094994483734e-10
9,3-back,F3,25,1.1922672990372716e-09
9,3-back,F3,26,2.589660873294874e-10
9,3-back,F3,27,2.4810739930800333e-09
9,3-back,F3,28,1.8553165293582208e-10
9,3-back,F3,29,2.359743820593302e-10
9,3-back,F3,30,1.0544269577699291e-10
9,3-back,F3,31,3.246646559898529e-10
9,3-back,F3,32,1.566183850391019e-10
9,3-back,F3,33,1.7881322775633043e-10
9,3-back,F3,34,8.27047191138006e-10
9,3-back,F3,35,1.6719788906513242e-09
9,3-back,F3,36,2.5672674601458177e-10
9,3-back,F3,37,2.386837639288048e-10
9,3-back,F3,38,5.20311688693364e-10
9,3-back,F3,39,2.854200385604326e-10
9,3-back,F3,40,5.617387419456948e-10
9,3-back,F3,41,2.7650093891272204e-10
9,3-back,F3,42,3.4927108637911925e-10
9,3-back,F3,43,6.089276251969874e-10
9,3-back,F3,44,1.5966979070050506e-10
9,3-back,F3,45,1.1040442723968142e-09
9,3-back,F3,46,3.6000496303367426e-10
9,3-back,F3,47,5.91704041593116e-10
9,3-back,F3,48,2.356254568963492e-10
9,3-back,F3,49,3.359891141521589e-10
9,3-back,F3,50,1.5515001885566346e-10
9,3-back,F3,51,2.5544964728632603e-10
9,3-back,F3,52,3.0501093325331347e-10
9,3-back,F3,53,2.3235732902029083e-10
9,3-back,F3,54,2.776370860581119e-10
9,3-back,F3,55,2.2482752478690569e-10
9,3-back,F3,56,2.8842472504531226e-10
9,3-back,F3,57,1.5905282220332159e-10
9,3-back,F3,58,6.244380516335814e-10
9,3-back,F3,59,2.353415453336697e-10
9,3-back,F3,60,6.684021348648862e-10
9,3-back,F3,61,2.1102345483221153e-10
9,3-back,F3,62,3.5367676046778284e-10
9,3-back,F3,63,3.058915910915372e-10
9,3-back,F3,64,3.4009641184733143e-10
9,3-back,F3,65,1.7858651216772633e-10
9,3-back,F4,1,1.6556385889703207e-10
9,3-back,F4,2,5.191099256374909e-10
9,3-back,F4,3,4.4754650635282165e-10
9,3-back,F4,4,1.965633636020662e-10
9,3-back,F4,5,3.471765541784757e-10
9,3-back,F4,6,3.530390366597354e-10
9,3-back,F4,7,3.7138734655514505e-10
9,3-back,F4,8,5.505996199446195e-10
9,3-back,F4,9,1.4168257135687372e-10
9,3-back,F4,10,1.9074426931415806e-10
9,3-back,F4,11,4.603938028146093e-10
9,3-back,F4,12,4.2560990890555036e-10
9,3-back,F4,13,3.348578995093208e-10
9,3-back,F4,14,6.861505541301434e-11
9,3-back,F4,15,3.830849082911838e-10
9,3-back,F4,16,8.044503822678375e-10
9,3-back,F4,17,4.981934757837437e-10
9,3-back,F4,18,1.2506430219255402e-10
9,3-back,F4,19,2.509327587317229e-10
9,3-back,F4,20,1.4071796830449219e-10
9,3-back,F4,21,8.884774355329104e-11
9,3-back,F4,22,1.458884960967582e-10
9,3-back,F4,23,6.174405373676084e-10
9,3-back,F4,24,2.893066274156501e-10
9,3-back,F4,25,1.1984072259279613e-09
9,3-back,F4,26,2.892386271080737e-10
9,3-back,F4,27,2.4016278636979185e-09
9,3-back,F4,28,1.2123965746877273e-10
9,3-back,F4,29,3.0334277292658945e-10
9,3-back,F4,30,8.444837263782524e-11
9,3-back,F4,31,2.4381850606461004e-10
9,3-back,F4,32,1.6085102741369647e-10
9,3-back,F4,33,2.9357506386753925e-10
9,3-back,F4,34,9.799793619413211e-10
9,3-back,F4,35,1.3280755370967321e-09
9,3-back,F4,36,1.2781755641361842e-10
9,3-back,F4,37,2.1272914467137558e-10
9,3-back,F4,38,6.920810902295148e-10
9,3-back,F4,39,2.2473085223744846e-10
9,3-back,F4,40,6.163759654986707e-10
9,3-back,F4,41,3.6755433915245506e-10
9,3-back,F4,42,1.9192344558067106e-10
9,3-back,F4,43,6.517475669241687e-10
9,3-back,F4,44,2.0638927235425097e-10
9,3-back,F4,45,1.183187739177501e-09
9,3-back,F4,46,7.301953262308173e-10
9,3-back,F4,47,5.282367129185929e-10
9,3-back,F4,48,1.2122167294311006e-10
9,3-back,F4,49,2.920049256974679e-10
9,3-back,F4,50,1.2942175527526168e-10
9,3-back,F4,51,1.3231848918342096e-10
9,3-back,F4,52,1.2027318643068814e-10
9,3-back,F4,53,1.5297093846875015e-10
9,3-back,F4,54,1.519296086626226e-10
9,3-back,F4,55,3.5319393002119426e-10
9,3-back,F4,56,2.473997257785249e-10
9,3-back,F4,57,8.916434247053424e-11
9,3-back,F4,58,3.317644381339482e-10
9,3-back,F4,59,3.492607606771106e-10
9,3-back,F4,60,9.077154273563598e-10
9,3-back,F4,61,1.154694783617645e-10
9,3-back,F4,62,2.774515337203571e-10
9,3-back,F4,63,6.937929362280991e-10
9,3-back,F4,64,5.051211071249375e-10
9,3-back,F4,65,1.1706650276832056e-10
9,3-back,F7,1,1.346712615639308e-10
9,3-back,F7,2,5.515818153653958e-10
9,3-back,F7,3,4.6554967139177e-10
9,3-back,F7,4,2.9647831290247276e-10
9,3-back,F7,5,6.481422158578633e-10
9,3-back,F7,6,3.7334763740458237e-10
9,3-back,F7,7,7.965098015140248e-10
9,3-back,F7,8,5.008156140245544e-10
9,3-back,F7,9,2.4197623559420804e-10
9,3-back,F7,10,1.219168883025418e-10
9,3-back,F7,11,7.154786605779148e-10
9,3-back,F7,12,1.706311107216916e-09
9,3-back,F7,13,8.947668171086281e-10
9,3-back,F7,14,2.681180822936474e-10
9,3-back,F7,15,7.200099192386729e-10
9,3-back,F7,16,1.284408901236501e-09
9,3-back,F7,17,3.4965617839791013e-10
9,3-back,F7,18,6.183025931329872e-11
9,3-back,F7,19,2.5014424917260477e-10
9,3-back,F7,20,1.2388200433900067e-10
9,3-back,F7,21,4.883089637953668e-11
9,3-back,F7,22,1.2956930853320415e-10
9,3-back,F7,23,7.439848711806446e-10
9,3-back,F7,24,1.3838834357870707e-10
9,3-back,F7,25,4.383610396175145e-10
9,3-back,F7,26,1.859622290457566e-10
9,3-back,F7,27,1.9372288851826177e-09
9,3-back,F7,28,2.7769567378487535e-10
9,3-back,F7,29,3.2982277459818927e-10
9,3-back,F7,30,2.1108939035523164e-10
9,3-back,F7,31,1.9779461235638637e-10
9,3-back,F7,32,1.298214636992251e-10
9,3-back,F7,33,1.3898356288973482e-10
9,3-back,F7,34,1.0176935223714234e-09
9,3-back,F7,35,1.8011494264423798e-09
9,3-back,F7,36,1.0869876043444033e-10
9,3-back,F7,37,2.358564184720395e-10
9,3-back,F7,38,2.2539100590087032e-10
9,3-back,F7,39,3.831116957642658e-10
9,3-back,F7,40,8.392751057891388e-10
9,3-back,F7,41,2.3437960262183704e-10
9,3-back,F7,42,1.0841534998014086e-10
9,3-back,F7,43,1.2440381733435903e-09
9,3-back,F7,44,2.5006345138197766e-10
9,3-back,F7,45,1.6522112052798231e-09
9,3-back,F7,46,5.997347099658816e-10
9,3-back,F7,47,3.288401628203475e-10
9,3-back,F7,48,2.766141711153622e-10
9,3-back,F7,49,1.3699748390159788e-10
9,3-back,F7,50,1.3517607040932108e-10
9,3-back,F7,51,1.2371433939379312e-10
9,3-back,F7,52,3.5978577529136253e-10
9,3-back,F7,53,9.948434034492151e-11
9,3-back,F7,54,1.3700608719498585e-10
9,3-back,F7,55,3.286798937195158e-10
9,3-back,F7,56,7.080606632252845e-11
9,3-back,F7,57,1.2424764379678594e-10
9,3-back,F7,58,3.4504203042401627e-10
9,3-back,F7,59,1.173967640460463e-10
9,3-back,F7,60,5.401811550417843e-10
9,3-back,F7,61,4.8685039054219086e-11
9,3-back,F7,62,1.996765459539217e-10
9,3-back,F7,63,2.020233334837e-10
9,3-back,F7,64,1.9005383767874558e-10
9,3-back,F7,65,1.4015466222128567e-10
9,3-back,F8,1,1.0632159812116971e-10
9,3-back,F8,2,5.47843032449276e-10
9,3-back,F8,3,7.070029169440707e-10
9,3-back,F8,4,4.055747373395386e-10
9,3-back,F8,5,2.919349097146778e-10
9,3-back,F8,6,5.609505674042832e-10
9,3-back,F8,7,5.587302688545795e-10
9,3-back,F8,8,3.9944908775311977e-10
9,3-back,F8,9,3.8659765347711995e-10
9,3-back,F8,10,9.41990585046676e-11
9,3-back,F8,11,1.0003519663155209e-09
9,3-back,F8,12,1.0165801991955508e-09
9,3-back,F8,13,4.815822364199542e-10
9,3-back,F8,14,7.404690770826674e-11
9,3-back,F8,15,1.2320826727265811e-09
9,3-back,F8,16,9.973072798955546e-10
9,3-back,F8,17,5.642011388807266e-10
9,3-back,F8,18,1.4697302085917184e-10
9,3-back,F8,19,1.3599487557904888e-10
9,3-back,F8,20,1.1850642426518456e-10
9,3-back,F8,21,7.434213603624503e-11
9,3-back,F8,22,1.6647977606352424e-10
9,3-back,F8,23,1.3423987356394645e-09
9,3-back,F8,24,7.7470274101686e-11
9,3-back,F8,25,4.4800529114803187e-10
9,3-back,F8,26,1.3814997624389621e-10
9,3-back,F8,27,2.008243982947598e-09
9,3-back,F8,28,2.697340603167421e-10
9,3-back,F8,29,4.353988179191016e-10
9,3-back,F8,30,1.5012844655998778e-10
9,3-back,F8,31,1.0558674198140074e-10
9,3-back,F8,32,5.52553492443877e-11
9,3-back,F8,33,1.7862368954206314e-10
9,3-back,F8,34,6.609989008904765e-10
9,3-back,F8,35,1.340673355947355e-09
9,3-back,F8,36,9.236711724569991e-11
9,3-back,F8,37,1.4343114813375684e-10
9,3-back,F8,38,5.242199403861521e-10
9,3-back,F8,39,3.0929913849457234e-10
9,3-back,F8,40,1.0596681923869388e-09
9,3-back,F8,41,4.905376401367165e-10
9,3-back,F8,42,9.540546158367642e-11
9,3-back,F8,43,9.962440699812503e-10
9,3-back,F8,44,2.890703828933555e-10
9,3-back,F8,45,2.1300108197697e-09
9,3-back,F8,46,1.3948494960041891e-09
9,3-back,F8,47,5.0381023866103e-10
9,3-back,F8,48,2.547433985857298e-10
9,3-back,F8,49,1.443636364178133e-10
9,3-back,F8,50,2.2504182308936935e-10
9,3-back,F8,51,9.182290847491815e-11
9,3-back,F8,52,6.716901728397755e-11
9,3-back,F8,53,1.5195775502394658e-10
9,3-back,F8,54,1.1504819022292194e-10
9,3-back,F8,55,3.78277649968549e-10
9,3-back,F8,56,8.719638361299161e-11
9,3-back,F8,57,1.1208622237978853e-10
9,3-back,F8,58,1.540680070438047e-10
9,3-back,F8,59,1.9407549886051978e-10
9,3-back,F8,60,7.623517284471737e-10
9,3-back,F8,61,6.100620943298997e-11
9,3-back,F8,62,2.3298729509095263e-10
9,3-back,F8,63,5.804186722641276e-10
9,3-back,F8,64,3.5333625512594973e-10
9,3-back,F8,65,1.4371960665297194e-10
9,3-back,Fz,1,2.794951416515844e-10
9,3-back,Fz,2,4.4122809260807504e-10
9,3-back,Fz,3,7.653711794982115e-10
9,3-back,Fz,4,3.30966175749962e-10
9,3-back,Fz,5,7.087773691768892e-10
9,3-back,Fz,6,4.4266925580591475e-10
9,3-back,Fz,7,5.23335676415625e-10
9,3-back,Fz,8,8.842457640516487e-10
9,3-back,Fz,9,1.9602672970025234e-10
9,3-back,Fz,10,1.4055968190719394e-10
9,3-back,Fz,11,7.193179677756496e-10
9,3-back,Fz,12,8.641850553485593e-10
9,3-back,Fz,13,5.138069764725186e-10
9,3-back,Fz,14,1.422074024151395e-10
9,3-back,Fz,15,6.37814899939366e-10
9,3-back,Fz,16,8.956470402043162e-10
9,3-back,Fz,17,5.257244613228311e-10
9,3-back,Fz,18,1.4866958196830827e-10
9,3-back,Fz,19,3.1531924275265347e-10
9,3-back,Fz,20,1.825226284904009e-10
9,3-back,Fz,21,1.3414282651948052e-10
9,3-back,Fz,22,2.187151473372656e-10
9,3-back,Fz,23,9.243314101051656e-10
9,3-back,Fz,24,2.293595459799224e-10
9,3-back,Fz,25,8.241687293181879e-10
9,3-back,Fz,26,2.197983728756017e-10
9,3-back,Fz,27,2.788350233407166e-09
9,3-back,Fz,28,1.7133324205140702e-10
9,3-back,Fz,29,4.0302223218441094e-10
9,3-back,Fz,30,1.447320837279023e-10
9,3-back,Fz,31,1.6645173886866443e-10
9,3-back,Fz,32,5.740659701370561e-11
9,3-back,Fz,33,2.2749440197633013e-10
9,3-back,Fz,34,9.253633627220234e-10
9,3-back,Fz,35,1.7638854473199669e-09
9,3-back,Fz,36,2.162594998653566e-10
9,3-back,Fz,37,1.3221527448807713e-10
9,3-back,Fz,38,4.782311636343694e-10
9,3-back,Fz,39,5.055778591159962e-10
9,3-back,Fz,40,7.431672790585817e-10
9,3-back,Fz,41,3.506091390368261e-10
9,3-back,Fz,42,1.3421628293257344e-10
9,3-back,Fz,43,1.0667723389793721e-09
9,3-back,Fz,44,1.7059012587102177e-10
9,3-back,Fz,45,1.4991441022191584e-09
9,3-back,Fz,46,5.396555454250586e-10
9,3-back,Fz,47,5.251445212740759e-10
9,3-back,Fz,48,2.1421344561920923e-10
9,3-back,Fz,49,1.6160496006557175e-10
9,3-back,Fz,50,2.111920323035424e-10
9,3-back,Fz,51,2.7332480332432925e-10
9,3-back,Fz,52,2.150386592673028e-10
9,3-back,Fz,53,1.9480045302021155e-10
9,3-back,Fz,54,2.9032792149484607e-10
9,3-back,Fz,55,4.0792066867586774e-10
9,3-back,Fz,56,1.7165422552378475e-10
9,3-back,Fz,57,1.144601696395518e-10
9,3-back,Fz,58,3.473593811362147e-10
9,3-back,Fz,59,1.5860363673363688e-10
9,3-back,Fz,60,8.409269508102692e-10
9,3-back,Fz,61,1.3629442088864225e-10
9,3-back,Fz,62,4.3133630725656563e-10
9,3-back,Fz,63,7.421931984417293e-10
9,3-back,Fz,64,3.9005510738155215e-10
9,3-back,Fz,65,1.5184502245310881e-10
9,4-back,F3,1,1.741909801270424e-10
9,4-back,F3,2,2.6212854326496296e-10
9,4-back,F3,3,3.165529601457763e-10
9,4-back,F3,4,3.416732349379296e-10
9,4-back,F3,5,2.2386716049982785e-10
9,4-back,F3,6,2.5993340241779496e-10
9,4-back,F3,7,5.037729153701901e-10
9,4-back,F3,8,2.296199696185979e-10
9,4-back,F3,9,1.6900737655038293e-10
9,4-back,F3,10,1.1121645071352919e-10
9,4-back,F3,11,2.799453172391963e-10
9,4-back,F3,12,1.8676052178448165e-10
9,4-back,F3,13,1.938422191222636e-10
9,4-back,F3,14,3.7931657140211613e-10
9,4-back,F3,15,2.8832491122113354e-10
9,4-back,F3,16,1.9776523618839064e-10
9,4-back,F3,17,1.6944654356236191e-10
9,4-back,F3,18,5.464462845239534e-10
9,4-back,F3,19,3.2171065409727183e-10
9,4-back,F3,20,3.976552734539961e-10
9,4-back,F3,21,3.4919361724688206e-10
9,4-back,F3,22,5.510726214709259e-10
9,4-back,F3,23,2.340451795737197e-10
9,4-back,F3,24,2.342808409801528e-10
9,4-back,F3,25,1.5677823472143227e-10
9,4-back,F3,26,3.216823929361817e-10
9,4-back,F3,27,6.024775957506884e-10
9,4-back,F3,28,5.439172919440234e-10
9,4-back,F3,29,4.346828884465095e-10
9,4-back,F3,30,3.936421498987656e-10
9,4-back,F3,31,1.7849013044586897e-10
9,4-back,F3,32,1.8707251383938572e-10
9,4-back,F3,33,3.735586052951843e-10
9,4-back,F3,34,1.0045401946901305e-10
9,4-back,F3,35,1.9720795321697763e-10
9,4-back,F3,36,2.741072766342701e-10
9,4-back,F3,37,3.1488957476983483e-10
9,4-back,F3,38,2.6458485037441366e-10
9,4-back,F3,39,2.013321776214788e-10
9,4-back,F3,40,3.641594840085269e-10
9,4-back,F3,41,2.33200692672336e-10
9,4-back,F3,42,2.042338322785915e-10
9,4-back,F3,43,3.810271964213679e-10
9,4-back,F3,44,3.0361731255376897e-10
9,4-back,F3,45,3.387106517438585e-10
9,4-back,F3,46,2.1556851958416647e-10
9,4-back,F3,47,5.50265346573789e-10
9,4-back,F3,48,1.0524780687982786e-09
9,4-back,F3,49,4.0221091507382085e-10
9,4-back,F3,50,1.484223237997808e-10
9,4-back,F3,51,1.8979053137166347e-10
9,4-back,F3,52,4.023772202922394e-10
9,4-back,F3,53,6.817061234213016e-10
9,4-back,F3,54,2.716036387922294e-10
9,4-back,F4,1,2.3614720280406653e-10
9,4-back,F4,2,2.1503684030158703e-10
9,4-back,F4,3,3.063725251989278e-10
9,4-back,F4,4,3.474814018247547e-10
9,4-back,F4,5,2.41062110056981e-10
9,4-back,F4,6,1.7215072334767402e-10
9,4-back,F4,7,4.310096215582661e-10
9,4-back,F4,8,1.2828318136601004e-10
9,4-back,F4,9,2.404155001517944e-10
9,4-back,F4,10,1.512892102489794e-10
9,4-back,F4,11,2.5468453085552924e-10
9,4-back,F4,12,3.346533076784463e-10
9,4-back,F4,13,2.6435471994196197e-10
9,4-back,F4,14,7.566225634958746e-10
9,4-back,F4,15,2.713248439240647e-10
9,4-back,F4,16,3.1599306273879836e-10
9,4-back,F4,17,4.1424838102752703e-10
9,4-back,F4,18,3.9283693368967803e-10
9,4-back,F4,19,1.8335707825840932e-10
9,4-back,F4,20,4.397468830239196e-10
9,4-back,F4,21,2.7863712991966806e-10
9,4-back,F4,22,3.998065427788971e-10
9,4-back,F4,23,9.662415425988707e-11
9,4-back,F4,24,3.7330374862350306e-10
9,4-back,F4,25,2.5769515126781373e-10
9,4-back,F4,26,1.3278359786711222e-10
9,4-back,F4,27,5.894332764496149e-10
9,4-back,F4,28,5.853990118918144e-10
9,4-back,F4,29,3.854529872393986e-10
9,4-back,F4,30,4.837982835198879e-10
9,4-back,F4,31,2.0832313719453608e-10
9,4-back,F4,32,1.949087201004375e-10
9,4-back,F4,33,4.0875769167231496e-10
9,4-back,F4,34,1.1884641346692647e-10
9,4-back,F4,35,1.7047812692465116e-10
9,4-back,F4,36,5.20919880639787e-10
9,4-back,F4,37,8.161369092975939e-10
9,4-back,F4,38,4.237344109284767e-10
9,4-back,F4,39,2.118800761088049e-10
9,4-back,F4,40,5.26481554877106e-10
9,4-back,F4,41,2.995865477491924e-10
9,4-back,F4,42,2.170935281840009e-10
9,4-back,F4,43,3.654342864632979e-10
9,4-back,F4,44,2.467515702243088e-10
9,4-back,F4,45,5.351918759633556e-10
9,4-back,F4,46,1.4763201587818983e-10
9,4-back,F4,47,4.681030763098546e-10
9,4-back,F4,48,6.29435227411629e-10
9,4-back,F4,49,2.338158260766884e-10
9,4-back,F4,50,2.2469941683966833e-10
9,4-back,F4,51,1.8152115952786038e-10
9,4-back,F4,52,2.335569575975021e-10
9,4-back,F4,53,4.1923092902677705e-10
9,4-back,F4,54,2.798442722551164e-10
9,4-back,F7,1,8.392440941315894e-11
9,4-back,F7,2,2.164288035942187e-10
9,4-back,F7,3,8.593835934491723e-11
9,4-back,F7,4,9.428937176544879e-11
9,4-back,F7,5,6.099764984744322e-11
9,4-back,F7,6,2.0111535972086954e-10
9,4-back,F7,7,2.233113674568604e-10
9,4-back,F7,8,1.366790194485007e-10
9,4-back,F7,9,1.9038783933425156e-10
9,4-back,F7,10,1.1297777854896259e-10
9,4-back,F7,11,1.7036114500781833e-10
9,4-back,F7,12,1.0346430276410087e-10
9,4-back,F7,13,2.4857719971477005e-10
9,4-back,F7,14,8.861098721316315e-11
9,4-back,F7,15,1.0200097714282032e-10
9,4-back,F7,16,2.271537946118396e-10
9,4-back,F7,17,9.358877581187625e-11
9,4-back,F7,18,1.892529488935303e-10
9,4-back,F7,19,4.1579097315339876e-10
9,4-back,F7,20,2.9804663437674e-10
9,4-back,F7,21,2.676852516951917e-10
9,4-back,F7,22,1.6087435533806295e-10
9,4-back,F7,23,2.814267364144788e-10
9,4-back,F7,24,4.3484123412503253e-10
9,4-back,F7,25,3.690389641899177e-10
9,4-back,F7,26,1.585607073370862e-10
9,4-back,F7,27,3.714000123072458e-10
9,4-back,F7,28,1.4266232042845246e-10
9,4-back,F7,29,2.7531051070006803e-10
9,4-back,F7,30,1.3055065880053015e-10
9,4-back,F7,31,5.730686357845845e-11
9,4-back,F7,32,9.277837527100637e-11
9,4-back,F7,33,2.8982230121822973e-10
9,4-back,F7,34,1.5280434219039246e-10
9,4-back,F7,35,2.061012103093187e-10
9,4-back,F7,36,1.1773852464950842e-10
9,4-back,F7,37,1.8614415245057462e-10
9,4-back,F7,38,9.580572102375657e-11
9,4-back,F7,39,1.430370145625555e-10
9,4-back,F7,40,3.8700745862861e-10
9,4-back,F7,41,1.351546230287202e-10
9,4-back,F7,42,7.703217161803628e-11
9,4-back,F7,43,1.5780804870777513e-10
9,4-back,F7,44,1.2169766580237568e-10
9,4-back,F7,45,3.3449866133695854e-10
9,4-back,F7,46,1.59669763882123e-10
9,4-back,F7,47,2.860125423232732e-10
9,4-back,F7,48,4.105530722293067e-10
9,4-back,F7,49,2.0799319546818204e-10
9,4-back,F7,50,2.613812380362623e-10
9,4-back,F7,51,8.040433087230642e-11
9,4-back,F7,52,1.4925086658800873e-10
9,4-back,F7,53,3.3200904386890125e-10
9,4-back,F7,54,1.5099465537416478e-10
9,4-back,F8,1,3.076175719658581e-10
9,4-back,F8,2,1.067583733280361e-10
9,4-back,F8,3,2.681362661731391e-10
9,4-back,F8,4,2.089397492940894e-10
9,4-back,F8,5,1.53442316731536e-10
9,4-back,F8,6,1.6708528112978032e-10
9,4-back,F8,7,3.3275314577661663e-10
9,4-back,F8,8,1.3347632950878606e-10
9,4-back,F8,9,1.9117161286936183e-10
9,4-back,F8,10,8.301379892504766e-11
9,4-back,F8,11,1.5793135058440055e-10
9,4-back,F8,12,9.561827792418809e-11
9,4-back,F8,13,1.748415856342057e-10
9,4-back,F8,14,3.5613016736378513e-10
9,4-back,F8,15,1.4996468035188308e-10
9,4-back,F8,16,1.905190740164537e-10
9,4-back,F8,17,2.9339039149779945e-10
9,4-back,F8,18,1.234906034982655e-10
9,4-back,F8,19,1.8020236810958275e-10
9,4-back,F8,20,2.209683848436461e-10
9,4-back,F8,21,1.2589624783801821e-10
9,4-back,F8,22,9.17841186431019e-11
9,4-back,F8,23,1.5025875298715466e-10
9,4-back,F8,24,4.942665349501703e-10
9,4-back,F8,25,1.984963027978151e-10
9,4-back,F8,26,1.0353591821064115e-10
9,4-back,F8,27,4.6323471140100816e-10
9,4-back,F8,28,1.64540121862826e-10
9,4-back,F8,29,3.1114283578719795e-10
9,4-back,F8,30,2.337215887456648e-10
9,4-back,F8,31,1.1112552305616268e-10
9,4-back,F8,32,1.2860393003230583e-10
9,4-back,F8,33,3.264894820013928e-10
9,4-back,F8,34,1.0966116247404873e-10
9,4-back,F8,35,1.3641872646879536e-10
9,4-back,F8,36,3.1843501604516557e-10
9,4-back,F8,37,2.994440805851543e-10
9,4-back,F8,38,2.4318850980956777e-10
9,4-back,F8,39,1.7243778458986662e-10
9,4-back,F8,40,3.0664983880123314e-10
9,4-back,F8,41,2.5196342594166156e-10
9,4-back,F8,42,5.031435404198664e-11
9,4-back,F8,43,1.9103990374777504e-10
9,4-back,F8,44,1.7866396870063113e-10
9,4-back,F8,45,3.8810957183960937e-10
9,4-back,F8,46,8.220183047588562e-11
9,4-back,F8,47,2.817071757577951e-10
9,4-back,F8,48,5.287461173586714e-10
9,4-back,F8,49,1.1313374313081758e-10
9,4-back,F8,50,1.4228348303669244e-10
9,4-back,F8,51,8.836694344741548e-11
9,4-back,F8,52,1.04398601565763e-10
9,4-back,F8,53,2.910391492048117e-10
9,4-back,F8,54,1.914419598019649e-10
9,4-back,Fz,1,2.9734112207275554e-10
9,4-back,Fz,2,1.3279250228522973e-10
9,4-back,Fz,3,5.752652835948486e-10
9,4-back,Fz,4,3.5405293034700274e-10
9,4-back,Fz,5,3.2713279290929814e-10
9,4-back,Fz,6,1.982117999617875e-10
9,4-back,Fz,7,3.36871897313912e-10
9,4-back,Fz,8,1.446277772118052e-10
9,4-back,Fz,9,2.7797118564792616e-10
9,4-back,Fz,10,2.1964676553431377e-10
9,4-back,Fz,11,4.181280334879531e-10
9,4-back,Fz,12,2.9476946741682064e-10
9,4-back,Fz,13,1.651699183251173e-10
9,4-back,Fz,14,5.888224662618564e-10
9,4-back,Fz,15,3.049265752828784e-10
9,4-back,Fz,16,3.2721609386448865e-10
9,4-back,Fz,17,1.9193668669423513e-10
9,4-back,Fz,18,3.170673739408018e-10
9,4-back,Fz,19,3.485435193292533e-10
9,4-back,Fz,20,6.626599995907429e-10
9,4-back,Fz,21,4.219589600429721e-10
9,4-back,Fz,22,4.869741169465898e-10
9,4-back,Fz,23,7.536462814123593e-11
9,4-back,Fz,24,3.3452749464589183e-10
9,4-back,Fz,25,1.8939485153644205e-10
9,4-back,Fz,26,4.1313507345860235e-10
9,4-back,Fz,27,3.3952692831493604e-10
9,4-back,Fz,28,5.111162572822309e-10
9,4-back,Fz,29,4.593736581971471e-10
9,4-back,Fz,30,7.548830349441653e-10
9,4-back,Fz,31,4.0667420622511624e-10
9,4-back,Fz,32,1.8942485277111593e-10
9,4-back,Fz,33,5.249104580105688e-10
9,4-back,Fz,34,1.4694057272995422e-10
9,4-back,Fz,35,1.2300868148957946e-10
9,4-back,Fz,36,4.0925820935934777e-10
9,4-back,Fz,37,4.675726644801963e-10
9,4-back,Fz,38,4.860567195501417e-10
9,4-back,Fz,39,3.5215157651911e-10
9,4-back,Fz,40,6.941136921365746e-10
9,4-back,Fz,41,3.6737341365554293e-10
9,4-back,Fz,42,2.3086040420917396e-10
9,4-back,Fz,43,3.7825394440311366e-10
9,4-back,Fz,44,1.9609171516432515e-10
9,4-back,Fz,45,3.9521960595938186e-10
9,4-back,Fz,46,3.890847453183229e-10
9,4-back,Fz,47,6.110877429676992e-10
9,4-back,Fz,48,1.2206014881972808e-09
9,4-back,Fz,49,3.594787270197195e-10
9,4-back,Fz,50,2.9372789233197103e-10
9,4-back,Fz,51,2.8013433579002864e-10
9,4-back,Fz,52,4.399584346111915e-10
9,4-back,Fz,53,9.707271582858605e-10
9,4-back,Fz,54,4.5174475801239815e-10
10,1-back,F3,1,1.4502498368876933e-10
10,1-back,F3,2,2.2504862062177605e-09
10,1-back,F3,3,5.767672432051842e-10
10,1-back,F3,4,1.3160960656335903e-09
10,1-back,F3,5,4.945924555940095e-11
10,1-back,F3,6,4.454875876945711e-11
10,1-back,F3,7,9.752483345505538e-11
10,1-back,F3,8,9.452883620007181e-11
10,1-back,F3,9,3.1397924381779624e-10
10,1-back,F3,10,1.2619741782477283e-10
10,1-back,F3,11,8.785002907141931e-11
10,1-back,F3,12,1.0586296469185155e-10
10,1-back,F3,13,1.369517846799734e-10
10,1-back,F3,14,1.135005755742699e-10
10,1-back,F3,15,2.464495282417187e-10
10,1-back,F3,16,2.747398960605597e-10
10,1-back,F3,17,1.4941934270906174e-10
10,1-back,F3,18,8.613526767874852e-11
10,1-back,F3,19,1.1604402240895431e-10
10,1-back,F3,20,1.193326821226365e-10
10,1-back,F3,21,2.827559510089849e-10
10,1-back,F3,22,2.4132302938051116e-10
10,1-back,F3,23,1.029450022092163e-10
10,1-back,F3,24,9.079671159530706e-11
10,1-back,F3,25,1.2280014278104904e-09
10,1-back,F3,26,2.4189990561853914e-10
10,1-back,F3,27,1.0580186316935318e-10
10,1-back,F3,28,7.56202716660756e-11
10,1-back,F3,29,2.795980116955294e-10
10,1-back,F3,30,8.666362274292726e-11
10,1-back,F3,31,6.162597009334484e-11
10,1-back,F4,1,7.148542566036591e-11
10,1-back,F4,2,1.3314750222262855e-09
10,1-back,F4,3,2.467134267085035e-10
10,1-back,F4,4,6.189940483328803e-10
10,1-back,F4,5,6.404915154924642e-11
10,1-back,F4,6,2.6810412274676038e-11
10,1-back,F4,7,9.994318100167809e-11
10,1-back,F4,8,1.0290010674004362e-10
10,1-back,F4,9,2.296630361674531e-10
10,1-back,F4,10,1.1007673353899889e-10
10,1-back,F4,11,8.720149102508263e-11
10,1-back,F4,12,9.84976996849101e-11
10,1-back,F4,13,4.5525605501910015e-11
10,1-back,F4,14,1.5670520145683873e-10
10,1-back,F4,15,1.3735472410614372e-10
10,1-back,F4,16,1.5839994167067988e-10
10,1-back,F4,17,1.1601904956231122e-10
10,1-back,F4,18,1.323190591312334e-10
10,1-back,F4,19,4.082599937814947e-11
10,1-back,F4,20,1.7545136738241903e-10
10,1-back,F4,21,1.8178641049614483e-10
10,1-back,F4,22,8.570621288086261e-11
10,1-back,F4,23,2.1334046810032664e-10
10,1-back,F4,24,5.335712593533941e-11
10,1-back,F4,25,6.381530424425352e-10
10,1-back,F4,26,1.4589425086300419e-10
10,1-back,F4,27,1.0467740240435082e-10
10,1-back,F4,28,8.53873574264493e-11
10,1-back,F4,29,1.3531145965372696e-10
10,1-back,F4,30,4.481785959369201e-11
10,1-back,F4,31,3.7849744682514205e-11
10,1-back,F7,1,6.55955072701062e-11
10,1-back,F7,2,2.844272834973774e-09
10,1-back,F7,3,1.4657664239457561e-09
10,1-back,F7,4,2.3448725786403193e-09
10,1-back,F7,5,4.572204040048887e-11
10,1-back,F7,6,6.71370217323366e-11
10,1-back,F7,7,5.610033212838624e-11
10,1-back,F7,8,1.0565853038365269e-10
10,1-back,F7,9,2.163275502615984e-10
10,1-back,F7,10,1.5960786993321236e-10
10,1-back,F7,11,9.611634585895167e-11
10,1-back,F7,12,7.186754478434758e-11
10,1-back,F7,13,1.0899105190679903e-10
10,1-back,F7,14,5.8046079375733714e-11
10,1-back,F7,15,9.285359700297904e-11
10,1-back,F7,16,1.793394861451699e-10
10,1-back,F7,17,2.2134327813985212e-10
10,1-back,F7,18,2.413703188784528e-11
10,1-back,F7,19,1.2115810224802845e-10
10,1-back,F7,20,1.2283327551846545e-10
10,1-back,F7,21,5.521026713136322e-11
10,1-back,F7,22,2.441318703456132e-10
10,1-back,F7,23,3.084537725643105e-11
10,1-back,F7,24,7.652061452635996e-11
10,1-back,F7,25,2.4980959747801427e-09
10,1-back,F7,26,9.47722783442819e-11
10,1-back,F7,27,4.4580494949508615e-11
10,1-back,F7,28,7.0546652987062e-11
10,1-back,F7,29,9.824476969460007e-10
10,1-back,F7,30,9.878998822118651e-11
10,1-back,F7,31,4.5250582714890636e-11
10,1-back,F8,1,6.707790882494085e-11
10,1-back,F8,2,1.8285770838132804e-09
10,1-back,F8,3,3.7217914126001015e-10
10,1-back,F8,4,9.357002826703235e-10
10,1-back,F8,5,5.66516813808204e-11
10,1-back,F8,6,2.4154769307988563e-11
10,1-back,F8,7,6.77485594089063e-11
10,1-back,F8,8,6.315716428152346e-11
10,1-back,F8,9,2.0969506637300737e-10
10,1-back,F8,10,6.88409631351126e-11
10,1-back,F8,11,9.38496056339683e-11
10,1-back,F8,12,8.021457286510548e-11
10,1-back,F8,13,6.31065668702951e-11
10,1-back,F8,14,1.6751509980855308e-10
10,1-back,F8,15,1.291881517582427e-10
10,1-back,F8,16,1.0524099023651272e-10
10,1-back,F8,17,1.2261723222553826e-10
10,1-back,F8,18,1.1413938011020704e-10
10,1-back,F8,19,3.566893727314635e-11
10,1-back,F8,20,1.3324115918082194e-10
10,1-back,F8,21,1.4589782673770214e-10
10,1-back,F8,22,1.3040299980388464e-10
10,1-back,F8,23,1.0913820538113607e-10
10,1-back,F8,24,6.063857153640056e-11
10,1-back,F8,25,9.801455043181396e-10
10,1-back,F8,26,1.842838088967713e-10
10,1-back,F8,27,6.027791429003053e-11
10,1-back,F8,28,6.220159580707002e-11
10,1-back,F8,29,2.843712892833733e-10
10,1-back,F8,30,8.117323763531859e-11
10,1-back,F8,31,1.5233185415957644e-11
10,1-back,Fz,1,1.3919138165685777e-10
10,1-back,Fz,2,2.362320922108632e-09
10,1-back,Fz,3,3.74694067868242e-10
10,1-back,Fz,4,1.1049969185054403e-09
10,1-back,Fz,5,9.948042337442047e-11
10,1-back,Fz,6,5.029302749452893e-11
10,1-back,Fz,7,1.1443389238158029e-10
10,1-back,Fz,8,9.785908549679172e-11
10,1-back,Fz,9,2.866518463451409e-10
10,1-back,Fz,10,1.2515091393398147e-10
10,1-back,Fz,11,1.0219004391652039e-10
10,1-back,Fz,12,1.2791170171625832e-10
10,1-back,Fz,13,1.5600872302325079e-10
10,1-back,Fz,14,2.464270862410722e-10
10,1-back,Fz,15,2.1263931596289122e-10
10,1-back,Fz,16,2.9560215856115675e-10
10,1-back,Fz,17,1.2049447736571713e-10
10,1-back,Fz,18,1.7650079397708466e-10
10,1-back,Fz,19,9.646555363356373e-11
10,1-back,Fz,20,1.2025552570049868e-10
10,1-back,Fz,21,3.1661542113917924e-10
10,1-back,Fz,22,2.3579039772023294e-10
10,1-back,Fz,23,1.3626816902469502e-10
10,1-back,Fz,24,1.024112073193046e-10
10,1-back,Fz,25,1.1628409018567725e-09
10,1-back,Fz,26,4.345230364700219e-10
10,1-back,Fz,27,6.31658321791647e-11
10,1-back,Fz,28,9.102762568956158e-11
10,1-back,Fz,29,3.563476721228517e-10
10,1-back,Fz,30,7.482374367833157e-11
10,1-back,Fz,31,5.452037616749734e-11
10,2-back,F3,1,1.8363000703772443e-10
10,2-back,F3,2,4.3517556925036287e-10
10,2-back,F3,3,2.4206491570285533e-10
10,2-back,F3,4,7.329783065370609e-10
10,2-back,F3,5,5.596352730063063e-10
10,2-back,F3,6,1.7859615402777163e-10
10,2-back,F3,7,6.905300268556627e-10
10,2-back,F3,8,2.6754319503588723e-10
10,2-back,F3,9,4.6118448329215894e-10
10,2-back,F3,10,1.0384047638227482e-10
10,2-back,F3,11,2.0685546066750326e-10
10,2-back,F3,12,1.7723578276827923e-10
10,2-back,F3,13,2.6138704473464463e-10
10,2-back,F3,14,5.081286247102508e-10
10,2-back,F3,15,3.619346395946421e-10
10,2-back,F3,16,1.3391881093886663e-10
10,2-back,F3,17,2.349151533265389e-10
10,2-back,F3,18,6.782387455059e-11
10,2-back,F3,19,1.289079976749736e-10
10,2-back,F3,20,1.633597755773903e-10
10,2-back,F3,21,9.420606793441443e-11
10,2-back,F3,22,6.792026647191993e-10
10,2-back,F3,23,7.276464936572958e-10
10,2-back,F3,24,9.04512985257173e-10
10,2-back,F3,25,1.2538002115153896e-10
10,2-back,F3,26,1.1465906269744403e-09
10,2-back,F3,27,1.3126780823502662e-10
10,2-back,F3,28,3.9700533649666215e-10
10,2-back,F3,29,4.889733370384223e-10
10,2-back,F3,30,6.785114080139419e-10
10,2-back,F3,31,1.164376354144831e-09
10,2-back,F3,32,2.9874118826420694e-11
10,2-back,F3,33,1.7192890193862707e-10
10,2-back,F3,34,2.301598517975121e-10
10,2-back,F3,35,6.158933127311003e-10
10,2-back,F3,36,9.233637278873167e-11
10,2-back,F3,37,4.50143056422245e-10
10,2-back,F4,1,1.0580221064540725e-10
10,2-back,F4,2,2.1009875281541242e-10
10,2-back,F4,3,1.3809462547765264e-10
10,2-back,F4,4,4.116232909477421e-10
10,2-back,F4,5,2.1929234255117828e-10
10,2-back,F4,6,1.5320680012721955e-10
10,2-back,F4,7,2.2503578875314012e-10
10,2-back,F4,8,2.1319954559394074e-10
10,2-back,F4,9,2.469774839952559e-10
10,2-back,F4,10,2.3871234274969836e-10
10,2-back,F4,11,1.3998794765363115e-10
10,2-back,F4,12,1.2278453833457655e-10
10,2-back,F4,13,1.0553580420701357e-10
10,2-back,F4,14,2.7824951364544507e-10
10,2-back,F4,15,1.9416877266826588e-10
10,2-back,F4,16,1.1237431752671299e-10
10,2-back,F4,17,2.081975533098567e-10
10,2-back,F4,18,5.114683637293334e-11
10,2-back,F4,19,8.118373925363302e-11
10,2-back,F4,20,1.3684612531013403e-10
10,2-back,F4,21,9.303078999561614e-11
10,2-back,F4,22,3.609308120759782e-10
10,2-back,F4,23,3.3747885697979954e-10
10,2-back,F4,24,4.5024148608201773e-10
10,2-back,F4,25,1.179564980867567e-10
10,2-back,F4,26,5.422622029982368e-10
10,2-back,F4,27,7.428319732548066e-11
10,2-back,F4,28,1.6375535046726528e-10
10,2-back,F4,29,2.8691728372894034e-10
10,2-back,F4,30,4.5761224492041003e-10
10,2-back,F4,31,6.448377340618477e-10
10,2-back,F4,32,6.07847905105378e-11
10,2-back,F4,33,1.8362205866387817e-10
10,2-back,F4,34,1.0602778377994717e-10
10,2-back,F4,35,3.151085694982636e-10
10,2-back,F4,36,1.1538914266808942e-10
10,2-back,F4,37,2.2714630984691228e-10
10,2-back,F7,1,1.5644980240508078e-10
10,2-back,F7,2,7.4077696427435e-10
10,2-back,F7,3,2.117918249984904e-10
10,2-back,F7,4,2.0648444943556205e-09
10,2-back,F7,5,1.7042408973859142e-09
10,2-back,F7,6,6.945160002586487e-11
10,2-back,F7,7,1.5742384447900236e-09
10,2-back,F7,8,3.3387677953370124e-10
10,2-back,F7,9,3.8290518729096907e-10
10,2-back,F7,10,6.088254501701464e-11
10,2-back,F7,11,3.196584411406949e-10
10,2-back,F7,12,1.384427021512012e-10
10,2-back,F7,13,2.653485391101403e-10
10,2-back,F7,14,1.4072296330370984e-09
10,2-back,F7,15,4.495181725536836e-10
10,2-back,F7,16,3.3133288014579554e-11
10,2-back,F7,17,2.180116571857163e-10
10,2-back,F7,18,5.979226553627889e-11
10,2-back,F7,19,1.3613994286643815e-10
10,2-back,F7,20,2.107071900629798e-10
10,2-back,F7,21,5.2918076184560135e-11
10,2-back,F7,22,1.9052268694697743e-09
10,2-back,F7,23,1.4535487773938895e-09
10,2-back,F7,24,1.6409494224942108e-09
10,2-back,F7,25,6.728585908434757e-11
10,2-back,F7,26,2.2834446542807395e-09
10,2-back,F7,27,7.254743143535602e-11
10,2-back,F7,28,6.637054128274987e-10
10,2-back,F7,29,4.0172572402843987e-10
10,2-back,F7,30,1.667957804651531e-09
10,2-back,F7,31,1.5913525375701702e-09
10,2-back,F7,32,8.71322315435795e-11
10,2-back,F7,33,1.859635919761499e-10
10,2-back,F7,34,2.816967495259691e-10
10,2-back,F7,35,8.330321653728973e-10
10,2-back,F7,36,7.281684165426364e-11
10,2-back,F7,37,1.8789652502636134e-10
10,2-back,F8,1,9.051014472128791e-11
10,2-back,F8,2,3.574652406227003e-10
10,2-back,F8,3,1.076473849407073e-10
10,2-back,F8,4,6.07768259846885e-10
10,2-back,F8,5,4.887330753122702e-10
10,2-back,F8,6,1.4596416418158908e-10
10,2-back,F8,7,4.3989496199059917e-10
10,2-back,F8,8,2.467408823841606e-10
10,2-back,F8,9,2.0735252995107807e-10
10,2-back,F8,10,1.485347451275863e-10
10,2-back,F8,11,2.0049070043063564e-10
10,2-back,F8,12,8.941713557476405e-11
10,2-back,F8,13,1.587883723121568e-10
10,2-back,F8,14,5.370134363425003e-10
10,2-back,F8,15,2.0972335702098864e-10
10,2-back,F8,16,7.208791159843717e-11
10,2-back,F8,17,1.7247647074517157e-10
10,2-back,F8,18,7.260984847911655e-11
10,2-back,F8,19,9.214095638283889e-11
10,2-back,F8,20,1.481448664949204e-10
10,2-back,F8,21,1.0338966434382074e-10
10,2-back,F8,22,6.014605669439603e-10
10,2-back,F8,23,5.17990110539103e-10
10,2-back,F8,24,6.487478571710072e-10
10,2-back,F8,25,8.899037787761627e-11
10,2-back,F8,26,9.409735326900485e-10
10,2-back,F8,27,5.193407005278748e-11
10,2-back,F8,28,2.2525241038078182e-10
10,2-back,F8,29,2.722563579571206e-10
10,2-back,F8,30,7.405711174370002e-10
10,2-back,F8,31,9.395737317383382e-10
10,2-back,F8,32,4.747455333233304e-11
10,2-back,F8,33,1.6795189621193955e-10
10,2-back,F8,34,1.611836177331037e-10
10,2-back,F8,35,5.213875821564918e-10
10,2-back,F8,36,1.1247348845590808e-10
10,2-back,F8,37,3.034811303687424e-10
10,2-back,Fz,1,1.332201032408836e-10
10,2-back,Fz,2,5.31429740270888e-10
10,2-back,Fz,3,2.4274535036112615e-10
10,2-back,Fz,4,7.472150112132134e-10
10,2-back,Fz,5,4.760773484270965e-10
10,2-back,Fz,6,2.122954565061137e-10
10,2-back,Fz,7,4.939279755972066e-10
10,2-back,Fz,8,3.346991810361771e-10
10,2-back,Fz,9,4.09795512247172e-10
10,2-back,Fz,10,2.0408944854281715e-10
10,2-back,Fz,11,2.105902872627654e-10
10,2-back,Fz,12,1.9827569199527337e-10
10,2-back,Fz,13,2.9658976940041107e-10
10,2-back,Fz,14,5.087090254471195e-10
10,2-back,Fz,15,3.9658099221027194e-10
10,2-back,Fz,16,1.1450144002134772e-10
10,2-back,Fz,17,2.4967330938637244e-10
10,2-back,Fz,18,1.4389956567650516e-10
10,2-back,Fz,19,7.524065568310107e-11
10,2-back,Fz,20,1.4906652574765253e-10
10,2-back,Fz,21,1.1909794671881093e-10
10,2-back,Fz,22,7.299724658015299e-10
10,2-back,Fz,23,7.259321593142935e-10
10,2-back,Fz,24,5.647730210570993e-10
10,2-back,Fz,25,1.7097754995882197e-10
10,2-back,Fz,26,1.264823908228866e-09
10,2-back,Fz,27,5.830808731674045e-11
10,2-back,Fz,28,3.1976700195995183e-10
10,2-back,Fz,29,5.67756264182197e-10
10,2-back,Fz,30,7.708211835786358e-10
10,2-back,Fz,31,1.2687581316671772e-09
10,2-back,Fz,32,5.091856310453819e-11
10,2-back,Fz,33,2.1296720168073575e-10
10,2-back,Fz,34,2.828049752327057e-10
10,2-back,Fz,35,7.365222662828902e-10
10,2-back,Fz,36,9.807566598342312e-11
10,2-back,Fz,37,5.222511383180308e-10
10,3-back,F3,1,1.0263883138580246e-10
10,3-back,F3,2,2.1993251943455793e-09
10,3-back,F3,3,1.8478936725461719e-09
10,3-back,F3,4,6.76825676777046e-11
10,3-back,F3,5,5.729790328780445e-10
10,3-back,F3,6,1.7499422872377692e-09
10,3-back,F3,7,3.8381414710652084e-10
10,3-back,F3,8,4.540646020187327e-10
10,3-back,F3,9,5.060938448371249e-10
10,3-back,F3,10,1.5730941518372842e-10
10,3-back,F3,11,1.2114993287298444e-09
10,3-back,F3,12,1.368686503567553e-10
10,3-back,F3,13,2.5876615764698328e-09
10,3-back,F3,14,1.1955673162677634e-10
10,3-back,F3,15,4.0837471254273893e-10
10,3-back,F3,16,6.578887818597666e-10
10,3-back,F3,17,2.5512990059185938e-11
10,3-back,F3,18,9.304323707217233e-10
10,3-back,F3,19,1.4398470773364937e-10
10,3-back,F3,20,1.0685160186871984e-10
10,3-back,F3,21,8.194081137571532e-11
10,3-back,F3,22,6.132272397053717e-10
10,3-back,F3,23,1.0492361365560267e-10
10,3-back,F3,24,1.07398419980279e-09
10,3-back,F3,25,1.285368696369454e-09
10,3-back,F3,26,4.1939282380100057e-10
10,3-back,F3,27,6.661040519384745e-11
10,3-back,F3,28,8.86519787599927e-10
10,3-back,F3,29,1.8263367454817004e-10
10,3-back,F3,30,1.4152235436278484e-10
10,3-back,F3,31,1.1775362639945405e-09
10,3-back,F3,32,1.0293593829265356e-09
10,3-back,F3,33,1.8086511841632797e-10
10,3-back,F3,34,2.2585024968560801e-10
10,3-back,F3,35,1.2719107611673765e-10
10,3-back,F3,36,1.4625675869087525e-09
10,3-back,F3,37,1.6698743739180113e-10
10,3-back,F3,38,1.9896947952356823e-09
10,3-back,F3,39,3.6482826400754875e-10
10,3-back,F3,40,2.281397656168545e-11
10,3-back,F3,41,1.4577278733871875e-09
10,3-back,F3,42,1.3798537549510793e-09
10,3-back,F3,43,1.0402423498156688e-09
10,3-back,F3,44,1.0835932488317257e-09
10,3-back,F3,45,8.92245153866133e-10
10,3-back,F3,46,1.2319626905560526e-10
10,3-back,F3,47,2.0796816049524718e-10
10,3-back,F3,48,1.5944036950862785e-10
10,3-back,F3,49,1.4474420597642767e-10
10,3-back,F3,50,7.356217210986365e-10
10,3-back,F3,51,4.048447373544563e-10
10,3-back,F3,52,2.1126674479561363e-10
10,3-back,F3,53,1.7092924295466782e-10
10,3-back,F3,54,2.1685895394165835e-10
10,3-back,F4,1,9.961539103117583e-11
10,3-back,F4,2,1.05857581134813e-09
10,3-back,F4,3,8.801997607674655e-10
10,3-back,F4,4,4.570384644430775e-11
10,3-back,F4,5,2.8939119553344177e-10
10,3-back,F4,6,6.081458604375043e-10
10,3-back,F4,7,1.524588540426207e-10
10,3-back,F4,8,2.923859495574324e-10
10,3-back,F4,9,3.085001034178518e-10
10,3-back,F4,10,2.0564819816527515e-10
10,3-back,F4,11,5.289236728907653e-10
10,3-back,F4,12,1.7150105840322574e-10
10,3-back,F4,13,1.4142213669211477e-09
10,3-back,F4,14,1.9938600891066288e-10
10,3-back,F4,15,3.417306367522854e-10
10,3-back,F4,16,2.985717381384966e-10
10,3-back,F4,17,6.019595625042429e-11
10,3-back,F4,18,5.087369405456584e-10
10,3-back,F4,19,1.2826733892930864e-10
10,3-back,F4,20,1.3704664055670344e-10
10,3-back,F4,21,8.528643116442297e-11
10,3-back,F4,22,3.0611759736343033e-10
10,3-back,F4,23,1.9368701621463167e-10
10,3-back,F4,24,6.665367730454872e-10
10,3-back,F4,25,6.7524800451212e-10
10,3-back,F4,26,2.417283529914709e-10
10,3-back,F4,27,5.751426198668911e-11
10,3-back,F4,28,4.178921827328232e-10
10,3-back,F4,29,1.106513539220598e-10
10,3-back,F4,30,8.827465647810684e-11
10,3-back,F4,31,6.191679191338725e-10
10,3-back,F4,32,3.7897809171805485e-10
10,3-back,F4,33,1.0134083966945522e-10
10,3-back,F4,34,2.5461638947852016e-10
10,3-back,F4,35,1.0486829339321707e-10
10,3-back,F4,36,6.291775936544191e-10
10,3-back,F4,37,1.0594886014555543e-10
10,3-back,F4,38,6.926146024298937e-10
10,3-back,F4,39,1.7844649664081355e-10
10,3-back,F4,40,2.159303473798102e-11
10,3-back,F4,41,1.1189507327679609e-09
10,3-back,F4,42,5.754990988096201e-10
10,3-back,F4,43,5.839042919709698e-10
10,3-back,F4,44,6.03565462162343e-10
10,3-back,F4,45,5.595731776624848e-10
10,3-back,F4,46,1.2592470616121888e-10
10,3-back,F4,47,2.5533160054736514e-10
10,3-back,F4,48,1.8675807299109657e-10
10,3-back,F4,49,1.2658374276632301e-10
10,3-back,F4,50,4.5719820166355537e-10
10,3-back,F4,51,1.8516017889355053e-10
10,3-back,F4,52,5.973164183768745e-11
10,3-back,F4,53,5.011137360359191e-11
10,3-back,F4,54,1.5791657206899996e-10
10,3-back,F7,1,1.6860029372983668e-10
10,3-back,F7,2,3.5660868867434317e-09
10,3-back,F7,3,2.837791603510414e-09
10,3-back,F7,4,7.582064775173494e-11
10,3-back,F7,5,1.276804127616047e-09
10,3-back,F7,6,3.8766514784077375e-09
10,3-back,F7,7,1.8503309083330024e-10
10,3-back,F7,8,8.309223129266925e-10
10,3-back,F7,9,7.851684704526107e-10
10,3-back,F7,10,7.469321375604736e-11
10,3-back,F7,11,2.8398689967226084e-09
10,3-back,F7,12,8.035573367224367e-11
10,3-back,F7,13,4.30345192978887e-09
10,3-back,F7,14,1.5403147226812804e-10
10,3-back,F7,15,3.278656445352812e-10
10,3-back,F7,16,2.0225114693356846e-09
10,3-back,F7,17,3.409790550533795e-11
10,3-back,F7,18,2.4179509817698627e-09
10,3-back,F7,19,1.5297436219912454e-10
10,3-back,F7,20,3.5357999362064085e-11
10,3-back,F7,21,1.039148744661203e-10
10,3-back,F7,22,1.2862609024463905e-09
10,3-back,F7,23,1.25078271720009e-10
10,3-back,F7,24,1.472325460517717e-09
10,3-back,F7,25,2.6918638794168593e-09
10,3-back,F7,26,1.1403128477404427e-09
10,3-back,F7,27,6.846756839167584e-11
10,3-back,F7,28,1.4514285087492928e-09
10,3-back,F7,29,2.7309231107719894e-10
10,3-back,F7,30,1.217921784229198e-10
10,3-back,F7,31,2.0700312781181447e-09
10,3-back,F7,32,1.8708715601380615e-09
10,3-back,F7,33,1.0907334417902637e-10
10,3-back,F7,34,8.565963984028035e-11
10,3-back,F7,35,3.916912446471737e-11
10,3-back,F7,36,3.068553155606971e-09
10,3-back,F7,37,5.518435289403684e-11
10,3-back,F7,38,3.2388004342113482e-09
10,3-back,F7,39,5.943916702801074e-10
10,3-back,F7,40,4.829243048897091e-11
10,3-back,F7,41,2.2922985700518523e-09
10,3-back,F7,42,2.0874976384346264e-09
10,3-back,F7,43,2.0547875004428296e-09
10,3-back,F7,44,1.6315340925872417e-09
10,3-back,F7,45,1.947299772076854e-09
10,3-back,F7,46,1.268121182431489e-10
10,3-back,F7,47,7.058063247297376e-11
10,3-back,F7,48,1.303614982921375e-10
10,3-back,F7,49,1.341905741690517e-10
10,3-back,F7,50,8.252371727857518e-10
10,3-back,F7,51,1.5551341266815064e-10
10,3-back,F7,52,4.502931538093987e-10
10,3-back,F7,53,2.2304761064388512e-10
10,3-back,F7,54,1.2626221001375731e-10
10,3-back,F8,1,8.930262309918313e-11
10,3-back,F8,2,1.6492724341686544e-09
10,3-back,F8,3,1.0757879707633602e-09
10,3-back,F8,4,4.3331824778862886e-11
10,3-back,F8,5,4.345783537674214e-10
10,3-back,F8,6,8.980023380491905e-10
10,3-back,F8,7,1.745966644117597e-10
10,3-back,F8,8,3.777340196998172e-10
10,3-back,F8,9,3.443438495167208e-10
10,3-back,F8,10,1.8063660152954356e-10
10,3-back,F8,11,1.0224457517142402e-09
10,3-back,F8,12,1.2795167393760861e-10
10,3-back,F8,13,1.9268829455001693e-09
10,3-back,F8,14,1.574388195800324e-10
10,3-back,F8,15,2.828867800643364e-10
10,3-back,F8,16,4.56808823256023e-10
10,3-back,F8,17,3.15650194896815e-11
10,3-back,F8,18,7.566003421224209e-10
10,3-back,F8,19,1.0769210647621829e-10
10,3-back,F8,20,1.1623271327176651e-10
10,3-back,F8,21,7.165450905582781e-11
10,3-back,F8,22,4.988329794502389e-10
10,3-back,F8,23,1.9006562881189745e-10
10,3-back,F8,24,8.895663960185973e-10
10,3-back,F8,25,8.792617735360712e-10
10,3-back,F8,26,3.828304389110578e-10
10,3-back,F8,27,1.0641335276941687e-10
10,3-back,F8,28,5.717040764475633e-10
10,3-back,F8,29,1.1307369044966316e-10
10,3-back,F8,30,7.234064018864597e-11
10,3-back,F8,31,1.0930097392855716e-09
10,3-back,F8,32,4.992769736866581e-10
10,3-back,F8,33,1.3209841541190943e-10
10,3-back,F8,34,3.1826257790523594e-10
10,3-back,F8,35,1.0391550879749601e-10
10,3-back,F8,36,1.1157881162373386e-09
10,3-back,F8,37,1.2914907781733038e-10
10,3-back,F8,38,1.0350065208596153e-09
10,3-back,F8,39,3.052274934460195e-10
10,3-back,F8,40,2.129763910551336e-11
10,3-back,F8,41,1.1904646411224568e-09
10,3-back,F8,42,8.615153677373678e-10
10,3-back,F8,43,9.086899662112451e-10
10,3-back,F8,44,8.606064505306589e-10
10,3-back,F8,45,6.923463183703548e-10
10,3-back,F8,46,9.209820068197612e-11
10,3-back,F8,47,2.0880156241965946e-10
10,3-back,F8,48,1.667202598384968e-10
10,3-back,F8,49,1.175823400283192e-10
10,3-back,F8,50,5.771108529753537e-10
10,3-back,F8,51,2.0665469292490766e-10
10,3-back,F8,52,7.443073435227919e-11
10,3-back,F8,53,6.217072651290143e-11
10,3-back,F8,54,1.7085415806602888e-10
10,3-back,Fz,1,1.2862169854167568e-10
10,3-back,Fz,2,2.077827643980465e-09
10,3-back,Fz,3,1.468299730182049e-09
10,3-back,Fz,4,8.526732482004425e-11
10,3-back,Fz,5,5.773830991179837e-10
10,3-back,Fz,6,1.3192335816148216e-09
10,3-back,Fz,7,3.449798696928503e-10
10,3-back,Fz,8,5.489641310683655e-10
10,3-back,Fz,9,4.890386707673456e-10
10,3-back,Fz,10,2.6546063512825887e-10
10,3-back,Fz,11,1.1584062620692192e-09
10,3-back,Fz,12,1.9012595684972647e-10
10,3-back,Fz,13,2.234921617070153e-09
10,3-back,Fz,14,1.5773397452509794e-10
10,3-back,Fz,15,3.953241816374818e-10
10,3-back,Fz,16,5.416799320354593e-10
10,3-back,Fz,17,6.274172539304367e-11
10,3-back,Fz,18,9.969481540794083e-10
10,3-back,Fz,19,1.327764203290338e-10
10,3-back,Fz,20,8.651449472491429e-11
10,3-back,Fz,21,6.490682757888748e-11
10,3-back,Fz,22,6.095263245859587e-10
10,3-back,Fz,23,2.2809352326639321e-10
10,3-back,Fz,24,1.114865567075528e-09
10,3-back,Fz,25,1.2650981608882377e-09
10,3-back,Fz,26,3.487833648322702e-10
10,3-back,Fz,27,9.15865051704903e-11
10,3-back,Fz,28,7.346736844471065e-10
10,3-back,Fz,29,1.5829303101893225e-10
10,3-back,Fz,30,1.0726773698341407e-10
10,3-back,Fz,31,1.2740252262347411e-09
10,3-back,Fz,32,6.344418718889252e-10
10,3-back,Fz,33,3.5953520568261966e-10
10,3-back,Fz,34,3.4128069380522795e-10
10,3-back,Fz,35,1.9472346380490186e-10
10,3-back,Fz,36,1.370895035264134e-09
10,3-back,Fz,37,2.1839901539644481e-10
10,3-back,Fz,38,1.645536233783016e-09
10,3-back,Fz,39,4.968752896101485e-10
10,3-back,Fz,40,4.7119744384616466e-11
10,3-back,Fz,41,1.4142123183198955e-09
10,3-back,Fz,42,1.227319381371183e-09
10,3-back,Fz,43,1.067535919613381e-09
10,3-back,Fz,44,9.463404586942824e-10
10,3-back,Fz,45,8.230610327976468e-10
10,3-back,Fz,46,1.38030762480189e-10
10,3-back,Fz,47,3.047527314047137e-10
10,3-back,Fz,48,1.748749205639196e-10
10,3-back,Fz,49,1.7194239349295302e-10
10,3-back,Fz,50,6.16065465835469e-10
10,3-back,Fz,51,3.624167793434807e-10
10,3-back,Fz,52,1.092408983586554e-10
10,3-back,Fz,53,7.536278358818847e-11
10,3-back,Fz,54,2.480414372346682e-10
10,4-back,F3,1,5.339009092612359e-10
10,4-back,F3,2,1.6270046208458999e-09
10,4-back,F3,3,2.1277951257618624e-09
10,4-back,F3,4,1.2828733446291795e-09
10,4-back,F3,5,3.984332760474433e-10
10,4-back,F3,6,1.2886096448827713e-09
10,4-back,F3,7,2.033833713704571e-10
10,4-back,F3,8,2.489075401023693e-10
10,4-back,F3,9,3.31006028584536e-10
10,4-back,F3,10,1.2934755979480623e-10
10,4-back,F3,11,2.537314017582461e-09
10,4-back,F3,12,4.719846982946711e-10
10,4-back,F3,13,2.002838206902603e-10
10,4-back,F3,14,7.421862608199613e-10
10,4-back,F3,15,2.7261085814983355e-10
10,4-back,F3,16,1.434066076095062e-10
10,4-back,F3,17,1.044261106734733e-10
10,4-back,F3,18,5.335986479351286e-10
10,4-back,F3,19,2.391154864645037e-10
10,4-back,F3,20,1.6989572726475112e-09
10,4-back,F3,21,1.1802731938097513e-10
10,4-back,F3,22,1.42796919595998e-09
10,4-back,F3,23,2.0724136008366607e-10
10,4-back,F3,24,1.2286128826116666e-09
10,4-back,F3,25,1.4219926247221029e-09
10,4-back,F3,26,6.694683088501174e-10
10,4-back,F3,27,1.4551461723382335e-10
10,4-back,F3,28,4.494989677540605e-10
10,4-back,F3,29,9.318611521356762e-10
10,4-back,F3,30,2.050267624756651e-10
10,4-back,F3,31,4.4078162292056415e-10
10,4-back,F3,32,6.969584855626053e-10
10,4-back,F3,33,6.890783357085034e-11
10,4-back,F3,34,1.4757635822375983e-09
10,4-back,F3,35,5.0747815909532845e-11
10,4-back,F3,36,3.9305806160471703e-10
10,4-back,F3,37,4.002768101609468e-10
10,4-back,F3,38,5.986328664773929e-11
10,4-back,F3,39,1.1639569582523678e-09
10,4-back,F3,40,1.5972562756111067e-10
10,4-back,F3,41,8.838131128448797e-10
10,4-back,F3,42,4.984124180138425e-10
10,4-back,F3,43,1.8140527387940787e-10
10,4-back,F4,1,2.656805524267451e-10
10,4-back,F4,2,7.563177810236935e-10
10,4-back,F4,3,1.1327084397838544e-09
10,4-back,F4,4,4.984154035790227e-10
10,4-back,F4,5,1.4460701132175668e-10
10,4-back,F4,6,5.48443198446804e-10
10,4-back,F4,7,7.879366894403817e-11
10,4-back,F4,8,7.427115697172757e-11
10,4-back,F4,9,1.7280799724253933e-10
10,4-back,F4,10,1.5520551933309594e-10
10,4-back,F4,11,1.4021906539336887e-09
10,4-back,F4,12,3.6508027103350164e-10
10,4-back,F4,13,1.535094063205368e-10
10,4-back,F4,14,5.010045759926075e-10
10,4-back,F4,15,1.1634558627972268e-10
10,4-back,F4,16,7.332199203415244e-11
10,4-back,F4,17,6.215364848061675e-11
10,4-back,F4,18,2.1923481637195351e-10
10,4-back,F4,19,2.1025065799068629e-10
10,4-back,F4,20,7.843187455091395e-10
10,4-back,F4,21,6.412142636258864e-11
10,4-back,F4,22,7.982823610961349e-10
10,4-back,F4,23,2.1155805199791616e-10
10,4-back,F4,24,8.374241133296864e-10
10,4-back,F4,25,6.999100209239286e-10
10,4-back,F4,26,4.200714942090339e-10
10,4-back,F4,27,1.1540313205572087e-10
10,4-back,F4,28,1.9352227042854418e-10
10,4-back,F4,29,4.2946698860237594e-10
10,4-back,F4,30,1.6333801194124982e-10
10,4-back,F4,31,2.876756758215552e-10
10,4-back,F4,32,3.708959371367629e-10
10,4-back,F4,33,1.0489805249064424e-10
10,4-back,F4,34,5.988589651567327e-10
10,4-back,F4,35,1.1883810106946322e-10
10,4-back,F4,36,2.4560270471535357e-10
10,4-back,F4,37,2.1737110186738586e-10
10,4-back,F4,38,1.525608740082287e-10
10,4-back,F4,39,5.30492217069791e-10
10,4-back,F4,40,6.224568482037367e-11
10,4-back,F4,41,6.058296086620663e-10
10,4-back,F4,42,1.9565956354020647e-10
10,4-back,F4,43,1.7508679554316805e-10
10,4-back,F7,1,2.592414244803853e-10
10,4-back,F7,2,2.9957892444404966e-09
10,4-back,F7,3,3.1879515413666196e-09
10,4-back,F7,4,2.7074135447287007e-09
10,4-back,F7,5,5.762940777944472e-10
10,4-back,F7,6,2.751209205381353e-09
10,4-back,F7,7,1.9408135827220869e-10
10,4-back,F7,8,4.175565920051177e-10
10,4-back,F7,9,1.9917584156326445e-10
10,4-back,F7,10,1.1994603446510203e-10
10,4-back,F7,11,3.091076150982796e-09
10,4-back,F7,12,3.272943243816767e-10
10,4-back,F7,13,2.476958091276498e-10
10,4-back,F7,14,1.662999247894783e-09
10,4-back,F7,15,8.44240948585198e-11
10,4-back,F7,16,3.262353688876767e-10
10,4-back,F7,17,7.516957903941591e-11
10,4-back,F7,18,9.120787828580432e-10
10,4-back,F7,19,1.5164258103874004e-10
10,4-back,F7,20,3.2967349935271e-09
10,4-back,F7,21,1.565484286420059e-10
10,4-back,F7,22,2.8511901385345964e-09
10,4-back,F7,23,6.891065530543389e-11
10,4-back,F7,24,1.952349240630135e-09
10,4-back,F7,25,2.563237912663232e-09
10,4-back,F7,26,1.4113932819960761e-09
10,4-back,F7,27,1.1641576574303711e-10
10,4-back,F7,28,1.4185766978523133e-09
10,4-back,F7,29,1.8832824986359214e-09
10,4-back,F7,30,1.4034921536638932e-10
10,4-back,F7,31,5.914664887684034e-10
10,4-back,F7,32,1.1407213195697944e-09
10,4-back,F7,33,1.9146715907172616e-10
10,4-back,F7,34,2.7999448681653896e-09
10,4-back,F7,35,3.3340549357129043e-11
10,4-back,F7,36,8.462331063038676e-10
10,4-back,F7,37,5.681091698838882e-10
10,4-back,F7,38,8.325208140066816e-11
10,4-back,F7,39,2.5437521824435534e-09
10,4-back,F7,40,1.1967454978705074e-10
10,4-back,F7,41,1.7376430518051403e-09
10,4-back,F7,42,7.137586806228122e-10
10,4-back,F7,43,9.351374786013427e-11
10,4-back,F8,1,3.072899491618585e-10
10,4-back,F8,2,1.2757136025548787e-09
10,4-back,F8,3,1.5403091868532823e-09
10,4-back,F8,4,8.338591438932572e-10
10,4-back,F8,5,2.134292553106124e-10
10,4-back,F8,6,9.633285337348209e-10
10,4-back,F8,7,6.007681066729065e-11
10,4-back,F8,8,1.0178143563554934e-10
10,4-back,F8,9,1.9269259011872497e-10
10,4-back,F8,10,1.4218942423633484e-10
10,4-back,F8,11,1.991843408441158e-09
10,4-back,F8,12,4.234905381889452e-10
10,4-back,F8,13,1.8664618898804836e-10
10,4-back,F8,14,6.160328627462063e-10
10,4-back,F8,15,9.279151098700657e-11
10,4-back,F8,16,1.1828529901711601e-10
10,4-back,F8,17,5.003548233307382e-11
10,4-back,F8,18,3.0074430428037245e-10
10,4-back,F8,19,1.812276421902952e-10
10,4-back,F8,20,1.1224977220004252e-09
10,4-back,F8,21,8.329125004992179e-11
10,4-back,F8,22,1.0640257710503755e-09
10,4-back,F8,23,2.352429581122746e-10
10,4-back,F8,24,9.116169044921869e-10
10,4-back,F8,25,9.492008024794657e-10
10,4-back,F8,26,6.663639338148701e-10
10,4-back,F8,27,1.3405146147501733e-10
10,4-back,F8,28,3.564072770017547e-10
10,4-back,F8,29,6.338986128227689e-10
10,4-back,F8,30,1.825149819711205e-10
10,4-back,F8,31,4.11303350706481e-10
10,4-back,F8,32,5.198876715371111e-10
10,4-back,F8,33,7.020134860732875e-11
10,4-back,F8,34,9.431215689027198e-10
10,4-back,F8,35,1.236400714262647e-10
10,4-back,F8,36,3.4676995602176476e-10
10,4-back,F8,37,2.9580697712021756e-10
10,4-back,F8,38,1.1122239154999277e-10
10,4-back,F8,39,9.307269987592457e-10
10,4-back,F8,40,7.626094472171261e-11
10,4-back,F8,41,9.147264358961957e-10
10,4-back,F8,42,2.669684556913212e-10
10,4-back,F8,43,1.4046263228623235e-10
10,4-back,Fz,1,4.287736561192792e-10
10,4-back,Fz,2,1.5893576204041653e-09
10,4-back,Fz,3,2.1043406274178406e-09
10,4-back,Fz,4,1.009174065403521e-09
10,4-back,Fz,5,2.7917495089600287e-10
10,4-back,Fz,6,1.1906664171007412e-09
10,4-back,Fz,7,2.1571904187829522e-10
10,4-back,Fz,8,1.2733260934019552e-10
10,4-back,Fz,9,3.3121298818353543e-10
10,4-back,Fz,10,1.1817558529855854e-10
10,4-back,Fz,11,2.3104573393423352e-09
10,4-back,Fz,12,3.820494479837645e-10
10,4-back,Fz,13,2.0250882084432336e-10
10,4-back,Fz,14,7.746198995009455e-10
10,4-back,Fz,15,1.541532393185594e-10
10,4-back,Fz,16,1.658678217624314e-10
10,4-back,Fz,17,1.0751608402720063e-10
10,4-back,Fz,18,4.637146343333776e-10
10,4-back,Fz,19,2.489609214106457e-10
10,4-back,Fz,20,1.5182742023401315e-09
10,4-back,Fz,21,1.0415455608872701e-10
10,4-back,Fz,22,1.2467808530330992e-09
10,4-back,Fz,23,3.5335988349549367e-10
10,4-back,Fz,24,1.2151089283007321e-09
10,4-back,Fz,25,1.3706916276127828e-09
10,4-back,Fz,26,6.646952921019003e-10
10,4-back,Fz,27,1.4684045964567663e-10
10,4-back,Fz,28,4.789256665989492e-10
10,4-back,Fz,29,8.167244639311506e-10
10,4-back,Fz,30,1.7522290666589117e-10
10,4-back,Fz,31,4.3592916332608016e-10
10,4-back,Fz,32,7.532287116906092e-10
10,4-back,Fz,33,1.5009293129621298e-10
10,4-back,Fz,34,1.4298438519981126e-09
10,4-back,Fz,35,1.3523932913712453e-10
10,4-back,Fz,36,3.618281599390717e-10
10,4-back,Fz,37,4.083209768891807e-10
10,4-back,Fz,38,2.0382401799139376e-10
10,4-back,Fz,39,1.2433524478804103e-09
10,4-back,Fz,40,1.472135148277828e-10
10,4-back,Fz,41,1.0128833758780764e-09
10,4-back,Fz,42,4.792112802512242e-10
10,4-back,Fz,43,2.2472003246117583e-10
11,1-back,F3,1,9.531959760393723e-11
11,1-back,F3,2,4.2988376106805824e-11
11,1-back,F3,3,2.1316941875036884e-10
11,1-back,F3,4,8.358780851634654e-11
11,1-back,F3,5,1.5508308316177791e-10
11,1-back,F3,6,1.4565765569043477e-10
11,1-back,F3,7,6.264997813416704e-11
11,1-back,F3,8,1.8302588243094076e-10
11,1-back,F3,9,1.409877203566749e-10
11,1-back,F3,10,1.4419721998063705e-10
11,1-back,F4,1,7.987996770937541e-11
11,1-back,F4,2,8.509993390057459e-11
11,1-back,F4,3,1.3899911910046975e-10
11,1-back,F4,4,1.2836477619337118e-10
11,1-back,F4,5,1.438795315694534e-10
11,1-back,F4,6,1.703088911598469e-10
11,1-back,F4,7,8.093358414522736e-11
11,1-back,F4,8,1.6679541991924528e-10
11,1-back,F4,9,2.038079305002692e-10
11,1-back,F4,10,2.0709716446042626e-10
11,1-back,F7,1,3.8926521871452795e-11
11,1-back,F7,2,7.927738130672164e-12
11,1-back,F7,3,1.102521580572167e-10
11,1-back,F7,4,1.5344533283579168e-11
11,1-back,F7,5,8.951317530366471e-11
11,1-back,F7,6,1.4328282835353162e-10
11,1-back,F7,7,2.0290579062942486e-11
11,1-back,F7,8,8.042509965873987e-11
11,1-back,F7,9,4.409073718254407e-11
11,1-back,F7,10,1.0410127049858648e-10
11,1-back,F8,1,5.713073442720149e-11
11,1-back,F8,2,6.51688338587684e-11
11,1-back,F8,3,1.3901952776396465e-10
11,1-back,F8,4,4.7180611758485643e-11
11,1-back,F8,5,1.4063411775422486e-10
11,1-back,F8,6,1.4886374682507913e-10
11,1-back,F8,7,3.8587773482762516e-11
11,1-back,F8,8,1.9104836371598044e-10
11,1-back,F8,9,1.1703098493669282e-10
11,1-back,F8,10,2.1700206570870583e-10
11,1-back,Fz,1,8.94387173741911e-11
11,1-back,Fz,2,1.1361513120325318e-10
11,1-back,Fz,3,2.0684431415332933e-10
11,1-back,Fz,4,1.9737143288164452e-10
11,1-back,Fz,5,1.92852927013272e-10
11,1-back,Fz,6,1.8726188071952586e-10
11,1-back,Fz,7,1.094441035891998e-10
11,1-back,Fz,8,1.5658624689503586e-10
11,1-back,Fz,9,2.1323011360435067e-10
11,1-back,Fz,10,1.749309716884556e-10
11,2-back,F3,1,7.875754143836495e-11
11,2-back,F3,2,9.848693173055645e-11
11,2-back,F3,3,8.945372304211986e-11
11,2-back,F3,4,5.770121146635498e-11
11,2-back,F3,5,1.0571852286890169e-10
11,2-back,F3,6,2.352846257845016e-11
11,2-back,F3,7,6.663291126713896e-11
11,2-back,F3,8,1.2321402113471502e-10
11,2-back,F3,9,7.835985917911086e-11
11,2-back,F3,10,9.485519030848407e-11
11,2-back,F3,11,7.237094013094174e-11
11,2-back,F3,12,1.5908885485752825e-10
11,2-back,F3,13,4.401056241269413e-11
11,2-back,F3,14,8.403717616664926e-11
11,2-back,F3,15,1.05945955641159e-10
11,2-back,F3,16,3.27628533471557e-11
11,2-back,F3,17,3.1414181028246713e-11
11,2-back,F3,18,1.1983239641539054e-10
11,2-back,F3,19,3.6752226679354404e-11
11,2-back,F3,20,2.814261218515177e-11
11,2-back,F3,21,1.421375189085895e-10
11,2-back,F3,22,3.649049339865063e-11
11,2-back,F3,23,5.917773333417236e-11
11,2-back,F3,24,1.4939667962867797e-10
11,2-back,F3,25,1.4047681559364922e-10
11,2-back,F3,26,1.9230860008753864e-10
11,2-back,F3,27,6.304361859032346e-11
11,2-back,F3,28,1.2457845796993413e-10
11,2-back,F3,29,1.6406764577738714e-10
11,2-back,F3,30,4.5257772535204585e-11
11,2-back,F3,31,7.305594522757955e-11
11,2-back,F3,32,1.0544326180203811e-10
11,2-back,F3,33,9.851036786785912e-11
11,2-back,F3,34,1.268739635914142e-10
11,2-back,F3,35,6.918918219215782e-11
11,2-back,F3,36,1.2302346357107448e-10
11,2-back,F3,37,1.0566682456587056e-10
11,2-back,F3,38,9.749809058451503e-11
11,2-back,F4,1,1.0413858934086171e-10
11,2-back,F4,2,1.0215386673594113e-10
11,2-back,F4,3,1.776536527094535e-10
11,2-back,F4,4,5.216516155791255e-11
11,2-back,F4,5,9.320002892349793e-11
11,2-back,F4,6,3.8621187642267707e-11
11,2-back,F4,7,7.783196738044636e-11
11,2-back,F4,8,1.658783618323097e-10
11,2-back,F4,9,9.621840356582521e-11
11,2-back,F4,10,1.1172951816848749e-10
11,2-back,F4,11,1.2416428593077302e-10
11,2-back,F4,12,1.8252097519257637e-10
11,2-back,F4,13,6.628563496151796e-11
11,2-back,F4,14,7.68407886114353e-11
11,2-back,F4,15,1.4667407932637647e-10
11,2-back,F4,16,7.228713374427921e-11
11,2-back,F4,17,6.929098247711965e-11
11,2-back,F4,18,1.4768958602871823e-10
11,2-back,F4,19,7.578721026109835e-11
11,2-back,F4,20,5.4325598759067814e-11
11,2-back,F4,21,1.058147086610432e-10
11,2-back,F4,22,8.457499677780694e-11
11,2-back,F4,23,6.965372200034881e-11
11,2-back,F4,24,1.4054246578450149e-10
11,2-back,F4,25,1.7819027335441975e-10
11,2-back,F4,26,2.0526351432364612e-10
11,2-back,F4,27,1.371853758486863e-10
11,2-back,F4,28,1.1527886010389797e-10
11,2-back,F4,29,2.6169072084802417e-10
11,2-back,F4,30,1.0908121929799441e-10
11,2-back,F4,31,6.072618952940165e-11
11,2-back,F4,32,7.844681269609374e-11
11,2-back,F4,33,1.8830003652233665e-10
11,2-back,F4,34,1.6379036094111545e-10
11,2-back,F4,35,1.0893445869102803e-10
11,2-back,F4,36,1.0737186656404447e-10
11,2-back,F4,37,1.46947501502456e-10
11,2-back,F4,38,2.388077389255055e-10
11,2-back,F7,1,4.252508359221203e-11
11,2-back,F7,2,6.507906967183888e-11
11,2-back,F7,3,3.375421633938745e-11
11,2-back,F7,4,2.086104693838674e-11
11,2-back,F7,5,3.340587043485747e-11
11,2-back,F7,6,2.8745412259506597e-11
11,2-back,F7,7,3.7963063823001594e-11
11,2-back,F7,8,5.623452592523834e-11
11,2-back,F7,9,5.4781197064813184e-11
11,2-back,F7,10,1.5127865383708393e-11
11,2-back,F7,11,3.93518212479241e-11
11,2-back,F7,12,1.0955492155902044e-10
11,2-back,F7,13,2.0381377214447668e-11
11,2-back,F7,14,8.322130386208697e-11
11,2-back,F7,15,4.099082404606469e-11
11,2-back,F7,16,1.5683939940708703e-11
11,2-back,F7,17,1.4452906686636539e-11
11,2-back,F7,18,7.501511218668622e-11
11,2-back,F7,19,5.826756767526694e-11
11,2-back,F7,20,9.293378109677355e-12
11,2-back,F7,21,4.9668725717751224e-11
11,2-back,F7,22,2.2109409525667747e-11
11,2-back,F7,23,3.4247917423659787e-11
11,2-back,F7,24,2.5952342414157626e-11
11,2-back,F7,25,1.1124796042324782e-10
11,2-back,F7,26,1.1408797116085926e-10
11,2-back,F7,27,3.023981011014013e-11
11,2-back,F7,28,7.307233272022814e-11
11,2-back,F7,29,3.1940294149850085e-11
11,2-back,F7,30,1.1104538889452286e-11
11,2-back,F7,31,6.405956519529972e-11
11,2-back,F7,32,6.097274020148959e-11
11,2-back,F7,33,4.757976428740897e-11
11,2-back,F7,34,7.532974597000874e-11
11,2-back,F7,35,2.5847030003084377e-11
11,2-back,F7,36,4.232517124840805e-11
11,2-back,F7,37,8.83553076457082e-11
11,2-back,F7,38,2.3069439325206772e-11
11,2-back,F8,1,9.954255311325506e-11
11,2-back,F8,2,1.1182304565004387e-10
11,2-back,F8,3,8.984340385291707e-11
11,2-back,F8,4,7.441194362041925e-11
11,2-back,F8,5,5.5527029319560006e-11
11,2-back,F8,6,2.9596537824357695e-11
11,2-back,F8,7,4.9645046515881943e-11
11,2-back,F8,8,8.411066518681752e-11
11,2-back,F8,9,1.0043902615435434e-10
11,2-back,F8,10,6.538428267135484e-11
11,2-back,F8,11,5.877620232985385e-11
11,2-back,F8,12,1.7260977665224625e-10
11,2-back,F8,13,1.5923441186441354e-11
11,2-back,F8,14,8.311951637065941e-11
11,2-back,F8,15,5.4783799982495e-11
11,2-back,F8,16,8.845285529135813e-11
11,2-back,F8,17,4.9687107148156296e-11
11,2-back,F8,18,1.149639135622946e-10
11,2-back,F8,19,5.5846419413702965e-11
11,2-back,F8,20,6.113851826599865e-11
11,2-back,F8,21,5.219078875605009e-11
11,2-back,F8,22,6.919647416695847e-11
11,2-back,F8,23,8.361919467282744e-11
11,2-back,F8,24,8.944027835950046e-11
11,2-back,F8,25,2.0919626743836885e-10
11,2-back,F8,26,1.1248983519698017e-10
11,2-back,F8,27,1.466936614580022e-10
11,2-back,F8,28,9.795492076409495e-11
11,2-back,F8,29,1.164582583186736e-10
11,2-back,F8,30,1.1762046574037238e-10
11,2-back,F8,31,6.719030003287528e-11
11,2-back,F8,32,9.448930689636417e-11
11,2-back,F8,33,1.369280346147709e-10
11,2-back,F8,34,1.783346645419964e-10
11,2-back,F8,35,6.844974806213069e-11
11,2-back,F8,36,8.640680371402097e-11
11,2-back,F8,37,1.8542980933693275e-10
11,2-back,F8,38,6.979518502829904e-11
11,2-back,Fz,1,8.968320288078479e-11
11,2-back,Fz,2,9.967749291364404e-11
11,2-back,Fz,3,1.90458021269501e-10
11,2-back,Fz,4,1.0359671585310486e-10
11,2-back,Fz,5,1.7457030226300087e-10
11,2-back,Fz,6,1.2484733668716644e-10
11,2-back,Fz,7,1.0889845404706127e-10
11,2-back,Fz,8,2.485345515071201e-10
11,2-back,Fz,9,9.657599573844565e-11
11,2-back,Fz,10,2.5923655665031536e-10
11,2-back,Fz,11,1.5144301862472298e-10
11,2-back,Fz,12,1.1003532501141225e-10
11,2-back,Fz,13,9.112440780891376e-11
11,2-back,Fz,14,1.4035530273237174e-10
11,2-back,Fz,15,1.9948225489965656e-10
11,2-back,Fz,16,6.391229210563392e-11
11,2-back,Fz,17,5.609757951778772e-11
11,2-back,Fz,18,1.7087490211864158e-10
11,2-back,Fz,19,8.45379831049407e-11
11,2-back,Fz,20,6.829384823238628e-11
11,2-back,Fz,21,1.5971684598955146e-10
11,2-back,Fz,22,6.09271120571401e-11
11,2-back,Fz,23,5.773134361052332e-11
11,2-back,Fz,24,2.332368283593797e-10
11,2-back,Fz,25,2.486598620399337e-10
11,2-back,Fz,26,2.923227540514108e-10
11,2-back,Fz,27,6.698306584199262e-11
11,2-back,Fz,28,1.8973446429293481e-10
11,2-back,Fz,29,2.5367545230284104e-10
11,2-back,Fz,30,1.3185494671906709e-10
11,2-back,Fz,31,6.322471084508846e-11
11,2-back,Fz,32,1.3477466559977224e-10
11,2-back,Fz,33,2.4024492567112193e-10
11,2-back,Fz,34,2.0454212654684352e-10
11,2-back,Fz,35,9.32732979469759e-11
11,2-back,Fz,36,1.304622646218017e-10
11,2-back,Fz,37,1.7273781601558935e-10
11,2-back,Fz,38,2.2996669136110804e-10
11,3-back,F3,1,5.6199825571486276e-11
11,3-back,F3,2,1.3284306622536125e-10
11,3-back,F3,3,3.602043272334036e-11
11,3-back,F3,4,3.865163429479346e-11
11,3-back,F3,5,7.425394550233516e-11
11,3-back,F3,6,1.1995765613652012e-10
11,3-back,F3,7,1.1894489123609458e-10
11,3-back,F3,8,4.4931955611393985e-11
11,3-back,F3,9,2.4838807026779973e-11
11,3-back,F3,10,1.184022379706531e-10
11,3-back,F3,11,1.0864564785328551e-10
11,3-back,F3,12,7.500223451392663e-11
11,3-back,F3,13,9.367799437182567e-11
11,3-back,F3,14,3.972401795329249e-11
11,3-back,F3,15,5.2315323986021755e-11
11,3-back,F3,16,8.215098119277551e-11
11,3-back,F3,17,3.300360116904241e-11
11,3-back,F3,18,1.8330615731152245e-11
11,3-back,F3,19,4.2392077886857944e-11
11,3-back,F3,20,1.5481261239429147e-10
11,3-back,F3,21,5.3826716003154144e-11
11,3-back,F3,22,7.748137246867939e-11
11,3-back,F3,23,4.303702912820065e-11
11,3-back,F3,24,4.96828428951109e-11
11,3-back,F3,25,1.2343305797360668e-10
11,3-back,F3,26,1.1795874567966742e-10
11,3-back,F3,27,6.957371306573049e-11
11,3-back,F3,28,8.064572176363054e-11
11,3-back,F3,29,3.235722115501191e-11
11,3-back,F3,30,4.481333148337243e-11
11,3-back,F4,1,8.751958675518706e-11
11,3-back,F4,2,1.639274730326018e-10
11,3-back,F4,3,1.0683127101953913e-10
11,3-back,F4,4,1.8609516406479164e-10
11,3-back,F4,5,7.53506594023878e-11
11,3-back,F4,6,5.092954223624364e-11
11,3-back,F4,7,1.3916667783636114e-10
11,3-back,F4,8,7.43007976485123e-11
11,3-back,F4,9,4.608095595210193e-11
11,3-back,F4,10,1.704601046213711e-10
11,3-back,F4,11,1.0991683656925564e-10
11,3-back,F4,12,8.71304478929508e-11
11,3-back,F4,13,8.965566807743225e-11
11,3-back,F4,14,8.66913007156327e-11
11,3-back,F4,15,5.439095458692012e-11
11,3-back,F4,16,1.5996898783388332e-10
11,3-back,F4,17,4.034066397170578e-11
11,3-back,F4,18,2.1512686919935097e-11
11,3-back,F4,19,5.354238373854621e-11
11,3-back,F4,20,1.7114793200859378e-10
11,3-back,F4,21,7.089739982205483e-11
11,3-back,F4,22,1.1674882258815092e-10
11,3-back,F4,23,8.538033327511404e-11
11,3-back,F4,24,1.4523271614758214e-10
11,3-back,F4,25,1.8762644023804336e-10
11,3-back,F4,26,8.491331998872727e-11
11,3-back,F4,27,1.7461873922408332e-10
11,3-back,F4,28,1.7638382052329446e-10
11,3-back,F4,29,1.3270118208541577e-10
11,3-back,F4,30,1.2309882953925275e-10
11,3-back,F7,1,1.837003677482005e-11
11,3-back,F7,2,1.0302572568630187e-10
11,3-back,F7,3,3.2363748715321325e-11
11,3-back,F7,4,1.5251962404733927e-11
11,3-back,F7,5,3.185730723744754e-11
11,3-back,F7,6,9.277516722984521e-11
11,3-back,F7,7,7.386335194969133e-11
11,3-back,F7,8,2.7187861390835645e-11
11,3-back,F7,9,1.8924852873781927e-11
11,3-back,F7,10,1.219757509782191e-10
11,3-back,F7,11,5.639439592967479e-11
11,3-back,F7,12,5.8162212922212285e-11
11,3-back,F7,13,1.0293258809983125e-10
11,3-back,F7,14,2.8763434100589555e-11
11,3-back,F7,15,2.2111788427886824e-11
11,3-back,F7,16,6.21653180670167e-11
11,3-back,F7,17,3.487800972917373e-11
11,3-back,F7,18,2.934601063773362e-11
11,3-back,F7,19,2.660636785123026e-11
11,3-back,F7,20,5.3976843131985123e-11
11,3-back,F7,21,5.6619766903068444e-11
11,3-back,F7,22,4.4125645793204835e-11
11,3-back,F7,23,1.9596565979613155e-11
11,3-back,F7,24,3.521232968089658e-11
11,3-back,F7,25,9.008529626302769e-11
11,3-back,F7,26,7.107046544307875e-11
11,3-back,F7,27,2.6116425308348828e-11
11,3-back,F7,28,3.121911762323722e-11
11,3-back,F7,29,1.7504538021333117e-11
11,3-back,F7,30,1.2168529304088023e-11
11,3-back,F8,1,7.489033472711886e-11
11,3-back,F8,2,1.630204694155126e-10
11,3-back,F8,3,1.229299001697403e-10
11,3-back,F8,4,1.4407888541726682e-10
11,3-back,F8,5,3.888892638141415e-11
11,3-back,F8,6,5.860313726890319e-11
11,3-back,F8,7,1.5582146775666448e-10
11,3-back,F8,8,8.604977761067415e-11
11,3-back,F8,9,2.1672712076246917e-11
11,3-back,F8,10,1.4134944386226432e-10
11,3-back,F8,11,7.197008502047969e-11
11,3-back,F8,12,1.0135264631216776e-10
11,3-back,F8,13,9.514179845901763e-11
11,3-back,F8,14,3.970397625217764e-11
11,3-back,F8,15,4.5523212004376685e-11
11,3-back,F8,16,1.4615454347607646e-10
11,3-back,F8,17,5.79846824986297e-11
11,3-back,F8,18,4.4033620441556634e-11
11,3-back,F8,19,6.165020983914087e-11
11,3-back,F8,20,8.324927309015218e-11
11,3-back,F8,21,8.355406582863673e-11
11,3-back,F8,22,1.5609867067257335e-10
11,3-back,F8,23,3.1807612532146125e-11
11,3-back,F8,24,6.376463909650867e-11
11,3-back,F8,25,2.4484055638705295e-10
11,3-back,F8,26,1.3485473897784372e-10
11,3-back,F8,27,9.872944718300914e-11
11,3-back,F8,28,1.1068741647243556e-10
11,3-back,F8,29,4.993537073970661e-11
11,3-back,F8,30,9.218693336928822e-11
11,3-back,Fz,1,1.3129430145790567e-10
11,3-back,Fz,2,1.898218307068236e-10
11,3-back,Fz,3,6.116447112299433e-11
11,3-back,Fz,4,8.857487751884604e-11
11,3-back,Fz,5,8.598162823401545e-11
11,3-back,Fz,6,1.1827315172394042e-10
11,3-back,Fz,7,1.1071404159259856e-10
11,3-back,Fz,8,6.377451935299101e-11
11,3-back,Fz,9,1.0203697222226705e-10
11,3-back,Fz,10,1.894200768642844e-10
11,3-back,Fz,11,1.5515612603844108e-10
11,3-back,Fz,12,8.76621032069324e-11
11,3-back,Fz,13,1.089386070247819e-10
11,3-back,Fz,14,5.984743300421749e-11
11,3-back,Fz,15,6.602649973552456e-11
11,3-back,Fz,16,1.7828084655651834e-10
11,3-back,Fz,17,6.419046596426965e-11
11,3-back,Fz,18,2.6526697282848214e-11
11,3-back,Fz,19,4.574414571552493e-11
11,3-back,Fz,20,1.6689179506194462e-10
11,3-back,Fz,21,9.907807116558283e-11
11,3-back,Fz,22,7.600277542507276e-11
11,3-back,Fz,23,8.903256972476033e-11
11,3-back,Fz,24,1.183171572680122e-10
11,3-back,Fz,25,2.0403867992065985e-10
11,3-back,Fz,26,1.4789238185589184e-10
11,3-back,Fz,27,1.1290591764850376e-10
11,3-back,Fz,28,1.289122157103276e-10
11,3-back,Fz,29,1.1146298246579845e-10
11,3-back,Fz,30,1.0729587578439967e-10
11,4-back,F3,1,7.338905180837237e-11
11,4-back,F3,2,7.6589768759883e-11
11,4-back,F3,3,4.9189554219825834e-11
11,4-back,F3,4,1.918788767060322e-11
11,4-back,F3,5,1.1649845007102848e-10
11,4-back,F3,6,4.6356717565237794e-11
11,4-back,F3,7,7.940017516941483e-11
11,4-back,F3,8,4.6161769185560114e-11
11,4-back,F3,9,1.7627575927330257e-10
11,4-back,F3,10,1.004184783165242e-10
11,4-back,F3,11,5.946327632511658e-11
11,4-back,F3,12,1.8610506407756453e-10
11,4-back,F3,13,1.5055334412011963e-10
11,4-back,F3,14,1.4394508204387404e-10
11,4-back,F3,15,5.076838095792258e-11
11,4-back,F3,16,1.315748824224154e-10
11,4-back,F3,17,5.37358446694078e-11
11,4-back,F3,18,7.723602326114546e-11
11,4-back,F3,19,3.386502495650998e-11
11,4-back,F3,20,1.9305992527061064e-10
11,4-back,F3,21,5.827980349928474e-11
11,4-back,F3,22,5.2811092846456745e-11
11,4-back,F3,23,3.7293599364367726e-11
11,4-back,F3,24,7.18561922132446e-11
11,4-back,F3,25,3.1311560557957126e-11
11,4-back,F3,26,4.914346735800729e-11
11,4-back,F3,27,8.868803086774734e-11
11,4-back,F3,28,4.290479631884175e-11
11,4-back,F3,29,6.47415424662577e-11
11,4-back,F3,30,3.587331177407055e-11
11,4-back,F3,31,1.7953524338998046e-10
11,4-back,F3,32,1.988429798557779e-11
11,4-back,F3,33,5.49758139489647e-11
11,4-back,F3,34,1.2125669250108314e-10
11,4-back,F3,35,5.858285666567652e-11
11,4-back,F3,36,7.677922073741705e-11
11,4-back,F3,37,1.215700432038148e-10
11,4-back,F3,38,9.063430436368353e-11
11,4-back,F3,39,8.186580110598934e-11
11,4-back,F3,40,2.0420210219129134e-11
11,4-back,F3,41,9.0317240935792e-11
11,4-back,F3,42,3.701036055532277e-11
11,4-back,F4,1,5.264130077723576e-11
11,4-back,F4,2,6.134471859125955e-11
11,4-back,F4,3,2.8863801487006765e-11
11,4-back,F4,4,6.252020482274481e-11
11,4-back,F4,5,8.804205891816899e-11
11,4-back,F4,6,5.592054611904892e-11
11,4-back,F4,7,7.806573282741111e-11
11,4-back,F4,8,4.340376951961805e-11
11,4-back,F4,9,2.784037941057624e-10
11,4-back,F4,10,8.814375491091264e-11
11,4-back,F4,11,7.923896885350933e-11
11,4-back,F4,12,1.9929045077035406e-10
11,4-back,F4,13,1.456660387933389e-10
11,4-back,F4,14,1.518713404182249e-10
11,4-back,F4,15,5.122376110243482e-11
11,4-back,F4,16,1.6685821019372523e-10
11,4-back,F4,17,8.303961876508432e-11
11,4-back,F4,18,3.697282235121492e-11
11,4-back,F4,19,3.742364208379642e-11
11,4-back,F4,20,1.5305957556826037e-10
11,4-back,F4,21,1.7750411212324932e-10
11,4-back,F4,22,2.0584998313500613e-10
11,4-back,F4,23,4.205823364541585e-11
11,4-back,F4,24,5.699282813037568e-11
11,4-back,F4,25,7.10669116309269e-11
11,4-back,F4,26,5.537419960754838e-11
11,4-back,F4,27,8.575929086072081e-11
11,4-back,F4,28,3.514976480802963e-11
11,4-back,F4,29,1.0266581524714636e-10
11,4-back,F4,30,6.51050923239564e-11
11,4-back,F4,31,2.0649241502777477e-10
11,4-back,F4,32,5.475254729041799e-11
11,4-back,F4,33,6.757839194130708e-11
11,4-back,F4,34,1.128956587330181e-10
11,4-back,F4,35,8.87204296776131e-11
11,4-back,F4,36,5.093909185524055e-11
11,4-back,F4,37,1.105862925902667e-10
11,4-back,F4,38,9.795322393461593e-11
11,4-back,F4,39,1.3419017464355307e-10
11,4-back,F4,40,2.7970988951681114e-11
11,4-back,F4,41,1.110881048581005e-10
11,4-back,F4,42,4.337707195297444e-11
11,4-back,F7,1,3.245944376103217e-11
11,4-back,F7,2,3.2517143931525705e-11
11,4-back,F7,3,2.7988186705982114e-11
11,4-back,F7,4,2.364427593387345e-11
11,4-back,F7,5,4.5565834855805395e-11
11,4-back,F7,6,3.755660378243737e-11
11,4-back,F7,7,9.262210004403063e-11
11,4-back,F7,8,1.614317115644538e-11
11,4-back,F7,9,9.354752136730244e-11
11,4-back,F7,10,3.954918300649016e-11
11,4-back,F7,11,2.191895289030652e-11
11,4-back,F7,12,4.6957793048486714e-11
11,4-back,F7,13,1.0514114820550959e-10
11,4-back,F7,14,1.0790884531405418e-10
11,4-back,F7,15,3.287460889640967e-11
11,4-back,F7,16,4.188305051874934e-11
11,4-back,F7,17,2.8456061626718928e-11
11,4-back,F7,18,5.907624148367136e-11
11,4-back,F7,19,1.3518628127327296e-11
11,4-back,F7,20,3.569113348242362e-11
11,4-back,F7,21,5.5447354880490966e-11
11,4-back,F7,22,1.0262931829910786e-11
11,4-back,F7,23,1.9638819734216523e-11
11,4-back,F7,24,7.045136557724956e-11
11,4-back,F7,25,1.2091082916329662e-11
11,4-back,F7,26,1.889782297843625e-11
11,4-back,F7,27,2.1849078007192877e-11
11,4-back,F7,28,2.0536831806506623e-11
11,4-back,F7,29,1.4902840889440674e-11
11,4-back,F7,30,1.0031568124407483e-11
11,4-back,F7,31,8.210344451523793e-11
11,4-back,F7,32,1.8048585117518696e-11
11,4-back,F7,33,1.9735146101175974e-11
11,4-back,F7,34,7.354557909408571e-11
11,4-back,F7,35,3.647842525301187e-11
11,4-back,F7,36,4.896576460456126e-11
11,4-back,F7,37,4.479405323942577e-11
11,4-back,F7,38,8.475404112985013e-11
11,4-back,F7,39,2.9837497239749673e-11
11,4-back,F7,40,9.788096381266182e-12
11,4-back,F7,41,1.526921459663335e-11
11,4-back,F7,42,2.7647567768272897e-11
11,4-back,F8,1,5.650736972757268e-11
11,4-back,F8,2,3.0628973262410135e-11
11,4-back,F8,3,1.9064740353923467e-11
11,4-back,F8,4,5.286064286173499e-11
11,4-back,F8,5,5.4482972714362546e-11
11,4-back,F8,6,3.72829235879234e-11
11,4-back,F8,7,5.855414517948036e-11
11,4-back,F8,8,6.567106593409803e-11
11,4-back,F8,9,1.6099056874831046e-10
11,4-back,F8,10,3.810478741057984e-11
11,4-back,F8,11,4.177804774836123e-11
11,4-back,F8,12,8.545990092886679e-11
11,4-back,F8,13,1.1077181850313125e-10
11,4-back,F8,14,1.2829501313422933e-10
11,4-back,F8,15,4.229247076294701e-11
11,4-back,F8,16,8.251257063529739e-11
11,4-back,F8,17,8.951440260237673e-11
11,4-back,F8,18,2.376267353152876e-11
11,4-back,F8,19,4.1710911407602094e-11
11,4-back,F8,20,6.203850936221819e-11
11,4-back,F8,21,1.039871594951081e-10
11,4-back,F8,22,1.632945934224192e-10
11,4-back,F8,23,3.366745808664708e-11
11,4-back,F8,24,3.895963150143746e-11
11,4-back,F8,25,5.0547659646647664e-11
11,4-back,F8,26,6.214272565261021e-11
11,4-back,F8,27,1.0260647872363563e-10
11,4-back,F8,28,4.7578491088619485e-11
11,4-back,F8,29,7.898791324864177e-11
11,4-back,F8,30,2.8391360247499378e-11
11,4-back,F8,31,9.835009032172292e-11
11,4-back,F8,32,4.0759835786131624e-11
11,4-back,F8,33,3.9211352556089465e-11
11,4-back,F8,34,1.0586648474979583e-10
11,4-back,F8,35,1.113929118141836e-10
11,4-back,F8,36,3.6225762540428485e-11
11,4-back,F8,37,5.776138956714923e-11
11,4-back,F8,38,4.471922632294569e-11
11,4-back,F8,39,1.1642461439736132e-10
11,4-back,F8,40,3.1166507573671275e-11
11,4-back,F8,41,2.2596340414476926e-11
11,4-back,F8,42,1.748739558420228e-11
11,4-back,Fz,1,1.2629852093197035e-10
11,4-back,Fz,2,1.625192617627368e-10
11,4-back,Fz,3,5.39271397562328e-11
11,4-back,Fz,4,1.5283217473201045e-11
11,4-back,Fz,5,1.6295774951751489e-10
11,4-back,Fz,6,3.800510050076983e-11
11,4-back,Fz,7,8.427940962419674e-11
11,4-back,Fz,8,3.9795248375741136e-11
11,4-back,Fz,9,2.5232853509708876e-10
11,4-back,Fz,10,1.1225991782564082e-10
11,4-back,Fz,11,1.338503319729341e-10
11,4-back,Fz,12,2.152269044950099e-10
11,4-back,Fz,13,1.317560736462223e-10
11,4-back,Fz,14,1.3054276218581635e-10
11,4-back,Fz,15,7.328376586111433e-11
11,4-back,Fz,16,1.9021300172729866e-10
11,4-back,Fz,17,1.1446326704476726e-10
11,4-back,Fz,18,8.36762427298449e-11
11,4-back,Fz,19,8.175407635951206e-11
11,4-back,Fz,20,1.9469729978009965e-10
11,4-back,Fz,21,1.8059416593265184e-10
11,4-back,Fz,22,1.5538656966420845e-10
11,4-back,Fz,23,7.868296565090482e-11
11,4-back,Fz,24,6.918471536259824e-11
11,4-back,Fz,25,8.11051583441997e-11
11,4-back,Fz,26,9.632088498787418e-11
11,4-back,Fz,27,1.4317524753311374e-10
11,4-back,Fz,28,5.7351365273360064e-11
11,4-back,Fz,29,1.457354675817395e-10
11,4-back,Fz,30,8.898297192005329e-11
11,4-back,Fz,31,3.000273138789221e-10
11,4-back,Fz,32,5.393659902504763e-11
11,4-back,Fz,33,4.4831379590681206e-11
11,4-back,Fz,34,1.747177950011298e-10
11,4-back,Fz,35,9.275484958214197e-11
11,4-back,Fz,36,1.0192434950094398e-10
11,4-back,Fz,37,1.9299803883683213e-10
11,4-back,Fz,38,1.6599813317467353e-10
11,4-back,Fz,39,1.263624190967358e-10
11,4-back,Fz,40,3.87162215042823e-11
11,4-back,Fz,41,1.2795683254132922e-10
11,4-back,Fz,42,1.777910675123932e-10
12,1-back,F3,1,1.948572230245771e-10
12,1-back,F3,2,4.1528174253669e-10
12,1-back,F3,3,1.6317959014298428e-10
12,1-back,F3,4,1.1982566999888288e-10
12,1-back,F3,5,1.994716771618146e-10
12,1-back,F3,6,2.3083248668030502e-10
12,1-back,F3,7,3.6988049182178773e-10
12,1-back,F3,8,1.2288562618728429e-10
12,1-back,F3,9,1.1827466467087212e-10
12,1-back,F3,10,1.0246099060250656e-10
12,1-back,F3,11,2.71004329972537e-10
12,1-back,F3,12,9.491658395307194e-11
12,1-back,F3,13,1.918974554858423e-10
12,1-back,F3,14,3.8903979565334793e-10
12,1-back,F3,15,5.8142387384744755e-11
12,1-back,F3,16,3.6057445339596695e-10
12,1-back,F3,17,1.4495861959958757e-10
12,1-back,F4,1,5.948424231532897e-11
12,1-back,F4,2,9.772410115201232e-11
12,1-back,F4,3,1.4602193162612443e-10
12,1-back,F4,4,1.4115688587730454e-10
12,1-back,F4,5,7.638549917820549e-11
12,1-back,F4,6,1.5940236912316996e-10
12,1-back,F4,7,1.3890265388267175e-10
12,1-back,F4,8,2.330184855498936e-10
12,1-back,F4,9,7.474273375086979e-11
12,1-back,F4,10,1.8709602128833896e-10
12,1-back,F4,11,1.6974840111983584e-10
12,1-back,F4,12,2.090873120673982e-10
12,1-back,F4,13,1.1613705161447667e-10
12,1-back,F4,14,1.2981922605419776e-10
12,1-back,F4,15,8.632816361733572e-11
12,1-back,F4,16,2.880657441885509e-10
12,1-back,F4,17,5.898423726053931e-11
12,1-back,F7,1,1.1101488203722066e-10
12,1-back,F7,2,1.7811130345114622e-10
12,1-back,F7,3,7.116069332700465e-11
12,1-back,F7,4,9.828649241126433e-11
12,1-back,F7,5,9.81663676700611e-11
12,1-back,F7,6,3.647733260383288e-10
12,1-back,F7,7,1.0389444806510141e-10
12,1-back,F7,8,2.7046738706163966e-10
12,1-back,F7,9,7.998265836120735e-11
12,1-back,F7,10,3.596395211144088e-11
12,1-back,F7,11,6.236927106854401e-11
12,1-back,F7,12,3.391619454109642e-11
12,1-back,F7,13,1.2470926991917658e-10
12,1-back,F7,14,9.207103017289826e-11
12,1-back,F7,15,1.2742278780111445e-11
12,1-back,F7,16,1.4342322656956702e-10
12,1-back,F7,17,1.616591669846251e-10
12,1-back,F8,1,1.5036155505702238e-10
12,1-back,F8,2,8.2834340137904e-11
12,1-back,F8,3,7.962858969873764e-11
12,1-back,F8,4,1.1219038736857374e-10
12,1-back,F8,5,4.5086335819370186e-11
12,1-back,F8,6,2.1327607120730046e-10
12,1-back,F8,7,1.0152302957879867e-10
12,1-back,F8,8,1.2478586754806624e-10
12,1-back,F8,9,7.03136309789877e-11
12,1-back,F8,10,1.0379447900552115e-10
12,1-back,F8,11,3.5422263989319496e-11
12,1-back,F8,12,1.5343801540848387e-10
12,1-back,F8,13,6.216782195515099e-11
12,1-back,F8,14,5.825716200611092e-11
12,1-back,F8,15,7.00806751697331e-11
12,1-back,F8,16,1.3717464530708255e-10
12,1-back,F8,17,7.561959478743394e-11
12,1-back,Fz,1,9.995146178870835e-11
12,1-back,Fz,2,1.750632944656912e-10
12,1-back,Fz,3,8.388158863716661e-11
12,1-back,Fz,4,7.68048540061951e-11
12,1-back,Fz,5,1.4202368430719487e-10
12,1-back,Fz,6,2.3446619480247907e-10
12,1-back,Fz,7,1.4538495021354996e-10
12,1-back,Fz,8,1.568149114971434e-10
12,1-back,Fz,9,7.987827009078393e-11
12,1-back,Fz,10,1.5478022633353333e-10
12,1-back,Fz,11,1.6434385364926365e-10
12,1-back,Fz,12,9.688687942405794e-11
12,1-back,Fz,13,2.4754201869760936e-10
12,1-back,Fz,14,1.251976419346183e-10
12,1-back,Fz,15,1.0126595329288668e-10
12,1-back,Fz,16,2.4720956614080303e-10
12,1-back,Fz,17,1.31563540527741e-10
12,2-back,F3,1,1.4230287786475518e-10
12,2-back,F3,2,7.228745324368919e-11
12,2-back,F3,3,4.395719788301589e-10
12,2-back,F3,4,2.794416499789025e-10
12,2-back,F3,5,2.9813630828544517e-10
12,2-back,F3,6,1.2307384324198305e-10
12,2-back,F3,7,2.0031520387793796e-10
12,2-back,F3,8,2.3802031791760626e-10
12,2-back,F3,9,9.757305272713062e-11
12,2-back,F3,10,2.0377428522225459e-10
12,2-back,F3,11,4.7967149099757264e-11
12,2-back,F3,12,2.4386658397295807e-10
12,2-back,F3,13,8.980757818439556e-11
12,2-back,F3,14,2.781394616540327e-10
12,2-back,F3,15,1.7061629098704735e-10
12,2-back,F3,16,1.1536693914619585e-10
12,2-back,F3,17,8.562074839826354e-11
12,2-back,F3,18,2.2619412636726298e-10
12,2-back,F3,19,1.4192920977663615e-10
12,2-back,F3,20,2.343561488136462e-10
12,2-back,F3,21,1.208733138661144e-10
12,2-back,F3,22,5.795115793287711e-11
12,2-back,F4,1,8.0336359685112e-11
12,2-back,F4,2,7.983491601078383e-11
12,2-back,F4,3,2.3865188587724657e-10
12,2-back,F4,4,2.025479175646171e-10
12,2-back,F4,5,4.720761799335212e-10
12,2-back,F4,6,1.5206310852418583e-10
12,2-back,F4,7,1.8933505106317272e-10
12,2-back,F4,8,1.8653744551773493e-10
12,2-back,F4,9,1.5619192262959836e-10
12,2-back,F4,10,3.4844858128836855e-10
12,2-back,F4,11,4.472278026559454e-11
12,2-back,F4,12,2.4024652443184697e-10
12,2-back,F4,13,3.7520643011475224e-11
12,2-back,F4,14,4.143981358970637e-10
12,2-back,F4,15,2.0477070217005883e-10
12,2-back,F4,16,1.5335105103360505e-10
12,2-back,F4,17,1.5685095050710196e-10
12,2-back,F4,18,1.430136898841591e-10
12,2-back,F4,19,6.664114614648068e-11
12,2-back,F4,20,1.7638673891282598e-10
12,2-back,F4,21,1.4493156955333167e-10
12,2-back,F4,22,2.0479952912113648e-11
12,2-back,F7,1,3.7655388719071896e-11
12,2-back,F7,2,8.15002738870598e-11
12,2-back,F7,3,2.64621818872799e-10
12,2-back,F7,4,2.2425249239774457e-10
12,2-back,F7,5,2.6148717237919726e-10
12,2-back,F7,6,1.4003936959950624e-10
12,2-back,F7,7,1.911463377416934e-10
12,2-back,F7,8,1.400782226569139e-10
12,2-back,F7,9,4.050796512064159e-11
12,2-back,F7,10,8.331943245569808e-11
12,2-back,F7,11,9.924124220079317e-11
12,2-back,F7,12,9.927301986101013e-11
12,2-back,F7,13,3.516845587364679e-11
12,2-back,F7,14,7.601683701881837e-10
12,2-back,F7,15,6.766416548896535e-11
12,2-back,F7,16,3.6422785641816895e-11
12,2-back,F7,17,5.879174998494357e-11
12,2-back,F7,18,9.272376734252012e-11
12,2-back,F7,19,2.4821845849944135e-11
12,2-back,F7,20,2.594549279929053e-10
12,2-back,F7,21,1.1332434498012349e-10
12,2-back,F7,22,3.352001755203583e-11
12,2-back,F8,1,6.906158670618535e-11
12,2-back,F8,2,8.24022854301901e-11
12,2-back,F8,3,2.714786610825676e-10
12,2-back,F8,4,1.4679151250183694e-10
12,2-back,F8,5,3.320754530591018e-10
12,2-back,F8,6,1.0891328041378307e-10
12,2-back,F8,7,1.5909941877948834e-10
12,2-back,F8,8,1.0717450441299141e-10
12,2-back,F8,9,1.0320886157163837e-10
12,2-back,F8,10,9.231096397578894e-11
12,2-back,F8,11,5.3131165068400905e-11
12,2-back,F8,12,1.198333415605128e-10
12,2-back,F8,13,3.6306397361746525e-11
12,2-back,F8,14,5.615053338058836e-10
12,2-back,F8,15,1.0083592639803994e-10
12,2-back,F8,16,7.55049653911117e-11
12,2-back,F8,17,9.266371801444423e-11
12,2-back,F8,18,7.874807360164111e-11
12,2-back,F8,19,1.7534247656614244e-11
12,2-back,F8,20,2.7667543028411326e-10
12,2-back,F8,21,9.677516650680749e-11
12,2-back,F8,22,5.641128135394936e-11
12,2-back,Fz,1,2.8781067582689703e-11
12,2-back,Fz,2,5.0950814184996385e-11
12,2-back,Fz,3,2.2963023709121976e-10
12,2-back,Fz,4,2.7668339866516336e-10
12,2-back,Fz,5,4.823585013541136e-10
12,2-back,Fz,6,1.5775511810079854e-10
12,2-back,Fz,7,1.924478725059643e-10
12,2-back,Fz,8,1.7447008287307389e-10
12,2-back,Fz,9,1.3465884361731082e-10
12,2-back,Fz,10,1.5432975264988855e-10
12,2-back,Fz,11,7.683171393438067e-11
12,2-back,Fz,12,9.819581259490245e-11
12,2-back,Fz,13,4.2733681784726915e-11
12,2-back,Fz,14,4.491095159854953e-10
12,2-back,Fz,15,1.337455110774892e-10
12,2-back,Fz,16,1.4340401436110218e-10
12,2-back,Fz,17,1.2753470987096765e-10
12,2-back,Fz,18,2.203794265186177e-10
12,2-back,Fz,19,7.417617952806693e-11
12,2-back,Fz,20,2.4724610284349275e-10
12,2-back,Fz,21,1.1650081876305194e-10
12,2-back,Fz,22,3.91162140799387e-11
12,3-back,F3,1,1.438361068765062e-10
12,3-back,F3,2,5.2224954923110285e-11
12,3-back,F3,3,1.672591012245216e-10
12,3-back,F3,4,9.765083832683257e-11
12,3-back,F3,5,1.9443082870372795e-10
12,3-back,F3,6,2.7479986967836334e-10
12,3-back,F3,7,3.444654188192036e-10
12,3-back,F4,1,1.3239328991522336e-10
12,3-back,F4,2,1.3178605802213034e-10
12,3-back,F4,3,1.5086821227045856e-10
12,3-back,F4,4,9.084113018284995e-11
12,3-back,F4,5,7.493085045180412e-11
12,3-back,F4,6,9.791789282481986e-11
12,3-back,F4,7,1.4620865147185198e-10
12,3-back,F7,1,9.984958079813357e-11
12,3-back,F7,2,3.8948373831602574e-11
12,3-back,F7,3,6.827111341082476e-11
12,3-back,F7,4,5.549644965874707e-11
12,3-back,F7,5,1.3657202958618785e-10
12,3-back,F7,6,2.441210776146805e-10
12,3-back,F7,7,2.2302874168035726e-10
12,3-back,F8,1,5.1562152404702634e-11
12,3-back,F8,2,2.2253262956042266e-11
12,3-back,F8,3,1.246222231632007e-10
12,3-back,F8,4,1.0937752794953217e-10
12,3-back,F8,5,6.957345614703923e-11
12,3-back,F8,6,1.6134012504610125e-10
12,3-back,F8,7,1.9477810080704141e-10
12,3-back,Fz,1,1.510461580069577e-10
12,3-back,Fz,2,4.0522941887290785e-11
12,3-back,Fz,3,2.144885033612938e-10
12,3-back,Fz,4,5.756083845171382e-11
12,3-back,Fz,5,5.675263484101719e-11
12,3-back,Fz,6,1.6486851286339005e-10
12,3-back,Fz,7,2.0297145945023295e-10
12,4-back,F3,1,3.526577117527513e-10
12,4-back,F3,2,3.380202923210022e-10
12,4-back,F3,3,3.9585216442928633e-10
12,4-back,F3,4,8.16486588083516e-10
12,4-back,F3,5,2.2356484464000497e-10
12,4-back,F3,6,7.679707903493647e-10
12,4-back,F3,7,2.5909153799017685e-10
12,4-back,F3,8,2.822375162401786e-10
12,4-back,F3,9,2.399554988041139e-10
12,4-back,F3,10,3.9496397266434043e-10
12,4-back,F3,11,2.720038895043798e-10
12,4-back,F3,12,4.5643435511307606e-10
12,4-back,F3,13,3.8829867752383086e-10
12,4-back,F3,14,6.339251190575381e-10
12,4-back,F3,15,2.1830456545273842e-10
12,4-back,F3,16,7.557725502136419e-11
12,4-back,F3,17,1.6760779608673418e-10
12,4-back,F3,18,2.744724055149153e-10
12,4-back,F3,19,2.895354039459914e-10
12,4-back,F3,20,2.1624074272174041e-10
12,4-back,F3,21,1.4305459405007957e-10
12,4-back,F3,22,1.505019433781055e-10
12,4-back,F3,23,3.735249677650097e-10
12,4-back,F3,24,1.2251660465736947e-10
12,4-back,F3,25,1.1775001694843336e-10
12,4-back,F4,1,2.5119554467532626e-10
12,4-back,F4,2,2.398686404260259e-10
12,4-back,F4,3,1.8173913539155066e-10
12,4-back,F4,4,3.9655885492151963e-10
12,4-back,F4,5,1.4902451344924265e-10
12,4-back,F4,6,2.2699190924680908e-10
12,4-back,F4,7,1.3090744353076336e-10
12,4-back,F4,8,1.2723976924025162e-10
12,4-back,F4,9,1.7618796356639265e-10
12,4-back,F4,10,1.6296778607851511e-10
12,4-back,F4,11,2.3941932460192624e-10
12,4-back,F4,12,3.9263437954425035e-10
12,4-back,F4,13,3.652755355913849e-10
12,4-back,F4,14,4.6413747553087504e-10
12,4-back,F4,15,8.756103687388081e-11
12,4-back,F4,16,6.605850890285473e-11
12,4-back,F4,17,1.5099486833070071e-10
12,4-back,F4,18,1.7293604964435616e-10
12,4-back,F4,19,1.3825280871114062e-10
12,4-back,F4,20,3.254647159412876e-10
12,4-back,F4,21,1.2168968094698234e-10
12,4-back,F4,22,5.352909119185261e-11
12,4-back,F4,23,2.248689167238393e-10
12,4-back,F4,24,5.393242364615129e-11
12,4-back,F4,25,8.687453474093618e-11
12,4-back,F7,1,3.1068397904249135e-10
12,4-back,F7,2,3.476744273111235e-10
12,4-back,F7,3,2.152151545888025e-10
12,4-back,F7,4,5.353641115950108e-10
12,4-back,F7,5,2.2183401594102067e-10
12,4-back,F7,6,3.255024424886078e-10
12,4-back,F7,7,1.379168857466432e-11
12,4-back,F7,8,2.9745446774938646e-11
12,4-back,F7,9,2.448902471822593e-10
12,4-back,F7,10,2.2871136495172668e-10
12,4-back,F7,11,4.492028163775718e-10
12,4-back,F7,12,9.042195166495223e-10
12,4-back,F7,13,3.44778486963192e-10
12,4-back,F7,14,7.395120389951073e-10
12,4-back,F7,15,3.7271111164679297e-10
12,4-back,F7,16,4.778186810937311e-11
12,4-back,F7,17,2.1397600194825024e-10
12,4-back,F7,18,3.542029417903042e-10
12,4-back,F7,19,3.838964110674969e-10
12,4-back,F7,20,2.0879707222669304e-10
12,4-back,F7,21,3.624172423729246e-11
12,4-back,F7,22,2.836186846652323e-11
12,4-back,F7,23,2.1276247696007838e-10
12,4-back,F7,24,9.658792817883656e-11
12,4-back,F7,25,1.1391374146411286e-11
12,4-back,F8,1,2.0839101251149699e-10
12,4-back,F8,2,2.7196578683710557e-10
12,4-back,F8,3,2.521100090374699e-10
12,4-back,F8,4,5.347487655482658e-10
12,4-back,F8,5,1.707606120374899e-10
12,4-back,F8,6,2.2741519016071277e-10
12,4-back,F8,7,1.164913194181847e-10
12,4-back,F8,8,7.583202064042924e-11
12,4-back,F8,9,3.166111742738176e-10
12,4-back,F8,10,2.0223179944960068e-10
12,4-back,F8,11,3.0474650213779885e-10
12,4-back,F8,12,6.080589155809725e-10
12,4-back,F8,13,3.2299285679273504e-10
12,4-back,F8,14,5.53526940185438e-10
12,4-back,F8,15,1.4746356595967937e-10
12,4-back,F8,16,4.9752562599708925e-11
12,4-back,F8,17,2.861213558717624e-10
12,4-back,F8,18,3.9391577701595513e-10
12,4-back,F8,19,1.756095657271569e-10
12,4-back,F8,20,2.408980091183788e-10
12,4-back,F8,21,5.886033242810141e-11
12,4-back,F8,22,1.9076491172141705e-11
12,4-back,F8,23,1.6528696321827313e-10
12,4-back,F8,24,6.984292344399985e-11
12,4-back,F8,25,2.4813175716985492e-11
12,4-back,Fz,1,3.525233268877651e-10
12,4-back,Fz,2,2.4035015290315636e-10
12,4-back,Fz,3,1.805817172761031e-10
12,4-back,Fz,4,3.1644504842277404e-10
12,4-back,Fz,5,1.9110209682392314e-10
12,4-back,Fz,6,3.8806796533582387e-10
12,4-back,Fz,7,5.055395573268654e-11
12,4-back,Fz,8,1.2632250992111956e-10
12,4-back,Fz,9,2.6513041820694406e-10
12,4-back,Fz,10,1.3284350190590538e-10
12,4-back,Fz,11,3.5443393778304554e-10
12,4-back,Fz,12,5.495839855708823e-10
12,4-back,Fz,13,5.351602597961025e-10
12,4-back,Fz,14,4.798326684672157e-10
12,4-back,Fz,15,1.376709762275539e-10
12,4-back,Fz,16,5.030597439417246e-11
12,4-back,Fz,17,1.8162100294572956e-10
12,4-back,Fz,18,1.7593698798531442e-10
12,4-back,Fz,19,1.7738593686171675e-10
12,4-back,Fz,20,1.8011230852785264e-10
12,4-back,Fz,21,2.0806754007905578e-10
12,4-back,Fz,22,3.248121269602813e-11
12,4-back,Fz,23,1.376241091491086e-10
12,4-back,Fz,24,5.756397547947017e-11
12,4-back,Fz,25,1.332120973791657e-10
13,1-back,F3,1,1.8852120100122568e-10
13,1-back,F3,2,1.5309364920322472e-10
13,1-back,F3,3,8.999823493433992e-11
13,1-back,F3,4,2.0611702361774492e-10
13,1-back,F3,5,9.034302340001387e-11
13,1-back,F3,6,7.041821774628467e-11
13,1-back,F3,7,1.271773398940507e-10
13,1-back,F3,8,9.912996511153742e-11
13,1-back,F3,9,2.1566708231961853e-10
13,1-back,F3,10,4.2557954018570764e-10
13,1-back,F3,11,1.859358306691154e-10
13,1-back,F3,12,8.774963457046629e-11
13,1-back,F3,13,4.987716761247998e-10
13,1-back,F3,14,2.2871991996831812e-10
13,1-back,F3,15,6.979101228338694e-11
13,1-back,F3,16,9.130909347068118e-11
13,1-back,F3,17,3.639635921762355e-10
13,1-back,F3,18,8.620895707706263e-11
13,1-back,F3,19,1.086339480462261e-10
13,1-back,F3,20,3.429205629687812e-10
13,1-back,F3,21,3.384535488356554e-10
13,1-back,F3,22,1.9587564861774093e-10
13,1-back,F3,23,4.942081313298162e-11
13,1-back,F3,24,3.0703254732885364e-10
13,1-back,F3,25,2.3382723909370025e-10
13,1-back,F3,26,2.961114969204013e-10
13,1-back,F3,27,1.6582194669251907e-10
13,1-back,F3,28,1.922947467468318e-10
13,1-back,F3,29,1.6471572921602784e-10
13,1-back,F3,30,2.705595683667053e-10
13,1-back,F3,31,5.905154384986127e-11
13,1-back,F3,32,2.2686697470106823e-10
13,1-back,F3,33,7.328389688540351e-11
13,1-back,F3,34,2.2590123481435366e-11
13,1-back,F3,35,1.2670892279915522e-10
13,1-back,F3,36,9.681719546885671e-11
13,1-back,F3,37,1.1179479431195549e-10
13,1-back,F3,38,3.563944493788193e-11
13,1-back,F3,39,1.1511388872772662e-10
13,1-back,F3,40,6.826389366113904e-11
13,1-back,F3,41,1.3641345046652272e-10
13,1-back,F3,42,1.1467899661742744e-10
13,1-back,F3,43,1.0864967473136779e-10
13,1-back,F3,44,1.461402468688491e-10
13,1-back,F3,45,4.436192859378529e-10
13,1-back,F3,46,2.7125785428559984e-10
13,1-back,F3,47,7.129004176173926e-11
13,1-back,F3,48,2.2410687523214757e-10
13,1-back,F3,49,1.1326176707456555e-10
13,1-back,F3,50,1.0485857677131536e-10
13,1-back,F3,51,1.4138053069912053e-10
13,1-back,F3,52,1.310557595034904e-10
13,1-back,F3,53,1.2744575351386792e-10
13,1-back,F3,54,8.84165684957602e-11
13,1-back,F3,55,1.1139202907826553e-10
13,1-back,F3,56,4.2359288471619703e-10
13,1-back,F3,57,1.4424307329663934e-10
13,1-back,F3,58,1.223427954408314e-10
13,1-back,F3,59,5.3297937002732725e-11
13,1-back,F4,1,6.97386527129796e-11
13,1-back,F4,2,1.6332668177043285e-10
13,1-back,F4,3,1.0831439439131658e-10
13,1-back,F4,4,2.1029440246654106e-10
13,1-back,F4,5,5.1551427252962167e-11
13,1-back,F4,6,7.035856972187102e-11
13,1-back,F4,7,1.209210319837568e-10
13,1-back,F4,8,8.381887512008604e-11
13,1-back,F4,9,1.0520247612195089e-10
13,1-back,F4,10,3.0028222740463685e-10
13,1-back,F4,11,3.5173630178436153e-10
13,1-back,F4,12,9.961505435068704e-11
13,1-back,F4,13,4.834170480051457e-10
13,1-back,F4,14,1.4832726063857458e-10
13,1-back,F4,15,4.959945804190886e-11
13,1-back,F4,16,5.522167225672615e-11
13,1-back,F4,17,2.370567119185893e-10
13,1-back,F4,18,8.494247918777034e-11
13,1-back,F4,19,8.684882975474298e-11
13,1-back,F4,20,1.4829208120770217e-10
13,1-back,F4,21,1.5072197418435652e-10
13,1-back,F4,22,1.392558202899555e-10
13,1-back,F4,23,6.401389168864303e-11
13,1-back,F4,24,2.639127765249741e-10
13,1-back,F4,25,1.220012204854938e-10
13,1-back,F4,26,1.2915301058873312e-10
13,1-back,F4,27,1.2773436618807322e-10
13,1-back,F4,28,7.091586468838551e-11
13,1-back,F4,29,2.045213080612329e-10
13,1-back,F4,30,5.487519962633535e-11
13,1-back,F4,31,7.87744435136676e-11
13,1-back,F4,32,2.206978137123655e-10
13,1-back,F4,33,8.141567102903862e-11
13,1-back,F4,34,8.31888445256195e-11
13,1-back,F4,35,1.1816569167979566e-10
13,1-back,F4,36,6.890457670961714e-11
13,1-back,F4,37,1.8622751375643976e-10
13,1-back,F4,38,5.127206386579237e-11
13,1-back,F4,39,1.3534706229070498e-10
13,1-back,F4,40,1.0583601469702396e-10
13,1-back,F4,41,1.7128884388842002e-10
13,1-back,F4,42,1.962581404183057e-10
13,1-back,F4,43,1.1996980484005683e-10
13,1-back,F4,44,6.558631812251977e-11
13,1-back,F4,45,3.483593406166854e-10
13,1-back,F4,46,2.2139674825315159e-10
13,1-back,F4,47,6.566058680722905e-11
13,1-back,F4,48,2.284871082402416e-10
13,1-back,F4,49,1.3312479723371587e-10
13,1-back,F4,50,1.9042820317963634e-10
13,1-back,F4,51,3.191369453694122e-11
13,1-back,F4,52,1.1590956693737571e-10
13,1-back,F4,53,9.740478675952845e-11
13,1-back,F4,54,5.342605719671546e-11
13,1-back,F4,55,1.1705599780699773e-10
13,1-back,F4,56,2.5810365039502206e-10
13,1-back,F4,57,1.3340676428230788e-10
13,1-back,F4,58,1.2143207201029976e-10
13,1-back,F4,59,5.569691120703385e-11
13,1-back,F7,1,1.2315889973943762e-10
13,1-back,F7,2,6.447431592779668e-11
13,1-back,F7,3,7.006951859563582e-11
13,1-back,F7,4,6.839953740287306e-11
13,1-back,F7,5,5.105911981240716e-11
13,1-back,F7,6,4.788009052826574e-11
13,1-back,F7,7,2.2411132791565165e-10
13,1-back,F7,8,9.418738882852539e-11
13,1-back,F7,9,6.547867094724358e-11
13,1-back,F7,10,1.9843303093525058e-10
13,1-back,F7,11,6.469564496861714e-11
13,1-back,F7,12,4.298265372385191e-11
13,1-back,F7,13,2.6791683267696567e-10
13,1-back,F7,14,9.423496321899387e-11
13,1-back,F7,15,2.138329826670329e-11
13,1-back,F7,16,7.403831062938997e-11
13,1-back,F7,17,2.116491545617686e-10
13,1-back,F7,18,9.992307818709821e-11
13,1-back,F7,19,5.545111329955545e-11
13,1-back,F7,20,4.0368609011601434e-10
13,1-back,F7,21,1.321787940769757e-10
13,1-back,F7,22,1.0948005628381496e-10
13,1-back,F7,23,2.7429971048735076e-11
13,1-back,F7,24,1.425021565760616e-10
13,1-back,F7,25,9.261427521970369e-11
13,1-back,F7,26,1.8147172513870744e-10
13,1-back,F7,27,1.741506749944286e-10
13,1-back,F7,28,7.929463505741498e-11
13,1-back,F7,29,1.4300766726975209e-10
13,1-back,F7,30,1.5661586936506927e-10
13,1-back,F7,31,1.254503510816973e-10
13,1-back,F7,32,1.1285413641341046e-10
13,1-back,F7,33,4.868135923338344e-11
13,1-back,F7,34,2.460603513196813e-11
13,1-back,F7,35,1.1940281098750145e-10
13,1-back,F7,36,1.0661875291725344e-10
13,1-back,F7,37,9.441092316346609e-11
13,1-back,F7,38,5.8115436551303714e-11
13,1-back,F7,39,1.129030435613436e-10
13,1-back,F7,40,3.003953687074237e-11
13,1-back,F7,41,2.8263191582180063e-11
13,1-back,F7,42,6.073822207223676e-11
13,1-back,F7,43,7.757704276800153e-11
13,1-back,F7,44,9.760414728505403e-11
13,1-back,F7,45,3.9186912703682746e-10
13,1-back,F7,46,2.615138037704799e-10
13,1-back,F7,47,5.0090520633984265e-11
13,1-back,F7,48,1.380857214567474e-10
13,1-back,F7,49,1.3138206177335143e-10
13,1-back,F7,50,5.588133210426852e-11
13,1-back,F7,51,9.184351753716258e-11
13,1-back,F7,52,7.87666610713089e-11
13,1-back,F7,53,2.0984349211731005e-10
13,1-back,F7,54,2.629055979100086e-11
13,1-back,F7,55,1.1266979868624954e-10
13,1-back,F7,56,4.240789169388712e-10
13,1-back,F7,57,1.1555165685632074e-10
13,1-back,F7,58,6.881385815549872e-11
13,1-back,F7,59,3.6536247731210306e-11
13,1-back,F8,1,6.489653036863271e-11
13,1-back,F8,2,5.448675647410533e-11
13,1-back,F8,3,6.257797030945184e-11
13,1-back,F8,4,7.784154959764008e-11
13,1-back,F8,5,4.0743358349412845e-11
13,1-back,F8,6,3.020403934510908e-11
13,1-back,F8,7,7.500346444167351e-11
13,1-back,F8,8,2.81772023892883e-11
13,1-back,F8,9,4.366873586233005e-11
13,1-back,F8,10,1.538458101089356e-10
13,1-back,F8,11,1.1315510607181955e-10
13,1-back,F8,12,5.34755629785491e-11
13,1-back,F8,13,9.966686462686123e-11
13,1-back,F8,14,4.6667319366717964e-11
13,1-back,F8,15,3.115243288122161e-11
13,1-back,F8,16,4.9842334769672486e-11
13,1-back,F8,17,8.098662785194446e-11
13,1-back,F8,18,8.202070109509969e-11
13,1-back,F8,19,4.1812640987588234e-11
13,1-back,F8,20,1.297449090765051e-10
13,1-back,F8,21,5.3787530278187184e-11
13,1-back,F8,22,6.208762059456242e-11
13,1-back,F8,23,4.994822313344303e-11
13,1-back,F8,24,1.1435074535216106e-10
13,1-back,F8,25,4.1267508839879695e-11
13,1-back,F8,26,3.6814496961125695e-11
13,1-back,F8,27,4.9309968103933554e-11
13,1-back,F8,28,9.496222373097508e-12
13,1-back,F8,29,5.0456016577518013e-11
13,1-back,F8,30,4.6633628235520685e-11
13,1-back,F8,31,3.52072108332618e-11
13,1-back,F8,32,8.915551256364243e-11
13,1-back,F8,33,3.7918464122847115e-11
13,1-back,F8,34,3.406948237962883e-11
13,1-back,F8,35,4.147761701854864e-11
13,1-back,F8,36,2.186946436260724e-11
13,1-back,F8,37,9.402978243307707e-11
13,1-back,F8,38,5.135631068610097e-11
13,1-back,F8,39,1.1101937548933389e-10
13,1-back,F8,40,6.804327403950446e-11
13,1-back,F8,41,8.504483966991778e-11
13,1-back,F8,42,1.3232956814603406e-10
13,1-back,F8,43,1.3135828651144766e-10
13,1-back,F8,44,5.363589011587468e-11
13,1-back,F8,45,1.581605422767128e-10
13,1-back,F8,46,1.6826473206254965e-10
13,1-back,F8,47,3.5495090001610336e-11
13,1-back,F8,48,9.116034800514122e-11
13,1-back,F8,49,1.7524042003501868e-10
13,1-back,F8,50,8.132333674714044e-11
13,1-back,F8,51,3.5984239282209364e-11
13,1-back,F8,52,9.899148648018437e-11
13,1-back,F8,53,4.8211771734016076e-11
13,1-back,F8,54,3.173345647395009e-11
13,1-back,F8,55,1.0468373164297608e-10
13,1-back,F8,56,3.082623332319302e-10
13,1-back,F8,57,5.468491815609753e-11
13,1-back,F8,58,6.872527674744904e-11
13,1-back,F8,59,6.216558309050923e-11
13,1-back,Fz,1,2.477840875201185e-10
13,1-back,Fz,2,2.884506992486893e-10
13,1-back,Fz,3,1.8237109661498756e-10
13,1-back,Fz,4,5.517302641346476e-10
13,1-back,Fz,5,1.1068909904634825e-10
13,1-back,Fz,6,9.94251544177546e-11
13,1-back,Fz,7,1.1594768084557703e-10
13,1-back,Fz,8,2.7096570458998755e-10
13,1-back,Fz,9,3.4010512684896304e-10
13,1-back,Fz,10,4.905454788115031e-10
13,1-back,Fz,11,5.281339390908435e-10
13,1-back,Fz,12,1.091493073384243e-10
13,1-back,Fz,13,1.075855175941305e-09
13,1-back,Fz,14,3.5916287365340964e-10
13,1-back,Fz,15,1.5605530252547022e-10
13,1-back,Fz,16,9.929605600462002e-11
13,1-back,Fz,17,3.3304452402751267e-10
13,1-back,Fz,18,1.3775495093198751e-10
13,1-back,Fz,19,1.6552399684835457e-10
13,1-back,Fz,20,2.5412167486868545e-10
13,1-back,Fz,21,4.426153549261471e-10
13,1-back,Fz,22,2.808981858997048e-10
13,1-back,Fz,23,7.831861979547852e-11
13,1-back,Fz,24,4.90123472410566e-10
13,1-back,Fz,25,2.163267332675279e-10
13,1-back,Fz,26,2.713827280517571e-10
13,1-back,Fz,27,2.9090639634514695e-10
13,1-back,Fz,28,1.7343330317475663e-10
13,1-back,Fz,29,2.527093413637326e-10
13,1-back,Fz,30,2.5629790526930065e-10
13,1-back,Fz,31,4.507446348224149e-11
13,1-back,Fz,32,3.168596096917239e-10
13,1-back,Fz,33,1.696787676977013e-10
13,1-back,Fz,34,8.300235443368736e-11
13,1-back,Fz,35,1.145344098315992e-10
13,1-back,Fz,36,1.380923939268058e-10
13,1-back,Fz,37,2.8585219695051965e-10
13,1-back,Fz,38,4.5648566081024426e-11
13,1-back,Fz,39,1.1663515178385005e-10
13,1-back,Fz,40,8.97367827860765e-11
13,1-back,Fz,41,1.91294839868203e-10
13,1-back,Fz,42,2.0763063832118198e-10
13,1-back,Fz,43,1.3374686019018666e-10
13,1-back,Fz,44,1.0150659190894783e-10
13,1-back,Fz,45,5.590208310611304e-10
13,1-back,Fz,46,4.352606831727477e-10
13,1-back,Fz,47,9.713627329445005e-11
13,1-back,Fz,48,4.5446158640533383e-10
13,1-back,Fz,49,1.9480864056527467e-10
13,1-back,Fz,50,2.048022044659628e-10
13,1-back,Fz,51,1.4510444013470277e-10
13,1-back,Fz,52,1.6924048396511042e-10
13,1-back,Fz,53,1.414477240165149e-10
13,1-back,Fz,54,1.4262232252374665e-10
13,1-back,Fz,55,1.0485572958107799e-10
13,1-back,Fz,56,3.6006300445419825e-10
13,1-back,Fz,57,1.763148136247819e-10
13,1-back,Fz,58,2.2220261119542303e-10
13,1-back,Fz,59,6.77034342574788e-11
13,2-back,F3,1,1.2538764725502703e-10
13,2-back,F3,2,9.987754706135179e-11
13,2-back,F3,3,1.7715719130167455e-10
13,2-back,F3,4,2.0439489987452328e-10
13,2-back,F3,5,1.0252726897845308e-10
13,2-back,F3,6,1.3097268995880015e-10
13,2-back,F3,7,1.71195754539022e-10
13,2-back,F3,8,8.643290826495262e-11
13,2-back,F3,9,7.600386027278684e-11
13,2-back,F3,10,1.3746229285188445e-10
13,2-back,F3,11,6.699489926851356e-11
13,2-back,F3,12,1.9648905975398101e-10
13,2-back,F3,13,8.242055645218182e-11
13,2-back,F3,14,1.1715692598409744e-10
13,2-back,F3,15,8.81878588922927e-11
13,2-back,F3,16,1.7120885348301413e-10
13,2-back,F3,17,3.631686703005428e-11
13,2-back,F3,18,6.0581161872633e-11
13,2-back,F3,19,6.754930570057286e-11
13,2-back,F3,20,1.0188676875187089e-10
13,2-back,F3,21,1.6430172785071637e-10
13,2-back,F3,22,6.462263140910418e-11
13,2-back,F3,23,7.378841336155842e-11
13,2-back,F3,24,1.1717659631947238e-10
13,2-back,F3,25,1.423930594079051e-10
13,2-back,F3,26,3.0202143603962767e-10
13,2-back,F3,27,6.12499376931436e-11
13,2-back,F3,28,1.3723650331491266e-10
13,2-back,F3,29,1.3166857848255366e-10
13,2-back,F3,30,3.915573899139508e-11
13,2-back,F3,31,9.869771321605162e-11
13,2-back,F3,32,3.5726240563804105e-11
13,2-back,F3,33,1.7787449212737114e-10
13,2-back,F3,34,5.722505462731766e-11
13,2-back,F3,35,2.0375058724645428e-10
13,2-back,F3,36,2.614696669295599e-10
13,2-back,F3,37,1.5117285153891877e-10
13,2-back,F3,38,6.470354105755262e-11
13,2-back,F3,39,5.7687430492199864e-11
13,2-back,F3,40,2.7766764992723336e-11
13,2-back,F3,41,1.7640954902191704e-10
13,2-back,F3,42,1.0551657985972992e-10
13,2-back,F3,43,3.253210159824169e-11
13,2-back,F3,44,1.0505506709559455e-10
13,2-back,F3,45,1.2466165484327798e-10
13,2-back,F3,46,1.263312911483463e-10
13,2-back,F3,47,6.920699927911423e-11
13,2-back,F3,48,3.8217426219069446e-11
13,2-back,F3,49,3.9359374621281575e-10
13,2-back,F3,50,2.0528982842175414e-10
13,2-back,F3,51,4.0831050503963145e-10
13,2-back,F3,52,1.4737514954057643e-10
13,2-back,F3,53,1.0908113173743554e-10
13,2-back,F3,54,1.5999238899673376e-10
13,2-back,F3,55,1.406373411616592e-10
13,2-back,F3,56,2.1229655298900072e-10
13,2-back,F3,57,9.285507884022449e-11
13,2-back,F3,58,1.0534748743216371e-10
13,2-back,F3,59,1.1150415435462459e-10
13,2-back,F3,60,1.4011053948086013e-10
13,2-back,F3,61,5.253837485370591e-11
13,2-back,F3,62,1.2461273647981167e-10
13,2-back,F4,1,1.980546522627269e-10
13,2-back,F4,2,6.888948177351408e-11
13,2-back,F4,3,1.0579708745929e-10
13,2-back,F4,4,1.7493667966953154e-10
13,2-back,F4,5,9.771800838539785e-11
13,2-back,F4,6,8.124601866753286e-11
13,2-back,F4,7,2.7856115539825187e-11
13,2-back,F4,8,8.247003016661039e-11
13,2-back,F4,9,3.059709417368985e-11
13,2-back,F4,10,1.2547140705053448e-10
13,2-back,F4,11,1.2892299389022208e-10
13,2-back,F4,12,8.735141796676309e-11
13,2-back,F4,13,5.1165925866846026e-11
13,2-back,F4,14,8.662864116361559e-11
13,2-back,F4,15,3.6191929454101433e-11
13,2-back,F4,16,8.002300739029215e-11
13,2-back,F4,17,3.144789168553089e-11
13,2-back,F4,18,5.995124452377816e-11
13,2-back,F4,19,9.904707415802826e-11
13,2-back,F4,20,5.641704389244784e-11
13,2-back,F4,21,1.8918067511511919e-10
13,2-back,F4,22,3.7398157569299286e-11
13,2-back,F4,23,9.465441692145415e-11
13,2-back,F4,24,1.0283963608018786e-10
13,2-back,F4,25,5.856683741444615e-11
13,2-back,F4,26,2.0976962047442895e-10
13,2-back,F4,27,1.281882385087865e-10
13,2-back,F4,28,1.8719527425663902e-10
13,2-back,F4,29,1.2910147059879887e-10
13,2-back,F4,30,6.494248462584979e-11
13,2-back,F4,31,1.32439952220373e-10
13,2-back,F4,32,7.88014174868934e-11
13,2-back,F4,33,8.022568212803893e-11
13,2-back,F4,34,9.780866389891486e-11
13,2-back,F4,35,1.5111772213931666e-10
13,2-back,F4,36,2.0722496940519246e-10
13,2-back,F4,37,9.421014506207122e-11
13,2-back,F4,38,1.1967462460499726e-10
13,2-back,F4,39,3.2026205646733894e-11
13,2-back,F4,40,1.7711172853092933e-10
13,2-back,F4,41,2.0655681295232332e-10
13,2-back,F4,42,1.3932859185871756e-10
13,2-back,F4,43,1.518835193404823e-10
13,2-back,F4,44,4.4032435693057585e-11
13,2-back,F4,45,1.3569501700317603e-10
13,2-back,F4,46,1.2960934242149942e-10
13,2-back,F4,47,2.0419098480605255e-10
13,2-back,F4,48,4.8805896441563e-11
13,2-back,F4,49,2.0526030237211522e-10
13,2-back,F4,50,2.9519258434914506e-10
13,2-back,F4,51,2.954403256999228e-10
13,2-back,F4,52,8.824127403625338e-11
13,2-back,F4,53,1.5302686294617106e-10
13,2-back,F4,54,2.0866956369282658e-10
13,2-back,F4,55,1.1025559772959221e-10
13,2-back,F4,56,2.489811187743946e-10
13,2-back,F4,57,5.0191606748134425e-11
13,2-back,F4,58,1.633684196193132e-10
13,2-back,F4,59,1.6563388120843608e-10
13,2-back,F4,60,7.357071445944163e-11
13,2-back,F4,61,4.903195214667562e-11
13,2-back,F4,62,1.5911329200549997e-10
13,2-back,F7,1,1.0043864332529165e-10
13,2-back,F7,2,4.37093757408916e-11
13,2-back,F7,3,4.062157242899998e-11
13,2-back,F7,4,8.897968698112394e-11
13,2-back,F7,5,5.99968821905586e-11
13,2-back,F7,6,8.256190296216723e-11
13,2-back,F7,7,1.1369439964535487e-10
13,2-back,F7,8,5.243469450103599e-11
13,2-back,F7,9,1.074510130823826e-10
13,2-back,F7,10,3.833617452937106e-11
13,2-back,F7,11,3.161880821344099e-11
13,2-back,F7,12,4.4331294107183124e-11
13,2-back,F7,13,8.626241899695401e-11
13,2-back,F7,14,5.300096461383108e-11
13,2-back,F7,15,6.302519480188565e-11
13,2-back,F7,16,1.0062994072421845e-10
13,2-back,F7,17,6.911381350393076e-11
13,2-back,F7,18,3.22874871556432e-11
13,2-back,F7,19,5.3191357319945306e-11
13,2-back,F7,20,6.239652106620088e-11
13,2-back,F7,21,2.9641734239807964e-11
13,2-back,F7,22,9.041071322184397e-11
13,2-back,F7,23,3.811038283105436e-11
13,2-back,F7,24,5.86766757722373e-11
13,2-back,F7,25,8.954851778309228e-11
13,2-back,F7,26,1.5336925797984622e-10
13,2-back,F7,27,5.4887100360131637e-11
13,2-back,F7,28,9.830577951321717e-11
13,2-back,F7,29,9.337068694924466e-11
13,2-back,F7,30,1.6826670449091013e-11
13,2-back,F7,31,2.412947318128538e-10
13,2-back,F7,32,5.0812281009638847e-11
13,2-back,F7,33,1.701640104283461e-10
13,2-back,F7,34,3.0456964842697916e-11
13,2-back,F7,35,2.1679002912699667e-10
13,2-back,F7,36,2.1666162894031215e-10
13,2-back,F7,37,1.1349376044619331e-10
13,2-back,F7,38,6.373274614200422e-11
13,2-back,F7,39,7.387011089537674e-11
13,2-back,F7,40,4.565346025499113e-11
13,2-back,F7,41,2.6438203829307544e-10
13,2-back,F7,42,1.0071106816521872e-10
13,2-back,F7,43,5.5751312106023755e-11
13,2-back,F7,44,5.220674119760277e-11
13,2-back,F7,45,1.894882643961869e-10
13,2-back,F7,46,1.1962870526328996e-10
13,2-back,F7,47,4.423487428037117e-11
13,2-back,F7,48,5.007556320869893e-11
13,2-back,F7,49,1.8887991728799732e-10
13,2-back,F7,50,2.3637640375983507e-10
13,2-back,F7,51,2.2038975803448576e-10
13,2-back,F7,52,8.775312931439501e-11
13,2-back,F7,53,8.083158416171642e-11
13,2-back,F7,54,3.0150887279827825e-10
13,2-back,F7,55,8.404506499243157e-11
13,2-back,F7,56,1.6065456383030274e-10
13,2-back,F7,57,2.1505385916966731e-10
13,2-back,F7,58,9.839800448328216e-11
13,2-back,F7,59,1.324716765048149e-10
13,2-back,F7,60,3.718581718591759e-11
13,2-back,F7,61,3.502390260887705e-11
13,2-back,F7,62,8.150231654792463e-11
13,2-back,F8,1,1.0048308000152498e-10
13,2-back,F8,2,1.716812302524375e-11
13,2-back,F8,3,6.593203759526275e-11
13,2-back,F8,4,6.085113893820624e-11
13,2-back,F8,5,6.410196670351441e-11
13,2-back,F8,6,4.131105650060686e-11
13,2-back,F8,7,1.9180441531754622e-11
13,2-back,F8,8,4.395343574754891e-11
13,2-back,F8,9,2.4985809644089192e-11
13,2-back,F8,10,6.00250682511072e-11
13,2-back,F8,11,1.1280172189670077e-10
13,2-back,F8,12,3.2913064702912846e-11
13,2-back,F8,13,4.141291977168822e-11
13,2-back,F8,14,4.493112860567326e-11
13,2-back,F8,15,3.724700720437927e-11
13,2-back,F8,16,6.018091762039399e-11
13,2-back,F8,17,4.291759149386341e-11
13,2-back,F8,18,3.449636861754122e-11
13,2-back,F8,19,8.04900297211403e-11
13,2-back,F8,20,3.0974227264290766e-11
13,2-back,F8,21,1.472505042917185e-10
13,2-back,F8,22,2.7628956058568004e-11
13,2-back,F8,23,1.1456738351999328e-10
13,2-back,F8,24,6.926602889500559e-11
13,2-back,F8,25,9.128797972869657e-11
13,2-back,F8,26,7.486368736562554e-11
13,2-back,F8,27,5.746226219182647e-11
13,2-back,F8,28,9.518872300652268e-11
13,2-back,F8,29,5.896170136943851e-11
13,2-back,F8,30,4.003279625526724e-11
13,2-back,F8,31,1.767131875978175e-10
13,2-back,F8,32,4.346663026353027e-11
13,2-back,F8,33,4.050780058055893e-11
13,2-back,F8,34,6.141396524865319e-11
13,2-back,F8,35,1.7129294902026773e-10
13,2-back,F8,36,1.6184118425226927e-10
13,2-back,F8,37,8.518122870169658e-11
13,2-back,F8,38,5.556080534102803e-11
13,2-back,F8,39,5.496409848119094e-11
13,2-back,F8,40,9.546636442157162e-11
13,2-back,F8,41,1.0608952938270845e-10
13,2-back,F8,42,5.6560856322993957e-11
13,2-back,F8,43,8.183248054120407e-11
13,2-back,F8,44,1.944596624221637e-11
13,2-back,F8,45,1.0869384092711512e-10
13,2-back,F8,46,1.3321504007340743e-10
13,2-back,F8,47,1.2716603028216093e-10
13,2-back,F8,48,5.817404342080226e-11
13,2-back,F8,49,1.0738509195063765e-10
13,2-back,F8,50,2.4370890691301586e-10
13,2-back,F8,51,1.080173859990946e-10
13,2-back,F8,52,6.069834696990468e-11
13,2-back,F8,53,9.734883110252901e-11
13,2-back,F8,54,1.7760660164505883e-10
13,2-back,F8,55,5.84364771948038e-11
13,2-back,F8,56,1.5516919998812944e-10
13,2-back,F8,57,4.7372755491779535e-11
13,2-back,F8,58,9.850040529128081e-11
13,2-back,F8,59,8.137206010715503e-11
13,2-back,F8,60,3.708559603673425e-11
13,2-back,F8,61,2.716719536588069e-11
13,2-back,F8,62,8.806025571685675e-11
13,2-back,Fz,1,2.3343576446232906e-10
13,2-back,Fz,2,1.2829991545812452e-10
13,2-back,Fz,3,2.5491512862366323e-10
13,2-back,Fz,4,3.6231196742938854e-10
13,2-back,Fz,5,1.2891114296923e-10
13,2-back,Fz,6,1.2295925357028536e-10
13,2-back,Fz,7,1.5495821429264173e-10
13,2-back,Fz,8,1.1921097924699727e-10
13,2-back,Fz,9,4.72781267735643e-11
13,2-back,Fz,10,2.2491415021925085e-10
13,2-back,Fz,11,1.5404413670362643e-10
13,2-back,Fz,12,3.367342636546628e-10
13,2-back,Fz,13,1.8305298316792348e-10
13,2-back,Fz,14,1.9134666681609827e-10
13,2-back,Fz,15,5.342401754735188e-11
13,2-back,Fz,16,2.175007217012122e-10
13,2-back,Fz,17,4.623154824661758e-11
13,2-back,Fz,18,2.2023371627418108e-10
13,2-back,Fz,19,7.249692509218228e-11
13,2-back,Fz,20,1.4862194993323156e-10
13,2-back,Fz,21,3.631448610235282e-10
13,2-back,Fz,22,4.4263098458828584e-11
13,2-back,Fz,23,9.639985945947252e-11
13,2-back,Fz,24,1.7912099155859e-10
13,2-back,Fz,25,2.6031445556657974e-10
13,2-back,Fz,26,3.7751747985483916e-10
13,2-back,Fz,27,1.4947612112852315e-10
13,2-back,Fz,28,2.3007639439751624e-10
13,2-back,Fz,29,1.2830432022163904e-10
13,2-back,Fz,30,8.046910821104997e-11
13,2-back,Fz,31,2.162294467445004e-10
13,2-back,Fz,32,9.537847876651884e-11
13,2-back,Fz,33,2.2208275427457743e-10
13,2-back,Fz,34,1.1651545408437553e-10
13,2-back,Fz,35,2.2033428583813974e-10
13,2-back,Fz,36,2.522799680418328e-10
13,2-back,Fz,37,1.6864624737155644e-10
13,2-back,Fz,38,1.9815396336503106e-10
13,2-back,Fz,39,7.748670307788903e-11
13,2-back,Fz,40,1.1896427373791231e-10
13,2-back,Fz,41,2.987096802177825e-10
13,2-back,Fz,42,1.711917470535443e-10
13,2-back,Fz,43,1.3334118123573648e-10
13,2-back,Fz,44,1.383005830882661e-10
13,2-back,Fz,45,1.7144420191733918e-10
13,2-back,Fz,46,2.2168453212343888e-10
13,2-back,Fz,47,1.2764574718083605e-10
13,2-back,Fz,48,1.1006616950125137e-10
13,2-back,Fz,49,5.858496162375627e-10
13,2-back,Fz,50,3.956763784331693e-10
13,2-back,Fz,51,4.928171464839214e-10
13,2-back,Fz,52,1.3686275233708586e-10
13,2-back,Fz,53,1.6195664407077262e-10
13,2-back,Fz,54,1.890473449800192e-10
13,2-back,Fz,55,3.319956369509872e-10
13,2-back,Fz,56,4.3135676604007603e-10
13,2-back,Fz,57,6.075755125353981e-11
13,2-back,Fz,58,1.1982032341479475e-10
13,2-back,Fz,59,1.8305828765134436e-10
13,2-back,Fz,60,8.319879339162905e-11
13,2-back,Fz,61,1.3449926856168373e-10
13,2-back,Fz,62,1.5428646575902932e-10
13,3-back,F3,1,7.785578497737774e-11
13,3-back,F3,2,1.527799113970481e-10
13,3-back,F3,3,9.62944568729987e-11
13,3-back,F3,4,2.251319892145792e-10
13,3-back,F3,5,2.691643514497852e-10
13,3-back,F3,6,2.356236934900439e-10
13,3-back,F3,7,3.911853512295112e-11
13,3-back,F3,8,8.390312540006374e-11
13,3-back,F3,9,8.026523108402838e-11
13,3-back,F3,10,7.597514140752705e-11
13,3-back,F3,11,2.8511799355278243e-11
13,3-back,F3,12,1.0227114373429453e-10
13,3-back,F3,13,4.204828634962697e-11
13,3-back,F3,14,1.9314580688775486e-10
13,3-back,F3,15,1.0478465989644014e-10
13,3-back,F3,16,1.3079007045608311e-10
13,3-back,F3,17,1.0936332581457637e-10
13,3-back,F3,18,1.0993830498569544e-10
13,3-back,F3,19,6.904994873427706e-11
13,3-back,F3,20,8.036764794454717e-11
13,3-back,F3,21,1.3859417638463817e-10
13,3-back,F3,22,9.324559320986528e-11
13,3-back,F3,23,8.246795862956778e-11
13,3-back,F3,24,3.238388593447414e-10
13,3-back,F3,25,2.0799524819791454e-10
13,3-back,F3,26,5.493403016074651e-11
13,3-back,F3,27,1.3297577003841483e-10
13,3-back,F3,28,1.6173331236694408e-10
13,3-back,F3,29,2.661272448569275e-10
13,3-back,F3,30,1.3700161606572487e-10
13,3-back,F3,31,1.906441785491837e-10
13,3-back,F3,32,1.1273955376340047e-10
13,3-back,F3,33,8.691433463016584e-11
13,3-back,F3,34,2.8329641945241064e-10
13,3-back,F3,35,3.4870565078647127e-10
13,3-back,F3,36,1.0269738107749206e-10
13,3-back,F3,37,4.179229265823529e-11
13,3-back,F3,38,1.201861537452976e-10
13,3-back,F3,39,5.114731743349595e-11
13,3-back,F3,40,4.767865940235177e-11
13,3-back,F3,41,1.0989441431021273e-10
13,3-back,F3,42,1.301462415542672e-10
13,3-back,F3,43,2.318830172262043e-10
13,3-back,F3,44,3.5797097168812977e-10
13,3-back,F3,45,1.793716863628184e-10
13,3-back,F3,46,2.6283030453513724e-10
13,3-back,F3,47,1.6483430440648275e-10
13,3-back,F3,48,3.775584321015805e-11
13,3-back,F3,49,1.5232464934650455e-10
13,3-back,F3,50,1.1862781424266258e-10
13,3-back,F3,51,7.296400447344973e-11
13,3-back,F3,52,6.46180736350668e-11
13,3-back,F4,1,7.206127865891845e-11
13,3-back,F4,2,9.205462219505343e-11
13,3-back,F4,3,3.976328134510241e-11
13,3-back,F4,4,6.6200542727239e-11
13,3-back,F4,5,3.029681522197424e-10
13,3-back,F4,6,1.6520656836038913e-10
13,3-back,F4,7,1.5908393065922165e-11
13,3-back,F4,8,3.083220354744422e-11
13,3-back,F4,9,1.0525233787879213e-10
13,3-back,F4,10,8.08621156247703e-11
13,3-back,F4,11,8.274749418214194e-11
13,3-back,F4,12,9.776478503830603e-11
13,3-back,F4,13,7.40011370897292e-11
13,3-back,F4,14,1.4094166416184302e-10
13,3-back,F4,15,1.4001778018330982e-10
13,3-back,F4,16,8.300115686940895e-11
13,3-back,F4,17,7.400595301583623e-11
13,3-back,F4,18,1.7079618058707147e-10
13,3-back,F4,19,1.1352340981208306e-10
13,3-back,F4,20,9.36843201220971e-11
13,3-back,F4,21,1.2561481317730632e-10
13,3-back,F4,22,9.053151320255704e-11
13,3-back,F4,23,1.177041586967553e-10
13,3-back,F4,24,1.4630448375003543e-10
13,3-back,F4,25,1.1416018466289776e-10
13,3-back,F4,26,5.219488908274399e-11
13,3-back,F4,27,1.092908893719607e-10
13,3-back,F4,28,2.0190084339143655e-10
13,3-back,F4,29,1.974750505678889e-10
13,3-back,F4,30,1.723083458446041e-10
13,3-back,F4,31,1.525311187410008e-10
13,3-back,F4,32,1.8711100339947153e-10
13,3-back,F4,33,8.488790959911716e-11
13,3-back,F4,34,2.374994971107017e-10
13,3-back,F4,35,2.27689037259505e-09
13,3-back,F4,36,1.0729564323276979e-10
13,3-back,F4,37,4.2410038625518957e-11
13,3-back,F4,38,1.5841703938014492e-10
13,3-back,F4,39,5.386994217714874e-11
13,3-back,F4,40,6.559855264620611e-11
13,3-back,F4,41,8.625079253499306e-11
13,3-back,F4,42,9.56756679220232e-11
13,3-back,F4,43,2.0136348872131384e-10
13,3-back,F4,44,2.5049047660888757e-10
13,3-back,F4,45,7.30808617255052e-11
13,3-back,F4,46,7.219498457665404e-10
13,3-back,F4,47,8.916836577486947e-11
13,3-back,F4,48,8.84744428160372e-11
13,3-back,F4,49,1.7560681618079273e-10
13,3-back,F4,50,8.292533483975662e-10
13,3-back,F4,51,9.260926710665003e-11
13,3-back,F4,52,1.1261709151418576e-10
13,3-back,F7,1,6.099475303431331e-11
13,3-back,F7,2,8.503035175680529e-11
13,3-back,F7,3,6.322609325396307e-11
13,3-back,F7,4,1.4182415836372077e-10
13,3-back,F7,5,9.039141570864323e-11
13,3-back,F7,6,1.1922213577239592e-10
13,3-back,F7,7,8.394107219280498e-11
13,3-back,F7,8,1.534063612582043e-11
13,3-back,F7,9,6.060364598641113e-11
13,3-back,F7,10,9.961611068760517e-11
13,3-back,F7,11,3.42050672295701e-11
13,3-back,F7,12,8.071042406293848e-11
13,3-back,F7,13,3.7074264049937075e-11
13,3-back,F7,14,1.2853260014889302e-10
13,3-back,F7,15,6.34833381887177e-11
13,3-back,F7,16,7.559456198839233e-11
13,3-back,F7,17,3.6319657609708153e-11
13,3-back,F7,18,1.858776006935733e-10
13,3-back,F7,19,1.7093115010548544e-11
13,3-back,F7,20,1.0531297161823976e-10
13,3-back,F7,21,1.7470043395405638e-10
13,3-back,F7,22,9.84478003452482e-11
13,3-back,F7,23,4.4455596314420396e-11
13,3-back,F7,24,1.2778282079525578e-10
13,3-back,F7,25,9.329574981254163e-11
13,3-back,F7,26,6.49733312632107e-11
13,3-back,F7,27,6.550199808154764e-11
13,3-back,F7,28,6.002347218485358e-11
13,3-back,F7,29,1.3343753359167996e-10
13,3-back,F7,30,1.3931510205075828e-10
13,3-back,F7,31,2.3397888173189434e-10
13,3-back,F7,32,2.1353925913868142e-10
13,3-back,F7,33,6.524037151250261e-11
13,3-back,F7,34,1.977711276352623e-10
13,3-back,F7,35,8.889882854762361e-11
13,3-back,F7,36,6.699601076296277e-11
13,3-back,F7,37,6.251858213098005e-11
13,3-back,F7,38,2.054950646824152e-10
13,3-back,F7,39,5.5964339612260656e-11
13,3-back,F7,40,4.4055791247551125e-11
13,3-back,F7,41,7.056177960590754e-11
13,3-back,F7,42,5.674467632201998e-11
13,3-back,F7,43,2.645557262027401e-10
13,3-back,F7,44,1.6524259972009063e-10
13,3-back,F7,45,8.587306671159829e-11
13,3-back,F7,46,1.956137972722363e-10
13,3-back,F7,47,7.484320843213995e-11
13,3-back,F7,48,9.442465096852174e-11
13,3-back,F7,49,1.8143354504252278e-10
13,3-back,F7,50,1.3712548054225543e-10
13,3-back,F7,51,6.420192450895548e-11
13,3-back,F7,52,4.1782523381641294e-11
13,3-back,F8,1,3.609358384574761e-11
13,3-back,F8,2,5.4135064756240175e-11
13,3-back,F8,3,1.1428502598882764e-11
13,3-back,F8,4,6.337116053857251e-11
13,3-back,F8,5,1.307218958899094e-10
13,3-back,F8,6,5.7662972743830806e-11
13,3-back,F8,7,2.6795691044357348e-11
13,3-back,F8,8,1.672794466947212e-11
13,3-back,F8,9,4.806410650213971e-11
13,3-back,F8,10,5.098145861447258e-11
13,3-back,F8,11,3.658147483968783e-11
13,3-back,F8,12,4.721502067622921e-11
13,3-back,F8,13,4.116351921394557e-11
13,3-back,F8,14,6.860713060298085e-11
13,3-back,F8,15,1.2264670823149355e-10
13,3-back,F8,16,5.2763949882849414e-11
13,3-back,F8,17,2.3009524162347343e-11
13,3-back,F8,18,1.2502470639795175e-10
13,3-back,F8,19,4.974988897704965e-11
13,3-back,F8,20,3.847281503384372e-11
13,3-back,F8,21,1.5292063731775355e-10
13,3-back,F8,22,7.862249310007658e-11
13,3-back,F8,23,7.220535511930963e-11
13,3-back,F8,24,6.703014324700012e-11
13,3-back,F8,25,6.071007223742488e-11
13,3-back,F8,26,7.702706547023816e-11
13,3-back,F8,27,2.3488459883441693e-11
13,3-back,F8,28,1.3213650757717215e-10
13,3-back,F8,29,4.951098515515706e-11
13,3-back,F8,30,2.6436398138531867e-10
13,3-back,F8,31,1.294678506990019e-10
13,3-back,F8,32,1.419889332377535e-10
13,3-back,F8,33,3.539852810725754e-11
13,3-back,F8,34,1.5614577943560163e-10
13,3-back,F8,35,1.774190998746564e-10
13,3-back,F8,36,7.389521505310668e-11
13,3-back,F8,37,1.9717278799554567e-11
13,3-back,F8,38,1.585722150651455e-10
13,3-back,F8,39,3.3901823860374704e-11
13,3-back,F8,40,3.904625819928187e-11
13,3-back,F8,41,6.328218744824012e-11
13,3-back,F8,42,8.454877988121435e-11
13,3-back,F8,43,8.780016292487597e-11
13,3-back,F8,44,7.083649677476579e-11
13,3-back,F8,45,2.6777646063309207e-11
13,3-back,F8,46,1.6623238876698765e-10
13,3-back,F8,47,2.5512834511962624e-11
13,3-back,F8,48,4.720779544067229e-11
13,3-back,F8,49,2.0240403977776604e-11
13,3-back,F8,50,8.819611351831557e-11
13,3-back,F8,51,8.400133920161023e-11
13,3-back,F8,52,1.142091246286485e-10
13,3-back,Fz,1,9.595176556174861e-11
13,3-back,Fz,2,1.0958956789356787e-10
13,3-back,Fz,3,1.0348713371053328e-10
13,3-back,Fz,4,2.86592213667703e-10
13,3-back,Fz,5,3.97962145362296e-10
13,3-back,Fz,6,2.6383441657163983e-10
13,3-back,Fz,7,3.6203662726948335e-11
13,3-back,Fz,8,8.406539120419523e-11
13,3-back,Fz,9,1.320940075210323e-10
13,3-back,Fz,10,9.444522455303112e-11
13,3-back,Fz,11,1.2669703135877988e-10
13,3-back,Fz,12,1.5070458420782338e-10
13,3-back,Fz,13,7.791601169046888e-11
13,3-back,Fz,14,2.034556313937738e-10
13,3-back,Fz,15,1.82380864435184e-10
13,3-back,Fz,16,1.6938682007779682e-10
13,3-back,Fz,17,1.5422239264132742e-10
13,3-back,Fz,18,1.0734208833792407e-10
13,3-back,Fz,19,1.6222189593570518e-10
13,3-back,Fz,20,1.9513296827776847e-10
13,3-back,Fz,21,1.31218590685575e-10
13,3-back,Fz,22,1.3944582467861136e-10
13,3-back,Fz,23,2.1061087201604802e-10
13,3-back,Fz,24,3.469788877010343e-10
13,3-back,Fz,25,2.2357676343927294e-10
13,3-back,Fz,26,5.994439945094047e-11
13,3-back,Fz,27,2.201328283076944e-10
13,3-back,Fz,28,2.613531537394376e-10
13,3-back,Fz,29,3.7236867522488975e-10
13,3-back,Fz,30,7.364960218015408e-11
13,3-back,Fz,31,4.0984680521306086e-10
13,3-back,Fz,32,2.3751269625100666e-10
13,3-back,Fz,33,1.1126199409520868e-10
13,3-back,Fz,34,3.17619593706285e-10
13,3-back,Fz,35,6.291246362292925e-10
13,3-back,Fz,36,1.078644184541279e-10
13,3-back,Fz,37,9.576233142667745e-11
13,3-back,Fz,38,7.726209355293512e-11
13,3-back,Fz,39,6.952949710982304e-11
13,3-back,Fz,40,8.615224020006393e-11
13,3-back,Fz,41,1.1534017660249658e-10
13,3-back,Fz,42,2.0970554099692945e-10
13,3-back,Fz,43,3.724863857568665e-10
13,3-back,Fz,44,5.33611374697583e-10
13,3-back,Fz,45,1.5159982472995225e-10
13,3-back,Fz,46,4.827344717962499e-10
13,3-back,Fz,47,1.5552956109273892e-10
13,3-back,Fz,48,4.7930676710826595e-11
13,3-back,Fz,49,1.9745893157818983e-10
13,3-back,Fz,50,1.7130240229436866e-10
13,3-back,Fz,51,1.5368282557080712e-10
13,3-back,Fz,52,1.2056255716700261e-10
13,4-back,F3,1,1.2215112345623001e-10
13,4-back,F3,2,1.0707044889885398e-10
13,4-back,F3,3,1.741877930151216e-10
13,4-back,F3,4,1.179038012433712e-10
13,4-back,F3,5,4.165495889044257e-11
13,4-back,F3,6,9.225107123169864e-11
13,4-back,F3,7,6.034236324776595e-11
13,4-back,F3,8,9.962923474825466e-11
13,4-back,F3,9,3.197385570711885e-10
13,4-back,F3,10,7.251577644578026e-11
13,4-back,F3,11,1.7144207649526525e-09
13,4-back,F3,12,4.584909280623069e-10
13,4-back,F3,13,1.2992507833787105e-10
13,4-back,F3,14,8.65289771832383e-11
13,4-back,F3,15,1.3084626484644025e-10
13,4-back,F3,16,1.2497907833323727e-10
13,4-back,F3,17,1.2811118982214667e-10
13,4-back,F3,18,1.756149718725804e-10
13,4-back,F3,19,3.9501525160615166e-11
13,4-back,F3,20,2.212206415330652e-10
13,4-back,F3,21,9.003544780245938e-11
13,4-back,F3,22,1.0908145264216426e-10
13,4-back,F3,23,8.307146290791926e-11
13,4-back,F3,24,1.354650411536592e-10
13,4-back,F3,25,1.9005143390486549e-10
13,4-back,F3,26,8.403355701514339e-11
13,4-back,F3,27,6.417200506699325e-10
13,4-back,F3,28,2.2017627832722158e-10
13,4-back,F3,29,5.68638130611627e-11
13,4-back,F3,30,4.7747655833454674e-11
13,4-back,F3,31,1.3694507306143788e-10
13,4-back,F3,32,1.2657444327282849e-10
13,4-back,F3,33,1.2053580666839407e-10
13,4-back,F3,34,8.326320990078312e-11
13,4-back,F3,35,6.915950449560632e-11
13,4-back,F3,36,1.0160977867359836e-10
13,4-back,F3,37,3.6713100866164195e-11
13,4-back,F3,38,8.020307221341131e-11
13,4-back,F3,39,1.424942596166116e-10
13,4-back,F3,40,2.0479883461764218e-10
13,4-back,F3,41,7.989447687990652e-11
13,4-back,F3,42,1.672110371470427e-10
13,4-back,F3,43,9.619630411305406e-11
13,4-back,F3,44,1.3669824698052985e-10
13,4-back,F3,45,1.6221061773300185e-10
13,4-back,F3,46,6.615396777939102e-11
13,4-back,F3,47,1.3487946781911378e-10
13,4-back,F3,48,1.0290959941855789e-10
13,4-back,F3,49,1.312898217743211e-10
13,4-back,F3,50,9.54095470765671e-11
13,4-back,F4,1,1.404852507685156e-10
13,4-back,F4,2,7.739885360682125e-11
13,4-back,F4,3,9.766203221772407e-11
13,4-back,F4,4,8.414054345258826e-11
13,4-back,F4,5,2.2881244465110744e-11
13,4-back,F4,6,1.8651327621271778e-10
13,4-back,F4,7,2.512850112011061e-10
13,4-back,F4,8,3.343856733074211e-10
13,4-back,F4,9,3.230708499534902e-10
13,4-back,F4,10,7.898808677568332e-11
13,4-back,F4,11,1.2801722923773024e-09
13,4-back,F4,12,8.720761854907381e-10
13,4-back,F4,13,4.988194714813075e-11
13,4-back,F4,14,7.390475706070456e-11
13,4-back,F4,15,1.7345244192404105e-10
13,4-back,F4,16,9.227963093699887e-11
13,4-back,F4,17,1.4816957281321512e-10
13,4-back,F4,18,1.6308076451873812e-10
13,4-back,F4,19,1.9670914240778886e-11
13,4-back,F4,20,2.849182785762524e-10
13,4-back,F4,21,9.807474390330114e-11
13,4-back,F4,22,1.2749142240905257e-10
13,4-back,F4,23,5.68664156768338e-11
13,4-back,F4,24,8.807409702693721e-11
13,4-back,F4,25,2.6839655863314613e-10
13,4-back,F4,26,8.0301763680053e-11
13,4-back,F4,27,2.3935604762888912e-09
13,4-back,F4,28,3.8658009604338824e-10
13,4-back,F4,29,1.8715496325074403e-11
13,4-back,F4,30,3.9419100840605536e-11
13,4-back,F4,31,5.4509012020615176e-11
13,4-back,F4,32,2.3817290174790937e-10
13,4-back,F4,33,5.39248252867192e-11
13,4-back,F4,34,6.77518513282425e-11
13,4-back,F4,35,1.3211635830672353e-11
13,4-back,F4,36,4.713824860186105e-11
13,4-back,F4,37,3.4114361537259375e-11
13,4-back,F4,38,8.97144282410548e-11
13,4-back,F4,39,1.3134720592966987e-10
13,4-back,F4,40,1.5656812606264223e-10
13,4-back,F4,41,3.94726839348762e-11
13,4-back,F4,42,1.0121089211898564e-10
13,4-back,F4,43,8.591444010394794e-11
13,4-back,F4,44,1.2996492158693673e-10
13,4-back,F4,45,1.6267855290490288e-10
13,4-back,F4,46,7.58029336025601e-11
13,4-back,F4,47,1.5100178824204542e-10
13,4-back,F4,48,3.915237449082642e-11
13,4-back,F4,49,1.3581131007798766e-10
13,4-back,F4,50,7.259236760726757e-11
13,4-back,F7,1,6.514157853192373e-11
13,4-back,F7,2,7.646376624267957e-11
13,4-back,F7,3,1.1700216741639778e-10
13,4-back,F7,4,7.526520136193408e-11
13,4-back,F7,5,4.0311297230834734e-11
13,4-back,F7,6,6.968055283849119e-11
13,4-back,F7,7,3.555370475858825e-11
13,4-back,F7,8,1.1940798335956557e-10
13,4-back,F7,9,1.7456729792719273e-10
13,4-back,F7,10,1.0934481386977417e-10
13,4-back,F7,11,6.952684505290034e-10
13,4-back,F7,12,3.0575370670796404e-10
13,4-back,F7,13,1.0143136645054643e-10
13,4-back,F7,14,5.0626473103660236e-11
13,4-back,F7,15,7.933988106697876e-11
13,4-back,F7,16,1.3991827445292026e-10
13,4-back,F7,17,1.8820045850036496e-10
13,4-back,F7,18,2.0914561427504123e-10
13,4-back,F7,19,3.875612965414143e-11
13,4-back,F7,20,1.3574595295940948e-10
13,4-back,F7,21,1.0062388567210944e-10
13,4-back,F7,22,1.6726682247704064e-10
13,4-back,F7,23,7.883788039720043e-11
13,4-back,F7,24,6.737818194344087e-11
13,4-back,F7,25,1.230059788676337e-10
13,4-back,F7,26,6.696481997049037e-11
13,4-back,F7,27,4.609924904846606e-10
13,4-back,F7,28,8.856587963347835e-11
13,4-back,F7,29,6.795221474433194e-11
13,4-back,F7,30,5.953746443047413e-11
13,4-back,F7,31,7.402459046908982e-11
13,4-back,F7,32,9.843289163658722e-11
13,4-back,F7,33,5.176723833046752e-11
13,4-back,F7,34,4.6383076613454524e-11
13,4-back,F7,35,4.5091373355099526e-11
13,4-back,F7,36,9.921631395964585e-11
13,4-back,F7,37,2.4055085751877474e-11
13,4-back,F7,38,3.083786365051977e-11
13,4-back,F7,39,5.3757658108995336e-11
13,4-back,F7,40,5.27916679475484e-11
13,4-back,F7,41,1.7848031044098172e-10
13,4-back,F7,42,1.3704264684767865e-10
13,4-back,F7,43,1.4259223849057702e-10
13,4-back,F7,44,1.0610736558461001e-10
13,4-back,F7,45,1.9484695083448722e-10
13,4-back,F7,46,7.879589556061736e-11
13,4-back,F7,47,6.43517376694545e-11
13,4-back,F7,48,1.9015217411151618e-10
13,4-back,F7,49,9.279784278295444e-11
13,4-back,F7,50,1.1951702884243138e-10
13,4-back,F8,1,3.391517099548506e-11
13,4-back,F8,2,4.280269894308666e-11
13,4-back,F8,3,7.028511331595621e-11
13,4-back,F8,4,8.118168249918251e-11
13,4-back,F8,5,3.235503149209338e-11
13,4-back,F8,6,1.161740114633443e-10
13,4-back,F8,7,7.562538873718959e-11
13,4-back,F8,8,1.0442723405896026e-10
13,4-back,F8,9,5.2003841838573515e-11
13,4-back,F8,10,1.2699597646191087e-10
13,4-back,F8,11,7.831703927266503e-10
13,4-back,F8,12,1.394356503423377e-10
13,4-back,F8,13,3.17167938851824e-11
13,4-back,F8,14,3.341338913352723e-11
13,4-back,F8,15,1.1104078851003124e-10
13,4-back,F8,16,5.929980810546021e-11
13,4-back,F8,17,6.304439887077332e-11
13,4-back,F8,18,9.091357867992708e-11
13,4-back,F8,19,1.5991472950208488e-11
13,4-back,F8,20,1.8174155528994431e-10
13,4-back,F8,21,1.2479083760224474e-10
13,4-back,F8,22,1.0653266204182974e-10
13,4-back,F8,23,3.97622329584498e-11
13,4-back,F8,24,5.227975203521654e-11
13,4-back,F8,25,2.401794263306704e-10
13,4-back,F8,26,9.901553081148471e-11
13,4-back,F8,27,4.4131752914208853e-10
13,4-back,F8,28,1.2759349183004232e-10
13,4-back,F8,29,1.641412651649215e-11
13,4-back,F8,30,6.116580810322177e-11
13,4-back,F8,31,4.210261394040002e-11
13,4-back,F8,32,2.0495883414058523e-10
13,4-back,F8,33,1.4226465223894287e-11
13,4-back,F8,34,6.381404281962665e-11
13,4-back,F8,35,2.691072508388703e-11
13,4-back,F8,36,2.0073292586706593e-11
13,4-back,F8,37,2.3005850143995842e-11
13,4-back,F8,38,3.718363225260169e-11
13,4-back,F8,39,3.7576966138724006e-11
13,4-back,F8,40,3.427929068301136e-11
13,4-back,F8,41,4.392422271680769e-11
13,4-back,F8,42,7.653700881422485e-11
13,4-back,F8,43,3.7183616286229263e-11
13,4-back,F8,44,7.55577982346072e-11
13,4-back,F8,45,7.666074437887414e-11
13,4-back,F8,46,5.1900499675297276e-11
13,4-back,F8,47,7.773446826779907e-11
13,4-back,F8,48,2.93859159793262e-11
13,4-back,F8,49,1.4666809262977919e-10
13,4-back,F8,50,7.735380597245262e-11
13,4-back,Fz,1,2.070254084938276e-10
13,4-back,Fz,2,1.3726203339223843e-10
13,4-back,Fz,3,2.2332076793385878e-10
13,4-back,Fz,4,2.6674290677614916e-10
13,4-back,Fz,5,1.003427668511783e-10
13,4-back,Fz,6,1.175369479580033e-10
13,4-back,Fz,7,1.2528406931092566e-10
13,4-back,Fz,8,1.9001064309052868e-10
13,4-back,Fz,9,5.782794530321517e-10
13,4-back,Fz,10,1.2157725573149829e-10
13,4-back,Fz,11,2.099394011310518e-09
13,4-back,Fz,12,5.247381776414993e-10
13,4-back,Fz,13,1.6187772649462886e-10
13,4-back,Fz,14,1.8904670816013397e-10
13,4-back,Fz,15,2.147165744442019e-10
13,4-back,Fz,16,1.1837087091022078e-10
13,4-back,Fz,17,3.2057721925993243e-10
13,4-back,Fz,18,4.4412818831332925e-10
13,4-back,Fz,19,4.118689621599232e-11
13,4-back,Fz,20,4.0116444912177775e-10
13,4-back,Fz,21,1.226056499635206e-10
13,4-back,Fz,22,1.2247797746127863e-10
13,4-back,Fz,23,9.17314087694085e-11
13,4-back,Fz,24,1.5837655133812363e-10
13,4-back,Fz,25,3.9621317201779133e-10
13,4-back,Fz,26,1.825473568428818e-10
13,4-back,Fz,27,9.057509314209295e-10
13,4-back,Fz,28,3.50089437678123e-10
13,4-back,Fz,29,9.949973902047315e-11
13,4-back,Fz,30,1.2612095969628902e-10
13,4-back,Fz,31,1.0701814901386238e-10
13,4-back,Fz,32,2.437726915155557e-10
13,4-back,Fz,33,1.8717706878040568e-10
13,4-back,Fz,34,1.0355578447796212e-10
13,4-back,Fz,35,3.827948697369441e-11
13,4-back,Fz,36,1.648826486323495e-10
13,4-back,Fz,37,5.312077559472929e-11
13,4-back,Fz,38,1.1309271052160441e-10
13,4-back,Fz,39,3.2533161972801457e-10
13,4-back,Fz,40,3.210595414886753e-10
13,4-back,Fz,41,4.585847352116652e-11
13,4-back,Fz,42,2.0476812850796653e-10
13,4-back,Fz,43,1.3649484035685255e-10
13,4-back,Fz,44,1.4356786616351763e-10
13,4-back,Fz,45,2.0129025236968894e-10
13,4-back,Fz,46,1.1799899091272322e-10
13,4-back,Fz,47,2.369634393793935e-10
13,4-back,Fz,48,1.2211977241615765e-10
13,4-back,Fz,49,1.3994224633502234e-10
13,4-back,Fz,50,1.2633275269782934e-10
14,1-back,F3,1,1.0978691920458043e-10
14,1-back,F3,2,5.915534267050479e-10
14,1-back,F3,3,3.3854536467985377e-10
14,1-back,F3,4,2.074271464054572e-10
14,1-back,F3,5,4.644348784343706e-10
14,1-back,F3,6,1.6226880369479432e-10
14,1-back,F3,7,2.679854516908825e-10
14,1-back,F3,8,5.826995921222376e-11
14,1-back,F3,9,6.346904419510021e-11
14,1-back,F3,10,4.001522061385277e-10
14,1-back,F3,11,3.907916162190946e-11
14,1-back,F3,12,1.9897742271131023e-10
14,1-back,F3,13,1.6406393997431798e-10
14,1-back,F3,14,3.357316276411774e-10
14,1-back,F3,15,3.116287210636278e-10
14,1-back,F3,16,1.5293839049665245e-10
14,1-back,F3,17,3.0941014816237594e-10
14,1-back,F3,18,2.1792953105793225e-10
14,1-back,F3,19,4.072634120901965e-11
14,1-back,F3,20,4.025002052059227e-11
14,1-back,F3,21,1.4943339684683664e-10
14,1-back,F3,22,3.372923997185368e-10
14,1-back,F3,23,2.297198567066147e-10
14,1-back,F3,24,2.2623292556334213e-10
14,1-back,F3,25,2.2827535265523155e-10
14,1-back,F3,26,2.780066124639057e-10
14,1-back,F3,27,8.873419076476141e-10
14,1-back,F3,28,7.84498656335013e-11
14,1-back,F3,29,2.8000338815663914e-10
14,1-back,F3,30,7.396195898280981e-11
14,1-back,F3,31,1.5914236771662804e-10
14,1-back,F3,32,8.534335886527242e-10
14,1-back,F3,33,6.930556597810164e-11
14,1-back,F3,34,2.960389407122635e-10
14,1-back,F3,35,6.073157570484691e-11
14,1-back,F3,36,1.2133181432926186e-10
14,1-back,F3,37,9.382326090235653e-11
14,1-back,F3,38,1.8253376835374438e-10
14,1-back,F3,39,1.393022808763784e-10
14,1-back,F3,40,1.9927637134564594e-10
14,1-back,F3,41,1.5588255273986147e-10
14,1-back,F3,42,1.305901515117827e-10
14,1-back,F3,43,3.675372165782359e-10
14,1-back,F3,44,1.2195315321582557e-10
14,1-back,F3,45,1.372277080718445e-10
14,1-back,F3,46,7.329778999808807e-11
14,1-back,F3,47,8.959486210769185e-11
14,1-back,F3,48,2.0062483319103195e-10
14,1-back,F3,49,4.4194681648313564e-11
14,1-back,F3,50,5.6426433503756116e-11
14,1-back,F3,51,5.237087696849621e-10
14,1-back,F3,52,6.42306509145984e-11
14,1-back,F3,53,5.0272163258469914e-11
14,1-back,F3,54,4.213044665080831e-10
14,1-back,F3,55,3.6329973006030127e-10
14,1-back,F3,56,8.700646233268991e-11
14,1-back,F3,57,6.433460287366387e-11
14,1-back,F3,58,1.367911323286387e-10
14,1-back,F3,59,5.76587117379627e-10
14,1-back,F3,60,2.3886762338648443e-10
14,1-back,F3,61,2.5884550981686955e-10
14,1-back,F4,1,9.626910126583381e-11
14,1-back,F4,2,3.9531437851704613e-10
14,1-back,F4,3,2.1507082552428118e-10
14,1-back,F4,4,1.4422802857846754e-10
14,1-back,F4,5,3.422797636355033e-10
14,1-back,F4,6,4.512364504946226e-11
14,1-back,F4,7,2.54121816109588e-10
14,1-back,F4,8,1.1425317416022688e-10
14,1-back,F4,9,3.358728650859406e-11
14,1-back,F4,10,2.9382608675651e-10
14,1-back,F4,11,5.780896070023253e-11
14,1-back,F4,12,1.295585719219766e-10
14,1-back,F4,13,1.4845431306817037e-10
14,1-back,F4,14,3.0960162605253475e-10
14,1-back,F4,15,3.2015583624200137e-10
14,1-back,F4,16,5.447642810527576e-11
14,1-back,F4,17,1.7144175588630437e-10
14,1-back,F4,18,1.6246286963669541e-10
14,1-back,F4,19,3.9564798845854074e-11
14,1-back,F4,20,3.813808262069763e-11
14,1-back,F4,21,1.4011416063846935e-10
14,1-back,F4,22,2.0736260258583147e-10
14,1-back,F4,23,1.5242270216060215e-10
14,1-back,F4,24,1.9035371596421112e-10
14,1-back,F4,25,1.8719694306351942e-10
14,1-back,F4,26,2.7156099043232787e-10
14,1-back,F4,27,5.79475983425152e-10
14,1-back,F4,28,1.0359589750250506e-10
14,1-back,F4,29,1.4132727590460914e-10
14,1-back,F4,30,6.992883491081422e-11
14,1-back,F4,31,1.0758588613768672e-10
14,1-back,F4,32,5.542628927647616e-10
14,1-back,F4,33,4.343824456425508e-11
14,1-back,F4,34,3.3820157243353894e-10
14,1-back,F4,35,1.520827028559101e-10
14,1-back,F4,36,1.6400528230214e-10
14,1-back,F4,37,4.636339393433351e-11
14,1-back,F4,38,8.97111144669188e-11
14,1-back,F4,39,1.8747260807155953e-10
14,1-back,F4,40,6.491311479222084e-11
14,1-back,F4,41,1.562172559227159e-10
14,1-back,F4,42,1.7291770664668403e-10
14,1-back,F4,43,2.976934893177224e-10
14,1-back,F4,44,8.284414071109665e-11
14,1-back,F4,45,1.2021837816894777e-10
14,1-back,F4,46,4.643534091690017e-11
14,1-back,F4,47,7.328084320942288e-11
14,1-back,F4,48,1.9611513172348663e-10
14,1-back,F4,49,2.6756395254242188e-11
14,1-back,F4,50,2.923886480246866e-11
14,1-back,F4,51,3.0507714114213296e-10
14,1-back,F4,52,5.4980847660774574e-11
14,1-back,F4,53,5.855786878928827e-11
14,1-back,F4,54,2.2187388557239543e-10
14,1-back,F4,55,2.1381671458840588e-10
14,1-back,F4,56,1.4187768766894165e-10
14,1-back,F4,57,9.748876927121985e-11
14,1-back,F4,58,6.433633978487466e-11
14,1-back,F4,59,4.2755026030297176e-10
14,1-back,F4,60,1.5022261335679412e-10
14,1-back,F4,61,2.0783545230538998e-10
14,1-back,F7,1,7.219012476263997e-11
14,1-back,F7,2,1.0159789809541756e-09
14,1-back,F7,3,5.223269337839357e-10
14,1-back,F7,4,7.414426618905017e-11
14,1-back,F7,5,9.662085495191854e-10
14,1-back,F7,6,7.50278656541783e-11
14,1-back,F7,7,6.691683483075565e-10
14,1-back,F7,8,9.61418445895974e-11
14,1-back,F7,9,3.3770882812791465e-11
14,1-back,F7,10,4.692294330209309e-10
14,1-back,F7,11,9.32797889086251e-11
14,1-back,F7,12,1.00626750018435e-10
14,1-back,F7,13,2.857886428305553e-10
14,1-back,F7,14,6.319009730206457e-10
14,1-back,F7,15,2.6983252785775756e-10
14,1-back,F7,16,1.4537533337117293e-10
14,1-back,F7,17,3.115850940248667e-10
14,1-back,F7,18,8.405091440645474e-11
14,1-back,F7,19,3.753769568475699e-11
14,1-back,F7,20,1.1077984383278026e-10
14,1-back,F7,21,8.035379284273586e-11
14,1-back,F7,22,1.8425874301533828e-10
14,1-back,F7,23,7.938879673658256e-11
14,1-back,F7,24,3.618774706144816e-10
14,1-back,F7,25,2.915586347151699e-10
14,1-back,F7,26,7.531507190322077e-10
14,1-back,F7,27,1.950160892668211e-09
14,1-back,F7,28,6.201486554330215e-11
14,1-back,F7,29,1.3313016255961866e-10
14,1-back,F7,30,1.5271766483779095e-10
14,1-back,F7,31,1.0144867354226334e-10
14,1-back,F7,32,1.6105702290322358e-09
14,1-back,F7,33,4.9468430840479425e-11
14,1-back,F7,34,5.845454943726142e-10
14,1-back,F7,35,8.439529465826453e-11
14,1-back,F7,36,2.056774004636971e-10
14,1-back,F7,37,9.690688262307503e-11
14,1-back,F7,38,1.7828122155247481e-10
14,1-back,F7,39,1.09220187231261e-10
14,1-back,F7,40,1.662818675380101e-10
14,1-back,F7,41,2.452261531980037e-10
14,1-back,F7,42,3.1375271081260187e-10
14,1-back,F7,43,5.545212769341869e-10
14,1-back,F7,44,4.071690226777703e-10
14,1-back,F7,45,7.394635491825814e-11
14,1-back,F7,46,6.508140519591045e-11
14,1-back,F7,47,1.808070409380324e-11
14,1-back,F7,48,8.941897798290195e-11
14,1-back,F7,49,6.168521063577659e-11
14,1-back,F7,50,8.006880974757454e-11
14,1-back,F7,51,6.626413390082089e-10
14,1-back,F7,52,5.546676424341673e-11
14,1-back,F7,53,3.3426667978914045e-11
14,1-back,F7,54,6.132449910595763e-10
14,1-back,F7,55,4.977792583685762e-10
14,1-back,F7,56,3.644103463918706e-11
14,1-back,F7,57,5.2947327394505056e-11
14,1-back,F7,58,1.3169378795354944e-10
14,1-back,F7,59,3.1629465953924445e-10
14,1-back,F7,60,2.3240200198944442e-10
14,1-back,F7,61,2.614944623977718e-10
14,1-back,F8,1,5.12158496190056e-11
14,1-back,F8,2,4.726828636557891e-10
14,1-back,F8,3,4.66870536731439e-10
14,1-back,F8,4,5.542041072480514e-11
14,1-back,F8,5,5.611417559358508e-10
14,1-back,F8,6,2.4495373656535582e-11
14,1-back,F8,7,4.5992052070932737e-10
14,1-back,F8,8,3.3673135671642965e-11
14,1-back,F8,9,2.8070518990615286e-11
14,1-back,F8,10,3.1379185530914045e-10
14,1-back,F8,11,7.39034002180462e-11
14,1-back,F8,12,3.4981659350069594e-11
14,1-back,F8,13,2.2563589155096215e-10
14,1-back,F8,14,3.960736835811171e-10
14,1-back,F8,15,2.669356051397145e-10
14,1-back,F8,16,3.1233682938621795e-11
14,1-back,F8,17,1.853752702385191e-10
14,1-back,F8,18,1.187562817962679e-10
14,1-back,F8,19,1.2193671791847206e-11
14,1-back,F8,20,5.1929054513743854e-11
14,1-back,F8,21,4.445457918716077e-11
14,1-back,F8,22,1.899244645905596e-10
14,1-back,F8,23,7.123622852393889e-11
14,1-back,F8,24,2.111779845168242e-10
14,1-back,F8,25,2.1551835620896118e-10
14,1-back,F8,26,3.462814679482007e-10
14,1-back,F8,27,1.0238473948365487e-09
14,1-back,F8,28,4.9175036911188903e-11
14,1-back,F8,29,8.877089417334046e-11
14,1-back,F8,30,1.2763484458038043e-10
14,1-back,F8,31,5.2629932949483625e-11
14,1-back,F8,32,7.664778734321694e-10
14,1-back,F8,33,5.57889197912736e-11
14,1-back,F8,34,5.375686483933317e-10
14,1-back,F8,35,1.3814183731372267e-10
14,1-back,F8,36,1.5497749293341215e-10
14,1-back,F8,37,4.542075228598038e-11
14,1-back,F8,38,9.529999719934182e-11
14,1-back,F8,39,9.36839647627566e-11
14,1-back,F8,40,7.07302887893659e-11
14,1-back,F8,41,1.707398880726355e-10
14,1-back,F8,42,2.5122538331827433e-10
14,1-back,F8,43,3.5984999371697295e-10
14,1-back,F8,44,1.5716519737094036e-10
14,1-back,F8,45,7.483804699196256e-11
14,1-back,F8,46,8.09360177383239e-11
14,1-back,F8,47,4.599712514910039e-11
14,1-back,F8,48,8.00718781504813e-11
14,1-back,F8,49,1.1373670252624519e-11
14,1-back,F8,50,2.48906046015923e-11
14,1-back,F8,51,3.601838841606079e-10
14,1-back,F8,52,8.123237911812576e-11
14,1-back,F8,53,4.573796461381059e-11
14,1-back,F8,54,3.05476977216429e-10
14,1-back,F8,55,3.102472373025262e-10
14,1-back,F8,56,8.159304872637041e-11
14,1-back,F8,57,6.847846109699004e-11
14,1-back,F8,58,6.339220939526463e-11
14,1-back,F8,59,2.917039905757945e-10
14,1-back,F8,60,1.215941852009023e-10
14,1-back,F8,61,1.743845536872849e-10
14,1-back,Fz,1,1.0595449740265096e-10
14,1-back,Fz,2,5.119967891712352e-10
14,1-back,Fz,3,2.5846517336746213e-10
14,1-back,Fz,4,1.6340644919120644e-10
14,1-back,Fz,5,4.3824700018199073e-10
14,1-back,Fz,6,1.1257918398716222e-10
14,1-back,Fz,7,2.9176545466736404e-10
14,1-back,Fz,8,9.222890915782535e-11
14,1-back,Fz,9,8.86098613300279e-11
14,1-back,Fz,10,4.5887778797634787e-10
14,1-back,Fz,11,6.769799265954137e-11
14,1-back,Fz,12,2.626540094712184e-10
14,1-back,Fz,13,1.712913324386121e-10
14,1-back,Fz,14,3.227807731946237e-10
14,1-back,Fz,15,3.729485749570848e-10
14,1-back,Fz,16,1.7751562360892646e-10
14,1-back,Fz,17,2.9955491771862223e-10
14,1-back,Fz,18,2.1334281408996672e-10
14,1-back,Fz,19,2.415587830397963e-11
14,1-back,Fz,20,5.228787491587022e-11
14,1-back,Fz,21,1.6253165626797858e-10
14,1-back,Fz,22,3.11015822222944e-10
14,1-back,Fz,23,2.7754748229677355e-10
14,1-back,Fz,24,2.387122373055503e-10
14,1-back,Fz,25,2.0432105944212602e-10
14,1-back,Fz,26,3.107337137077504e-10
14,1-back,Fz,27,6.732243094490818e-10
14,1-back,Fz,28,1.019801681076628e-10
14,1-back,Fz,29,3.3163152371745045e-10
14,1-back,Fz,30,7.109278393759203e-11
14,1-back,Fz,31,1.2285869672937576e-10
14,1-back,Fz,32,7.180683332150735e-10
14,1-back,Fz,33,3.8613902863730964e-11
14,1-back,Fz,34,3.163417998693352e-10
14,1-back,Fz,35,1.0588064510154003e-10
14,1-back,Fz,36,1.4034442067491436e-10
14,1-back,Fz,37,8.90427754090338e-11
14,1-back,Fz,38,1.707042658787633e-10
14,1-back,Fz,39,1.8247905160829885e-10
14,1-back,Fz,40,1.2820568904063613e-10
14,1-back,Fz,41,1.9663219164153195e-10
14,1-back,Fz,42,1.742092482411256e-10
14,1-back,Fz,43,3.35564427695718e-10
14,1-back,Fz,44,8.297984197370758e-11
14,1-back,Fz,45,1.9547312484774315e-10
14,1-back,Fz,46,7.800986942393837e-11
14,1-back,Fz,47,1.2403056939075172e-10
14,1-back,Fz,48,2.9853778405996377e-10
14,1-back,Fz,49,7.456501634381585e-11
14,1-back,Fz,50,4.861297909506949e-11
14,1-back,Fz,51,5.259121592407047e-10
14,1-back,Fz,52,6.610761253190029e-11
14,1-back,Fz,53,6.672461932674018e-11
14,1-back,Fz,54,3.677424395340365e-10
14,1-back,Fz,55,2.954693488307477e-10
14,1-back,Fz,56,1.6865990102317882e-10
14,1-back,Fz,57,6.066648773592383e-11
14,1-back,Fz,58,1.1855040759366665e-10
14,1-back,Fz,59,6.606709394686169e-10
14,1-back,Fz,60,2.085495516764433e-10
14,1-back,Fz,61,2.5171588793892035e-10
14,2-back,F3,1,7.053935520191618e-11
14,2-back,F3,2,2.5076847681223457e-10
14,2-back,F3,3,1.0622945866779984e-10
14,2-back,F3,4,6.369836403803204e-11
14,2-back,F3,5,2.5971378834745666e-10
14,2-back,F3,6,2.0456487770145775e-10
14,2-back,F3,7,3.753976683139029e-10
14,2-back,F3,8,1.107755889200818e-10
14,2-back,F3,9,2.1435626719311782e-10
14,2-back,F3,10,1.7506731856858137e-10
14,2-back,F3,11,9.360937554264132e-10
14,2-back,F3,12,1.3615374442440293e-10
14,2-back,F3,13,2.2256495659830108e-10
14,2-back,F3,14,2.189380039606326e-10
14,2-back,F3,15,2.675555073742133e-10
14,2-back,F3,16,1.2490314689233153e-10
14,2-back,F3,17,4.304439859862138e-10
14,2-back,F3,18,1.6801807446269714e-10
14,2-back,F3,19,6.132865738571877e-10
14,2-back,F3,20,2.5719434345406394e-10
14,2-back,F3,21,2.40525859068546e-10
14,2-back,F3,22,4.596470019289115e-10
14,2-back,F3,23,8.344239140889487e-11
14,2-back,F3,24,3.846535879210659e-10
14,2-back,F3,25,3.5475837354129214e-10
14,2-back,F3,26,1.2561802850102506e-10
14,2-back,F3,27,1.4495440129698741e-10
14,2-back,F3,28,5.017956719183932e-10
14,2-back,F3,29,2.389861914671324e-10
14,2-back,F3,30,1.8937109789501784e-10
14,2-back,F3,31,5.580887028116773e-10
14,2-back,F3,32,1.4539488760681115e-10
14,2-back,F3,33,2.7735970838615564e-10
14,2-back,F3,34,7.479289386289295e-11
14,2-back,F3,35,1.8669334791859832e-10
14,2-back,F3,36,1.207532569061978e-10
14,2-back,F3,37,1.0631172416069915e-10
14,2-back,F3,38,3.066169351233767e-10
14,2-back,F3,39,8.719982715407194e-11
14,2-back,F3,40,4.0009734536858693e-10
14,2-back,F3,41,1.0594305638178242e-10
14,2-back,F3,42,8.864777343053127e-11
14,2-back,F3,43,1.5048159050538836e-10
14,2-back,F3,44,8.772808445468089e-11
14,2-back,F4,1,9.969578783286706e-11
14,2-back,F4,2,2.2473650083476122e-10
14,2-back,F4,3,5.6527548306473936e-11
14,2-back,F4,4,1.1626965715748656e-10
14,2-back,F4,5,1.9468853801620878e-10
14,2-back,F4,6,1.031221946610194e-10
14,2-back,F4,7,2.3043858473167045e-10
14,2-back,F4,8,1.785288382641696e-10
14,2-back,F4,9,1.7998185971665801e-10
14,2-back,F4,10,1.7542467422282382e-10
14,2-back,F4,11,6.317987410443361e-10
14,2-back,F4,12,8.325753094486697e-11
14,2-back,F4,13,2.92092351960456e-10
14,2-back,F4,14,2.7784268260752536e-10
14,2-back,F4,15,1.7298966667793685e-10
14,2-back,F4,16,5.3570998873422455e-11
14,2-back,F4,17,3.171625152300469e-10
14,2-back,F4,18,1.6996621688651947e-10
14,2-back,F4,19,4.3117345009128914e-10
14,2-back,F4,20,2.2843835213797351e-10
14,2-back,F4,21,1.4292547114763335e-10
14,2-back,F4,22,3.035268796941732e-10
14,2-back,F4,23,1.3577314856834558e-10
14,2-back,F4,24,3.4850475355146227e-10
14,2-back,F4,25,2.443030070410557e-10
14,2-back,F4,26,1.2571353838832078e-10
14,2-back,F4,27,7.152656740812784e-11
14,2-back,F4,28,2.8146103468555746e-10
14,2-back,F4,29,2.0843976519436386e-10
14,2-back,F4,30,1.2564537207227596e-10
14,2-back,F4,31,3.6171966412790433e-10
14,2-back,F4,32,8.183410117975449e-11
14,2-back,F4,33,1.8328733790372845e-10
14,2-back,F4,34,4.285521171471936e-11
14,2-back,F4,35,8.446839935810432e-11
14,2-back,F4,36,7.381475033115005e-11
14,2-back,F4,37,9.505468521636156e-11
14,2-back,F4,38,1.7934400863454355e-10
14,2-back,F4,39,1.2013975620217287e-10
14,2-back,F4,40,4.021704662272577e-10
14,2-back,F4,41,5.792219094691294e-11
14,2-back,F4,42,3.3897496195183886e-11
14,2-back,F4,43,1.314526225239404e-10
14,2-back,F4,44,6.676774286179182e-11
14,2-back,F7,1,1.3125369704865543e-10
14,2-back,F7,2,1.0918050587877955e-10
14,2-back,F7,3,7.202207163845632e-11
14,2-back,F7,4,4.0399223968986836e-11
14,2-back,F7,5,4.355507856770181e-10
14,2-back,F7,6,9.590572481810364e-11
14,2-back,F7,7,6.517521388739927e-10
14,2-back,F7,8,8.837493234290173e-11
14,2-back,F7,9,5.365671647062523e-10
14,2-back,F7,10,2.361616922730035e-10
14,2-back,F7,11,1.4345442165088756e-09
14,2-back,F7,12,1.0145980025362083e-10
14,2-back,F7,13,2.580748794285207e-10
14,2-back,F7,14,2.6126468790231256e-10
14,2-back,F7,15,2.2305357347119052e-10
14,2-back,F7,16,9.482032818328531e-11
14,2-back,F7,17,5.766328635381858e-10
14,2-back,F7,18,7.503097226776592e-11
14,2-back,F7,19,8.099504611079244e-10
14,2-back,F7,20,5.939454819473833e-10
14,2-back,F7,21,8.941113639739154e-11
14,2-back,F7,22,8.667946900844951e-10
14,2-back,F7,23,5.4109847138588764e-11
14,2-back,F7,24,6.221012565068278e-10
14,2-back,F7,25,6.043837284277939e-10
14,2-back,F7,26,1.6403025087260064e-10
14,2-back,F7,27,2.0394609936245652e-10
14,2-back,F7,28,7.824582713317634e-10
14,2-back,F7,29,6.651181842078149e-10
14,2-back,F7,30,1.0425234250806392e-10
14,2-back,F7,31,8.832855508266491e-10
14,2-back,F7,32,1.0845196630648349e-10
14,2-back,F7,33,3.019031557442051e-10
14,2-back,F7,34,3.49043086849205e-11
14,2-back,F7,35,5.408510930024138e-10
14,2-back,F7,36,3.6390148913695386e-11
14,2-back,F7,37,1.8597389760120728e-10
14,2-back,F7,38,2.9237384231095376e-10
14,2-back,F7,39,1.227069044762717e-10
14,2-back,F7,40,6.074800576315527e-10
14,2-back,F7,41,3.528586610522216e-11
14,2-back,F7,42,5.2653088548760814e-11
14,2-back,F7,43,1.426848638747618e-10
14,2-back,F7,44,2.803897979286826e-10
14,2-back,F8,1,1.842428094208117e-10
14,2-back,F8,2,1.471423549523874e-10
14,2-back,F8,3,5.760384666115552e-11
14,2-back,F8,4,4.9994752237945305e-11
14,2-back,F8,5,1.9267368814284249e-10
14,2-back,F8,6,5.671605868294657e-11
14,2-back,F8,7,2.497439178036275e-10
14,2-back,F8,8,1.0372052164445793e-10
14,2-back,F8,9,2.6146979571796475e-10
14,2-back,F8,10,1.4353413258532903e-10
14,2-back,F8,11,7.283107064055681e-10
14,2-back,F8,12,2.979138478646466e-11
14,2-back,F8,13,2.4035158590267923e-10
14,2-back,F8,14,1.6135526384935558e-10
14,2-back,F8,15,1.2231663510069652e-10
14,2-back,F8,16,2.964301710398927e-11
14,2-back,F8,17,3.629906570611753e-10
14,2-back,F8,18,1.9001492822717319e-10
14,2-back,F8,19,5.023252728059892e-10
14,2-back,F8,20,3.741113456418055e-10
14,2-back,F8,21,2.6961773159147077e-11
14,2-back,F8,22,4.573658645265857e-10
14,2-back,F8,23,1.5201100740811367e-10
14,2-back,F8,24,5.419918251955867e-10
14,2-back,F8,25,2.95948702996237e-10
14,2-back,F8,26,1.2409717919862217e-10
14,2-back,F8,27,9.582697776704426e-11
14,2-back,F8,28,3.597813860790215e-10
14,2-back,F8,29,4.3591360576010203e-10
14,2-back,F8,30,7.721184770855532e-11
14,2-back,F8,31,4.817565728001064e-10
14,2-back,F8,32,1.0448160545717065e-10
14,2-back,F8,33,8.741330160851229e-11
14,2-back,F8,34,3.1082833707621334e-11
14,2-back,F8,35,2.1415495858656927e-10
14,2-back,F8,36,3.389145514870482e-11
14,2-back,F8,37,9.023900711854968e-11
14,2-back,F8,38,1.2393313919053644e-10
14,2-back,F8,39,8.20207316164554e-11
14,2-back,F8,40,3.890359914917778e-10
14,2-back,F8,41,3.330976771252566e-11
14,2-back,F8,42,6.038967461759523e-11
14,2-back,F8,43,8.673029148029758e-11
14,2-back,F8,44,1.2518705009497013e-10
14,2-back,Fz,1,6.54504360491555e-11
14,2-back,Fz,2,2.5913529179887697e-10
14,2-back,Fz,3,9.217535111727053e-11
14,2-back,Fz,4,1.8653544811029995e-10
14,2-back,Fz,5,2.316456207431218e-10
14,2-back,Fz,6,1.4453977235494612e-10
14,2-back,Fz,7,3.583616694756195e-10
14,2-back,Fz,8,1.427698006311876e-10
14,2-back,Fz,9,1.5143032907018815e-10
14,2-back,Fz,10,2.397781011163755e-10
14,2-back,Fz,11,8.15009641856022e-10
14,2-back,Fz,12,1.5080096740500214e-10
14,2-back,Fz,13,3.23374306487818e-10
14,2-back,Fz,14,2.5036383144884174e-10
14,2-back,Fz,15,2.7185751349531837e-10
14,2-back,Fz,16,8.928896698379637e-11
14,2-back,Fz,17,4.570798537689704e-10
14,2-back,Fz,18,2.1227275200362653e-10
14,2-back,Fz,19,5.59905874061525e-10
14,2-back,Fz,20,2.0416728300259569e-10
14,2-back,Fz,21,2.622875747569825e-10
14,2-back,Fz,22,3.706597379704811e-10
14,2-back,Fz,23,1.6499049983343782e-10
14,2-back,Fz,24,3.1515366999342e-10
14,2-back,Fz,25,3.121054749212584e-10
14,2-back,Fz,26,1.456944054163663e-10
14,2-back,Fz,27,1.3733317378508764e-10
14,2-back,Fz,28,3.9926455814184166e-10
14,2-back,Fz,29,1.9501796431771527e-10
14,2-back,Fz,30,1.729251526268306e-10
14,2-back,Fz,31,6.983512357997624e-10
14,2-back,Fz,32,1.1542047794900577e-10
14,2-back,Fz,33,3.1090368031393736e-10
14,2-back,Fz,34,5.561834479723501e-11
14,2-back,Fz,35,1.3629480691924346e-10
14,2-back,Fz,36,1.2922242860680034e-10
14,2-back,Fz,37,1.0119374056869814e-10
14,2-back,Fz,38,2.5273517521429144e-10
14,2-back,Fz,39,1.1623110070171972e-10
14,2-back,Fz,40,4.686054976403934e-10
14,2-back,Fz,41,1.3791050082068414e-10
14,2-back,Fz,42,8.36950923159109e-11
14,2-back,Fz,43,1.398570230437062e-10
14,2-back,Fz,44,8.291404764724376e-11
14,3-back,F3,1,7.899099330200695e-10
14,3-back,F3,2,2.352593287286161e-10
14,3-back,F3,3,2.994131314591884e-10
14,3-back,F3,4,1.9511497265829777e-10
14,3-back,F3,5,1.6708225362138395e-10
14,3-back,F3,6,1.34240075785617e-10
14,3-back,F3,7,1.4657137621528067e-10
14,3-back,F3,8,5.818488764014286e-11
14,3-back,F3,9,3.189830582711129e-10
14,3-back,F3,10,4.182040593109006e-11
14,3-back,F3,11,3.242341620746739e-10
14,3-back,F3,12,2.6928404854713907e-10
14,3-back,F3,13,8.454198449556813e-11
14,3-back,F3,14,3.151246204896479e-10
14,3-back,F3,15,3.3115781768749664e-10
14,3-back,F3,16,1.0479756466834554e-10
14,3-back,F3,17,3.6491867862913904e-10
14,3-back,F3,18,1.1860058458835016e-10
14,3-back,F3,19,2.293691728986663e-10
14,3-back,F3,20,3.888748153893073e-10
14,3-back,F3,21,2.896526171538184e-10
14,3-back,F3,22,1.2674311230874233e-10
14,3-back,F3,23,2.7637459816788466e-10
14,3-back,F3,24,6.035245801543434e-11
14,3-back,F3,25,1.2186612888051068e-10
14,3-back,F3,26,4.400674966313767e-10
14,3-back,F3,27,1.8144378685576616e-10
14,3-back,F3,28,1.0721138102778242e-10
14,3-back,F3,29,3.401621954504181e-10
14,3-back,F3,30,1.8298853693365534e-10
14,3-back,F3,31,2.2569842163684242e-10
14,3-back,F3,32,3.9637970192987476e-10
14,3-back,F3,33,8.117144321500901e-11
14,3-back,F3,34,1.853346811000901e-10
14,3-back,F3,35,2.5504094179960063e-10
14,3-back,F3,36,1.1796748680754706e-10
14,3-back,F3,37,1.1152313896214041e-10
14,3-back,F3,38,1.0114108863162114e-10
14,3-back,F3,39,2.6954202355481466e-10
14,3-back,F3,40,3.664499614620762e-10
14,3-back,F3,41,7.828158824570139e-11
14,3-back,F3,42,3.2195328340545237e-10
14,3-back,F3,43,9.625248337317702e-11
14,3-back,F3,44,3.5121494828916286e-10
14,3-back,F4,1,5.196393464902954e-10
14,3-back,F4,2,1.209820508806282e-10
14,3-back,F4,3,2.4588318513764555e-10
14,3-back,F4,4,1.630908104005573e-10
14,3-back,F4,5,1.6532472276872544e-10
14,3-back,F4,6,1.3335884179719448e-10
14,3-back,F4,7,1.2702823626783523e-10
14,3-back,F4,8,1.129412596218465e-10
14,3-back,F4,9,3.3697259291163934e-10
14,3-back,F4,10,3.931574096586246e-11
14,3-back,F4,11,3.918706741732214e-10
14,3-back,F4,12,2.3349208639498987e-10
14,3-back,F4,13,7.847123583989705e-11
14,3-back,F4,14,2.4505404931222935e-10
14,3-back,F4,15,2.5569137136581093e-10
14,3-back,F4,16,7.307125871817992e-11
14,3-back,F4,17,2.9638629207861726e-10
14,3-back,F4,18,7.087460274759226e-11
14,3-back,F4,19,1.9235322727887008e-10
14,3-back,F4,20,3.0228141856248767e-10
14,3-back,F4,21,9.97923732484891e-11
14,3-back,F4,22,9.916218879204487e-11
14,3-back,F4,23,1.8197212110069003e-10
14,3-back,F4,24,1.231729528275104e-10
14,3-back,F4,25,1.2229280993055287e-10
14,3-back,F4,26,3.579742221168231e-10
14,3-back,F4,27,1.621789032858394e-10
14,3-back,F4,28,1.2638949647799517e-10
14,3-back,F4,29,2.0760181192339757e-10
14,3-back,F4,30,2.4554465688472804e-10
14,3-back,F4,31,3.548617737836687e-10
14,3-back,F4,32,5.334568998949737e-10
14,3-back,F4,33,5.967342131038876e-11
14,3-back,F4,34,1.3623901503349173e-10
14,3-back,F4,35,1.9277416055992426e-10
14,3-back,F4,36,6.814107867816648e-11
14,3-back,F4,37,1.0908655659715744e-10
14,3-back,F4,38,1.1335933892828207e-10
14,3-back,F4,39,1.946758925279603e-10
14,3-back,F4,40,2.589512441468154e-10
14,3-back,F4,41,6.315706426518213e-11
14,3-back,F4,42,2.4397281181866095e-10
14,3-back,F4,43,6.394702807886641e-11
14,3-back,F4,44,2.810149832307036e-10
14,3-back,F7,1,9.2730220169291e-10
14,3-back,F7,2,3.005622771690537e-10
14,3-back,F7,3,4.0372435768508926e-10
14,3-back,F7,4,2.0881589162066282e-10
14,3-back,F7,5,1.054711107483538e-10
14,3-back,F7,6,8.7530749218169e-11
14,3-back,F7,7,4.0277444095523926e-10
14,3-back,F7,8,5.085707976982495e-11
14,3-back,F7,9,6.881723801932023e-10
14,3-back,F7,10,6.725353081274096e-11
14,3-back,F7,11,6.826739605742614e-10
14,3-back,F7,12,4.135997989279693e-10
14,3-back,F7,13,1.403175848659319e-10
14,3-back,F7,14,4.916370726777327e-10
14,3-back,F7,15,4.448921752716829e-10
14,3-back,F7,16,9.971868112943349e-11
14,3-back,F7,17,5.420534949203639e-10
14,3-back,F7,18,6.072636221644353e-11
14,3-back,F7,19,6.819953679209511e-10
14,3-back,F7,20,9.996497658353716e-10
14,3-back,F7,21,1.5853277741334478e-10
14,3-back,F7,22,9.610709921909538e-11
14,3-back,F7,23,3.0234928332107835e-10
14,3-back,F7,24,4.8575021797367127e-11
14,3-back,F7,25,1.419129238322926e-10
14,3-back,F7,26,7.552542134204762e-10
14,3-back,F7,27,1.4819466514234455e-10
14,3-back,F7,28,1.3109930428109322e-10
14,3-back,F7,29,8.435440724384478e-10
14,3-back,F7,30,2.671631059227113e-10
14,3-back,F7,31,2.4589591552309005e-10
14,3-back,F7,32,5.920174902442072e-10
14,3-back,F7,33,5.2726070125071254e-11
14,3-back,F7,34,2.6749246411098013e-10
14,3-back,F7,35,1.8974844835446243e-10
14,3-back,F7,36,1.2037549285525712e-10
14,3-back,F7,37,1.5998388757347419e-10
14,3-back,F7,38,1.773958282739753e-10
14,3-back,F7,39,4.3518480767436595e-10
14,3-back,F7,40,5.659652719907718e-10
14,3-back,F7,41,7.611758280575908e-11
14,3-back,F7,42,4.631607417750727e-10
14,3-back,F7,43,7.160904082397153e-11
14,3-back,F7,44,5.829754177291558e-10
14,3-back,F8,1,5.619708904814343e-10
14,3-back,F8,2,1.7805051396976693e-10
14,3-back,F8,3,3.7219850357711403e-10
14,3-back,F8,4,1.5138906740688786e-10
14,3-back,F8,5,8.13724444699728e-11
14,3-back,F8,6,6.515433722981428e-11
14,3-back,F8,7,2.2497457705689932e-10
14,3-back,F8,8,5.6920666997861763e-11
14,3-back,F8,9,4.52277206837599e-10
14,3-back,F8,10,1.4595300267088653e-11
14,3-back,F8,11,5.909273539860092e-10
14,3-back,F8,12,2.442888961065935e-10
14,3-back,F8,13,1.2192659985129597e-10
14,3-back,F8,14,3.407495451406104e-10
14,3-back,F8,15,1.9516585394781502e-10
14,3-back,F8,16,7.68958593989267e-11
14,3-back,F8,17,4.345309502198412e-10
14,3-back,F8,18,2.4055787824057754e-11
14,3-back,F8,19,3.672446869786714e-10
14,3-back,F8,20,4.703101217613379e-10
14,3-back,F8,21,6.24639261565886e-11
14,3-back,F8,22,2.862177642006301e-11
14,3-back,F8,23,1.738198821826897e-10
14,3-back,F8,24,1.063529881881295e-10
14,3-back,F8,25,1.1132256560332951e-10
14,3-back,F8,26,3.9408456275158735e-10
14,3-back,F8,27,1.8774653014578544e-10
14,3-back,F8,28,8.976958406775112e-11
14,3-back,F8,29,4.5656250480917017e-10
14,3-back,F8,30,2.1971607542967135e-10
14,3-back,F8,31,2.5664060790344284e-10
14,3-back,F8,32,5.98111312173734e-10
14,3-back,F8,33,3.331618991326994e-11
14,3-back,F8,34,1.184070400687306e-10
14,3-back,F8,35,4.626577683549938e-11
14,3-back,F8,36,1.1975698181218185e-10
14,3-back,F8,37,1.205888621189301e-10
14,3-back,F8,38,9.932290261493155e-11
14,3-back,F8,39,1.5700449164833829e-10
14,3-back,F8,40,4.2716991009285526e-10
14,3-back,F8,41,3.250879059379115e-11
14,3-back,F8,42,2.4424263049015715e-10
14,3-back,F8,43,1.913051817084138e-11
14,3-back,F8,44,3.82540076887743e-10
14,3-back,Fz,1,7.270850701213379e-10
14,3-back,Fz,2,1.3102936992380493e-10
14,3-back,Fz,3,3.100703453530009e-10
14,3-back,Fz,4,2.2812277969001576e-10
14,3-back,Fz,5,2.43324194646227e-10
14,3-back,Fz,6,2.0511593600735875e-10
14,3-back,Fz,7,1.56658189116318e-10
14,3-back,Fz,8,7.479229603021843e-11
14,3-back,Fz,9,2.745118967508743e-10
14,3-back,Fz,10,2.7658763201385733e-11
14,3-back,Fz,11,3.9346894038440083e-10
14,3-back,Fz,12,3.304699641154806e-10
14,3-back,Fz,13,9.316343236070397e-11
14,3-back,Fz,14,2.8633298208421103e-10
14,3-back,Fz,15,2.752247818528323e-10
14,3-back,Fz,16,5.069395981911133e-11
14,3-back,Fz,17,3.275070349538788e-10
14,3-back,Fz,18,1.0789521064785245e-10
14,3-back,Fz,19,1.9209873016689306e-10
14,3-back,Fz,20,3.0804125369234394e-10
14,3-back,Fz,21,1.5468359931553662e-10
14,3-back,Fz,22,1.420764695609752e-10
14,3-back,Fz,23,2.2143776786634808e-10
14,3-back,Fz,24,1.2323284058801205e-10
14,3-back,Fz,25,1.8418309089070774e-10
14,3-back,Fz,26,4.168536096219763e-10
14,3-back,Fz,27,1.528449048168122e-10
14,3-back,Fz,28,1.4815850050816054e-10
14,3-back,Fz,29,2.62762762197521e-10
14,3-back,Fz,30,2.1237481076987133e-10
14,3-back,Fz,31,4.2366573133707837e-10
14,3-back,Fz,32,5.169159665559694e-10
14,3-back,Fz,33,6.073404628262138e-11
14,3-back,Fz,34,2.2348745108622066e-10
14,3-back,Fz,35,2.0514863735385773e-10
14,3-back,Fz,36,1.2034138681909594e-10
14,3-back,Fz,37,1.149010348236608e-10
14,3-back,Fz,38,1.0830327007316533e-10
14,3-back,Fz,39,1.9622891668021099e-10
14,3-back,Fz,40,3.43151682054345e-10
14,3-back,Fz,41,7.483056194085479e-11
14,3-back,Fz,42,2.9261766449209105e-10
14,3-back,Fz,43,6.648553313731976e-11
14,3-back,Fz,44,4.214300467302045e-10
14,4-back,F3,1,4.56361800517116e-10
14,4-back,F3,2,5.501215598273475e-10
14,4-back,F3,3,9.391068585849275e-11
14,4-back,F3,4,6.150562793253555e-11
14,4-back,F3,5,1.1221351645742825e-10
14,4-back,F3,6,1.7630467788325258e-10
14,4-back,F3,7,8.740393300991384e-11
14,4-back,F3,8,1.454632999325126e-10
14,4-back,F3,9,2.845620892464575e-10
14,4-back,F3,10,2.789463362594436e-10
14,4-back,F3,11,8.160896561561731e-11
14,4-back,F3,12,1.3971549545599738e-10
14,4-back,F3,13,2.436571925195949e-11
14,4-back,F3,14,2.8149488332985966e-10
14,4-back,F3,15,2.544640720211678e-10
14,4-back,F3,16,5.976036255523864e-11
14,4-back,F3,17,9.372350784466505e-11
14,4-back,F3,18,3.2594884878860215e-10
14,4-back,F3,19,1.4900641948261493e-10
14,4-back,F3,20,6.527335770103035e-11
14,4-back,F3,21,1.775769905305144e-10
14,4-back,F3,22,7.000175811882323e-10
14,4-back,F3,23,8.488314811926778e-11
14,4-back,F3,24,1.3465832789922468e-10
14,4-back,F3,25,2.0056594806840458e-10
14,4-back,F3,26,1.2354507381984222e-10
14,4-back,F3,27,1.9676949571738615e-10
14,4-back,F3,28,6.344419856566394e-11
14,4-back,F3,29,1.8415941219414992e-10
14,4-back,F3,30,1.2815200577967695e-10
14,4-back,F3,31,1.8479524013296467e-10
14,4-back,F3,32,3.691767754515928e-10
14,4-back,F3,33,2.4951785342898336e-10
14,4-back,F3,34,3.712935644421021e-10
14,4-back,F3,35,9.53776617997946e-11
14,4-back,F3,36,1.8172624397366524e-10
14,4-back,F3,37,3.171939388128456e-10
14,4-back,F3,38,1.0154289678440458e-10
14,4-back,F3,39,6.203380659008769e-11
14,4-back,F3,40,2.4102805105738947e-10
14,4-back,F3,41,2.63264557592142e-10
14,4-back,F3,42,6.238139630798284e-11
14,4-back,F4,1,4.0647868241805525e-10
14,4-back,F4,2,3.4015216147209163e-10
14,4-back,F4,3,9.60498871886612e-11
14,4-back,F4,4,4.525109521848679e-11
14,4-back,F4,5,5.6412860864245515e-11
14,4-back,F4,6,5.308144128230578e-11
14,4-back,F4,7,9.248706582613309e-11
14,4-back,F4,8,9.178114663336854e-11
14,4-back,F4,9,2.7362336088591277e-10
14,4-back,F4,10,1.424011970437796e-10
14,4-back,F4,11,5.146032353122571e-11
14,4-back,F4,12,7.035989711138911e-11
14,4-back,F4,13,2.2322112766929873e-11
14,4-back,F4,14,1.3856976180948921e-10
14,4-back,F4,15,1.9974859005424214e-10
14,4-back,F4,16,5.397855540393043e-11
14,4-back,F4,17,4.581870939692606e-11
14,4-back,F4,18,1.7147314103555243e-10
14,4-back,F4,19,1.1208332600901961e-10
14,4-back,F4,20,5.2212039972135123e-11
14,4-back,F4,21,1.1954488347138815e-10
14,4-back,F4,22,4.740680059036352e-10
14,4-back,F4,23,1.1230638423408851e-10
14,4-back,F4,24,1.5727862273094789e-10
14,4-back,F4,25,1.487675511932958e-10
14,4-back,F4,26,1.1575563439257633e-10
14,4-back,F4,27,1.275439065927691e-10
14,4-back,F4,28,9.945596163125862e-11
14,4-back,F4,29,1.442638725564094e-10
14,4-back,F4,30,1.3873983426156056e-10
14,4-back,F4,31,1.4369861239456622e-10
14,4-back,F4,32,2.6508766468604386e-10
14,4-back,F4,33,2.948477909118653e-10
14,4-back,F4,34,2.3667169837170964e-10
14,4-back,F4,35,1.0062298341201126e-10
14,4-back,F4,36,1.2636639306546525e-10
14,4-back,F4,37,3.025576806821972e-10
14,4-back,F4,38,9.385733206731536e-11
14,4-back,F4,39,7.99406110145606e-11
14,4-back,F4,40,1.7150697960678039e-10
14,4-back,F4,41,2.4626228769812107e-10
14,4-back,F4,42,6.941486552305146e-11
14,4-back,F7,1,5.470470485961022e-10
14,4-back,F7,2,1.1873374556073924e-09
14,4-back,F7,3,2.681513599047123e-10
14,4-back,F7,4,7.969703803330303e-11
14,4-back,F7,5,5.035846738138096e-11
14,4-back,F7,6,2.0748877737290655e-10
14,4-back,F7,7,7.49119957228837e-11
14,4-back,F7,8,7.530654778651464e-11
14,4-back,F7,9,4.66297665403638e-10
14,4-back,F7,10,5.923117304351059e-10
14,4-back,F7,11,3.1115091129792556e-10
14,4-back,F7,12,1.609246622551672e-10
14,4-back,F7,13,7.183948971030333e-11
14,4-back,F7,14,1.0025487086797854e-10
14,4-back,F7,15,3.7220765349418283e-10
14,4-back,F7,16,6.989459063613211e-11
14,4-back,F7,17,5.5990665515617853e-11
14,4-back,F7,18,3.119615751055553e-10
14,4-back,F7,19,3.5815823733059815e-10
14,4-back,F7,20,7.08657225220012e-11
14,4-back,F7,21,1.4888591775372046e-10
14,4-back,F7,22,9.335847287308274e-10
14,4-back,F7,23,1.518091106498107e-10
14,4-back,F7,24,1.1931756381525823e-10
14,4-back,F7,25,1.738223963097268e-10
14,4-back,F7,26,1.2323175290674856e-10
14,4-back,F7,27,2.149404039752951e-10
14,4-back,F7,28,1.2312588519629853e-10
14,4-back,F7,29,2.0555381348695632e-10
14,4-back,F7,30,1.1867611690867517e-10
14,4-back,F7,31,1.1144922447847083e-10
14,4-back,F7,32,4.610831527238026e-10
14,4-back,F7,33,2.0623303655719464e-10
14,4-back,F7,34,8.196157618799587e-10
14,4-back,F7,35,7.819037693467401e-11
14,4-back,F7,36,2.388667164281431e-10
14,4-back,F7,37,7.518980895942304e-10
14,4-back,F7,38,1.074970362688347e-10
14,4-back,F7,39,1.079009494676703e-10
14,4-back,F7,40,2.8725436587076044e-10
14,4-back,F7,41,7.505749624146109e-10
14,4-back,F7,42,3.765232405247399e-11
14,4-back,F8,1,4.980920856934935e-10
14,4-back,F8,2,5.021105742763954e-10
14,4-back,F8,3,1.460120688269154e-10
14,4-back,F8,4,4.5665416495696964e-11
14,4-back,F8,5,1.5646895395065183e-11
14,4-back,F8,6,3.8889048643625746e-11
14,4-back,F8,7,5.494827836218113e-11
14,4-back,F8,8,4.674933659817215e-11
14,4-back,F8,9,2.561731550042673e-10
14,4-back,F8,10,3.8855399437724635e-10
14,4-back,F8,11,8.97095776250362e-11
14,4-back,F8,12,6.352935481075197e-11
14,4-back,F8,13,1.691651413997044e-11
14,4-back,F8,14,6.509444834505284e-11
14,4-back,F8,15,3.066519571552414e-10
14,4-back,F8,16,9.54458102446878e-11
14,4-back,F8,17,2.75522583943174e-11
14,4-back,F8,18,8.34121298353584e-11
14,4-back,F8,19,2.4125071614327274e-10
14,4-back,F8,20,4.573902761758878e-11
14,4-back,F8,21,1.0721641460911246e-10
14,4-back,F8,22,6.250689213849814e-10
14,4-back,F8,23,1.837218947354432e-10
14,4-back,F8,24,1.2462602571161654e-10
14,4-back,F8,25,9.680702138342536e-11
14,4-back,F8,26,6.930839135422841e-11
14,4-back,F8,27,1.0018632345852844e-10
14,4-back,F8,28,1.2538172403635818e-10
14,4-back,F8,29,1.2407878640070256e-10
14,4-back,F8,30,1.5890304788643347e-10
14,4-back,F8,31,7.832343784649156e-11
14,4-back,F8,32,2.6563240811235407e-10
14,4-back,F8,33,2.1357230109718738e-10
14,4-back,F8,34,2.9757885915127584e-10
14,4-back,F8,35,6.382066465778184e-11
14,4-back,F8,36,1.6570611839672713e-10
14,4-back,F8,37,5.602789619086419e-10
14,4-back,F8,38,3.450755230903491e-11
14,4-back,F8,39,6.550491117089004e-11
14,4-back,F8,40,2.0786608278521598e-10
14,4-back,F8,41,3.3195749253359285e-10
14,4-back,F8,42,7.762042335382488e-11
14,4-back,Fz,1,5.587526866718093e-10
14,4-back,Fz,2,4.0603285902361716e-10
14,4-back,Fz,3,1.1403542570616885e-10
14,4-back,Fz,4,6.184740378935988e-11
14,4-back,Fz,5,1.0072812964257123e-10
14,4-back,Fz,6,1.1115504512804741e-10
14,4-back,Fz,7,1.1611541000609119e-10
14,4-back,Fz,8,1.6566264071780304e-10
14,4-back,Fz,9,3.4420508839491293e-10
14,4-back,Fz,10,1.4580468714489255e-10
14,4-back,Fz,11,4.396127958330396e-11
14,4-back,Fz,12,1.3354310845527666e-10
14,4-back,Fz,13,9.47073785582589e-12
14,4-back,Fz,14,3.288858468745491e-10
14,4-back,Fz,15,2.632270771493814e-10
14,4-back,Fz,16,4.857385913505037e-11
14,4-back,Fz,17,6.234131555822447e-11
14,4-back,Fz,18,2.740449981744819e-10
14,4-back,Fz,19,1.5573633377259695e-10
14,4-back,Fz,20,6.544127408325033e-11
14,4-back,Fz,21,2.0768895880794242e-10
14,4-back,Fz,22,6.162590091905754e-10
14,4-back,Fz,23,8.677529503600186e-11
14,4-back,Fz,24,1.5318077958821167e-10
14,4-back,Fz,25,1.51524303287469e-10
14,4-back,Fz,26,1.5430245618403977e-10
14,4-back,Fz,27,1.7231619758184551e-10
14,4-back,Fz,28,8.399382561962736e-11
14,4-back,Fz,29,1.5387109922204263e-10
14,4-back,Fz,30,1.7027982736400165e-10
14,4-back,Fz,31,1.6076643866919612e-10
14,4-back,Fz,32,3.463636539088733e-10
14,4-back,Fz,33,3.2123703046458333e-10
14,4-back,Fz,34,3.63729871368151e-10
14,4-back,Fz,35,1.2494320174014422e-10
14,4-back,Fz,36,2.00169232932239e-10
14,4-back,Fz,37,3.4948572329483456e-10
14,4-back,Fz,38,1.1366721242650425e-10
14,4-back,Fz,39,6.871465364539995e-11
14,4-back,Fz,40,2.8486910256038724e-10
14,4-back,Fz,41,2.73244825252291e-10
14,4-back,Fz,42,5.734756017936673e-11
15,1-back,F3,1,2.150390957172046e-10
15,1-back,F3,2,4.329351342371262e-10
15,1-back,F3,3,2.2837121982994704e-10
15,1-back,F3,4,6.954916157509278e-10
15,1-back,F3,5,1.7950806507040005e-10
15,1-back,F3,6,5.161072306882447e-11
15,1-back,F3,7,1.8423722790826293e-10
15,1-back,F3,8,1.1723606157463128e-10
15,1-back,F3,9,1.274621492762614e-10
15,1-back,F3,10,1.520027924207706e-10
15,1-back,F3,11,1.1675097260671098e-10
15,1-back,F3,12,5.329691251563633e-10
15,1-back,F3,13,1.728884816609844e-10
15,1-back,F3,14,4.264947799800941e-10
15,1-back,F3,15,2.790782562632419e-10
15,1-back,F3,16,4.1951198953011737e-10
15,1-back,F3,17,1.9857899041651418e-10
15,1-back,F3,18,1.0155395333191795e-10
15,1-back,F3,19,2.528033182244888e-10
15,1-back,F3,20,6.207990244090129e-10
15,1-back,F3,21,1.420853781251387e-10
15,1-back,F3,22,7.972456619557351e-11
15,1-back,F3,23,2.3891034544853904e-10
15,1-back,F3,24,2.498712239744395e-10
15,1-back,F3,25,1.4002043451587243e-10
15,1-back,F3,26,1.7175387963495048e-10
15,1-back,F3,27,3.6163492842407567e-10
15,1-back,F3,28,8.232985629073444e-11
15,1-back,F3,29,1.2002490652227576e-10
15,1-back,F3,30,2.4693784141722206e-10
15,1-back,F3,31,2.9516409984234264e-10
15,1-back,F3,32,1.3911949610421387e-10
15,1-back,F3,33,5.462547319271617e-10
15,1-back,F3,34,4.941716727307568e-10
15,1-back,F3,35,2.8338567622013706e-10
15,1-back,F3,36,2.4942931913965535e-10
15,1-back,F3,37,4.2307055319071253e-11
15,1-back,F3,38,6.738016997903354e-11
15,1-back,F3,39,6.399668070257261e-10
15,1-back,F3,40,6.846279268077277e-11
15,1-back,F3,41,1.2662571987163816e-10
15,1-back,F3,42,1.6876701825452528e-10
15,1-back,F3,43,2.705443413511656e-10
15,1-back,F3,44,1.6339368005285658e-10
15,1-back,F3,45,2.3051185605906773e-10
15,1-back,F3,46,4.0127108454888374e-10
15,1-back,F3,47,1.6174816654862684e-10
15,1-back,F4,1,2.5815772841341473e-10
15,1-back,F4,2,1.2666842986547448e-10
15,1-back,F4,3,3.1145769687954217e-10
15,1-back,F4,4,2.684583962985023e-10
15,1-back,F4,5,1.3744406899065636e-10
15,1-back,F4,6,1.3164710250409547e-10
15,1-back,F4,7,1.749990050534082e-10
15,1-back,F4,8,1.4098897146358255e-10
15,1-back,F4,9,2.7805548781546857e-10
15,1-back,F4,10,1.8076610165036096e-10
15,1-back,F4,11,6.172092141171039e-11
15,1-back,F4,12,5.187324730329316e-10
15,1-back,F4,13,2.2005392572213187e-10
15,1-back,F4,14,2.902717405829662e-10
15,1-back,F4,15,7.868904090745911e-11
15,1-back,F4,16,2.5527147203639797e-10
15,1-back,F4,17,1.8793735230158826e-10
15,1-back,F4,18,6.454533516361948e-11
15,1-back,F4,19,5.414735627776034e-10
15,1-back,F4,20,4.3922130075736213e-10
15,1-back,F4,21,2.483181538091211e-10
15,1-back,F4,22,2.0559047722135086e-10
15,1-back,F4,23,2.419731651016109e-10
15,1-back,F4,24,2.7827433737331543e-10
15,1-back,F4,25,3.199895804905466e-10
15,1-back,F4,26,2.0713182414701856e-10
15,1-back,F4,27,1.8071657401339037e-10
15,1-back,F4,28,9.425816213384773e-11
15,1-back,F4,29,1.9833233446688149e-10
15,1-back,F4,30,2.5527393143075556e-10
15,1-back,F4,31,2.84116939346951e-10
15,1-back,F4,32,3.446100506289976e-11
15,1-back,F4,33,4.5876608909044467e-10
15,1-back,F4,34,3.990737614930106e-10
15,1-back,F4,35,2.1907283837297537e-10
15,1-back,F4,36,2.0932025771206827e-10
15,1-back,F4,37,9.738497287807156e-11
15,1-back,F4,38,1.4215600731381638e-10
15,1-back,F4,39,3.116269815708973e-10
15,1-back,F4,40,1.1203095018017981e-10
15,1-back,F4,41,8.881438127292645e-11
15,1-back,F4,42,2.0145742258282946e-10
15,1-back,F4,43,1.2174598189653466e-10
15,1-back,F4,44,1.6788908727040728e-10
15,1-back,F4,45,3.7014993463722446e-10
15,1-back,F4,46,2.1469047002593427e-10
15,1-back,F4,47,1.908293183146929e-10
15,1-back,F7,1,4.5634809296326706e-11
15,1-back,F7,2,7.133080386082163e-10
15,1-back,F7,3,2.4414376180679903e-10
15,1-back,F7,4,7.606495906964651e-10
15,1-back,F7,5,2.9580197551458943e-10
15,1-back,F7,6,7.389770006223995e-11
15,1-back,F7,7,2.7830128523959793e-10
15,1-back,F7,8,5.842721897321734e-11
15,1-back,F7,9,1.7593159329044078e-10
15,1-back,F7,10,1.4210508941049633e-10
15,1-back,F7,11,2.667339549164409e-10
15,1-back,F7,12,4.277838069237594e-10
15,1-back,F7,13,1.3355132158491513e-10
15,1-back,F7,14,1.98132211637227e-10
15,1-back,F7,15,2.5822598678486153e-10
15,1-back,F7,16,3.450177042669998e-10
15,1-back,F7,17,1.664691032780641e-10
15,1-back,F7,18,1.2931549614140604e-10
15,1-back,F7,19,1.7563075699198491e-10
15,1-back,F7,20,5.116546471033885e-10
15,1-back,F7,21,1.7414146936475022e-10
15,1-back,F7,22,6.005531339635651e-11
15,1-back,F7,23,2.1059773247643997e-10
15,1-back,F7,24,2.5539361310716365e-10
15,1-back,F7,25,9.78889738421794e-11
15,1-back,F7,26,1.6329722853203e-10
15,1-back,F7,27,1.5714021857308474e-10
15,1-back,F7,28,9.77379469323576e-11
15,1-back,F7,29,4.883928868745127e-11
15,1-back,F7,30,1.7170087561082246e-10
15,1-back,F7,31,6.333646777688683e-10
15,1-back,F7,32,1.9742343756141846e-10
15,1-back,F7,33,3.7558377644322986e-10
15,1-back,F7,34,5.738273732542528e-10
15,1-back,F7,35,1.4534399586156222e-10
15,1-back,F7,36,1.0279051376784627e-10
15,1-back,F7,37,3.6382654264618285e-11
15,1-back,F7,38,5.695267409156349e-11
15,1-back,F7,39,5.170264840635577e-10
15,1-back,F7,40,1.0355894796774163e-10
15,1-back,F7,41,5.189443753257681e-11
15,1-back,F7,42,1.1790915701254058e-10
15,1-back,F7,43,3.008010565287377e-10
15,1-back,F7,44,1.1412288311751469e-10
15,1-back,F7,45,1.736662367724363e-10
15,1-back,F7,46,2.0349268354709957e-10
15,1-back,F7,47,1.609455116525939e-10
15,1-back,F8,1,8.293394030254637e-11
15,1-back,F8,2,1.6364408569790052e-10
15,1-back,F8,3,1.270040995807163e-10
15,1-back,F8,4,2.2544942757531595e-10
15,1-back,F8,5,1.0063125806017875e-10
15,1-back,F8,6,1.6332671511599902e-10
15,1-back,F8,7,2.2670846106267418e-10
15,1-back,F8,8,1.648581697734571e-10
15,1-back,F8,9,2.2407172828795886e-10
15,1-back,F8,10,6.102479167656553e-11
15,1-back,F8,11,6.827867085170156e-11
15,1-back,F8,12,4.0142414628881683e-10
15,1-back,F8,13,3.17902693140629e-10
15,1-back,F8,14,2.6404360508072485e-10
15,1-back,F8,15,7.05347654783609e-11
15,1-back,F8,16,1.1459223403169172e-10
15,1-back,F8,17,1.2761239313348893e-10
15,1-back,F8,18,9.686554988217776e-11
15,1-back,F8,19,5.5115530373699e-10
15,1-back,F8,20,3.212219275542085e-10
15,1-back,F8,21,3.370073893392702e-10
15,1-back,F8,22,2.0970159870962317e-10
15,1-back,F8,23,1.7831863675567325e-10
15,1-back,F8,24,1.3838604054427129e-10
15,1-back,F8,25,3.2818630073993455e-10
15,1-back,F8,26,1.3934093843921168e-10
15,1-back,F8,27,7.54690314586537e-11
15,1-back,F8,28,8.898680328020445e-11
15,1-back,F8,29,9.303981074731757e-11
15,1-back,F8,30,2.3034858990078802e-10
15,1-back,F8,31,4.2781150677663794e-10
15,1-back,F8,32,4.7982310265546174e-11
15,1-back,F8,33,2.2193857346119174e-10
15,1-back,F8,34,2.530400032611927e-10
15,1-back,F8,35,1.9127918072040804e-10
15,1-back,F8,36,1.5285785148264878e-10
15,1-back,F8,37,4.7833382540178866e-11
15,1-back,F8,38,1.5055025692322906e-10
15,1-back,F8,39,1.2855775949517135e-10
15,1-back,F8,40,9.472958851643738e-11
15,1-back,F8,41,9.245064985755153e-11
15,1-back,F8,42,1.1026842118386569e-10
15,1-back,F8,43,1.0836299151221227e-10
15,1-back,F8,44,1.173457286360319e-10
15,1-back,F8,45,3.461877437296642e-10
15,1-back,F8,46,1.390583865841836e-10
15,1-back,F8,47,1.3979695058834954e-10
15,1-back,Fz,1,6.575297084471804e-10
15,1-back,Fz,2,2.6721887130559987e-10
15,1-back,Fz,3,4.770568064046841e-10
15,1-back,Fz,4,6.126034621716974e-10
15,1-back,Fz,5,1.693026181908792e-10
15,1-back,Fz,6,6.09416033258123e-11
15,1-back,Fz,7,1.4169975607639295e-10
15,1-back,Fz,8,1.8211806395525527e-10
15,1-back,Fz,9,2.992527846927828e-10
15,1-back,Fz,10,1.9013632682397605e-10
15,1-back,Fz,11,9.583177157028025e-11
15,1-back,Fz,12,5.376646854195369e-10
15,1-back,Fz,13,1.7511229934844016e-10
15,1-back,Fz,14,3.8065524026566606e-10
15,1-back,Fz,15,2.436856248004943e-10
15,1-back,Fz,16,2.6149302753590464e-10
15,1-back,Fz,17,2.9760280830110455e-10
15,1-back,Fz,18,1.0493150915797143e-10
15,1-back,Fz,19,3.885261488674623e-10
15,1-back,Fz,20,5.55438192551158e-10
15,1-back,Fz,21,1.700292012725369e-10
15,1-back,Fz,22,2.1989567938700015e-10
15,1-back,Fz,23,3.292227026898949e-10
15,1-back,Fz,24,3.998316469387562e-10
15,1-back,Fz,25,2.3485143459001346e-10
15,1-back,Fz,26,2.662573301083663e-10
15,1-back,Fz,27,3.3536029965111803e-10
15,1-back,Fz,28,1.3578579371496175e-10
15,1-back,Fz,29,2.727033498054333e-10
15,1-back,Fz,30,4.5236879383241396e-10
15,1-back,Fz,31,2.4909667179939044e-10
15,1-back,Fz,32,1.1743148247648666e-10
15,1-back,Fz,33,5.634736437335644e-10
15,1-back,Fz,34,4.74975794987045e-10
15,1-back,Fz,35,2.9848731004577486e-10
15,1-back,Fz,36,2.788462162957744e-10
15,1-back,Fz,37,1.2096024723415576e-10
15,1-back,Fz,38,1.875262109416722e-10
15,1-back,Fz,39,7.376214757150344e-10
15,1-back,Fz,40,1.1665794648475747e-10
15,1-back,Fz,41,1.3115011438524744e-10
15,1-back,Fz,42,1.6842634550909333e-10
15,1-back,Fz,43,1.7517981485751345e-10
15,1-back,Fz,44,1.6342993426612794e-10
15,1-back,Fz,45,4.0139578036691535e-10
15,1-back,Fz,46,4.526309101243409e-10
15,1-back,Fz,47,2.5431347648964294e-10
15,2-back,F3,1,3.918827374094089e-10
15,2-back,F3,2,1.0992735993802326e-10
15,2-back,F3,3,2.2495440918906054e-10
15,2-back,F3,4,4.6719251469246076e-11
15,2-back,F3,5,3.644174619363674e-10
15,2-back,F3,6,3.2267818278053736e-10
15,2-back,F3,7,9.785305369677658e-10
15,2-back,F3,8,2.936492509869763e-10
15,2-back,F3,9,1.3252595538112686e-10
15,2-back,F3,10,1.7479901576597621e-10
15,2-back,F3,11,2.359057516911074e-10
15,2-back,F3,12,1.6668806107047075e-10
15,2-back,F3,13,5.848242395331282e-10
15,2-back,F3,14,1.828514935779043e-10
15,2-back,F3,15,2.0810018246720536e-10
15,2-back,F3,16,3.000536184711764e-10
15,2-back,F3,17,1.0961358359900429e-10
15,2-back,F3,18,2.4298344919049307e-10
15,2-back,F3,19,4.2456748065943005e-10
15,2-back,F3,20,2.3115448954810515e-10
15,2-back,F3,21,1.2464477601222336e-10
15,2-back,F3,22,1.537276309957201e-10
15,2-back,F3,23,1.7876835736134596e-10
15,2-back,F3,24,3.149592129848935e-10
15,2-back,F3,25,3.535599510283659e-10
15,2-back,F3,26,4.5205569307840613e-10
15,2-back,F3,27,2.398335147780634e-10
15,2-back,F3,28,2.350178844535624e-10
15,2-back,F3,29,4.0347881315218794e-10
15,2-back,F3,30,3.388284192268086e-10
15,2-back,F3,31,2.1583306818453283e-10
15,2-back,F3,32,1.4665114325488986e-10
15,2-back,F3,33,2.891541123102764e-10
15,2-back,F3,34,6.618647557037464e-10
15,2-back,F3,35,5.156971748889468e-10
15,2-back,F3,36,7.013812644058395e-10
15,2-back,F3,37,3.22020496275509e-10
15,2-back,F3,38,2.8432792473012136e-10
15,2-back,F3,39,4.1976233133475383e-10
15,2-back,F3,40,3.0187409409240875e-10
15,2-back,F3,41,2.7141189893582246e-10
15,2-back,F3,42,2.514268721370889e-10
15,2-back,F4,1,2.478748807647844e-10
15,2-back,F4,2,2.094136881475584e-10
15,2-back,F4,3,1.3560467866063162e-10
15,2-back,F4,4,6.958146266433028e-11
15,2-back,F4,5,2.777978956060241e-10
15,2-back,F4,6,3.5044634396311785e-10
15,2-back,F4,7,6.871045880102992e-10
15,2-back,F4,8,2.8420685950883433e-10
15,2-back,F4,9,8.963736780789099e-11
15,2-back,F4,10,1.593499706775294e-10
15,2-back,F4,11,1.08049614999397e-10
15,2-back,F4,12,4.0943839297245947e-11
15,2-back,F4,13,4.6283316178953955e-10
15,2-back,F4,14,1.4362925062751241e-10
15,2-back,F4,15,8.11549301276516e-11
15,2-back,F4,16,2.3372104639072067e-10
15,2-back,F4,17,1.200822629531346e-10
15,2-back,F4,18,1.6547345495010083e-10
15,2-back,F4,19,1.4459516303436535e-10
15,2-back,F4,20,2.567977417476208e-10
15,2-back,F4,21,5.1323179253369386e-11
15,2-back,F4,22,1.4238222633824057e-10
15,2-back,F4,23,9.752665885220937e-11
15,2-back,F4,24,1.4073501425257774e-10
15,2-back,F4,25,2.716630567821727e-10
15,2-back,F4,26,6.458984118988857e-10
15,2-back,F4,27,1.2356102251467976e-10
15,2-back,F4,28,1.4455645705175254e-10
15,2-back,F4,29,3.734797114302435e-10
15,2-back,F4,30,3.5120931716547284e-10
15,2-back,F4,31,1.5283628045377245e-10
15,2-back,F4,32,2.6392822889499564e-10
15,2-back,F4,33,1.188208393486703e-10
15,2-back,F4,34,4.4891791767489846e-10
15,2-back,F4,35,2.9676724972017664e-10
15,2-back,F4,36,7.369070044700481e-10
15,2-back,F4,37,2.7523084944183496e-10
15,2-back,F4,38,3.081151774054577e-10
15,2-back,F4,39,3.004993312163221e-10
15,2-back,F4,40,3.5335966201282924e-10
15,2-back,F4,41,7.285309538074879e-11
15,2-back,F4,42,3.4188795013849616e-10
15,2-back,F7,1,4.0049203105571544e-10
15,2-back,F7,2,1.049868176965291e-10
15,2-back,F7,3,2.997436589757831e-10
15,2-back,F7,4,1.1506178150651513e-10
15,2-back,F7,5,3.395002689224159e-10
15,2-back,F7,6,3.53619049234341e-10
15,2-back,F7,7,4.775875659460999e-10
15,2-back,F7,8,4.662114374143148e-10
15,2-back,F7,9,1.0228224552375187e-10
15,2-back,F7,10,3.900097307625545e-10
15,2-back,F7,11,4.255417670264325e-10
15,2-back,F7,12,1.074744852624363e-10
15,2-back,F7,13,6.568605525574091e-10
15,2-back,F7,14,3.25561172771e-10
15,2-back,F7,15,2.8947380858820995e-10
15,2-back,F7,16,2.4362361180585603e-10
15,2-back,F7,17,9.457071589542325e-11
15,2-back,F7,18,3.8220434917070943e-10
15,2-back,F7,19,2.5740510133752234e-10
15,2-back,F7,20,8.697787997426143e-11
15,2-back,F7,21,2.4539430487538655e-10
15,2-back,F7,22,1.4802041261013447e-10
15,2-back,F7,23,1.1293258927573304e-10
15,2-back,F7,24,1.7511719310746168e-10
15,2-back,F7,25,1.5095626090115444e-10
15,2-back,F7,26,2.655250437669206e-10
15,2-back,F7,27,2.4507861175311765e-10
15,2-back,F7,28,2.9954541518134344e-10
15,2-back,F7,29,1.408177374735001e-10
15,2-back,F7,30,1.3809469071567092e-10
15,2-back,F7,31,1.4730878164333822e-10
15,2-back,F7,32,1.7589170724399384e-10
15,2-back,F7,33,2.6206311478042045e-10
15,2-back,F7,34,5.261002532290916e-10
15,2-back,F7,35,4.5216122688587284e-10
15,2-back,F7,36,5.188784948265744e-10
15,2-back,F7,37,3.6008771855962313e-10
15,2-back,F7,38,2.148599055739431e-10
15,2-back,F7,39,2.9346351912405684e-10
15,2-back,F7,40,1.267830091860037e-10
15,2-back,F7,41,3.806923979246806e-10
15,2-back,F7,42,3.031717515018322e-10
15,2-back,F8,1,2.6092358023268207e-10
15,2-back,F8,2,1.3942334385071607e-10
15,2-back,F8,3,1.6279895689032958e-10
15,2-back,F8,4,8.036430883725585e-11
15,2-back,F8,5,2.715866205252901e-10
15,2-back,F8,6,2.9304153670351645e-10
15,2-back,F8,7,3.011000574634963e-10
15,2-back,F8,8,2.1264656496297941e-10
15,2-back,F8,9,7.515281753205552e-11
15,2-back,F8,10,1.0888883619085727e-10
15,2-back,F8,11,1.0862177143442537e-10
15,2-back,F8,12,8.606360460981201e-11
15,2-back,F8,13,3.830514571720428e-10
15,2-back,F8,14,9.244215616242049e-11
15,2-back,F8,15,8.268089998855598e-11
15,2-back,F8,16,1.630804389995124e-10
15,2-back,F8,17,9.187429470432039e-11
15,2-back,F8,18,1.269113241897694e-10
15,2-back,F8,19,7.614035000864156e-11
15,2-back,F8,20,1.4674751731131234e-10
15,2-back,F8,21,9.125900204976004e-11
15,2-back,F8,22,1.5723766433595464e-10
15,2-back,F8,23,7.692331286032245e-11
15,2-back,F8,24,1.45988960400137e-10
15,2-back,F8,25,1.3025957516381187e-10
15,2-back,F8,26,6.357956569241542e-10
15,2-back,F8,27,1.2326343585252377e-10
15,2-back,F8,28,1.064811087631056e-10
15,2-back,F8,29,2.457369908412842e-10
15,2-back,F8,30,1.8036632664257275e-10
15,2-back,F8,31,1.129802373160473e-10
15,2-back,F8,32,1.9310996366689548e-10
15,2-back,F8,33,1.8695235093642903e-10
15,2-back,F8,34,4.007834256379561e-10
15,2-back,F8,35,2.230291327479171e-10
15,2-back,F8,36,5.587887690535354e-10
15,2-back,F8,37,2.793403561882822e-10
15,2-back,F8,38,2.8772320333299493e-10
15,2-back,F8,39,1.2113636806794162e-10
15,2-back,F8,40,2.1048750692327554e-10
15,2-back,F8,41,8.425816639344293e-11
15,2-back,F8,42,4.579022594207839e-10
15,2-back,Fz,1,3.0976418339008195e-10
15,2-back,Fz,2,1.7359534134061723e-10
15,2-back,Fz,3,1.2694474718986342e-10
15,2-back,Fz,4,7.126379650762626e-11
15,2-back,Fz,5,5.64430140343827e-10
15,2-back,Fz,6,5.565149999674213e-10
15,2-back,Fz,7,9.921766774389922e-10
15,2-back,Fz,8,3.990815921747975e-10
15,2-back,Fz,9,1.7933881500231892e-10
15,2-back,Fz,10,2.3401002295971167e-10
15,2-back,Fz,11,1.1093406128008558e-10
15,2-back,Fz,12,1.2720760727525406e-10
15,2-back,Fz,13,5.302253361016366e-10
15,2-back,Fz,14,1.5871819886609683e-10
15,2-back,Fz,15,1.6493127435857596e-10
15,2-back,Fz,16,2.7107327962374765e-10
15,2-back,Fz,17,1.0668335723196988e-10
15,2-back,Fz,18,1.9626634028917298e-10
15,2-back,Fz,19,4.500286039166218e-10
15,2-back,Fz,20,3.84635394825502e-10
15,2-back,Fz,21,9.41432228380667e-11
15,2-back,Fz,22,1.287360209089728e-10
15,2-back,Fz,23,3.1309737791772656e-10
15,2-back,Fz,24,2.0352858740393865e-10
15,2-back,Fz,25,5.85423518435055e-10
15,2-back,Fz,26,4.3619781487211497e-10
15,2-back,Fz,27,1.3900364802046814e-10
15,2-back,Fz,28,2.8298424429478363e-10
15,2-back,Fz,29,3.761405193328425e-10
15,2-back,Fz,30,3.0677281134216405e-10
15,2-back,Fz,31,1.717433889218321e-10
15,2-back,Fz,32,3.2466557569859576e-10
15,2-back,Fz,33,2.510386079736055e-10
15,2-back,Fz,34,4.850061634772172e-10
15,2-back,Fz,35,4.919909049451953e-10
15,2-back,Fz,36,8.377798403827657e-10
15,2-back,Fz,37,4.371005538575491e-10
15,2-back,Fz,38,4.491906727563257e-10
15,2-back,Fz,39,4.548973713175474e-10
15,2-back,Fz,40,5.548613496581983e-10
15,2-back,Fz,41,1.2922891374291677e-10
15,2-back,Fz,42,3.898305762381405e-10
15,3-back,F3,1,1.079478030446181e-10
15,3-back,F3,2,4.905187540177974e-10
15,3-back,F3,3,3.545900258660156e-10
15,3-back,F3,4,5.130772852396825e-10
15,3-back,F3,5,1.519953076556664e-10
15,3-back,F3,6,4.985348205676467e-10
15,3-back,F3,7,2.9835970501888037e-10
15,3-back,F3,8,4.776025876291856e-10
15,3-back,F3,9,1.0010661977736365e-09
15,3-back,F3,10,3.758540664417181e-10
15,3-back,F3,11,8.045514446637986e-10
15,3-back,F3,12,3.3446830153328634e-10
15,3-back,F3,13,3.0024776441758786e-10
15,3-back,F3,14,1.0205413715216463e-10
15,3-back,F3,15,1.2459810324440422e-10
15,3-back,F3,16,6.924648578408957e-10
15,3-back,F3,17,1.4039619682311422e-10
15,3-back,F3,18,1.540782827429009e-10
15,3-back,F3,19,2.377739612593984e-10
15,3-back,F3,20,1.1150710919336923e-10
15,3-back,F3,21,2.371347597784031e-10
15,3-back,F3,22,4.925702616548865e-10
15,3-back,F3,23,6.794598403987068e-10
15,3-back,F3,24,2.4744218072967423e-10
15,3-back,F3,25,3.4600055437803833e-10
15,3-back,F3,26,2.0837660172704963e-10
15,3-back,F3,27,2.585270568429161e-10
15,3-back,F3,28,2.532397333430707e-10
15,3-back,F3,29,2.1216056375093536e-10
15,3-back,F3,30,2.773554703473735e-10
15,3-back,F3,31,1.8185631683214501e-10
15,3-back,F3,32,9.220706383712482e-11
15,3-back,F3,33,2.051983063440921e-10
15,3-back,F3,34,2.5272541690687533e-10
15,3-back,F3,35,2.733877662750742e-10
15,3-back,F3,36,3.752471908236153e-11
15,3-back,F3,37,9.65209648979806e-10
15,3-back,F3,38,3.0275577254212783e-10
15,3-back,F3,39,4.0618738872355824e-10
15,3-back,F3,40,4.07999070455162e-10
15,3-back,F3,41,2.1562182879387323e-10
15,3-back,F3,42,2.389294373560846e-10
15,3-back,F3,43,4.1323835455374916e-10
15,3-back,F3,44,3.7844884421134475e-10
15,3-back,F3,45,2.764220030961788e-10
15,3-back,F3,46,2.8901441165595584e-10
15,3-back,F3,47,1.3109578592248302e-10
15,3-back,F3,48,3.2580009294660345e-10
15,3-back,F3,49,4.3682665774615244e-10
15,3-back,F3,50,9.950556138734496e-10
15,3-back,F4,1,1.0249214373680153e-10
15,3-back,F4,2,3.315581559960289e-10
15,3-back,F4,3,4.078881172787406e-10
15,3-back,F4,4,3.999177584147108e-10
15,3-back,F4,5,9.812273008269992e-11
15,3-back,F4,6,5.574725031362861e-10
15,3-back,F4,7,2.827772407344952e-10
15,3-back,F4,8,2.548084807637674e-10
15,3-back,F4,9,4.93956259488179e-10
15,3-back,F4,10,1.6400182246591453e-10
15,3-back,F4,11,3.5793885451914737e-10
15,3-back,F4,12,3.5122859978138977e-10
15,3-back,F4,13,2.4449598511700587e-10
15,3-back,F4,14,1.6092347372633053e-10
15,3-back,F4,15,1.2295237570936355e-10
15,3-back,F4,16,2.1387691892769077e-10
15,3-back,F4,17,1.3892960187126117e-10
15,3-back,F4,18,1.2379749452472524e-10
15,3-back,F4,19,1.8398205192395575e-10
15,3-back,F4,20,2.4504441765110713e-10
15,3-back,F4,21,2.6168914103264566e-10
15,3-back,F4,22,4.5304514673269216e-10
15,3-back,F4,23,2.221718484916749e-10
15,3-back,F4,24,2.6554046292508386e-10
15,3-back,F4,25,3.04350392890659e-10
15,3-back,F4,26,2.532557756690846e-10
15,3-back,F4,27,2.5922685257081357e-10
15,3-back,F4,28,1.8280026718348527e-10
15,3-back,F4,29,1.0882563589193335e-10
15,3-back,F4,30,2.741966987431442e-10
15,3-back,F4,31,2.1244839791399102e-10
15,3-back,F4,32,1.8447769114058608e-10
15,3-back,F4,33,2.5265223714289185e-10
15,3-back,F4,34,2.4058146321500733e-10
15,3-back,F4,35,3.408434082093044e-10
15,3-back,F4,36,5.963356243838857e-11
15,3-back,F4,37,5.308888145948773e-10
15,3-back,F4,38,2.1672473740864187e-10
15,3-back,F4,39,8.706791308195576e-10
15,3-back,F4,40,1.644797398016915e-10
15,3-back,F4,41,3.1025626460372334e-10
15,3-back,F4,42,1.524587290645865e-10
15,3-back,F4,43,4.5323661064148055e-10
15,3-back,F4,44,2.7025126619055555e-10
15,3-back,F4,45,3.8349048020161396e-10
15,3-back,F4,46,2.7117938528275136e-10
15,3-back,F4,47,9.679885601768712e-11
15,3-back,F4,48,3.5487625237709763e-10
15,3-back,F4,49,5.024841762497705e-10
15,3-back,F4,50,3.6367048223463015e-10
15,3-back,F7,1,7.015981562092254e-11
15,3-back,F7,2,7.157465118635787e-10
15,3-back,F7,3,3.087481332510876e-10
15,3-back,F7,4,3.259325639262241e-10
15,3-back,F7,5,1.644439951067146e-10
15,3-back,F7,6,3.714796208864874e-10
15,3-back,F7,7,3.153287521700788e-10
15,3-back,F7,8,4.978109462747813e-10
15,3-back,F7,9,9.491384367604722e-10
15,3-back,F7,10,3.180203910497381e-10
15,3-back,F7,11,5.083748509769805e-10
15,3-back,F7,12,2.6853851981957217e-10
15,3-back,F7,13,1.613012161764172e-10
15,3-back,F7,14,1.0390765521651286e-10
15,3-back,F7,15,1.1790065578688037e-10
15,3-back,F7,16,5.596278880920066e-10
15,3-back,F7,17,3.1358599872916605e-10
15,3-back,F7,18,1.7536588270708484e-10
15,3-back,F7,19,3.375006019242203e-10
15,3-back,F7,20,9.716460775145903e-11
15,3-back,F7,21,2.771736847774004e-10
15,3-back,F7,22,5.559631595509536e-10
15,3-back,F7,23,5.679470009247834e-10
15,3-back,F7,24,1.5286231212109812e-10
15,3-back,F7,25,3.078990855924852e-10
15,3-back,F7,26,2.525654161769861e-10
15,3-back,F7,27,1.6853307264129653e-10
15,3-back,F7,28,3.037877341711146e-10
15,3-back,F7,29,2.4192138055964215e-10
15,3-back,F7,30,2.8099123976666876e-10
15,3-back,F7,31,1.7363389800837579e-10
15,3-back,F7,32,1.20331457480126e-10
15,3-back,F7,33,1.914160574949932e-10
15,3-back,F7,34,2.3826902727083665e-10
15,3-back,F7,35,1.7544005980304972e-10
15,3-back,F7,36,1.5924918458516733e-10
15,3-back,F7,37,4.2158196135587176e-10
15,3-back,F7,38,4.596653223540196e-10
15,3-back,F7,39,3.0006566673649644e-10
15,3-back,F7,40,3.5516837981800553e-10
15,3-back,F7,41,2.110657115211719e-10
15,3-back,F7,42,3.7650301629005143e-10
15,3-back,F7,43,2.2394390375548687e-10
15,3-back,F7,44,2.6685016211440967e-10
15,3-back,F7,45,2.675191715301722e-10
15,3-back,F7,46,2.6862417078042667e-10
15,3-back,F7,47,1.148670423255902e-10
15,3-back,F7,48,1.429900392913859e-10
15,3-back,F7,49,4.3054451934241775e-10
15,3-back,F7,50,7.026666240071656e-10
15,3-back,F8,1,5.10191911490927e-11
15,3-back,F8,2,2.131659784467988e-10
15,3-back,F8,3,2.1199322915364118e-10
15,3-back,F8,4,2.0991187088575204e-10
15,3-back,F8,5,1.1567299384510296e-10
15,3-back,F8,6,4.017975254083082e-10
15,3-back,F8,7,2.489122930431466e-10
15,3-back,F8,8,1.6200913397731328e-10
15,3-back,F8,9,3.27338290900686e-10
15,3-back,F8,10,1.3933797430100217e-10
15,3-back,F8,11,1.971157018812835e-10
15,3-back,F8,12,2.392590913501262e-10
15,3-back,F8,13,9.856429773954795e-11
15,3-back,F8,14,1.2763498360640695e-10
15,3-back,F8,15,1.5032521707452904e-10
15,3-back,F8,16,1.47686807320788e-10
15,3-back,F8,17,1.8387174355786832e-10
15,3-back,F8,18,1.8117122601802647e-10
15,3-back,F8,19,1.8359609603108148e-10
15,3-back,F8,20,2.0450776607370936e-10
15,3-back,F8,21,2.9869862778343085e-10
15,3-back,F8,22,2.9913501769663417e-10
15,3-back,F8,23,4.528623739416239e-11
15,3-back,F8,24,2.0350947410818956e-10
15,3-back,F8,25,2.4974164285393614e-10
15,3-back,F8,26,2.594264414142956e-10
15,3-back,F8,27,1.5814810812011206e-10
15,3-back,F8,28,1.94659888070258e-10
15,3-back,F8,29,2.1837243424914813e-10
15,3-back,F8,30,2.0259463961367234e-10
15,3-back,F8,31,1.3052075418403705e-10
15,3-back,F8,32,8.48255565190854e-11
15,3-back,F8,33,1.9982772786445082e-10
15,3-back,F8,34,1.6626009509781787e-10
15,3-back,F8,35,2.1967074953783114e-10
15,3-back,F8,36,7.769068681015663e-11
15,3-back,F8,37,1.7642151828441148e-10
15,3-back,F8,38,3.362372051920305e-10
15,3-back,F8,39,5.76711917060612e-10
15,3-back,F8,40,6.88449684927808e-11
15,3-back,F8,41,2.488397545821865e-10
15,3-back,F8,42,1.1364178811942591e-10
15,3-back,F8,43,2.508350231302026e-10
15,3-back,F8,44,1.8731595442202153e-10
15,3-back,F8,45,3.794605871749379e-10
15,3-back,F8,46,2.5027622899219064e-10
15,3-back,F8,47,6.829443128595742e-11
15,3-back,F8,48,1.5731706485051387e-10
15,3-back,F8,49,3.25545765785304e-10
15,3-back,F8,50,1.7889616071645352e-10
15,3-back,Fz,1,1.0540451747590407e-10
15,3-back,Fz,2,5.091858794965513e-10
15,3-back,Fz,3,5.973904753360382e-10
15,3-back,Fz,4,4.342326850111499e-10
15,3-back,Fz,5,1.6162538696827648e-10
15,3-back,Fz,6,6.21950274881876e-10
15,3-back,Fz,7,5.131306563155215e-10
15,3-back,Fz,8,3.4009200578482467e-10
15,3-back,Fz,9,8.076948033691491e-10
15,3-back,Fz,10,2.7700599789727237e-10
15,3-back,Fz,11,9.115524571731857e-10
15,3-back,Fz,12,3.9859854664258686e-10
15,3-back,Fz,13,4.864053509620451e-10
15,3-back,Fz,14,2.627962055200065e-10
15,3-back,Fz,15,1.3397998545820706e-10
15,3-back,Fz,16,4.2536513097725115e-10
15,3-back,Fz,17,1.6111529169893377e-10
15,3-back,Fz,18,9.815118512769864e-11
15,3-back,Fz,19,2.2565830619049718e-10
15,3-back,Fz,20,2.2241736229325384e-10
15,3-back,Fz,21,2.7820353570250264e-10
15,3-back,Fz,22,5.957973786290482e-10
15,3-back,Fz,23,8.10476135345728e-10
15,3-back,Fz,24,3.0704222399808404e-10
15,3-back,Fz,25,4.1719720659772213e-10
15,3-back,Fz,26,2.7682462255666895e-10
15,3-back,Fz,27,2.654131280594888e-10
15,3-back,Fz,28,3.2352656597762266e-10
15,3-back,Fz,29,1.181860946195613e-10
15,3-back,Fz,30,5.319107843026958e-10
15,3-back,Fz,31,2.149885737210561e-10
15,3-back,Fz,32,2.455241604364565e-10
15,3-back,Fz,33,2.961367040825168e-10
15,3-back,Fz,34,3.092489983025312e-10
15,3-back,Fz,35,6.320326481988047e-10
15,3-back,Fz,36,5.098267413983825e-11
15,3-back,Fz,37,1.1954407191816713e-09
15,3-back,Fz,38,2.644546130715314e-10
15,3-back,Fz,39,7.019156890924748e-10
15,3-back,Fz,40,6.20377152623993e-10
15,3-back,Fz,41,3.4182614063691606e-10
15,3-back,Fz,42,2.1878897721548652e-10
15,3-back,Fz,43,7.989574896528325e-10
15,3-back,Fz,44,4.195517422666759e-10
15,3-back,Fz,45,3.7515065239504836e-10
15,3-back,Fz,46,2.855454098612884e-10
15,3-back,Fz,47,1.102471336001384e-10
15,3-back,Fz,48,7.19085704632148e-10
15,3-back,Fz,49,5.453433381917336e-10
15,3-back,Fz,50,9.87293327951588e-10
15,4-back,F3,1,1.0397364547462504e-10
15,4-back,F3,2,5.548275870677603e-10
15,4-back,F3,3,9.186463389664678e-10
15,4-back,F3,4,2.912656190685379e-10
15,4-back,F3,5,4.26442595646951e-10
15,4-back,F3,6,2.1175834766794897e-10
15,4-back,F3,7,2.803453911364985e-10
15,4-back,F3,8,7.228408399945379e-10
15,4-back,F3,9,2.857369076270471e-10
15,4-back,F3,10,1.3416300604522824e-09
15,4-back,F3,11,6.897343629192801e-10
15,4-back,F3,12,4.225746125161421e-10
15,4-back,F3,13,3.988489344969762e-10
15,4-back,F3,14,4.614311634994069e-10
15,4-back,F3,15,4.459850305099628e-10
15,4-back,F3,16,1.965543970553092e-10
15,4-back,F3,17,1.0276302653867934e-10
15,4-back,F3,18,1.054409994916747e-10
15,4-back,F3,19,4.2894419539104895e-10
15,4-back,F3,20,1.6644483286755242e-10
15,4-back,F3,21,2.508711062256261e-10
15,4-back,F3,22,6.880345337594953e-10
15,4-back,F3,23,3.481007113787979e-10
15,4-back,F3,24,2.0237430563827416e-10
15,4-back,F3,25,3.116066704619427e-10
15,4-back,F3,26,4.07107965156651e-10
15,4-back,F3,27,3.056874499658321e-10
15,4-back,F3,28,2.8958082501204137e-10
15,4-back,F3,29,2.2631523404578983e-10
15,4-back,F3,30,3.7349831450916105e-10
15,4-back,F3,31,1.3279441522785273e-10
15,4-back,F3,32,2.8978224638324366e-10
15,4-back,F3,33,1.0582242934318394e-10
15,4-back,F3,34,5.730260133260497e-10
15,4-back,F3,35,2.5225301666700755e-10
15,4-back,F3,36,1.922438558135811e-10
15,4-back,F3,37,5.916739873211706e-10
15,4-back,F3,38,4.6257084795796765e-10
15,4-back,F3,39,2.563532307604142e-10
15,4-back,F3,40,7.78052871882003e-10
15,4-back,F3,41,2.672503021804001e-10
15,4-back,F3,42,5.234860599586958e-10
15,4-back,F3,43,3.649039358165656e-10
15,4-back,F3,44,7.614997992399934e-10
15,4-back,F3,45,1.3746268809904351e-10
15,4-back,F3,46,1.1019833521406544e-10
15,4-back,F3,47,5.850921875686079e-10
15,4-back,F3,48,5.65450852559407e-11
15,4-back,F3,49,2.734006137393619e-10
15,4-back,F3,50,3.1328711985343477e-10
15,4-back,F3,51,4.294701983855722e-10
15,4-back,F3,52,3.121313806649874e-10
15,4-back,F3,53,3.625781894947221e-10
15,4-back,F3,54,3.3870934920663506e-10
15,4-back,F3,55,3.8096267094369003e-10
15,4-back,F3,56,2.5629786354654284e-10
15,4-back,F3,57,1.1790674097873113e-10
15,4-back,F3,58,1.6615718690212262e-10
15,4-back,F3,59,3.719525929586569e-10
15,4-back,F3,60,4.0888657202857426e-10
15,4-back,F3,61,4.5738624652249543e-10
15,4-back,F3,62,5.870002882435075e-10
15,4-back,F3,63,2.4933480942537663e-10
15,4-back,F3,64,2.502188058676892e-10
15,4-back,F3,65,9.305354938486781e-10
15,4-back,F3,66,3.8800033753418986e-10
15,4-back,F3,67,1.300717929504801e-10
15,4-back,F4,1,7.087710627445159e-11
15,4-back,F4,2,4.428709113365945e-10
15,4-back,F4,3,6.680219340297275e-10
15,4-back,F4,4,4.6205194407716944e-10
15,4-back,F4,5,3.1580775268013883e-10
15,4-back,F4,6,2.0232094634915593e-10
15,4-back,F4,7,4.4751465830586916e-11
15,4-back,F4,8,7.20979833738503e-10
15,4-back,F4,9,6.016469178084789e-11
15,4-back,F4,10,8.181921379843427e-10
15,4-back,F4,11,3.573043957606999e-10
15,4-back,F4,12,4.0096852662026107e-10
15,4-back,F4,13,4.3939060365830527e-10
15,4-back,F4,14,2.3861610828077297e-10
15,4-back,F4,15,2.9159374072447274e-10
15,4-back,F4,16,2.927790308976674e-10
15,4-back,F4,17,1.868422303229762e-10
15,4-back,F4,18,1.8461160836815702e-10
15,4-back,F4,19,2.9773760456327803e-10
15,4-back,F4,20,7.325209932885647e-11
15,4-back,F4,21,1.399576132237365e-10
15,4-back,F4,22,6.438776799691218e-10
15,4-back,F4,23,1.826002252220891e-10
15,4-back,F4,24,2.817988336244788e-10
15,4-back,F4,25,1.4046440216407385e-10
15,4-back,F4,26,5.873647726285496e-10
15,4-back,F4,27,4.550600190586517e-10
15,4-back,F4,28,2.8355776033393824e-10
15,4-back,F4,29,1.747902219021262e-10
15,4-back,F4,30,2.560387635273278e-10
15,4-back,F4,31,1.1888869872191482e-10
15,4-back,F4,32,5.072671581007786e-10
15,4-back,F4,33,2.148918351935513e-10
15,4-back,F4,34,1.0127000320312034e-10
15,4-back,F4,35,1.7053259087185557e-10
15,4-back,F4,36,1.8842775651542825e-10
15,4-back,F4,37,3.229009115922394e-10
15,4-back,F4,38,2.749394949502277e-10
15,4-back,F4,39,5.0614337292253983e-11
15,4-back,F4,40,3.31845346086878e-10
15,4-back,F4,41,2.3084706966112058e-10
15,4-back,F4,42,3.9489238220139176e-10
15,4-back,F4,43,3.803532725905515e-10
15,4-back,F4,44,3.2734673586221233e-10
15,4-back,F4,45,1.4879101102956003e-10
15,4-back,F4,46,7.14934221051817e-11
15,4-back,F4,47,2.847878005207379e-10
15,4-back,F4,48,1.4558361157361892e-10
15,4-back,F4,49,3.332230431909126e-10
15,4-back,F4,50,3.3651291920818357e-10
15,4-back,F4,51,2.8754934147633563e-10
15,4-back,F4,52,2.2333607190964932e-10
15,4-back,F4,53,1.8627290679510397e-10
15,4-back,F4,54,7.462587135016603e-10
15,4-back,F4,55,5.295215086728231e-10
15,4-back,F4,56,1.643037841994055e-10
15,4-back,F4,57,1.2158297572065815e-10
15,4-back,F4,58,1.4659302776285887e-10
15,4-back,F4,59,5.159075894057237e-10
15,4-back,F4,60,2.5235331677106053e-10
15,4-back,F4,61,2.5611569855556684e-10
15,4-back,F4,62,3.7663599464882264e-10
15,4-back,F4,63,4.4302683373208327e-10
15,4-back,F4,64,1.920323374850033e-10
15,4-back,F4,65,1.1547624075540284e-09
15,4-back,F4,66,2.7610620886787606e-10
15,4-back,F4,67,8.831048070176314e-11
15,4-back,F7,1,2.3261843158509178e-10
15,4-back,F7,2,3.7987776426457616e-10
15,4-back,F7,3,8.145046458500589e-10
15,4-back,F7,4,2.1948041398577435e-10
15,4-back,F7,5,4.812386042779257e-10
15,4-back,F7,6,2.202526629599556e-10
15,4-back,F7,7,3.767389939001183e-10
15,4-back,F7,8,4.19027496620348e-10
15,4-back,F7,9,3.716225644614191e-10
15,4-back,F7,10,1.0280995597936154e-09
15,4-back,F7,11,4.149632739408691e-10
15,4-back,F7,12,6.29878438174549e-10
15,4-back,F7,13,4.866424493764689e-10
15,4-back,F7,14,4.319880534157872e-10
15,4-back,F7,15,4.5462510779337654e-10
15,4-back,F7,16,2.0423409134686596e-10
15,4-back,F7,17,1.9122873245647754e-10
15,4-back,F7,18,3.3556872660081913e-10
15,4-back,F7,19,2.46400617498907e-10
15,4-back,F7,20,1.3730153856552242e-10
15,4-back,F7,21,2.3119031981575214e-10
15,4-back,F7,22,6.31408650678552e-10
15,4-back,F7,23,3.6195418925772015e-10
15,4-back,F7,24,2.0243072061884434e-10
15,4-back,F7,25,4.535166192448935e-10
15,4-back,F7,26,3.869166419185987e-10
15,4-back,F7,27,2.2752748622005064e-10
15,4-back,F7,28,4.70010257841988e-10
15,4-back,F7,29,1.7624868354619052e-10
15,4-back,F7,30,6.180163897475535e-10
15,4-back,F7,31,1.384051646902085e-10
15,4-back,F7,32,3.2652109004534084e-10
15,4-back,F7,33,4.3162404234719285e-11
15,4-back,F7,34,7.269677087942419e-10
15,4-back,F7,35,2.788645315977386e-10
15,4-back,F7,36,2.559500536289814e-10
15,4-back,F7,37,4.60956542669202e-10
15,4-back,F7,38,6.925092742648436e-10
15,4-back,F7,39,4.719871566678484e-10
15,4-back,F7,40,6.544440836718511e-10
15,4-back,F7,41,3.026477989580281e-10
15,4-back,F7,42,5.078208945774212e-10
15,4-back,F7,43,2.4996818453111556e-10
15,4-back,F7,44,6.406507229352491e-10
15,4-back,F7,45,3.3581997656889287e-10
15,4-back,F7,46,1.9757432156771088e-10
15,4-back,F7,47,6.585167633917338e-10
15,4-back,F7,48,1.2264333926206627e-10
15,4-back,F7,49,2.701338093750823e-10
15,4-back,F7,50,2.4506161228383597e-10
15,4-back,F7,51,3.196850274216161e-10
15,4-back,F7,52,3.0680996795412806e-10
15,4-back,F7,53,2.3919877184692475e-10
15,4-back,F7,54,1.7857795655855712e-10
15,4-back,F7,55,4.2115996225407766e-10
15,4-back,F7,56,2.0038574965996893e-10
15,4-back,F7,57,2.408184315536313e-10
15,4-back,F7,58,2.363447675657999e-10
15,4-back,F7,59,3.47676116978455e-10
15,4-back,F7,60,2.2254349650855156e-10
15,4-back,F7,61,2.540880514992102e-10
15,4-back,F7,62,3.928428121719831e-10
15,4-back,F7,63,2.0318166002842517e-10
15,4-back,F7,64,2.804481276537244e-10
15,4-back,F7,65,9.378103844909953e-10
15,4-back,F7,66,4.6142182844718076e-10
15,4-back,F7,67,2.5649655117014766e-10
15,4-back,F8,1,8.033099367043756e-11
15,4-back,F8,2,2.743280621841533e-10
15,4-back,F8,3,4.52639112504592e-10
15,4-back,F8,4,2.604178019955252e-10
15,4-back,F8,5,2.795764002529978e-10
15,4-back,F8,6,1.7963284036613753e-10
15,4-back,F8,7,6.947240015490022e-11
15,4-back,F8,8,3.263308712080425e-10
15,4-back,F8,9,7.157906094298307e-11
15,4-back,F8,10,4.808002481692151e-10
15,4-back,F8,11,3.84901384103467e-10
15,4-back,F8,12,3.075295841353883e-10
15,4-back,F8,13,4.257725060510571e-10
15,4-back,F8,14,1.430370191342085e-10
15,4-back,F8,15,2.602346693105023e-10
15,4-back,F8,16,1.5970122038977772e-10
15,4-back,F8,17,1.7381212751552425e-10
15,4-back,F8,18,1.709953007205277e-10
15,4-back,F8,19,2.0545509681946554e-10
15,4-back,F8,20,6.602822542145202e-11
15,4-back,F8,21,1.4560947876256333e-10
15,4-back,F8,22,4.921510234809418e-10
15,4-back,F8,23,1.570515396526273e-10
15,4-back,F8,24,1.7683356538435788e-10
15,4-back,F8,25,7.965605548139009e-11
15,4-back,F8,26,4.4846740258323553e-10
15,4-back,F8,27,3.879939049592043e-10
15,4-back,F8,28,2.9744336441288313e-10
15,4-back,F8,29,2.933458971348166e-10
15,4-back,F8,30,2.4676739174618057e-10
15,4-back,F8,31,5.195361490971867e-11
15,4-back,F8,32,5.285215486477379e-10
15,4-back,F8,33,1.1906371852345066e-10
15,4-back,F8,34,1.1564802124652634e-10
15,4-back,F8,35,1.9079993326092116e-10
15,4-back,F8,36,2.1948506268264498e-10
15,4-back,F8,37,1.3859986254695623e-10
15,4-back,F8,38,2.037049302238847e-10
15,4-back,F8,39,3.5796589238243995e-11
15,4-back,F8,40,1.8734876038623825e-10
15,4-back,F8,41,2.1812240209948565e-10
15,4-back,F8,42,5.838491925497014e-10
15,4-back,F8,43,2.991386704187444e-10
15,4-back,F8,44,2.609510752906617e-10
15,4-back,F8,45,2.2807712017910724e-10
15,4-back,F8,46,8.257077208650253e-11
15,4-back,F8,47,1.624136292870302e-10
15,4-back,F8,48,9.579078798240774e-11
15,4-back,F8,49,2.909209456989502e-10
15,4-back,F8,50,2.1938892944000815e-10
15,4-back,F8,51,3.4462703078743467e-10
15,4-back,F8,52,1.928163336120428e-10
15,4-back,F8,53,7.132927219744808e-11
15,4-back,F8,54,5.041542307245704e-10
15,4-back,F8,55,3.5532104444853355e-10
15,4-back,F8,56,1.1850789424819851e-10
15,4-back,F8,57,6.462258766270503e-11
15,4-back,F8,58,1.8877443546649126e-10
15,4-back,F8,59,3.3887619887847585e-10
15,4-back,F8,60,2.7598729957626966e-10
15,4-back,F8,61,3.038192137945229e-10
15,4-back,F8,62,2.644750916192159e-10
15,4-back,F8,63,4.4503073118209104e-10
15,4-back,F8,64,2.054658125196943e-10
15,4-back,F8,65,6.876593364222397e-10
15,4-back,F8,66,3.005564056625924e-10
15,4-back,F8,67,8.208388298658383e-11
15,4-back,Fz,1,4.4016018341226106e-11
15,4-back,Fz,2,5.511865357292827e-10
15,4-back,Fz,3,6.837049687061386e-10
15,4-back,Fz,4,4.4691003671452353e-10
15,4-back,Fz,5,2.770667113052856e-10
15,4-back,Fz,6,3.266850137285207e-10
15,4-back,Fz,7,1.0938472848019722e-10
15,4-back,Fz,8,8.602910668011291e-10
15,4-back,Fz,9,1.725219017196062e-10
15,4-back,Fz,10,1.1875757253181744e-09
15,4-back,Fz,11,5.106669529572389e-10
15,4-back,Fz,12,5.90627558519608e-10
15,4-back,Fz,13,6.761290028037968e-10
15,4-back,Fz,14,3.2243347590077747e-10
15,4-back,Fz,15,4.0673271842674794e-10
15,4-back,Fz,16,5.444255000015451e-10
15,4-back,Fz,17,1.852190299577597e-10
15,4-back,Fz,18,1.8061669696457084e-10
15,4-back,Fz,19,4.5477912274730087e-10
15,4-back,Fz,20,2.0824884140296484e-10
15,4-back,Fz,21,1.753621656997931e-10
15,4-back,Fz,22,8.869894960649783e-10
15,4-back,Fz,23,2.681509054786447e-10
15,4-back,Fz,24,1.9232961222983384e-10
15,4-back,Fz,25,1.690910741850588e-10
15,4-back,Fz,26,5.40560179306518e-10
15,4-back,Fz,27,4.746560260018196e-10
15,4-back,Fz,28,1.901652284778117e-10
15,4-back,Fz,29,2.1503738034906528e-10
15,4-back,Fz,30,3.577258383486121e-10
15,4-back,Fz,31,2.2296453465130009e-10
15,4-back,Fz,32,3.823124313844489e-10
15,4-back,Fz,33,2.5068093167741724e-10
15,4-back,Fz,34,1.907983020131604e-10
15,4-back,Fz,35,3.226354832044261e-10
15,4-back,Fz,36,2.060313946412152e-10
15,4-back,Fz,37,5.212217803087878e-10
15,4-back,Fz,38,4.0087312857992736e-10
15,4-back,Fz,39,1.7200970367198318e-10
15,4-back,Fz,40,7.314618230113725e-10
15,4-back,Fz,41,2.0287220183765723e-10
15,4-back,Fz,42,6.743003810413832e-10
15,4-back,Fz,43,3.3986663611384754e-10
15,4-back,Fz,44,6.451171158383245e-10
15,4-back,Fz,45,5.044758029132146e-11
15,4-back,Fz,46,9.860945740074092e-11
15,4-back,Fz,47,3.510392992957056e-10
15,4-back,Fz,48,2.4772167042597335e-10
15,4-back,Fz,49,4.5985708260520867e-10
15,4-back,Fz,50,4.2045982738091197e-10
15,4-back,Fz,51,3.626466750239566e-10
15,4-back,Fz,52,2.2663342233969916e-10
15,4-back,Fz,53,4.237603932214592e-10
15,4-back,Fz,54,6.967981912687762e-10
15,4-back,Fz,55,5.356318456019962e-10
15,4-back,Fz,56,2.5776274160888036e-10
15,4-back,Fz,57,1.171385174796324e-10
15,4-back,Fz,58,1.9330454793330332e-10
15,4-back,Fz,59,3.354572576578646e-10
15,4-back,Fz,60,4.4301147652998196e-10
15,4-back,Fz,61,5.230887803943242e-10
15,4-back,Fz,62,6.490110374925128e-10
15,4-back,Fz,63,4.1559190520369965e-10
15,4-back,Fz,64,3.1797565959569043e-10
15,4-back,Fz,65,1.149763384111017e-09
15,4-back,Fz,66,4.3153168542681906e-10
15,4-back,Fz,67,2.0295717569251395e-10
16,1-back,F3,1,2.064540585776285e-10
16,1-back,F3,2,1.428210090011654e-10
16,1-back,F3,3,1.5071662471613548e-10
16,1-back,F3,4,4.162427410906468e-10
16,1-back,F3,5,1.2074949141667905e-09
16,1-back,F3,6,2.015129181484162e-10
16,1-back,F3,7,1.4983328232517634e-10
16,1-back,F3,8,9.54713731627131e-11
16,1-back,F3,9,2.598325065098759e-10
16,1-back,F3,10,1.5565031163381774e-10
16,1-back,F3,11,3.121821055744407e-10
16,1-back,F3,12,8.434968312666533e-11
16,1-back,F3,13,1.4846139181585515e-10
16,1-back,F3,14,5.1282021522891e-10
16,1-back,F3,15,1.513425754602484e-10
16,1-back,F3,16,2.796057753429745e-10
16,1-back,F3,17,1.2332151828686906e-10
16,1-back,F3,18,1.5260499432793182e-10
16,1-back,F3,19,1.8401748719877487e-10
16,1-back,F3,20,5.343818176860344e-10
16,1-back,F3,21,7.704172556868559e-11
16,1-back,F3,22,1.8647757966124334e-10
16,1-back,F3,23,1.2167108557689205e-10
16,1-back,F3,24,3.1691433994358004e-11
16,1-back,F3,25,3.3963065756073406e-10
16,1-back,F3,26,3.0609613346133483e-10
16,1-back,F3,27,8.253355339390526e-10
16,1-back,F3,28,9.309139558755887e-11
16,1-back,F3,29,6.14621736165896e-11
16,1-back,F3,30,3.3021737283908817e-10
16,1-back,F3,31,1.599220472356755e-10
16,1-back,F3,32,1.2298755167241915e-10
16,1-back,F3,33,2.2060114658297965e-10
16,1-back,F3,34,1.4271569091409703e-10
16,1-back,F3,35,1.8947990364166556e-10
16,1-back,F3,36,3.1779372048948394e-10
16,1-back,F3,37,1.0265890231175311e-10
16,1-back,F3,38,1.805219101110175e-10
16,1-back,F3,39,1.991016219147849e-10
16,1-back,F3,40,5.510866843892421e-10
16,1-back,F3,41,1.7825160928402515e-10
16,1-back,F3,42,3.5568619738363027e-09
16,1-back,F3,43,2.6930699266927245e-10
16,1-back,F3,44,4.1644482023667324e-11
16,1-back,F3,45,1.7139871749193786e-09
16,1-back,F3,46,1.4008244613725129e-10
16,1-back,F3,47,1.8564901006963564e-10
16,1-back,F3,48,3.990396752019131e-10
16,1-back,F3,49,2.503853306094285e-10
16,1-back,F3,50,5.005046420596895e-10
16,1-back,F3,51,2.78051751203106e-10
16,1-back,F3,52,1.6923799937037228e-09
16,1-back,F3,53,1.5284021494716807e-10
16,1-back,F3,54,3.220100793869613e-10
16,1-back,F3,55,1.7785947966478025e-10
16,1-back,F3,56,8.022329129865414e-11
16,1-back,F3,57,1.5136524677678202e-10
16,1-back,F3,58,3.9946169051534403e-10
16,1-back,F3,59,5.677325223890179e-10
16,1-back,F3,60,2.819208944313745e-10
16,1-back,F3,61,3.4024826949592465e-10
16,1-back,F4,1,1.2466818639190847e-10
16,1-back,F4,2,1.5708227440630618e-10
16,1-back,F4,3,1.4597829337780543e-10
16,1-back,F4,4,3.3809897991595613e-10
16,1-back,F4,5,2.3672062464570264e-11
16,1-back,F4,6,1.4865285028513115e-10
16,1-back,F4,7,1.2862036010640445e-10
16,1-back,F4,8,3.6065822035669065e-11
16,1-back,F4,9,1.110819401954031e-10
16,1-back,F4,10,1.2907074860617738e-10
16,1-back,F4,11,2.268783864942251e-10
16,1-back,F4,12,3.5476022757112315e-11
16,1-back,F4,13,1.3618052218184402e-10
16,1-back,F4,14,3.09951155159173e-10
16,1-back,F4,15,1.3573048593345067e-10
16,1-back,F4,16,1.694884455049504e-10
16,1-back,F4,17,1.3448861537417794e-10
16,1-back,F4,18,7.773584724399822e-11
16,1-back,F4,19,1.4421307167208733e-10
16,1-back,F4,20,1.9020118315436906e-10
16,1-back,F4,21,1.0294456759098525e-10
16,1-back,F4,22,2.1467478002753456e-10
16,1-back,F4,23,1.7840384395508822e-11
16,1-back,F4,24,5.7810809621678046e-11
16,1-back,F4,25,2.6588247544397206e-10
16,1-back,F4,26,2.9756957671592187e-10
16,1-back,F4,27,3.6268965854797496e-10
16,1-back,F4,28,7.823339419318523e-11
16,1-back,F4,29,6.734053042988634e-11
16,1-back,F4,30,2.527122894695088e-10
16,1-back,F4,31,7.39651997035631e-11
16,1-back,F4,32,9.613105442158758e-11
16,1-back,F4,33,1.4454476407836477e-10
16,1-back,F4,34,7.798539648484146e-11
16,1-back,F4,35,1.5045472627617276e-10
16,1-back,F4,36,3.5985915155070347e-10
16,1-back,F4,37,8.44734896185354e-11
16,1-back,F4,38,1.5206883715865163e-10
16,1-back,F4,39,1.2597738479715494e-10
16,1-back,F4,40,4.279529874789709e-10
16,1-back,F4,41,1.260864310515067e-10
16,1-back,F4,42,1.56063499267887e-10
16,1-back,F4,43,8.290636607161246e-11
16,1-back,F4,44,3.891334745000847e-11
16,1-back,F4,45,1.5685589678632208e-10
16,1-back,F4,46,7.121263529078354e-11
16,1-back,F4,47,1.4669084776805753e-10
16,1-back,F4,48,1.005731803979137e-10
16,1-back,F4,49,3.451577748511109e-10
16,1-back,F4,50,1.0666529487534578e-10
16,1-back,F4,51,1.1402888721862428e-10
16,1-back,F4,52,6.029688299866354e-11
16,1-back,F4,53,2.1954852875256278e-10
16,1-back,F4,54,1.564303587500556e-10
16,1-back,F4,55,1.267153539779088e-10
16,1-back,F4,56,1.0511559979076628e-10
16,1-back,F4,57,6.169046049486272e-11
16,1-back,F4,58,1.4569564962320518e-10
16,1-back,F4,59,1.3360866608662883e-10
16,1-back,F4,60,1.1105443397807778e-10
16,1-back,F4,61,3.0096961070465734e-10
16,1-back,F7,1,1.2778476832268193e-10
16,1-back,F7,2,5.428587774954305e-11
16,1-back,F7,3,1.2111741490259153e-10
16,1-back,F7,4,2.8733723264046275e-10
16,1-back,F7,5,7.482622054640003e-11
16,1-back,F7,6,1.8064147348647404e-10
16,1-back,F7,7,7.014507132547775e-11
16,1-back,F7,8,5.141251487795025e-11
16,1-back,F7,9,2.797792560907704e-10
16,1-back,F7,10,5.905861193404978e-11
16,1-back,F7,11,1.1106260170237596e-10
16,1-back,F7,12,6.019419552148808e-11
16,1-back,F7,13,1.7840269976643845e-10
16,1-back,F7,14,2.3843248217830343e-10
16,1-back,F7,15,6.182905365585791e-11
16,1-back,F7,16,1.401711525723904e-10
16,1-back,F7,17,4.2694358105118285e-11
16,1-back,F7,18,9.256927843013456e-11
16,1-back,F7,19,6.471796653933016e-11
16,1-back,F7,20,2.523616068588985e-10
16,1-back,F7,21,5.0045944843114485e-11
16,1-back,F7,22,8.847126521695017e-11
16,1-back,F7,23,6.197425189903513e-11
16,1-back,F7,24,2.7763649346113684e-11
16,1-back,F7,25,3.9718341130500755e-10
16,1-back,F7,26,2.5418043881470063e-10
16,1-back,F7,27,4.1367213731441214e-10
16,1-back,F7,28,3.9381667148066296e-11
16,1-back,F7,29,3.555367587683111e-11
16,1-back,F7,30,1.6576024114534148e-10
16,1-back,F7,31,9.093381770105409e-11
16,1-back,F7,32,1.1300300145338694e-10
16,1-back,F7,33,1.6223086429685984e-10
16,1-back,F7,34,8.877512312708075e-11
16,1-back,F7,35,7.628278235320122e-11
16,1-back,F7,36,9.169982477548232e-11
16,1-back,F7,37,9.8651851203388e-11
16,1-back,F7,38,1.124791438473165e-10
16,1-back,F7,39,1.1021017197537656e-10
16,1-back,F7,40,2.1821117213054783e-10
16,1-back,F7,41,2.4312320533505544e-10
16,1-back,F7,42,2.0617333299245456e-10
16,1-back,F7,43,6.607541376119126e-11
16,1-back,F7,44,5.532190976490776e-11
16,1-back,F7,45,7.159728287712602e-11
16,1-back,F7,46,4.921192610226806e-11
16,1-back,F7,47,1.240793473272712e-10
16,1-back,F7,48,9.89474787631882e-11
16,1-back,F7,49,7.185616870976924e-11
16,1-back,F7,50,6.317782991971376e-11
16,1-back,F7,51,7.347900950421937e-11
16,1-back,F7,52,2.7738044788986134e-10
16,1-back,F7,53,9.479980993322885e-11
16,1-back,F7,54,1.7972972584305382e-10
16,1-back,F7,55,6.347447853757487e-11
16,1-back,F7,56,2.456448062268977e-11
16,1-back,F7,57,1.612969349064684e-10
16,1-back,F7,58,1.5165151644050502e-10
16,1-back,F7,59,1.49045048924623e-10
16,1-back,F7,60,6.02095534302232e-11
16,1-back,F7,61,1.546588280991564e-10
16,1-back,F8,1,7.576979970674747e-11
16,1-back,F8,2,1.0865194378164711e-10
16,1-back,F8,3,1.4765614886200048e-10
16,1-back,F8,4,5.972357119640397e-11
16,1-back,F8,5,6.147456335528074e-11
16,1-back,F8,6,9.447930275172229e-11
16,1-back,F8,7,5.951578493724035e-11
16,1-back,F8,8,1.1914290353182305e-10
16,1-back,F8,9,1.0849254205598026e-10
16,1-back,F8,10,7.439855447446604e-11
16,1-back,F8,11,1.5241971577356977e-10
16,1-back,F8,12,4.5872767661049717e-11
16,1-back,F8,13,5.040126336673663e-11
16,1-back,F8,14,2.3586610264200653e-10
16,1-back,F8,15,1.0396308693541798e-10
16,1-back,F8,16,1.2646730031722774e-10
16,1-back,F8,17,2.779123238713386e-11
16,1-back,F8,18,7.100983403774565e-11
16,1-back,F8,19,9.866414109879012e-11
16,1-back,F8,20,1.4569795086833716e-10
16,1-back,F8,21,2.9413133662339243e-11
16,1-back,F8,22,1.1165689215298527e-10
16,1-back,F8,23,3.926246486681424e-11
16,1-back,F8,24,4.780106471414023e-11
16,1-back,F8,25,2.5881300657115296e-10
16,1-back,F8,26,1.426236585041619e-10
16,1-back,F8,27,1.9474160424503958e-10
16,1-back,F8,28,3.291650633025459e-11
16,1-back,F8,29,7.971832649732391e-11
16,1-back,F8,30,1.0443518063540033e-10
16,1-back,F8,31,2.1805858317225474e-11
16,1-back,F8,32,8.949076052526883e-11
16,1-back,F8,33,7.740290695732925e-11
16,1-back,F8,34,4.211938780525841e-11
16,1-back,F8,35,1.1436903778780681e-10
16,1-back,F8,36,8.973380099940667e-11
16,1-back,F8,37,5.1869603354944294e-11
16,1-back,F8,38,8.884128655686032e-11
16,1-back,F8,39,7.774811945754319e-11
16,1-back,F8,40,1.3148478722011943e-10
16,1-back,F8,41,1.2384939918732825e-10
16,1-back,F8,42,6.845828621496618e-11
16,1-back,F8,43,6.269390686038576e-11
16,1-back,F8,44,4.341461246929258e-11
16,1-back,F8,45,1.1292262320861536e-10
16,1-back,F8,46,4.2395885999468685e-11
16,1-back,F8,47,8.029256664214858e-11
16,1-back,F8,48,9.482201398036841e-11
16,1-back,F8,49,1.3000718956467583e-10
16,1-back,F8,50,4.978202559365062e-11
16,1-back,F8,51,9.325932376896408e-11
16,1-back,F8,52,6.800460937679229e-11
16,1-back,F8,53,1.1285945539403679e-10
16,1-back,F8,54,9.630263440142372e-11
16,1-back,F8,55,5.021436236755098e-11
16,1-back,F8,56,7.260218284166164e-11
16,1-back,F8,57,5.1480688016183746e-11
16,1-back,F8,58,1.2614269316276336e-10
16,1-back,F8,59,7.738350599066424e-11
16,1-back,F8,60,9.177514330366035e-11
16,1-back,F8,61,9.980243935374043e-11
16,1-back,Fz,1,2.3704566611520604e-10
16,1-back,Fz,2,2.1216616388995369e-10
16,1-back,Fz,3,1.9911546907595337e-10
16,1-back,Fz,4,5.665985458591162e-10
16,1-back,Fz,5,5.800921764216581e-11
16,1-back,Fz,6,1.602987328148221e-10
16,1-back,Fz,7,2.195342925700912e-10
16,1-back,Fz,8,1.0526381363449608e-10
16,1-back,Fz,9,2.183929597016936e-10
16,1-back,Fz,10,2.0422166409394003e-10
16,1-back,Fz,11,2.687182592770484e-10
16,1-back,Fz,12,7.744703975061905e-11
16,1-back,Fz,13,1.1153539726476492e-10
16,1-back,Fz,14,6.353695213770621e-10
16,1-back,Fz,15,2.0400564621836724e-10
16,1-back,Fz,16,1.595843084972719e-10
16,1-back,Fz,17,7.233294872207843e-11
16,1-back,Fz,18,1.6989219180491725e-10
16,1-back,Fz,19,2.17256045394108e-10
16,1-back,Fz,20,3.270821401308066e-10
16,1-back,Fz,21,1.1563470354099745e-10
16,1-back,Fz,22,3.348368893566597e-10
16,1-back,Fz,23,9.469242760528958e-11
16,1-back,Fz,24,9.77686794474473e-11
16,1-back,Fz,25,4.2609790596261027e-10
16,1-back,Fz,26,4.052888857847137e-10
16,1-back,Fz,27,7.610372215054215e-10
16,1-back,Fz,28,1.1624644535995895e-10
16,1-back,Fz,29,9.702486877557846e-11
16,1-back,Fz,30,3.9464224247553335e-10
16,1-back,Fz,31,1.1782645863196323e-10
16,1-back,Fz,32,1.45819616085466e-10
16,1-back,Fz,33,1.9802828448067456e-10
16,1-back,Fz,34,1.4190068457904882e-10
16,1-back,Fz,35,2.4148899620213267e-10
16,1-back,Fz,36,5.149642714428861e-10
16,1-back,Fz,37,7.489103461234506e-11
16,1-back,Fz,38,2.5017444853318016e-10
16,1-back,Fz,39,1.7413587935105725e-10
16,1-back,Fz,40,7.340670789756148e-10
16,1-back,Fz,41,1.705382051777736e-10
16,1-back,Fz,42,2.160574754537799e-10
16,1-back,Fz,43,1.858697575468226e-10
16,1-back,Fz,44,5.786410056482167e-11
16,1-back,Fz,45,1.6037607318225161e-10
16,1-back,Fz,46,1.5507987875686658e-10
16,1-back,Fz,47,1.64329937590342e-10
16,1-back,Fz,48,1.4910593043601195e-10
16,1-back,Fz,49,3.7714552208765304e-10
16,1-back,Fz,50,1.973106784746155e-10
16,1-back,Fz,51,1.0729730910539449e-10
16,1-back,Fz,52,1.0265678694835852e-10
16,1-back,Fz,53,2.564866906964654e-10
16,1-back,Fz,54,2.3829701068394164e-10
16,1-back,Fz,55,1.6690524664087884e-10
16,1-back,Fz,56,1.0544006608264284e-10
16,1-back,Fz,57,1.571440375701574e-10
16,1-back,Fz,58,3.081042866770231e-10
16,1-back,Fz,59,2.966811039428264e-10
16,1-back,Fz,60,2.5171311555587015e-10
16,1-back,Fz,61,3.5548757903128093e-10
16,2-back,F3,1,1.821486105103751e-10
16,2-back,F3,2,4.219347752756154e-10
16,2-back,F3,3,4.681680374490087e-10
16,2-back,F3,4,2.2393817118346862e-10
16,2-back,F3,5,8.939102261835969e-11
16,2-back,F3,6,2.7963471869710614e-10
16,2-back,F3,7,4.566949902761007e-10
16,2-back,F3,8,2.141358553906151e-09
16,2-back,F3,9,3.666176943262448e-10
16,2-back,F3,10,9.832562110156705e-11
16,2-back,F3,11,7.584608506375965e-11
16,2-back,F3,12,2.580028576007628e-10
16,2-back,F3,13,4.1963296370821453e-10
16,2-back,F3,14,7.051269828196802e-10
16,2-back,F3,15,3.0675158645288105e-10
16,2-back,F3,16,1.3483927707193234e-10
16,2-back,F3,17,1.8005336575717307e-10
16,2-back,F3,18,1.0616652030561735e-10
16,2-back,F3,19,1.18006019619183e-10
16,2-back,F3,20,9.124939836106785e-10
16,2-back,F3,21,3.285615157584338e-10
16,2-back,F3,22,3.2871694834956854e-11
16,2-back,F3,23,2.2732177465570462e-10
16,2-back,F3,24,3.1338827314422956e-10
16,2-back,F3,25,3.4554489492315866e-10
16,2-back,F3,26,4.1437981590892324e-10
16,2-back,F3,27,2.542012428569657e-10
16,2-back,F3,28,1.3151354579637125e-10
16,2-back,F3,29,1.510839488216361e-10
16,2-back,F3,30,3.123783524710201e-10
16,2-back,F3,31,3.385963636630761e-10
16,2-back,F3,32,7.668057181037626e-11
16,2-back,F3,33,3.42803943857695e-10
16,2-back,F3,34,1.0830128139065481e-10
16,2-back,F3,35,2.441544045556021e-10
16,2-back,F3,36,3.0534359923439953e-10
16,2-back,F3,37,3.893021103490327e-11
16,2-back,F3,38,1.2703231181264738e-10
16,2-back,F3,39,1.268878550636592e-10
16,2-back,F3,40,4.825223897170015e-11
16,2-back,F3,41,1.9238521604655323e-10
16,2-back,F3,42,9.770113108755686e-11
16,2-back,F3,43,1.219339153916825e-10
16,2-back,F3,44,2.423195162498725e-10
16,2-back,F3,45,2.05665072434693e-10
16,2-back,F3,46,1.7870184266316024e-10
16,2-back,F3,47,1.664052221670608e-10
16,2-back,F3,48,1.158183835411508e-10
16,2-back,F3,49,4.734672129308376e-10
16,2-back,F3,50,2.9789122909229707e-10
16,2-back,F3,51,1.7501348237957985e-10
16,2-back,F3,52,6.687644352321008e-10
16,2-back,F3,53,3.879205590839398e-10
16,2-back,F3,54,5.13219511014694e-10
16,2-back,F3,55,2.927801177694252e-10
16,2-back,F3,56,1.4903558645579922e-10
16,2-back,F3,57,1.3127202774679258e-10
16,2-back,F3,58,9.253914570961164e-11
16,2-back,F3,59,1.8307622567373899e-10
16,2-back,F3,60,1.3181285649783222e-10
16,2-back,F4,1,1.5659387916865858e-10
16,2-back,F4,2,1.1624236998482442e-10
16,2-back,F4,3,1.5639187975866115e-10
16,2-back,F4,4,1.6108351294563242e-10
16,2-back,F4,5,1.0819492049506188e-10
16,2-back,F4,6,1.1594900695609009e-10
16,2-back,F4,7,9.590052984058648e-11
16,2-back,F4,8,2.7912882659621424e-10
16,2-back,F4,9,1.446821855969149e-10
16,2-back,F4,10,1.7327081653546828e-10
16,2-back,F4,11,1.2694968256933507e-10
16,2-back,F4,12,1.2873773140701919e-10
16,2-back,F4,13,2.245283414398673e-10
16,2-back,F4,14,1.069128995587112e-10
16,2-back,F4,15,1.2171724685805735e-10
16,2-back,F4,16,1.195186801932393e-10
16,2-back,F4,17,1.413840339937844e-10
16,2-back,F4,18,7.61053068567509e-11
16,2-back,F4,19,8.415475807185636e-11
16,2-back,F4,20,4.960995256974839e-10
16,2-back,F4,21,2.6715816093964885e-10
16,2-back,F4,22,1.9198476049381266e-10
16,2-back,F4,23,1.481341988443539e-10
16,2-back,F4,24,2.1788891756627836e-10
16,2-back,F4,25,3.489269921455659e-10
16,2-back,F4,26,1.360935544051666e-10
16,2-back,F4,27,1.5963427187759335e-10
16,2-back,F4,28,9.789562279985334e-11
16,2-back,F4,29,7.817863335227432e-11
16,2-back,F4,30,2.0929262054184737e-10
16,2-back,F4,31,2.2929609885704145e-10
16,2-back,F4,32,2.166698406186286e-11
16,2-back,F4,33,9.61938621333846e-11
16,2-back,F4,34,7.956957740512455e-11
16,2-back,F4,35,1.6208143282085808e-10
16,2-back,F4,36,9.782324540273141e-11
16,2-back,F4,37,2.8296202545904337e-11
16,2-back,F4,38,1.3359484021894124e-10
16,2-back,F4,39,1.41901144080081e-10
16,2-back,F4,40,3.5406107985609596e-11
16,2-back,F4,41,1.439723748911983e-10
16,2-back,F4,42,1.100155853924997e-10
16,2-back,F4,43,1.234726071553905e-10
16,2-back,F4,44,1.0554841116846342e-10
16,2-back,F4,45,1.6687988276202377e-10
16,2-back,F4,46,1.1181928148421972e-10
16,2-back,F4,47,7.469232380179601e-11
16,2-back,F4,48,4.762237741062734e-11
16,2-back,F4,49,2.411758072517826e-10
16,2-back,F4,50,8.765598441949214e-11
16,2-back,F4,51,6.642256382344222e-11
16,2-back,F4,52,2.4422044087127777e-10
16,2-back,F4,53,4.3826887756151684e-10
16,2-back,F4,54,1.8693351676274465e-10
16,2-back,F4,55,2.5423180397548887e-10
16,2-back,F4,56,1.4387674441338752e-10
16,2-back,F4,57,1.9509671769474188e-10
16,2-back,F4,58,1.6367241199541896e-10
16,2-back,F4,59,1.443842713824019e-10
16,2-back,F4,60,1.3828627121002586e-10
16,2-back,F7,1,7.406372207060947e-11
16,2-back,F7,2,1.5484278390037794e-10
16,2-back,F7,3,1.5522834048031802e-10
16,2-back,F7,4,1.343443913528141e-10
16,2-back,F7,5,4.909752036821276e-11
16,2-back,F7,6,1.3179744130635719e-10
16,2-back,F7,7,1.0403296109195069e-10
16,2-back,F7,8,1.2004669794356233e-10
16,2-back,F7,9,5.709527492758358e-11
16,2-back,F7,10,2.772861398266442e-11
16,2-back,F7,11,5.509440117711281e-11
16,2-back,F7,12,1.3579428613570028e-10
16,2-back,F7,13,2.917924646911313e-10
16,2-back,F7,14,2.4921627014031896e-10
16,2-back,F7,15,1.594658124142565e-10
16,2-back,F7,16,1.0021599742435513e-10
16,2-back,F7,17,3.0413152399461303e-10
16,2-back,F7,18,7.524262061221258e-11
16,2-back,F7,19,6.16291792235225e-11
16,2-back,F7,20,2.973909698368123e-10
16,2-back,F7,21,1.188166344697617e-10
16,2-back,F7,22,4.3348808477666315e-11
16,2-back,F7,23,1.264626266200409e-10
16,2-back,F7,24,1.4329298010196528e-10
16,2-back,F7,25,2.9266067821999245e-10
16,2-back,F7,26,1.326963595286039e-10
16,2-back,F7,27,1.0891033982335966e-10
16,2-back,F7,28,1.1002463876479269e-10
16,2-back,F7,29,1.7713537883099728e-10
16,2-back,F7,30,1.8789962610940376e-10
16,2-back,F7,31,1.9625961006184705e-10
16,2-back,F7,32,9.867572727070376e-11
16,2-back,F7,33,1.7521437655861616e-10
16,2-back,F7,34,6.562662760973252e-11
16,2-back,F7,35,7.749043146235455e-11
16,2-back,F7,36,2.1341686826469725e-10
16,2-back,F7,37,3.813658493714474e-11
16,2-back,F7,38,3.9951146735522517e-11
16,2-back,F7,39,8.935603641967582e-11
16,2-back,F7,40,1.2672681129910069e-11
16,2-back,F7,41,1.2715315401308671e-10
16,2-back,F7,42,2.8729671030197952e-11
16,2-back,F7,43,1.2681185627364826e-10
16,2-back,F7,44,1.95543451192091e-10
16,2-back,F7,45,9.503773959995702e-11
16,2-back,F7,46,1.0364171959754728e-10
16,2-back,F7,47,7.425136936918546e-11
16,2-back,F7,48,4.0608751627349046e-11
16,2-back,F7,49,2.557510286466309e-10
16,2-back,F7,50,2.2421620168189844e-10
16,2-back,F7,51,7.38865467286783e-11
16,2-back,F7,52,4.2416983457260796e-10
16,2-back,F7,53,2.0442552065945303e-10
16,2-back,F7,54,2.7816756071967864e-10
16,2-back,F7,55,1.348356259766401e-10
16,2-back,F7,56,9.925931923881892e-11
16,2-back,F7,57,7.376640868475357e-11
16,2-back,F7,58,4.368293869342721e-11
16,2-back,F7,59,1.3300140782086506e-10
16,2-back,F7,60,1.0149653891656437e-10
16,2-back,F8,1,1.1050069654939727e-10
16,2-back,F8,2,1.0229330508919105e-10
16,2-back,F8,3,1.226262137256861e-10
16,2-back,F8,4,9.236525594563379e-11
16,2-back,F8,5,8.176632669053415e-11
16,2-back,F8,6,8.443212700259987e-11
16,2-back,F8,7,4.258621977306077e-11
16,2-back,F8,8,6.109236639180936e-11
16,2-back,F8,9,7.103262465935133e-11
16,2-back,F8,10,1.3240659762819775e-10
16,2-back,F8,11,1.2905095524385243e-10
16,2-back,F8,12,4.456994346373023e-11
16,2-back,F8,13,2.971948835677318e-11
16,2-back,F8,14,5.6657475624446655e-11
16,2-back,F8,15,6.678089720583528e-11
16,2-back,F8,16,7.450870411660805e-11
16,2-back,F8,17,1.8583031443835375e-10
16,2-back,F8,18,2.67659029167771e-11
16,2-back,F8,19,5.823807843435589e-11
16,2-back,F8,20,1.9593665837088157e-10
16,2-back,F8,21,7.842810707728592e-11
16,2-back,F8,22,1.5503893345777864e-10
16,2-back,F8,23,7.601477963518423e-11
16,2-back,F8,24,4.904800602106621e-11
16,2-back,F8,25,1.4296929355988006e-10
16,2-back,F8,26,1.576681562050936e-10
16,2-back,F8,27,1.1198037370919097e-10
16,2-back,F8,28,1.2395494607960282e-10
16,2-back,F8,29,7.691499028450712e-11
16,2-back,F8,30,1.2208209970207865e-10
16,2-back,F8,31,1.56872344497039e-10
16,2-back,F8,32,7.124903784927182e-11
16,2-back,F8,33,6.016435464184071e-11
16,2-back,F8,34,8.12411697878819e-11
16,2-back,F8,35,4.956184346944648e-11
16,2-back,F8,36,5.6993807425710934e-11
16,2-back,F8,37,2.5737423441128165e-11
16,2-back,F8,38,1.0538988716973631e-10
16,2-back,F8,39,7.428798535850326e-11
16,2-back,F8,40,4.0305954102644214e-11
16,2-back,F8,41,1.325683176240389e-10
16,2-back,F8,42,7.321403113267992e-11
16,2-back,F8,43,1.264569602958933e-10
16,2-back,F8,44,3.7161797176932473e-11
16,2-back,F8,45,7.110754926781733e-11
16,2-back,F8,46,9.687504451524044e-11
16,2-back,F8,47,1.2902575142680682e-10
16,2-back,F8,48,4.121750076554089e-11
16,2-back,F8,49,8.198614944642313e-11
16,2-back,F8,50,6.266063165764983e-11
16,2-back,F8,51,5.129455457236478e-11
16,2-back,F8,52,1.2631755117152916e-10
16,2-back,F8,53,1.7153003682018302e-10
16,2-back,F8,54,5.107835171388229e-11
16,2-back,F8,55,1.53393871490864e-10
16,2-back,F8,56,6.322260587698211e-11
16,2-back,F8,57,6.160285611532065e-11
16,2-back,F8,58,1.1061485017009236e-10
16,2-back,F8,59,1.00274799843241e-10
16,2-back,F8,60,5.5206918563625806e-11
16,2-back,Fz,1,1.424295090347064e-10
16,2-back,Fz,2,1.8667954504136462e-10
16,2-back,Fz,3,2.7256014375523645e-10
16,2-back,Fz,4,1.982244746198105e-10
16,2-back,Fz,5,1.359122063928536e-10
16,2-back,Fz,6,2.340998341574593e-10
16,2-back,Fz,7,1.71376653677018e-10
16,2-back,Fz,8,3.9680247833200673e-10
16,2-back,Fz,9,1.8028610301486028e-10
16,2-back,Fz,10,2.0376843102442203e-10
16,2-back,Fz,11,1.0637639356570761e-10
16,2-back,Fz,12,2.542001462429965e-10
16,2-back,Fz,13,3.7152572277232335e-10
16,2-back,Fz,14,2.9646433168995934e-10
16,2-back,Fz,15,3.070862917733608e-10
16,2-back,Fz,16,1.8123635402321254e-10
16,2-back,Fz,17,1.7984421584270693e-10
16,2-back,Fz,18,1.798786294177427e-10
16,2-back,Fz,19,1.486622432661795e-10
16,2-back,Fz,20,9.300466101188436e-10
16,2-back,Fz,21,3.5126167690988497e-10
16,2-back,Fz,22,1.5155207003863215e-10
16,2-back,Fz,23,2.2324370913249633e-10
16,2-back,Fz,24,3.6176053711619297e-10
16,2-back,Fz,25,4.627904132431726e-10
16,2-back,Fz,26,2.457152300562458e-10
16,2-back,Fz,27,2.4232999852257744e-10
16,2-back,Fz,28,9.42672192460064e-11
16,2-back,Fz,29,9.1621299444921e-11
16,2-back,Fz,30,3.665519215027638e-10
16,2-back,Fz,31,2.8810567931316597e-10
16,2-back,Fz,32,6.670343775372678e-11
16,2-back,Fz,33,3.0348786618861543e-10
16,2-back,Fz,34,1.3982794824680909e-10
16,2-back,Fz,35,3.337373145399362e-10
16,2-back,Fz,36,2.920850050850177e-10
16,2-back,Fz,37,3.789246665947163e-11
16,2-back,Fz,38,2.1527276526918022e-10
16,2-back,Fz,39,1.3969027492875488e-10
16,2-back,Fz,40,4.9614059307781796e-11
16,2-back,Fz,41,1.810101744444765e-10
16,2-back,Fz,42,1.5927767494006322e-10
16,2-back,Fz,43,2.109655408221298e-10
16,2-back,Fz,44,1.8878208456158078e-10
16,2-back,Fz,45,1.9480091484568285e-10
16,2-back,Fz,46,2.126993864490609e-10
16,2-back,Fz,47,1.7700810834138753e-10
16,2-back,Fz,48,1.5196516613551812e-10
16,2-back,Fz,49,6.336874041472467e-10
16,2-back,Fz,50,1.9985892870603293e-10
16,2-back,Fz,51,1.6752402321678937e-10
16,2-back,Fz,52,5.500238233877986e-10
16,2-back,Fz,53,6.078044211345126e-10
16,2-back,Fz,54,5.01237567392833e-10
16,2-back,Fz,55,3.232144826716578e-10
16,2-back,Fz,56,1.995531616142471e-10
16,2-back,Fz,57,2.503202262849376e-10
16,2-back,Fz,58,1.6793594782583077e-10
16,2-back,Fz,59,2.469489836467971e-10
16,2-back,Fz,60,2.154164131610973e-10
16,3-back,F3,1,1.2452239507858642e-10
16,3-back,F3,2,6.191161849309902e-10
16,3-back,F3,3,7.282549779994378e-11
16,3-back,F3,4,7.026609542979864e-10
16,3-back,F3,5,3.547078224969753e-10
16,3-back,F3,6,1.4609874985835577e-10
16,3-back,F3,7,9.531648433339677e-10
16,3-back,F3,8,1.4471046627034144e-09
16,3-back,F3,9,2.085524802989076e-10
16,3-back,F3,10,5.199527331474434e-10
16,3-back,F3,11,4.460443036961602e-09
16,3-back,F3,12,2.391922791087573e-09
16,3-back,F3,13,4.44592915634812e-10
16,3-back,F3,14,1.0718234585516858e-09
16,3-back,F3,15,4.1819102372210966e-10
16,3-back,F3,16,3.6488238820047807e-10
16,3-back,F3,17,6.355842573470322e-10
16,3-back,F3,18,1.0163069926985657e-09
16,3-back,F3,19,2.9908825935315476e-09
16,3-back,F3,20,2.4388144246169653e-10
16,3-back,F3,21,3.148140329756699e-10
16,3-back,F3,22,2.182605583767018e-10
16,3-back,F3,23,1.2618909390051465e-09
16,3-back,F3,24,5.236422028286013e-10
16,3-back,F3,25,5.047653517911391e-10
16,3-back,F3,26,1.486639505112333e-10
16,3-back,F3,27,1.2547480431207283e-09
16,3-back,F3,28,8.284554322279328e-10
16,3-back,F3,29,6.559466778764269e-10
16,3-back,F3,30,7.446902378828567e-10
16,3-back,F3,31,2.6140016063176833e-09
16,3-back,F3,32,5.743593899817788e-10
16,3-back,F3,33,5.109970212109585e-11
16,3-back,F3,34,2.5410584793160255e-10
16,3-back,F3,35,2.2765722925725683e-10
16,3-back,F3,36,5.0930357829739375e-09
16,3-back,F3,37,6.719958148937469e-10
16,3-back,F3,38,4.815940166804168e-10
16,3-back,F3,39,3.374281610928928e-10
16,3-back,F3,40,3.597757084093148e-10
16,3-back,F3,41,2.7752819108582363e-10
16,3-back,F3,42,2.329216903156925e-10
16,3-back,F3,43,1.8012069275287105e-10
16,3-back,F3,44,1.0291020073462636e-10
16,3-back,F3,45,1.7123163839671255e-10
16,3-back,F3,46,3.2996447781416713e-10
16,3-back,F3,47,8.580684779326428e-11
16,3-back,F3,48,2.783238600719442e-10
16,3-back,F3,49,9.585349303510791e-11
16,3-back,F3,50,8.127845599407743e-11
16,3-back,F3,51,3.532242262308293e-10
16,3-back,F3,52,1.4500647861852644e-10
16,3-back,F3,53,9.191415853513878e-11
16,3-back,F3,54,1.4161480815602423e-10
16,3-back,F3,55,1.6989695718347866e-10
16,3-back,F3,56,1.572600454081238e-10
16,3-back,F3,57,6.809124518707158e-11
16,3-back,F3,58,7.034249458561603e-10
16,3-back,F3,59,7.610479388627144e-10
16,3-back,F3,60,1.7107073191727936e-09
16,3-back,F4,1,6.554527818488881e-11
16,3-back,F4,2,7.661342771153546e-10
16,3-back,F4,3,2.388213664451189e-10
16,3-back,F4,4,5.527913577230003e-10
16,3-back,F4,5,1.9326532471274954e-10
16,3-back,F4,6,7.713928977542436e-11
16,3-back,F4,7,1.4302654448199626e-09
16,3-back,F4,8,1.6817503238536788e-09
16,3-back,F4,9,4.835096802422746e-10
16,3-back,F4,10,7.430921583313296e-10
16,3-back,F4,11,7.457260944558758e-09
16,3-back,F4,12,4.5751346422024806e-09
16,3-back,F4,13,1.0080532060296833e-09
16,3-back,F4,14,1.8937403037351525e-09
16,3-back,F4,15,2.2077391498193853e-10
16,3-back,F4,16,1.8658506234736008e-10
16,3-back,F4,17,5.296243971599436e-10
16,3-back,F4,18,1.3535033117051238e-09
16,3-back,F4,19,4.498935486882111e-09
16,3-back,F4,20,6.337549454113877e-10
16,3-back,F4,21,2.411679708588972e-10
16,3-back,F4,22,1.6300018576453968e-10
16,3-back,F4,23,7.570597695918001e-10
16,3-back,F4,24,2.1901591500469315e-10
16,3-back,F4,25,3.5309487781857784e-10
16,3-back,F4,26,3.391999959825401e-10
16,3-back,F4,27,1.5350199882042261e-09
16,3-back,F4,28,9.357169952010633e-10
16,3-back,F4,29,1.5303299512745946e-09
16,3-back,F4,30,4.702039371602498e-10
16,3-back,F4,31,1.9032476717984415e-10
16,3-back,F4,32,4.4711142902235925e-10
16,3-back,F4,33,5.41837730615327e-11
16,3-back,F4,34,1.7562959368292841e-10
16,3-back,F4,35,1.63402391412823e-10
16,3-back,F4,36,1.1169574505398807e-10
16,3-back,F4,37,1.4564314683707873e-10
16,3-back,F4,38,2.785636959280146e-10
16,3-back,F4,39,3.09139198171776e-10
16,3-back,F4,40,2.4197036674154954e-10
16,3-back,F4,41,2.1252737254604265e-10
16,3-back,F4,42,2.171734494770593e-10
16,3-back,F4,43,2.474214335055588e-10
16,3-back,F4,44,1.9539679941919832e-10
16,3-back,F4,45,1.1970269113890027e-10
16,3-back,F4,46,8.924453087034264e-11
16,3-back,F4,47,6.897825056819397e-11
16,3-back,F4,48,2.838016789764783e-10
16,3-back,F4,49,1.0659428849050346e-10
16,3-back,F4,50,7.100514895225446e-11
16,3-back,F4,51,2.1072317709057572e-10
16,3-back,F4,52,1.663806292856794e-10
16,3-back,F4,53,8.602562384580856e-11
16,3-back,F4,54,1.1325109168178064e-10
16,3-back,F4,55,1.3050778998799676e-10
16,3-back,F4,56,1.1282600469087427e-10
16,3-back,F4,57,1.254654397758379e-10
16,3-back,F4,58,8.481465083587006e-10
16,3-back,F4,59,6.333903350099896e-10
16,3-back,F4,60,1.85040383149231e-09
16,3-back,F7,1,8.880253448781498e-11
16,3-back,F7,2,9.68399170078703e-10
16,3-back,F7,3,2.199383715379816e-10
16,3-back,F7,4,5.280358764381269e-10
16,3-back,F7,5,2.804874429185675e-10
16,3-back,F7,6,1.1728476008516878e-10
16,3-back,F7,7,1.19902613881493e-09
16,3-back,F7,8,1.2922653963899757e-09
16,3-back,F7,9,4.5714913890333574e-10
16,3-back,F7,10,4.3220696468621366e-10
16,3-back,F7,11,5.188591435577911e-09
16,3-back,F7,12,2.8527396093335314e-09
16,3-back,F7,13,3.7157990398441547e-10
16,3-back,F7,14,9.78062404537871e-10
16,3-back,F7,15,6.056176529449075e-10
16,3-back,F7,16,2.816891720090649e-10
16,3-back,F7,17,1.005246259548979e-09
16,3-back,F7,18,1.1244674781434846e-09
16,3-back,F7,19,3.141189787612701e-09
16,3-back,F7,20,2.8489264336900945e-10
16,3-back,F7,21,2.3305300088657183e-10
16,3-back,F7,22,7.708036471798934e-11
16,3-back,F7,23,1.8925903307045904e-09
16,3-back,F7,24,4.3868320181083316e-10
16,3-back,F7,25,1.8776375618360031e-10
16,3-back,F7,26,4.3397427476826785e-10
16,3-back,F7,27,1.5954400140444848e-09
16,3-back,F7,28,5.364236857904904e-10
16,3-back,F7,29,5.308483655967582e-10
16,3-back,F7,30,8.620129234545979e-10
16,3-back,F7,31,1.4969885668345154e-10
16,3-back,F7,32,7.469252555659866e-10
16,3-back,F7,33,2.1625996444550374e-11
16,3-back,F7,34,1.8060158669116283e-10
16,3-back,F7,35,5.242412416366655e-11
16,3-back,F7,36,1.759537568858361e-10
16,3-back,F7,37,2.798372691453802e-10
16,3-back,F7,38,5.041656593546348e-10
16,3-back,F7,39,4.3146446779855443e-10
16,3-back,F7,40,1.7886415521171082e-10
16,3-back,F7,41,1.9978285110031672e-10
16,3-back,F7,42,1.0849567509092579e-10
16,3-back,F7,43,2.806175835771983e-10
16,3-back,F7,44,4.015960276115228e-11
16,3-back,F7,45,1.7127778751140216e-10
16,3-back,F7,46,6.255801888532072e-11
16,3-back,F7,47,6.197637670007135e-11
16,3-back,F7,48,9.458738247526291e-11
16,3-back,F7,49,9.13625593835554e-11
16,3-back,F7,50,6.536541998309476e-11
16,3-back,F7,51,6.808520101234413e-11
16,3-back,F7,52,5.28463984557564e-11
16,3-back,F7,53,4.855503939228421e-11
16,3-back,F7,54,1.191602139816947e-10
16,3-back,F7,55,8.186175550437103e-11
16,3-back,F7,56,7.577922438888029e-11
16,3-back,F7,57,5.3047487582759033e-11
16,3-back,F7,58,8.735588598971334e-10
16,3-back,F7,59,8.232704439904796e-10
16,3-back,F7,60,2.8171245070597045e-09
16,3-back,F8,1,9.328799206920707e-11
16,3-back,F8,2,4.0209569906401273e-10
16,3-back,F8,3,1.5236035422875482e-10
16,3-back,F8,4,2.532635058177508e-10
16,3-back,F8,5,6.736947514950109e-11
16,3-back,F8,6,3.8535070620464204e-11
16,3-back,F8,7,3.4783570373701805e-10
16,3-back,F8,8,7.664472529761692e-11
16,3-back,F8,9,2.2131813324023129e-10
16,3-back,F8,10,2.620300429260827e-10
16,3-back,F8,11,6.13204459825231e-10
16,3-back,F8,12,7.733100133956653e-10
16,3-back,F8,13,3.4572802258451184e-10
16,3-back,F8,14,3.910884480160915e-10
16,3-back,F8,15,1.4424904190204098e-10
16,3-back,F8,16,2.241545043163561e-10
16,3-back,F8,17,2.0408194650229571e-10
16,3-back,F8,18,1.7020935525837454e-10
16,3-back,F8,19,4.476593371214221e-10
16,3-back,F8,20,1.6008076056287175e-10
16,3-back,F8,21,2.0410930763050374e-10
16,3-back,F8,22,5.794382347620299e-11
16,3-back,F8,23,6.391950020321507e-10
16,3-back,F8,24,1.052020895220816e-10
16,3-back,F8,25,1.8973515075842623e-10
16,3-back,F8,26,2.2162346179324647e-10
16,3-back,F8,27,4.0168416960453443e-10
16,3-back,F8,28,1.3544165440835615e-10
16,3-back,F8,29,2.5072159265840824e-10
16,3-back,F8,30,2.771640687799278e-10
16,3-back,F8,31,1.1908221527144339e-10
16,3-back,F8,32,2.8142922962465647e-10
16,3-back,F8,33,8.703024425048016e-11
16,3-back,F8,34,5.3396943359140946e-11
16,3-back,F8,35,1.1670695863152866e-10
16,3-back,F8,36,6.550645429151889e-11
16,3-back,F8,37,8.397393262780547e-11
16,3-back,F8,38,9.322903474519326e-11
16,3-back,F8,39,1.1696884814954696e-10
16,3-back,F8,40,6.913834574413867e-11
16,3-back,F8,41,4.702442744442917e-10
16,3-back,F8,42,7.963350399459318e-11
16,3-back,F8,43,1.8181021823632987e-10
16,3-back,F8,44,1.994524482559106e-10
16,3-back,F8,45,4.827905660023955e-11
16,3-back,F8,46,4.716333003901058e-11
16,3-back,F8,47,7.86215728523995e-11
16,3-back,F8,48,1.50948793395864e-10
16,3-back,F8,49,5.777117959578244e-11
16,3-back,F8,50,4.8897524405899e-11
16,3-back,F8,51,1.131331954313166e-10
16,3-back,F8,52,1.3515402618621108e-10
16,3-back,F8,53,5.888954013719346e-11
16,3-back,F8,54,1.1354874270938812e-10
16,3-back,F8,55,1.1772822834520762e-10
16,3-back,F8,56,6.998684473323148e-11
16,3-back,F8,57,8.535857622628e-11
16,3-back,F8,58,1.0435504160856961e-10
16,3-back,F8,59,6.530699238587478e-10
16,3-back,F8,60,4.665761883466088e-10
16,3-back,Fz,1,1.1071965902067217e-10
16,3-back,Fz,2,3.8071679231911926e-10
16,3-back,Fz,3,1.2925792210615775e-10
16,3-back,Fz,4,7.419550703800642e-10
16,3-back,Fz,5,3.783704928451754e-10
16,3-back,Fz,6,2.0326841257481843e-10
16,3-back,Fz,7,6.545464691471945e-10
16,3-back,Fz,8,1.1204232731366714e-09
16,3-back,Fz,9,2.0721940355648775e-10
16,3-back,Fz,10,4.025891586999756e-10
16,3-back,Fz,11,3.3246175166993882e-09
16,3-back,Fz,12,1.9110383654740007e-09
16,3-back,Fz,13,3.963439051989743e-10
16,3-back,Fz,14,7.741027757673316e-10
16,3-back,Fz,15,3.081453034224192e-10
16,3-back,Fz,16,1.8191985065971188e-10
16,3-back,Fz,17,4.333675080681576e-10
16,3-back,Fz,18,8.214570256646629e-10
16,3-back,Fz,19,2.635937599085466e-09
16,3-back,Fz,20,3.388541679617769e-10
16,3-back,Fz,21,3.0609367689160046e-10
16,3-back,Fz,22,1.7593050570211662e-10
16,3-back,Fz,23,7.316002000359191e-10
16,3-back,Fz,24,2.2629495799485122e-10
16,3-back,Fz,25,5.699276414185995e-10
16,3-back,Fz,26,1.69663338230755e-10
16,3-back,Fz,27,8.825088557832903e-10
16,3-back,Fz,28,8.772394958907946e-10
16,3-back,Fz,29,5.70065172505396e-10
16,3-back,Fz,30,3.476995627637386e-10
16,3-back,Fz,31,2.756593588774216e-10
16,3-back,Fz,32,3.190952488499376e-10
16,3-back,Fz,33,5.7232003685104974e-11
16,3-back,Fz,34,1.6781715870225227e-10
16,3-back,Fz,35,1.6385840884421836e-10
16,3-back,Fz,36,3.056356411774224e-10
16,3-back,Fz,37,2.9272357371012423e-10
16,3-back,Fz,38,2.3978597241832786e-10
16,3-back,Fz,39,2.3854325539284276e-10
16,3-back,Fz,40,3.5694289120385825e-10
16,3-back,Fz,41,1.3372148104754355e-10
16,3-back,Fz,42,2.9387246183242223e-10
16,3-back,Fz,43,1.4353332322633529e-10
16,3-back,Fz,44,2.1254790283751507e-10
16,3-back,Fz,45,1.3951392237855258e-10
16,3-back,Fz,46,2.0823861294074754e-10
16,3-back,Fz,47,9.732560192516029e-11
16,3-back,Fz,48,3.342711321860658e-10
16,3-back,Fz,49,1.0404312575191255e-10
16,3-back,Fz,50,9.52543863928009e-11
16,3-back,Fz,51,5.656314081921339e-10
16,3-back,Fz,52,1.8222921456385353e-10
16,3-back,Fz,53,1.1935528849140495e-10
16,3-back,Fz,54,1.2056718861388083e-10
16,3-back,Fz,55,2.421517535010698e-10
16,3-back,Fz,56,1.0403788411539617e-10
16,3-back,Fz,57,1.2499522904374528e-10
16,3-back,Fz,58,4.90501362723809e-10
16,3-back,Fz,59,4.280700226770944e-10
16,3-back,Fz,60,9.715658973008374e-10
16,4-back,F3,1,4.951444812329964e-10
16,4-back,F3,2,3.0468048581678545e-10
16,4-back,F3,3,1.0816361563920991e-10
16,4-back,F3,4,2.601035381777089e-10
16,4-back,F3,5,1.6146012228981845e-10
16,4-back,F3,6,1.1779636648689669e-10
16,4-back,F3,7,2.599535339977116e-10
16,4-back,F3,8,2.289445078956517e-10
16,4-back,F3,9,8.56662546015203e-11
16,4-back,F3,10,5.854865185114375e-10
16,4-back,F3,11,1.5984847420249677e-10
16,4-back,F3,12,6.259960685057759e-11
16,4-back,F3,13,7.2376160846221e-11
16,4-back,F3,14,1.1221293561520431e-10
16,4-back,F3,15,1.4372067274349095e-10
16,4-back,F3,16,6.682797829635283e-11
16,4-back,F3,17,4.25003617146197e-10
16,4-back,F3,18,5.074385339682078e-10
16,4-back,F3,19,7.346440893552555e-11
16,4-back,F3,20,3.413222028903568e-10
16,4-back,F3,21,1.1179401061724901e-10
16,4-back,F3,22,7.568188387185165e-11
16,4-back,F3,23,2.043001494103208e-10
16,4-back,F3,24,1.33125698107642e-10
16,4-back,F3,25,1.5432689926070523e-10
16,4-back,F3,26,2.8096430609235236e-10
16,4-back,F3,27,1.0138782737390306e-10
16,4-back,F3,28,1.0662990469203409e-10
16,4-back,F3,29,1.0689764187207197e-10
16,4-back,F3,30,3.40652293603197e-10
16,4-back,F3,31,2.988252514704273e-10
16,4-back,F3,32,1.8826683015686832e-10
16,4-back,F3,33,9.672062752518533e-11
16,4-back,F3,34,1.390439164352915e-10
16,4-back,F3,35,1.4238425308296246e-10
16,4-back,F3,36,7.53088700448128e-11
16,4-back,F3,37,2.625448885727333e-10
16,4-back,F3,38,1.6826313467847273e-10
16,4-back,F3,39,8.651242718579994e-11
16,4-back,F3,40,2.581208412299445e-10
16,4-back,F3,41,1.2257853961341785e-10
16,4-back,F3,42,1.2097354868213822e-10
16,4-back,F3,43,1.435461547673643e-10
16,4-back,F3,44,1.8286947704179352e-10
16,4-back,F3,45,1.8989095421739906e-10
16,4-back,F3,46,2.0551245528389805e-10
16,4-back,F3,47,1.0840019500529658e-10
16,4-back,F3,48,3.0160232552936513e-10
16,4-back,F3,49,1.7101800566636117e-10
16,4-back,F3,50,6.081736793277195e-11
16,4-back,F3,51,2.5117085376900507e-10
16,4-back,F3,52,1.0831200698305796e-10
16,4-back,F3,53,1.522027368005829e-10
16,4-back,F3,54,6.102293113729797e-10
16,4-back,F3,55,2.6072819104977e-10
16,4-back,F3,56,2.1190831336840585e-10
16,4-back,F3,57,3.0581573050044896e-10
16,4-back,F3,58,9.482888830892903e-11
16,4-back,F3,59,1.4694067628260048e-10
16,4-back,F3,60,2.853045594441001e-10
16,4-back,F3,61,7.1360646533879e-11
16,4-back,F3,62,5.575792515091456e-11
16,4-back,F3,63,2.3756182663568914e-10
16,4-back,F3,64,1.940870310302937e-10
16,4-back,F3,65,7.671837268398483e-11
16,4-back,F3,66,6.949052378226708e-11
16,4-back,F3,67,1.2888171094242948e-10
16,4-back,F3,68,8.625964168459299e-11
16,4-back,F3,69,3.03700628632157e-10
16,4-back,F3,70,9.290182269028213e-11
16,4-back,F3,71,3.825431754220444e-10
16,4-back,F4,1,1.9003869018949416e-10
16,4-back,F4,2,2.2775209388177864e-10
16,4-back,F4,3,1.7771390867887866e-10
16,4-back,F4,4,2.3306378228332424e-10
16,4-back,F4,5,1.2024162509965403e-10
16,4-back,F4,6,1.211822173113395e-10
16,4-back,F4,7,1.8181066551124268e-10
16,4-back,F4,8,2.0675600334084904e-10
16,4-back,F4,9,1.8337178056007978e-10
16,4-back,F4,10,2.6511650182146513e-10
16,4-back,F4,11,1.43727166838063e-10
16,4-back,F4,12,1.4358843981616035e-10
16,4-back,F4,13,6.750446790236121e-11
16,4-back,F4,14,8.883496904985579e-11
16,4-back,F4,15,1.3460918330725098e-10
16,4-back,F4,16,4.550337426570436e-11
16,4-back,F4,17,2.814224691981554e-10
16,4-back,F4,18,3.8158168718934215e-10
16,4-back,F4,19,6.669916001532897e-11
16,4-back,F4,20,1.9686265612562473e-10
16,4-back,F4,21,1.2180301489136769e-10
16,4-back,F4,22,4.4081897188838045e-11
16,4-back,F4,23,2.0502487262340844e-10
16,4-back,F4,24,1.6438658323728995e-10
16,4-back,F4,25,8.820675838260148e-11
16,4-back,F4,26,1.3191071386193813e-10
16,4-back,F4,27,5.5580487035320244e-11
16,4-back,F4,28,5.866383094765043e-11
16,4-back,F4,29,1.8426751496124588e-10
16,4-back,F4,30,1.5482459367696438e-10
16,4-back,F4,31,1.470330484129961e-10
16,4-back,F4,32,1.4678641371221585e-10
16,4-back,F4,33,1.430415204324402e-10
16,4-back,F4,34,7.548401250961182e-11
16,4-back,F4,35,1.0287465714246348e-10
16,4-back,F4,36,8.559150273546142e-11
16,4-back,F4,37,1.7311292256584562e-10
16,4-back,F4,38,1.0920635293963554e-10
16,4-back,F4,39,7.338114430767684e-11
16,4-back,F4,40,1.5242098171065614e-10
16,4-back,F4,41,2.3010287525114873e-10
16,4-back,F4,42,1.4455292457526347e-10
16,4-back,F4,43,5.429412059246068e-11
16,4-back,F4,44,1.398445545648951e-10
16,4-back,F4,45,1.6770854428498574e-10
16,4-back,F4,46,9.286117277916232e-11
16,4-back,F4,47,1.5833375415580187e-10
16,4-back,F4,48,8.961179894796678e-11
16,4-back,F4,49,1.4410773129744872e-10
16,4-back,F4,50,5.764326407340223e-11
16,4-back,F4,51,1.5957343578960484e-10
16,4-back,F4,52,1.0688213192802982e-10
16,4-back,F4,53,1.7297102448683187e-10
16,4-back,F4,54,2.9530404160998403e-10
16,4-back,F4,55,2.763640228821265e-10
16,4-back,F4,56,2.0111889350649399e-10
16,4-back,F4,57,1.6628244155361495e-10
16,4-back,F4,58,1.1205771995368388e-10
16,4-back,F4,59,7.125428011113157e-11
16,4-back,F4,60,1.0637473388804481e-10
16,4-back,F4,61,1.4988001375975782e-10
16,4-back,F4,62,1.0589848676974801e-10
16,4-back,F4,63,1.206522195169047e-10
16,4-back,F4,64,8.225817690056172e-11
16,4-back,F4,65,7.9604257733851e-11
16,4-back,F4,66,8.257898698018154e-11
16,4-back,F4,67,2.2911159950865052e-10
16,4-back,F4,68,8.102633468491605e-11
16,4-back,F4,69,1.8541375031392103e-10
16,4-back,F4,70,1.033822474476194e-10
16,4-back,F4,71,2.327597561502259e-10
16,4-back,F7,1,2.980769085594978e-10
16,4-back,F7,2,2.5676376322975415e-10
16,4-back,F7,3,7.646304126594319e-11
16,4-back,F7,4,7.983499767069411e-11
16,4-back,F7,5,8.389762644191434e-11
16,4-back,F7,6,9.039781712964197e-11
16,4-back,F7,7,2.500330556018618e-10
16,4-back,F7,8,1.4137892539532582e-10
16,4-back,F7,9,1.5695922447218947e-10
16,4-back,F7,10,3.9313770068349824e-10
16,4-back,F7,11,7.54967967959292e-11
16,4-back,F7,12,4.279965852385491e-11
16,4-back,F7,13,5.988278208810827e-11
16,4-back,F7,14,1.012438070489344e-10
16,4-back,F7,15,4.200101485866381e-11
16,4-back,F7,16,2.1397876653154382e-10
16,4-back,F7,17,2.6956288750371935e-10
16,4-back,F7,18,3.1439225443201287e-10
16,4-back,F7,19,6.465366009432139e-11
16,4-back,F7,20,2.8803863544189797e-10
16,4-back,F7,21,1.659987415858504e-10
16,4-back,F7,22,8.731680109519106e-11
16,4-back,F7,23,1.0741146472126897e-10
16,4-back,F7,24,9.934162294542958e-11
16,4-back,F7,25,1.157820778217844e-10
16,4-back,F7,26,1.3676002419820317e-10
16,4-back,F7,27,7.224095360215527e-11
16,4-back,F7,28,1.1046684715087594e-10
16,4-back,F7,29,1.0660522507790895e-10
16,4-back,F7,30,1.6974696063922828e-10
16,4-back,F7,31,1.2636873521878503e-10
16,4-back,F7,32,1.0498781853860344e-10
16,4-back,F7,33,8.288326181057526e-11
16,4-back,F7,34,7.905416617957705e-11
16,4-back,F7,35,7.855501270355197e-11
16,4-back,F7,36,3.461010670714589e-11
16,4-back,F7,37,7.649971432729916e-11
16,4-back,F7,38,1.5545633335623181e-10
16,4-back,F7,39,7.196437695224155e-11
16,4-back,F7,40,1.1462996433460318e-10
16,4-back,F7,41,9.445310047949295e-11
16,4-back,F7,42,2.2056759290516384e-10
16,4-back,F7,43,1.075562976188737e-10
16,4-back,F7,44,5.6340104932595254e-11
16,4-back,F7,45,1.4284356163943783e-10
16,4-back,F7,46,3.0673422155296353e-10
16,4-back,F7,47,8.345119080320802e-11
16,4-back,F7,48,1.5483589256079703e-10
16,4-back,F7,49,1.2028068539824742e-10
16,4-back,F7,50,5.3779793585313264e-11
16,4-back,F7,51,2.429197605217814e-10
16,4-back,F7,52,2.180452357614537e-10
16,4-back,F7,53,4.6999563043608244e-11
16,4-back,F7,54,9.296456527396996e-10
16,4-back,F7,55,7.647769460976056e-11
16,4-back,F7,56,8.447922187622093e-11
16,4-back,F7,57,1.8047844515766102e-10
16,4-back,F7,58,5.460161576973144e-11
16,4-back,F7,59,1.2614428369373088e-10
16,4-back,F7,60,1.8194428066899127e-10
16,4-back,F7,61,8.345736703959786e-11
16,4-back,F7,62,6.209807309781035e-11
16,4-back,F7,63,1.276592096356977e-10
16,4-back,F7,64,3.9381628135610085e-10
16,4-back,F7,65,3.58780691111259e-11
16,4-back,F7,66,8.072232914123189e-11
16,4-back,F7,67,5.7752720723606414e-11
16,4-back,F7,68,6.203715904539247e-11
16,4-back,F7,69,1.6255331372789088e-10
16,4-back,F7,70,3.970376912390557e-11
16,4-back,F7,71,2.1603408961526912e-10
16,4-back,F8,1,1.092172184005096e-10
16,4-back,F8,2,1.3112170753281034e-10
16,4-back,F8,3,9.74619767443125e-11
16,4-back,F8,4,9.73844195835211e-11
16,4-back,F8,5,1.0320407316832254e-10
16,4-back,F8,6,1.1294962687709007e-10
16,4-back,F8,7,7.323859654463685e-11
16,4-back,F8,8,1.1096866701649048e-10
16,4-back,F8,9,2.513270894968052e-10
16,4-back,F8,10,1.6541376878324394e-10
16,4-back,F8,11,1.7239683017863442e-10
16,4-back,F8,12,2.0482895733630596e-10
16,4-back,F8,13,3.700533435150288e-11
16,4-back,F8,14,8.187427539552041e-11
16,4-back,F8,15,5.872456285131674e-11
16,4-back,F8,16,7.301623210100124e-11
16,4-back,F8,17,2.6750228827108077e-10
16,4-back,F8,18,1.7911615100432774e-10
16,4-back,F8,19,3.1277002813097807e-11
16,4-back,F8,20,9.438362040365221e-11
16,4-back,F8,21,1.1294578125372099e-10
16,4-back,F8,22,4.8191089429204373e-11
16,4-back,F8,23,1.4178504768187545e-10
16,4-back,F8,24,1.1412949523652065e-10
16,4-back,F8,25,5.936884283205298e-11
16,4-back,F8,26,1.2975435214985708e-10
16,4-back,F8,27,8.982166080262644e-11
16,4-back,F8,28,2.805968126268117e-11
16,4-back,F8,29,1.5660494690298081e-10
16,4-back,F8,30,1.0247182668403546e-10
16,4-back,F8,31,4.928930616955807e-11
16,4-back,F8,32,1.1327267997883138e-10
16,4-back,F8,33,1.4968111901250958e-10
16,4-back,F8,34,5.705623760446792e-11
16,4-back,F8,35,5.126761774159442e-11
16,4-back,F8,36,4.3407144709070467e-11
16,4-back,F8,37,6.456829222751502e-11
16,4-back,F8,38,3.403108058343318e-11
16,4-back,F8,39,8.470585691237818e-11
16,4-back,F8,40,8.505411397375133e-11
16,4-back,F8,41,1.2655539363999874e-10
16,4-back,F8,42,1.4297988547839141e-10
16,4-back,F8,43,2.8373328310208456e-11
16,4-back,F8,44,9.266919294198369e-11
16,4-back,F8,45,1.2515913407006082e-10
16,4-back,F8,46,4.696542799760023e-11
16,4-back,F8,47,1.0794991641279522e-10
16,4-back,F8,48,5.469639062495453e-11
16,4-back,F8,49,7.960994520431433e-11
16,4-back,F8,50,3.055711054103371e-11
16,4-back,F8,51,7.320376174344577e-11
16,4-back,F8,52,4.6291230610989555e-11
16,4-back,F8,53,6.070129376856583e-11
16,4-back,F8,54,6.286212488532474e-10
16,4-back,F8,55,1.5668952169091404e-10
16,4-back,F8,56,1.2388463670165105e-10
16,4-back,F8,57,1.0176555311275245e-10
16,4-back,F8,58,8.118056001750256e-11
16,4-back,F8,59,6.081192232620444e-11
16,4-back,F8,60,5.91368660748192e-11
16,4-back,F8,61,1.2212323680271586e-10
16,4-back,F8,62,8.702048700924258e-11
16,4-back,F8,63,5.804316258653755e-11
16,4-back,F8,64,1.0788590620157149e-10
16,4-back,F8,65,4.532277601004777e-11
16,4-back,F8,66,7.420413127168176e-11
16,4-back,F8,67,1.1197256637315124e-10
16,4-back,F8,68,7.50497753109608e-11
16,4-back,F8,69,3.6240015060001663e-11
16,4-back,F8,70,1.052387593884051e-10
16,4-back,F8,71,1.429797024216514e-10
16,4-back,Fz,1,4.4129604840055147e-10
16,4-back,Fz,2,3.9152214841873246e-10
16,4-back,Fz,3,2.822804558387129e-10
16,4-back,Fz,4,3.823903105427689e-10
16,4-back,Fz,5,1.6018992951972735e-10
16,4-back,Fz,6,1.4158222258951528e-10
16,4-back,Fz,7,3.1775950887594394e-10
16,4-back,Fz,8,3.7042790027160696e-10
16,4-back,Fz,9,1.0981700626587965e-10
16,4-back,Fz,10,4.928159204387378e-10
16,4-back,Fz,11,1.7787792860829012e-10
16,4-back,Fz,12,1.5348897740710395e-10
16,4-back,Fz,13,1.0708506709730572e-10
16,4-back,Fz,14,1.3984272212504155e-10
16,4-back,Fz,15,1.9518393363269707e-10
16,4-back,Fz,16,7.628639131140355e-11
16,4-back,Fz,17,3.700679243005596e-10
16,4-back,Fz,18,4.930495606775649e-10
16,4-back,Fz,19,1.1653821473608852e-10
16,4-back,Fz,20,2.2909975881481092e-10
16,4-back,Fz,21,1.4637799942741733e-10
16,4-back,Fz,22,9.848320138443525e-11
16,4-back,Fz,23,1.2326119505265725e-10
16,4-back,Fz,24,2.238966197884542e-10
16,4-back,Fz,25,9.913957302657975e-11
16,4-back,Fz,26,2.273241250763306e-10
16,4-back,Fz,27,1.1741746817053634e-10
16,4-back,Fz,28,1.1642703171655664e-10
16,4-back,Fz,29,1.582432270393716e-10
16,4-back,Fz,30,2.674562198470893e-10
16,4-back,Fz,31,2.8461685222649825e-10
16,4-back,Fz,32,2.4018440807311217e-10
16,4-back,Fz,33,1.7750982304263607e-10
16,4-back,Fz,34,1.2678252581505534e-10
16,4-back,Fz,35,1.182553742295126e-10
16,4-back,Fz,36,1.2589334014324877e-10
16,4-back,Fz,37,2.5847016346624274e-10
16,4-back,Fz,38,1.8477930901254736e-10
16,4-back,Fz,39,1.1219935344501477e-10
16,4-back,Fz,40,2.686637713838953e-10
16,4-back,Fz,41,2.638893214444177e-10
16,4-back,Fz,42,1.7605767985799947e-10
16,4-back,Fz,43,1.5509669214696426e-10
16,4-back,Fz,44,2.2376598462271889e-10
16,4-back,Fz,45,1.3446765604687223e-10
16,4-back,Fz,46,2.153279409607456e-10
16,4-back,Fz,47,9.70512886996129e-11
16,4-back,Fz,48,2.4499817255219986e-10
16,4-back,Fz,49,1.882235295798868e-10
16,4-back,Fz,50,4.240980804133125e-11
16,4-back,Fz,51,2.016493376437062e-10
16,4-back,Fz,52,1.694665878679016e-10
16,4-back,Fz,53,1.2366445169633939e-10
16,4-back,Fz,54,4.170990619858746e-10
16,4-back,Fz,55,3.021523251455812e-10
16,4-back,Fz,56,2.304782524118709e-10
16,4-back,Fz,57,3.367217965921223e-10
16,4-back,Fz,58,1.7766268093978526e-10
16,4-back,Fz,59,1.5754677548345235e-10
16,4-back,Fz,60,2.543766905198939e-10
16,4-back,Fz,61,1.7764061695332598e-10
16,4-back,Fz,62,1.150295379501986e-10
16,4-back,Fz,63,3.3355157824021487e-10
16,4-back,Fz,64,1.1868340847672862e-10
16,4-back,Fz,65,1.383775042550096e-10
16,4-back,Fz,66,7.594422559598681e-11
16,4-back,Fz,67,2.0021976081511453e-10
16,4-back,Fz,68,1.4139832031208626e-10
16,4-back,Fz,69,3.590452371157246e-10
16,4-back,Fz,70,8.972163633240664e-11
16,4-back,Fz,71,3.793286152813008e-10
17,1-back,F3,1,2.6248674832194014e-10
17,1-back,F3,2,1.3164670157346933e-10
17,1-back,F3,3,1.5234130735742332e-10
17,1-back,F3,4,6.492878659770134e-11
17,1-back,F3,5,1.5701363049272828e-10
17,1-back,F3,6,9.333474110313297e-11
17,1-back,F3,7,7.196944422851074e-11
17,1-back,F3,8,5.1131917721379376e-11
17,1-back,F3,9,1.4272568509556711e-10
17,1-back,F3,10,1.5018080496011476e-10
17,1-back,F3,11,2.059378344054102e-10
17,1-back,F3,12,1.1578284130235575e-10
17,1-back,F3,13,6.551460370784764e-11
17,1-back,F3,14,1.36964145024844e-10
17,1-back,F3,15,7.809237117305156e-11
17,1-back,F3,16,1.9642037134479268e-10
17,1-back,F3,17,1.4042870221709085e-10
17,1-back,F3,18,1.0492624175811596e-10
17,1-back,F3,19,3.224444519053925e-10
17,1-back,F3,20,1.0816066697859092e-10
17,1-back,F3,21,1.0378013285978267e-10
17,1-back,F3,22,2.886010192499335e-10
17,1-back,F3,23,7.768348658761552e-11
17,1-back,F3,24,5.311810201562134e-11
17,1-back,F3,25,4.721550504147179e-10
17,1-back,F3,26,8.24246018726493e-11
17,1-back,F3,27,5.7794959627324705e-11
17,1-back,F3,28,6.563830140233567e-11
17,1-back,F3,29,2.4636189093347214e-10
17,1-back,F3,30,1.2984373641792372e-10
17,1-back,F3,31,2.3849419064734604e-10
17,1-back,F3,32,7.384024640822679e-11
17,1-back,F3,33,1.3049153951623057e-10
17,1-back,F3,34,1.8564892146140876e-10
17,1-back,F3,35,2.5122413429140845e-10
17,1-back,F3,36,8.261263393824102e-11
17,1-back,F3,37,1.1437909150541397e-10
17,1-back,F3,38,2.417080666328476e-10
17,1-back,F3,39,8.34228523982886e-11
17,1-back,F3,40,2.026347440911988e-10
17,1-back,F3,41,1.3427311062776897e-10
17,1-back,F3,42,1.8304413506810003e-10
17,1-back,F3,43,5.636356042484968e-11
17,1-back,F3,44,8.19819214766801e-11
17,1-back,F3,45,1.408867636236957e-10
17,1-back,F3,46,4.633405651488309e-11
17,1-back,F3,47,1.9172505696530265e-10
17,1-back,F3,48,7.298316971932367e-11
17,1-back,F3,49,9.857347480765003e-11
17,1-back,F3,50,2.3624297098706635e-10
17,1-back,F3,51,1.6830219452653793e-10
17,1-back,F3,52,1.8093015405669143e-10
17,1-back,F3,53,1.0635147569462897e-10
17,1-back,F3,54,1.0031237790651544e-10
17,1-back,F3,55,4.202426347461423e-11
17,1-back,F3,56,2.7727578652567714e-10
17,1-back,F3,57,8.317374264915759e-11
17,1-back,F3,58,6.250801413507274e-11
17,1-back,F3,59,2.8419106056037257e-10
17,1-back,F3,60,1.1120155569057171e-10
17,1-back,F3,61,1.081591051577105e-10
17,1-back,F3,62,1.456453672401422e-10
17,1-back,F3,63,1.3238789317511588e-10
17,1-back,F3,64,1.0150262654852231e-10
17,1-back,F3,65,2.102072481421765e-10
17,1-back,F3,66,9.015935606484589e-11
17,1-back,F4,1,3.329293455565299e-10
17,1-back,F4,2,1.97281324182226e-10
17,1-back,F4,3,1.2959620147691607e-10
17,1-back,F4,4,7.735713565682163e-11
17,1-back,F4,5,1.2529494241812663e-10
17,1-back,F4,6,8.378473689010573e-11
17,1-back,F4,7,1.4853166383948532e-10
17,1-back,F4,8,9.598595244909126e-11
17,1-back,F4,9,1.0500918051143551e-10
17,1-back,F4,10,6.975026097234302e-11
17,1-back,F4,11,9.633942620048303e-11
17,1-back,F4,12,1.4919024305086866e-10
17,1-back,F4,13,1.3617361818166764e-10
17,1-back,F4,14,1.0603241600394288e-10
17,1-back,F4,15,6.17991288026068e-11
17,1-back,F4,16,1.2122940785008734e-10
17,1-back,F4,17,6.778402902683772e-11
17,1-back,F4,18,1.4932080014203625e-10
17,1-back,F4,19,4.407824224929524e-10
17,1-back,F4,20,1.95670727545069e-10
17,1-back,F4,21,6.729410523067401e-11
17,1-back,F4,22,3.002851773847293e-10
17,1-back,F4,23,1.2678754152777112e-10
17,1-back,F4,24,3.6936976440187475e-11
17,1-back,F4,25,4.703270828652189e-10
17,1-back,F4,26,7.671718333303282e-11
17,1-back,F4,27,8.877041676646968e-11
17,1-back,F4,28,1.437798750265485e-10
17,1-back,F4,29,2.3143506797281895e-10
17,1-back,F4,30,7.267671985888112e-11
17,1-back,F4,31,1.7102523556211392e-10
17,1-back,F4,32,9.016651887951023e-11
17,1-back,F4,33,1.5934044757886324e-10
17,1-back,F4,34,1.518734646174941e-10
17,1-back,F4,35,3.791471200208839e-10
17,1-back,F4,36,6.999794294470336e-11
17,1-back,F4,37,1.4299188989334755e-10
17,1-back,F4,38,2.25922864445486e-10
17,1-back,F4,39,1.0407899605645059e-10
17,1-back,F4,40,1.8344401178549356e-10
17,1-back,F4,41,2.1044540213656618e-10
17,1-back,F4,42,1.6186464645646737e-10
17,1-back,F4,43,3.598252672093687e-11
17,1-back,F4,44,8.804615687329681e-11
17,1-back,F4,45,3.937672397232037e-10
17,1-back,F4,46,1.0952075671602523e-10
17,1-back,F4,47,1.8484355504526836e-10
17,1-back,F4,48,1.0220443360441104e-10
17,1-back,F4,49,1.9347508991413926e-10
17,1-back,F4,50,9.975333557388125e-11
17,1-back,F4,51,1.483043566111293e-10
17,1-back,F4,52,8.749017699703874e-11
17,1-back,F4,53,1.0508373337159328e-10
17,1-back,F4,54,1.0502799732819624e-10
17,1-back,F4,55,1.5110589615243666e-10
17,1-back,F4,56,2.1793066665237683e-10
17,1-back,F4,57,1.3959287231467086e-10
17,1-back,F4,58,9.543522762828881e-11
17,1-back,F4,59,2.9129162767759154e-10
17,1-back,F4,60,2.3780441363409994e-10
17,1-back,F4,61,6.068885991801429e-11
17,1-back,F4,62,8.965197627804537e-11
17,1-back,F4,63,1.286443452318121e-10
17,1-back,F4,64,2.331922430589162e-10
17,1-back,F4,65,2.415018906493229e-10
17,1-back,F4,66,9.255187820089419e-11
17,1-back,F7,1,7.2864866776779905e-09
17,1-back,F7,2,8.615664070675363e-09
17,1-back,F7,3,9.205560543081135e-09
17,1-back,F7,4,1.2335103739456821e-09
17,1-back,F7,5,6.809849758268308e-10
17,1-back,F7,6,1.51890577887271e-10
17,1-back,F7,7,1.1396765705346601e-10
17,1-back,F7,8,4.4725114362157897e-11
17,1-back,F7,9,9.7682707911317e-10
17,1-back,F7,10,1.3444143534888737e-10
17,1-back,F7,11,3.3956716394351317e-10
17,1-back,F7,12,3.127766792746967e-10
17,1-back,F7,13,7.669832850136347e-11
17,1-back,F7,14,1.5028459942429516e-10
17,1-back,F7,15,6.550548188205246e-11
17,1-back,F7,16,2.76500444566769e-10
17,1-back,F7,17,2.129450382403102e-10
17,1-back,F7,18,1.2317895119770757e-10
17,1-back,F7,19,3.921680585411049e-10
17,1-back,F7,20,9.796065377774397e-11
17,1-back,F7,21,1.1122442798706675e-10
17,1-back,F7,22,2.419894165431867e-10
17,1-back,F7,23,1.5298346221538733e-10
17,1-back,F7,24,3.2949461492838446e-10
17,1-back,F7,25,3.1019852815106605e-09
17,1-back,F7,26,3.4947240353593157e-10
17,1-back,F7,27,1.5179358053019477e-09
17,1-back,F7,28,4.3825417684853236e-10
17,1-back,F7,29,2.681479260022715e-08
17,1-back,F7,30,1.6755053963603847e-09
17,1-back,F7,31,8.350853966715152e-10
17,1-back,F7,32,1.9935274284085663e-09
17,1-back,F7,33,2.619743696110032e-10
17,1-back,F7,34,2.1918544418208331e-10
17,1-back,F7,35,4.4680356553210896e-09
17,1-back,F7,36,1.406659580927264e-09
17,1-back,F7,37,1.6335061702353132e-09
17,1-back,F7,38,3.510771384205094e-10
17,1-back,F7,39,2.9120394683685547e-09
17,1-back,F7,40,8.385289124438304e-10
17,1-back,F7,41,4.68745490019764e-10
17,1-back,F7,42,1.4820748848086226e-10
17,1-back,F7,43,3.898727862192513e-09
17,1-back,F7,44,2.539297974769487e-09
17,1-back,F7,45,3.3751725291551545e-09
17,1-back,F7,46,2.529951024895259e-09
17,1-back,F7,47,6.202381733611618e-10
17,1-back,F7,48,1.3560964301585045e-09
17,1-back,F7,49,7.799240885118855e-11
17,1-back,F7,50,2.37553979900377e-10
17,1-back,F7,51,8.148065864132886e-11
17,1-back,F7,52,2.6162417438813394e-10
17,1-back,F7,53,1.951873739938229e-10
17,1-back,F7,54,8.811588810191582e-11
17,1-back,F7,55,1.5092731915710173e-10
17,1-back,F7,56,2.0456067144615873e-10
17,1-back,F7,57,6.146172134042828e-11
17,1-back,F7,58,3.924344518939046e-11
17,1-back,F7,59,1.2847683955052703e-10
17,1-back,F7,60,1.3401905929362094e-10
17,1-back,F7,61,1.2477527625146807e-10
17,1-back,F7,62,2.261438970538977e-10
17,1-back,F7,63,1.4445688915440734e-10
17,1-back,F7,64,1.4429246112834665e-10
17,1-back,F7,65,2.7355541135746595e-10
17,1-back,F7,66,2.4703288867445173e-10
17,1-back,F8,1,1.767239118698246e-10
17,1-back,F8,2,1.2112099059097134e-10
17,1-back,F8,3,1.1826411180711915e-10
17,1-back,F8,4,3.8438977453705286e-11
17,1-back,F8,5,6.43515595662269e-11
17,1-back,F8,6,6.656034995919987e-11
17,1-back,F8,7,1.5847379468659794e-10
17,1-back,F8,8,1.0050715359480826e-10
17,1-back,F8,9,1.7466061424461556e-10
17,1-back,F8,10,6.381808544794267e-11
17,1-back,F8,11,9.203886268781376e-11
17,1-back,F8,12,4.234566813654735e-11
17,1-back,F8,13,7.458200880482436e-11
17,1-back,F8,14,6.525157026789121e-11
17,1-back,F8,15,1.1511535586330294e-10
17,1-back,F8,16,2.02658403117186e-10
17,1-back,F8,17,6.15702920092231e-11
17,1-back,F8,18,1.7788587290841638e-10
17,1-back,F8,19,3.859445633006217e-10
17,1-back,F8,20,2.2239587946603403e-10
17,1-back,F8,21,1.171712973106751e-10
17,1-back,F8,22,2.575290814252197e-10
17,1-back,F8,23,9.555211348901645e-11
17,1-back,F8,24,3.2549041340882516e-11
17,1-back,F8,25,2.845842455736693e-10
17,1-back,F8,26,9.714255898331047e-11
17,1-back,F8,27,7.184729475105442e-11
17,1-back,F8,28,1.877339593591107e-10
17,1-back,F8,29,1.2488160516344652e-10
17,1-back,F8,30,3.9211104297026835e-11
17,1-back,F8,31,1.6535031659795152e-10
17,1-back,F8,32,1.1590793012085861e-10
17,1-back,F8,33,1.289790699893127e-10
17,1-back,F8,34,7.670615904855317e-11
17,1-back,F8,35,2.3184298719070545e-10
17,1-back,F8,36,1.106487304918247e-10
17,1-back,F8,37,1.4073499742955124e-10
17,1-back,F8,38,1.4586542018317238e-10
17,1-back,F8,39,7.167460354901591e-11
17,1-back,F8,40,1.1638886280579266e-10
17,1-back,F8,41,2.2532698200103523e-10
17,1-back,F8,42,1.5527639949677523e-10
17,1-back,F8,43,6.844377307141147e-11
17,1-back,F8,44,4.452226472903786e-11
17,1-back,F8,45,3.3844390108348503e-10
17,1-back,F8,46,1.5217501799584868e-10
17,1-back,F8,47,1.0620856164217703e-10
17,1-back,F8,48,1.2111790023151813e-10
17,1-back,F8,49,1.8826380233519397e-10
17,1-back,F8,50,6.208097186849953e-11
17,1-back,F8,51,1.7602089910028119e-10
17,1-back,F8,52,1.0110604050559199e-10
17,1-back,F8,53,1.585403101030192e-10
17,1-back,F8,54,4.870201605481102e-11
17,1-back,F8,55,1.0782253390333994e-10
17,1-back,F8,56,2.3909483809919944e-10
17,1-back,F8,57,1.4503409448305914e-10
17,1-back,F8,58,1.4888335149752573e-10
17,1-back,F8,59,2.603690296826913e-10
17,1-back,F8,60,1.6196156277157418e-10
17,1-back,F8,61,9.369662858008036e-11
17,1-back,F8,62,8.214366752782797e-11
17,1-back,F8,63,8.868145034773561e-11
17,1-back,F8,64,2.601820992603101e-10
17,1-back,F8,65,1.9725678677570976e-10
17,1-back,F8,66,7.706618290275773e-11
17,1-back,Fz,1,4.6127417405675363e-10
17,1-back,Fz,2,1.995062050902979e-10
17,1-back,Fz,3,1.894242133639507e-10
17,1-back,Fz,4,6.546087084163868e-11
17,1-back,Fz,5,1.8956844973684996e-10
17,1-back,Fz,6,1.253236646009439e-10
17,1-back,Fz,7,1.2668223830937665e-10
17,1-back,Fz,8,8.091306104973481e-11
17,1-back,Fz,9,1.4401763503336184e-10
17,1-back,Fz,10,1.3924343141880612e-10
17,1-back,Fz,11,2.0920888764031235e-10
17,1-back,Fz,12,1.2818578906203714e-10
17,1-back,Fz,13,1.0457944989718593e-10
17,1-back,Fz,14,1.0960202693522218e-10
17,1-back,Fz,15,8.511368990238509e-11
17,1-back,Fz,16,1.3847256550932658e-10
17,1-back,Fz,17,1.5141733381237667e-10
17,1-back,Fz,18,1.2837271109892053e-10
17,1-back,Fz,19,4.801249472737964e-10
17,1-back,Fz,20,1.467436696787499e-10
17,1-back,Fz,21,9.064885734058396e-11
17,1-back,Fz,22,3.8248717439632743e-10
17,1-back,Fz,23,1.388866199273725e-10
17,1-back,Fz,24,3.697703747142596e-11
17,1-back,Fz,25,6.187355594914608e-10
17,1-back,Fz,26,5.953289116167124e-11
17,1-back,Fz,27,8.98865808645175e-11
17,1-back,Fz,28,9.477832626186315e-11
17,1-back,Fz,29,2.5418286253567586e-10
17,1-back,Fz,30,1.318829910258706e-10
17,1-back,Fz,31,1.8286555554803819e-10
17,1-back,Fz,32,5.962059121071326e-11
17,1-back,Fz,33,2.075472406431272e-10
17,1-back,Fz,34,2.02327707475493e-10
17,1-back,Fz,35,3.425992345224535e-10
17,1-back,Fz,36,6.957116889737404e-11
17,1-back,Fz,37,1.398880881077406e-10
17,1-back,Fz,38,3.1077025612583816e-10
17,1-back,Fz,39,8.326825936853332e-11
17,1-back,Fz,40,2.1495236733372718e-10
17,1-back,Fz,41,1.8664589882466042e-10
17,1-back,Fz,42,2.0865308075859523e-10
17,1-back,Fz,43,3.585932636252896e-11
17,1-back,Fz,44,1.1638200788410335e-10
17,1-back,Fz,45,3.772552703540123e-10
17,1-back,Fz,46,6.862021113233457e-11
17,1-back,Fz,47,2.455402316042686e-10
17,1-back,Fz,48,9.392317725211535e-11
17,1-back,Fz,49,1.6909416253958428e-10
17,1-back,Fz,50,1.635984793543259e-10
17,1-back,Fz,51,1.6131114088212494e-10
17,1-back,Fz,52,1.4694247243460746e-10
17,1-back,Fz,53,9.129575657331279e-11
17,1-back,Fz,54,1.3726799567937773e-10
17,1-back,Fz,55,2.7264829535464644e-10
17,1-back,Fz,56,2.3854274260578374e-10
17,1-back,Fz,57,7.996417835741812e-11
17,1-back,Fz,58,5.500680552488482e-11
17,1-back,Fz,59,3.251511625848528e-10
17,1-back,Fz,60,2.1465841592507041e-10
17,1-back,Fz,61,9.834009953401643e-11
17,1-back,Fz,62,1.3149512909535028e-10
17,1-back,Fz,63,1.687497607337115e-10
17,1-back,Fz,64,1.2320441009164967e-10
17,1-back,Fz,65,3.212800347716193e-10
17,1-back,Fz,66,8.11970058316619e-11
17,2-back,F3,1,8.27140616880442e-11
17,2-back,F3,2,1.7485803246440006e-10
17,2-back,F3,3,9.893686555619546e-11
17,2-back,F3,4,1.6718958054420635e-10
17,2-back,F3,5,8.188962191356088e-11
17,2-back,F3,6,1.245452919851644e-10
17,2-back,F3,7,1.5063895083548942e-10
17,2-back,F3,8,1.348213839383891e-10
17,2-back,F3,9,5.824515528739344e-11
17,2-back,F3,10,1.228061307484314e-10
17,2-back,F3,11,2.4947253942700523e-10
17,2-back,F3,12,2.1771167470799463e-10
17,2-back,F3,13,2.782621443358379e-10
17,2-back,F3,14,2.4667185454727705e-10
17,2-back,F3,15,2.4963736571684617e-10
17,2-back,F3,16,2.075719493992292e-10
17,2-back,F3,17,6.692663193894696e-11
17,2-back,F3,18,5.501097217670178e-10
17,2-back,F3,19,2.0007147495839252e-10
17,2-back,F3,20,3.0351341274726013e-10
17,2-back,F3,21,3.316484569944511e-10
17,2-back,F3,22,2.54995734529572e-10
17,2-back,F3,23,1.5727381794611514e-10
17,2-back,F3,24,1.190917973380656e-10
17,2-back,F3,25,2.433548930919054e-10
17,2-back,F3,26,3.717796180083857e-10
17,2-back,F3,27,1.2425128260671737e-10
17,2-back,F3,28,3.6077239893054364e-10
17,2-back,F3,29,8.060544542883423e-11
17,2-back,F3,30,2.3136923274568915e-11
17,2-back,F3,31,2.1166909610944018e-10
17,2-back,F3,32,1.423341319239761e-10
17,2-back,F3,33,8.614408439840777e-11
17,2-back,F3,34,2.5057190648118207e-10
17,2-back,F3,35,1.4520707949354195e-10
17,2-back,F3,36,1.60268625148782e-10
17,2-back,F3,37,3.9915159840509084e-11
17,2-back,F3,38,1.636927789803342e-10
17,2-back,F3,39,1.1387862451800483e-10
17,2-back,F3,40,1.7993747980910457e-10
17,2-back,F3,41,7.289781188763763e-11
17,2-back,F3,42,1.9933732401330653e-10
17,2-back,F3,43,1.7652131153464448e-10
17,2-back,F3,44,1.5001495365003944e-10
17,2-back,F3,45,1.2079820212521743e-10
17,2-back,F3,46,3.213956387236975e-10
17,2-back,F3,47,1.2600732577802705e-10
17,2-back,F3,48,2.176175203559774e-10
17,2-back,F3,49,8.879224990862682e-11
17,2-back,F3,50,6.391208119989481e-11
17,2-back,F3,51,1.5504382235220576e-10
17,2-back,F3,52,8.245016552578392e-11
17,2-back,F3,53,1.673482260777372e-10
17,2-back,F3,54,9.884601412954283e-11
17,2-back,F3,55,1.852767057301377e-10
17,2-back,F3,56,1.7720490531582865e-10
17,2-back,F3,57,2.2344708231420871e-10
17,2-back,F3,58,5.933793852808717e-11
17,2-back,F3,59,1.8961996279979822e-10
17,2-back,F3,60,6.709613970485613e-11
17,2-back,F3,61,3.1419892799874627e-11
17,2-back,F3,62,7.653254236658607e-11
17,2-back,F3,63,1.7040854256590244e-10
17,2-back,F3,64,1.5549724872275867e-10
17,2-back,F3,65,3.503382433494661e-10
17,2-back,F4,1,1.2401844683957596e-10
17,2-back,F4,2,1.9606072874009995e-10
17,2-back,F4,3,8.415471508422158e-11
17,2-back,F4,4,1.112379730293802e-10
17,2-back,F4,5,9.141300353214966e-11
17,2-back,F4,6,1.6873900406404e-10
17,2-back,F4,7,2.1603858304442544e-10
17,2-back,F4,8,7.818124990167648e-11
17,2-back,F4,9,7.321630068813382e-11
17,2-back,F4,10,4.7960666492934794e-11
17,2-back,F4,11,2.1956864448348093e-10
17,2-back,F4,12,2.173925333402098e-10
17,2-back,F4,13,1.6597826589693552e-10
17,2-back,F4,14,1.5822420920854303e-10
17,2-back,F4,15,1.378978451725388e-10
17,2-back,F4,16,1.7264128299649155e-10
17,2-back,F4,17,1.3295329566581392e-10
17,2-back,F4,18,4.4972274044834397e-10
17,2-back,F4,19,1.514965523176659e-10
17,2-back,F4,20,2.8656161344104723e-10
17,2-back,F4,21,3.033163596091501e-10
17,2-back,F4,22,1.8493853690982817e-10
17,2-back,F4,23,1.1111483649652092e-10
17,2-back,F4,24,8.137171194790513e-11
17,2-back,F4,25,1.7347299767599393e-10
17,2-back,F4,26,3.9914541727571036e-10
17,2-back,F4,27,1.2196147112579893e-10
17,2-back,F4,28,1.7562795574853722e-10
17,2-back,F4,29,1.0226694010320162e-10
17,2-back,F4,30,7.130309295713686e-11
17,2-back,F4,31,1.0650584957506154e-10
17,2-back,F4,32,1.7383895648717382e-10
17,2-back,F4,33,1.0487360939636231e-10
17,2-back,F4,34,3.115105421804053e-10
17,2-back,F4,35,1.0612395885539514e-10
17,2-back,F4,36,1.205274605810869e-10
17,2-back,F4,37,6.08409939992806e-11
17,2-back,F4,38,1.2964345697091103e-10
17,2-back,F4,39,2.0735805804112408e-10
17,2-back,F4,40,1.6213305883181916e-10
17,2-back,F4,41,8.400330666678231e-11
17,2-back,F4,42,1.013819131312723e-10
17,2-back,F4,43,2.6017192485714517e-10
17,2-back,F4,44,1.6603627794915992e-10
17,2-back,F4,45,1.1295206976731045e-10
17,2-back,F4,46,1.6339328222891403e-10
17,2-back,F4,47,1.8073230279045866e-10
17,2-back,F4,48,2.6017237731652574e-10
17,2-back,F4,49,1.5441167726977236e-10
17,2-back,F4,50,2.0351348828630936e-10
17,2-back,F4,51,8.930414502511601e-11
17,2-back,F4,52,6.476015342687035e-11
17,2-back,F4,53,2.364564587669094e-10
17,2-back,F4,54,1.7731651002469685e-10
17,2-back,F4,55,1.345609211040998e-10
17,2-back,F4,56,2.082256035477785e-10
17,2-back,F4,57,1.971627968618509e-10
17,2-back,F4,58,6.719085421578248e-11
17,2-back,F4,59,2.244722454305777e-10
17,2-back,F4,60,6.24876575541461e-11
17,2-back,F4,61,4.7446893817444314e-11
17,2-back,F4,62,6.925804066003758e-11
17,2-back,F4,63,1.6524665271418622e-10
17,2-back,F4,64,2.327746999985883e-10
17,2-back,F4,65,3.0709401168168465e-10
17,2-back,F7,1,3.59951768756474e-11
17,2-back,F7,2,2.1234286732939807e-10
17,2-back,F7,3,1.0290019042194586e-10
17,2-back,F7,4,1.6429307031081346e-10
17,2-back,F7,5,1.067040851710449e-10
17,2-back,F7,6,9.359331654325978e-11
17,2-back,F7,7,5.878691185378814e-11
17,2-back,F7,8,1.1299733978527458e-10
17,2-back,F7,9,1.2982653049252226e-10
17,2-back,F7,10,2.1757247627351545e-10
17,2-back,F7,11,3.446854246607082e-10
17,2-back,F7,12,1.4559990882386382e-10
17,2-back,F7,13,1.726406904626075e-10
17,2-back,F7,14,3.2882026683613923e-10
17,2-back,F7,15,1.8926250554593775e-10
17,2-back,F7,16,5.917231801459849e-10
17,2-back,F7,17,8.723617992038501e-11
17,2-back,F7,18,1.9442895199081544e-10
17,2-back,F7,19,4.302112622744047e-10
17,2-back,F7,20,2.609691275098572e-10
17,2-back,F7,21,3.0120880655942177e-10
17,2-back,F7,22,2.6758246256775377e-10
17,2-back,F7,23,1.4503733869514821e-10
17,2-back,F7,24,6.911225705303868e-10
17,2-back,F7,25,1.3879086003411246e-10
17,2-back,F7,26,3.0769943198186496e-10
17,2-back,F7,27,1.307480167586494e-10
17,2-back,F7,28,6.519642825610981e-10
17,2-back,F7,29,2.2700387509338242e-10
17,2-back,F7,30,3.5044140912026344e-10
17,2-back,F7,31,5.257956227176196e-10
17,2-back,F7,32,2.0637579838748857e-11
17,2-back,F7,33,5.98701743163931e-11
17,2-back,F7,34,1.6371048511997007e-10
17,2-back,F7,35,1.6262598889565984e-10
17,2-back,F7,36,1.656977366636848e-10
17,2-back,F7,37,6.404050284043957e-11
17,2-back,F7,38,1.9570013212506454e-10
17,2-back,F7,39,4.023479042495452e-10
17,2-back,F7,40,2.0726951297611797e-10
17,2-back,F7,41,3.823484029469239e-10
17,2-back,F7,42,2.785126851368173e-10
17,2-back,F7,43,6.989864998710756e-10
17,2-back,F7,44,8.326127601932842e-11
17,2-back,F7,45,2.592688269663555e-11
17,2-back,F7,46,3.5658093519357665e-10
17,2-back,F7,47,1.647739864363245e-10
17,2-back,F7,48,8.340380350285106e-11
17,2-back,F7,49,7.954547761250134e-11
17,2-back,F7,50,2.4173694806962437e-10
17,2-back,F7,51,2.7722563158252706e-10
17,2-back,F7,52,2.583196932082003e-10
17,2-back,F7,53,1.455049438482962e-10
17,2-back,F7,54,1.0829951592270479e-10
17,2-back,F7,55,2.9053514700111874e-10
17,2-back,F7,56,3.6078030595817483e-10
17,2-back,F7,57,7.81616046837699e-11
17,2-back,F7,58,1.5388940854722624e-10
17,2-back,F7,59,6.108920647698844e-11
17,2-back,F7,60,1.1982870902764542e-10
17,2-back,F7,61,1.0158679785294133e-10
17,2-back,F7,62,1.249129027175842e-10
17,2-back,F7,63,2.694491877460525e-10
17,2-back,F7,64,1.375896512604196e-10
17,2-back,F7,65,2.690825296372107e-10
17,2-back,F8,1,8.595722197582022e-11
17,2-back,F8,2,1.0844864837978827e-10
17,2-back,F8,3,8.032658375724713e-11
17,2-back,F8,4,8.433983569590452e-11
17,2-back,F8,5,8.349794078406126e-11
17,2-back,F8,6,7.284140310756258e-11
17,2-back,F8,7,1.5451305637955808e-10
17,2-back,F8,8,5.7062098552561345e-11
17,2-back,F8,9,8.032046871344507e-11
17,2-back,F8,10,5.4168588567839475e-11
17,2-back,F8,11,1.5011133309885188e-10
17,2-back,F8,12,1.5662368479704534e-10
17,2-back,F8,13,1.1248689280130323e-10
17,2-back,F8,14,1.4164211918953487e-10
17,2-back,F8,15,6.803350199282169e-11
17,2-back,F8,16,1.3527808820251807e-10
17,2-back,F8,17,1.312072641954603e-10
17,2-back,F8,18,2.2215396039866361e-10
17,2-back,F8,19,1.1451028854856624e-10
17,2-back,F8,20,1.7772947853538522e-10
17,2-back,F8,21,2.6399024254975324e-10
17,2-back,F8,22,1.5428541727944537e-10
17,2-back,F8,23,1.5105637764811769e-10
17,2-back,F8,24,6.654522816069966e-11
17,2-back,F8,25,8.384471812536815e-11
17,2-back,F8,26,2.2587672683760643e-10
17,2-back,F8,27,1.3738127522962083e-10
17,2-back,F8,28,1.9653579607496206e-10
17,2-back,F8,29,1.653256433741423e-10
17,2-back,F8,30,5.4983415293516046e-11
17,2-back,F8,31,9.302387880011537e-11
17,2-back,F8,32,1.4150692280648065e-10
17,2-back,F8,33,5.269909139707669e-11
17,2-back,F8,34,2.1154405883927092e-10
17,2-back,F8,35,7.857786058973752e-11
17,2-back,F8,36,1.0706824118687208e-10
17,2-back,F8,37,6.0695539910643e-11
17,2-back,F8,38,6.364054480902889e-11
17,2-back,F8,39,1.657146975911572e-10
17,2-back,F8,40,8.254910857296432e-11
17,2-back,F8,41,1.36263830475047e-10
17,2-back,F8,42,7.496076751571431e-11
17,2-back,F8,43,1.797776824431225e-10
17,2-back,F8,44,2.2556816225292638e-10
17,2-back,F8,45,1.8573576773637427e-10
17,2-back,F8,46,1.5317077442872075e-10
17,2-back,F8,47,2.2678324477531422e-10
17,2-back,F8,48,1.1391704073773998e-10
17,2-back,F8,49,1.1587460252606075e-10
17,2-back,F8,50,1.4625604836243362e-10
17,2-back,F8,51,2.139162847637047e-10
17,2-back,F8,52,3.8694972456658485e-11
17,2-back,F8,53,2.4290111190478043e-10
17,2-back,F8,54,1.2812078160970144e-10
17,2-back,F8,55,1.0133948397078257e-10
17,2-back,F8,56,8.98024624792602e-11
17,2-back,F8,57,1.0470223663231878e-10
17,2-back,F8,58,5.2549836146574425e-11
17,2-back,F8,59,1.928423662178709e-10
17,2-back,F8,60,6.398910405552598e-11
17,2-back,F8,61,1.359787866538275e-10
17,2-back,F8,62,6.711583071377712e-11
17,2-back,F8,63,1.513980553851388e-10
17,2-back,F8,64,1.746807270573581e-10
17,2-back,F8,65,2.0846451983354636e-10
17,2-back,Fz,1,6.580185225701632e-11
17,2-back,Fz,2,2.995332598288323e-10
17,2-back,Fz,3,1.2878143684314222e-10
17,2-back,Fz,4,1.9862220264772574e-10
17,2-back,Fz,5,7.48096929162669e-11
17,2-back,Fz,6,1.1108002484654476e-10
17,2-back,Fz,7,3.0531468001165587e-10
17,2-back,Fz,8,1.9517328218857669e-10
17,2-back,Fz,9,7.965182663141745e-11
17,2-back,Fz,10,1.3880162966469598e-10
17,2-back,Fz,11,3.1418194908337464e-10
17,2-back,Fz,12,1.99696580816775e-10
17,2-back,Fz,13,2.0457677763348668e-10
17,2-back,Fz,14,2.288817567655239e-10
17,2-back,Fz,15,2.687482571823818e-10
17,2-back,Fz,16,1.954803721123071e-10
17,2-back,Fz,17,7.167081749652108e-11
17,2-back,Fz,18,6.661754125028246e-10
17,2-back,Fz,19,1.4584547145818482e-10
17,2-back,Fz,20,3.701636537426169e-10
17,2-back,Fz,21,4.3080612861923596e-10
17,2-back,Fz,22,2.9760695814692706e-10
17,2-back,Fz,23,1.7272557044756152e-10
17,2-back,Fz,24,5.929671283081475e-11
17,2-back,Fz,25,2.5441577659660125e-10
17,2-back,Fz,26,4.16466238994271e-10
17,2-back,Fz,27,1.651662247889344e-10
17,2-back,Fz,28,3.6978911665100893e-10
17,2-back,Fz,29,9.026164257216203e-11
17,2-back,Fz,30,4.8109722142506195e-11
17,2-back,Fz,31,2.048562754654069e-10
17,2-back,Fz,32,1.995731283660725e-10
17,2-back,Fz,33,1.6302727944250416e-10
17,2-back,Fz,34,4.105417148892864e-10
17,2-back,Fz,35,1.3643105035119541e-10
17,2-back,Fz,36,1.438364238505894e-10
17,2-back,Fz,37,1.0667471045806818e-10
17,2-back,Fz,38,1.054299547904319e-10
17,2-back,Fz,39,1.851330081239012e-10
17,2-back,Fz,40,2.2799084679859358e-10
17,2-back,Fz,41,1.0227336143510007e-10
17,2-back,Fz,42,1.6061013108191635e-10
17,2-back,Fz,43,2.6723000482769377e-10
17,2-back,Fz,44,1.8728887897966566e-10
17,2-back,Fz,45,8.70478159168795e-11
17,2-back,Fz,46,2.745311207676905e-10
17,2-back,Fz,47,1.9153864517464652e-10
17,2-back,Fz,48,2.9602292781813794e-10
17,2-back,Fz,49,1.879634377694238e-10
17,2-back,Fz,50,1.2688002696353499e-10
17,2-back,Fz,51,1.3500802167022632e-10
17,2-back,Fz,52,7.215221585731883e-11
17,2-back,Fz,53,2.413540285588913e-10
17,2-back,Fz,54,1.415513227870622e-10
17,2-back,Fz,55,1.5752696684797706e-10
17,2-back,Fz,56,1.9205020841830895e-10
17,2-back,Fz,57,2.382548617819736e-10
17,2-back,Fz,58,6.930112223971885e-11
17,2-back,Fz,59,2.276261800086609e-10
17,2-back,Fz,60,8.659352727466016e-11
17,2-back,Fz,61,3.49499315280131e-11
17,2-back,Fz,62,7.111089625449906e-11
17,2-back,Fz,63,1.5819724028576734e-10
17,2-back,Fz,64,2.7756855782638323e-10
17,2-back,Fz,65,3.315624774272677e-10
17,3-back,F3,1,2.1353104666045063e-10
17,3-back,F3,2,2.075055278626163e-10
17,3-back,F3,3,1.234342606810006e-10
17,3-back,F3,4,1.2287063589263812e-10
17,3-back,F3,5,8.315095093923273e-11
17,3-back,F3,6,9.821480144163725e-11
17,3-back,F3,7,3.8295399906663777e-10
17,3-back,F3,8,8.285110271027208e-11
17,3-back,F3,9,1.8072523703276268e-10
17,3-back,F3,10,1.5927673970202465e-10
17,3-back,F3,11,1.6324934938057457e-10
17,3-back,F3,12,8.643643788964019e-11
17,3-back,F3,13,2.7593572284671327e-10
17,3-back,F3,14,3.5831208185502287e-10
17,3-back,F3,15,1.6356754135957457e-10
17,3-back,F3,16,8.782994425625284e-11
17,3-back,F3,17,1.9407265417757229e-10
17,3-back,F3,18,1.5052825050152858e-10
17,3-back,F3,19,2.1318293228349684e-10
17,3-back,F3,20,4.476231163143971e-10
17,3-back,F3,21,4.0315982615221465e-10
17,3-back,F3,22,2.603958198002677e-10
17,3-back,F3,23,7.787118536749726e-11
17,3-back,F3,24,9.093334846949969e-11
17,3-back,F3,25,2.1542859318101915e-10
17,3-back,F3,26,3.079390519768864e-10
17,3-back,F3,27,1.5643833192545208e-10
17,3-back,F3,28,7.59503944617177e-11
17,3-back,F3,29,5.3813126431280243e-11
17,3-back,F3,30,1.945287456268539e-10
17,3-back,F3,31,9.927523751460332e-11
17,3-back,F3,32,4.550613653511835e-11
17,3-back,F3,33,1.1528506359113857e-10
17,3-back,F3,34,1.6184521482063113e-10
17,3-back,F3,35,1.1468504023923617e-10
17,3-back,F3,36,2.909259939713731e-10
17,3-back,F3,37,1.4366543665586691e-10
17,3-back,F3,38,9.679043935407328e-11
17,3-back,F3,39,5.305090199183397e-11
17,3-back,F3,40,1.4625319204606043e-10
17,3-back,F3,41,1.4028028985462343e-10
17,3-back,F3,42,7.626475478470695e-11
17,3-back,F3,43,1.9724170339657648e-10
17,3-back,F3,44,2.662322327250512e-10
17,3-back,F3,45,8.284087164871562e-11
17,3-back,F3,46,1.2297910841651984e-10
17,3-back,F3,47,1.4313371530250414e-10
17,3-back,F3,48,1.3032829068122267e-10
17,3-back,F3,49,9.985084087215872e-11
17,3-back,F3,50,1.3180395538453764e-10
17,3-back,F3,51,7.909268728939568e-11
17,3-back,F3,52,6.232216466074491e-11
17,3-back,F3,53,1.048312516819696e-10
17,3-back,F3,54,1.4704050377139036e-10
17,3-back,F3,55,3.283772017616477e-10
17,3-back,F3,56,9.397363502678267e-11
17,3-back,F3,57,2.947225045414609e-10
17,3-back,F3,58,2.806746047335812e-10
17,3-back,F3,59,2.0541222825250697e-10
17,3-back,F3,60,7.039903828278524e-11
17,3-back,F3,61,1.562949520169287e-10
17,3-back,F4,1,2.1116029415357415e-10
17,3-back,F4,2,2.2909073409649238e-10
17,3-back,F4,3,2.1747968533743125e-10
17,3-back,F4,4,1.2899041887109647e-10
17,3-back,F4,5,5.204068677586736e-11
17,3-back,F4,6,1.3366935429834855e-10
17,3-back,F4,7,2.0388782590748815e-10
17,3-back,F4,8,6.745885745121548e-11
17,3-back,F4,9,2.9151758602454817e-10
17,3-back,F4,10,9.846182089775038e-11
17,3-back,F4,11,1.5798914468903924e-10
17,3-back,F4,12,1.0131013458364375e-10
17,3-back,F4,13,2.111888869020523e-10
17,3-back,F4,14,1.3592637405264847e-10
17,3-back,F4,15,8.597285250972607e-11
17,3-back,F4,16,4.925538716978785e-11
17,3-back,F4,17,7.89526426253832e-11
17,3-back,F4,18,1.1290248296220235e-10
17,3-back,F4,19,1.823019563752098e-10
17,3-back,F4,20,3.8261181084612024e-10
17,3-back,F4,21,3.0816659524344924e-10
17,3-back,F4,22,1.891018814213522e-10
17,3-back,F4,23,1.436579310557231e-10
17,3-back,F4,24,3.487654098878449e-11
17,3-back,F4,25,2.0444926963595084e-10
17,3-back,F4,26,2.012325035009202e-10
17,3-back,F4,27,1.085887948681735e-10
17,3-back,F4,28,7.213829946842469e-11
17,3-back,F4,29,1.5012227659672297e-10
17,3-back,F4,30,9.127780302455107e-11
17,3-back,F4,31,1.4042327101649352e-10
17,3-back,F4,32,4.633218608435295e-11
17,3-back,F4,33,2.391994673167061e-10
17,3-back,F4,34,1.4353598279582822e-10
17,3-back,F4,35,1.2284141290625823e-10
17,3-back,F4,36,3.3800573319266504e-10
17,3-back,F4,37,1.0894645975311287e-10
17,3-back,F4,38,1.365258267038623e-10
17,3-back,F4,39,5.8009774844805615e-11
17,3-back,F4,40,9.135584873097677e-11
17,3-back,F4,41,1.1236296551388473e-10
17,3-back,F4,42,8.829570377838937e-11
17,3-back,F4,43,2.6932879690592096e-10
17,3-back,F4,44,1.9876378976255193e-10
17,3-back,F4,45,1.2283741518288697e-10
17,3-back,F4,46,4.137486847458676e-11
17,3-back,F4,47,1.4432274365793678e-10
17,3-back,F4,48,2.3023419776891138e-10
17,3-back,F4,49,1.1158604331538622e-10
17,3-back,F4,50,9.36958938094936e-11
17,3-back,F4,51,1.4053238384737526e-10
17,3-back,F4,52,7.917496849647288e-11
17,3-back,F4,53,1.5459341353951574e-10
17,3-back,F4,54,1.7466184065106098e-10
17,3-back,F4,55,2.33464204766966e-10
17,3-back,F4,56,1.4365326952968294e-10
17,3-back,F4,57,2.385953462819534e-10
17,3-back,F4,58,2.8973876332397456e-10
17,3-back,F4,59,2.857410843244677e-10
17,3-back,F4,60,1.566037759264378e-10
17,3-back,F4,61,1.1669759663832331e-10
17,3-back,F7,1,2.0790195298108528e-10
17,3-back,F7,2,1.040051371046807e-10
17,3-back,F7,3,1.0256313500842947e-10
17,3-back,F7,4,1.78400504512364e-10
17,3-back,F7,5,1.4666402492046703e-10
17,3-back,F7,6,1.067975200147153e-10
17,3-back,F7,7,2.9719455758060846e-10
17,3-back,F7,8,9.838500520738182e-11
17,3-back,F7,9,1.277757662455832e-10
17,3-back,F7,10,8.860809326980018e-11
17,3-back,F7,11,5.772248963147294e-11
17,3-back,F7,12,1.164450558430057e-10
17,3-back,F7,13,2.604768875990279e-10
17,3-back,F7,14,2.091366460185693e-10
17,3-back,F7,15,1.1875249899103169e-10
17,3-back,F7,16,1.0459712633021139e-10
17,3-back,F7,17,1.0462640606912459e-10
17,3-back,F7,18,5.1546297611681316e-11
17,3-back,F7,19,2.247809014569238e-10
17,3-back,F7,20,2.5318426610269635e-10
17,3-back,F7,21,2.898036274124041e-10
17,3-back,F7,22,1.7346364231618654e-10
17,3-back,F7,23,1.1666743366049424e-10
17,3-back,F7,24,9.756119855246186e-11
17,3-back,F7,25,2.208981894966358e-09
17,3-back,F7,26,4.701638320926344e-10
17,3-back,F7,27,2.993995944623742e-10
17,3-back,F7,28,5.2590797043497325e-09
17,3-back,F7,29,1.7642940136788867e-10
17,3-back,F7,30,1.7292069967889252e-10
17,3-back,F7,31,1.4527411594348586e-10
17,3-back,F7,32,5.174577779502169e-11
17,3-back,F7,33,1.5843356538937707e-10
17,3-back,F7,34,2.0569937834563668e-10
17,3-back,F7,35,1.6523489869134471e-10
17,3-back,F7,36,2.488490842604973e-10
17,3-back,F7,37,2.356489023373093e-10
17,3-back,F7,38,3.3467504974662403e-10
17,3-back,F7,39,6.850237581427461e-11
17,3-back,F7,40,2.628009721334885e-10
17,3-back,F7,41,1.2058200346945481e-10
17,3-back,F7,42,1.0231015602284614e-10
17,3-back,F7,43,1.3147924610019746e-10
17,3-back,F7,44,1.837775528874355e-10
17,3-back,F7,45,8.94539905210282e-11
17,3-back,F7,46,1.431938764285357e-10
17,3-back,F7,47,1.3233985005859847e-10
17,3-back,F7,48,5.105432683368675e-11
17,3-back,F7,49,1.0365568381342526e-10
17,3-back,F7,50,9.529774848396954e-11
17,3-back,F7,51,6.958313481230126e-11
17,3-back,F7,52,5.383939121923531e-11
17,3-back,F7,53,1.0280853655130457e-10
17,3-back,F7,54,1.3682237637655115e-10
17,3-back,F7,55,3.278095867752079e-10
17,3-back,F7,56,3.969470445375007e-10
17,3-back,F7,57,2.449153129735033e-10
17,3-back,F7,58,7.761128987037686e-10
17,3-back,F7,59,3.201795781921852e-10
17,3-back,F7,60,1.284506851892556e-10
17,3-back,F7,61,4.765598164587503e-10
17,3-back,F8,1,1.6980864551970472e-10
17,3-back,F8,2,1.552466246563822e-10
17,3-back,F8,3,1.7680662667575286e-10
17,3-back,F8,4,1.1202005215894296e-10
17,3-back,F8,5,4.5061562673214e-11
17,3-back,F8,6,1.4650450805268267e-10
17,3-back,F8,7,1.465587803800453e-10
17,3-back,F8,8,1.1487914838234884e-10
17,3-back,F8,9,2.6941532434818147e-10
17,3-back,F8,10,8.940020332471618e-11
17,3-back,F8,11,1.0916139775274481e-10
17,3-back,F8,12,1.9496219867570723e-10
17,3-back,F8,13,1.2596723700844875e-10
17,3-back,F8,14,9.288966434820478e-11
17,3-back,F8,15,7.239082162268375e-11
17,3-back,F8,16,3.472575403722425e-11
17,3-back,F8,17,5.60404743340459e-11
17,3-back,F8,18,1.0411767159598869e-10
17,3-back,F8,19,2.1121033596849354e-10
17,3-back,F8,20,2.7414416674897367e-10
17,3-back,F8,21,2.866888202838545e-10
17,3-back,F8,22,1.6607192491208173e-10
17,3-back,F8,23,1.725461849858155e-10
17,3-back,F8,24,8.153142351613126e-11
17,3-back,F8,25,2.4916981385135186e-10
17,3-back,F8,26,1.517948896445358e-10
17,3-back,F8,27,6.583120167992634e-11
17,3-back,F8,28,1.1073472917671594e-10
17,3-back,F8,29,9.803434125629173e-11
17,3-back,F8,30,8.13934707467515e-11
17,3-back,F8,31,1.7752345320370945e-10
17,3-back,F8,32,6.962846806585512e-11
17,3-back,F8,33,2.800067870958685e-10
17,3-back,F8,34,1.1036708585655587e-10
17,3-back,F8,35,1.3966243484770734e-10
17,3-back,F8,36,2.9555540870522467e-10
17,3-back,F8,37,9.170399574172185e-11
17,3-back,F8,38,9.395662438936979e-11
17,3-back,F8,39,4.5361073803179235e-11
17,3-back,F8,40,1.129004597499091e-10
17,3-back,F8,41,9.974817475054817e-11
17,3-back,F8,42,9.233767674048971e-11
17,3-back,F8,43,2.2354668987345218e-10
17,3-back,F8,44,1.5562097018076412e-10
17,3-back,F8,45,7.949912344749037e-11
17,3-back,F8,46,8.741487080289966e-11
17,3-back,F8,47,1.7848858532451355e-10
17,3-back,F8,48,1.9422451850834148e-10
17,3-back,F8,49,8.51347393874203e-11
17,3-back,F8,50,1.3045839727206255e-10
17,3-back,F8,51,1.4221022862414988e-10
17,3-back,F8,52,5.695192047865373e-11
17,3-back,F8,53,1.6414469910875227e-10
17,3-back,F8,54,1.4399924499498554e-10
17,3-back,F8,55,2.2304301777392772e-10
17,3-back,F8,56,1.9319024452364172e-10
17,3-back,F8,57,1.451685147576844e-10
17,3-back,F8,58,2.457956349078548e-10
17,3-back,F8,59,2.7268918546342174e-10
17,3-back,F8,60,1.0977272581345874e-10
17,3-back,F8,61,1.2746941108310092e-10
17,3-back,Fz,1,2.849023519057955e-10
17,3-back,Fz,2,2.5387329769240395e-10
17,3-back,Fz,3,2.258340256072054e-10
17,3-back,Fz,4,1.523117915145965e-10
17,3-back,Fz,5,6.725831979520865e-11
17,3-back,Fz,6,1.2318803771715705e-10
17,3-back,Fz,7,3.640523002817709e-10
17,3-back,Fz,8,1.0819857201833885e-10
17,3-back,Fz,9,3.024821595425083e-10
17,3-back,Fz,10,1.0233151544742473e-10
17,3-back,Fz,11,2.5421672425358666e-10
17,3-back,Fz,12,1.2103982588004443e-10
17,3-back,Fz,13,3.050311960442427e-10
17,3-back,Fz,14,2.455793935924951e-10
17,3-back,Fz,15,2.406493571909158e-10
17,3-back,Fz,16,9.798242381670634e-11
17,3-back,Fz,17,1.5410477414806576e-10
17,3-back,Fz,18,1.835412451769553e-10
17,3-back,Fz,19,2.2094348438031168e-10
17,3-back,Fz,20,5.391907347239763e-10
17,3-back,Fz,21,4.4828549637293355e-10
17,3-back,Fz,22,2.386164860691929e-10
17,3-back,Fz,23,1.2944306038564016e-10
17,3-back,Fz,24,8.311336270372166e-11
17,3-back,Fz,25,2.3435988196048473e-10
17,3-back,Fz,26,3.0215977379823566e-10
17,3-back,Fz,27,8.674771194429477e-11
17,3-back,Fz,28,9.602365433151433e-11
17,3-back,Fz,29,1.732773864798979e-10
17,3-back,Fz,30,1.3186291511180699e-10
17,3-back,Fz,31,1.1663721619907936e-10
17,3-back,Fz,32,5.429081314086864e-11
17,3-back,Fz,33,1.7945851497894243e-10
17,3-back,Fz,34,1.6190616249394013e-10
17,3-back,Fz,35,1.960544940691699e-10
17,3-back,Fz,36,4.483492381489096e-10
17,3-back,Fz,37,9.272996876867784e-11
17,3-back,Fz,38,1.420275675543134e-10
17,3-back,Fz,39,8.477083116735718e-11
17,3-back,Fz,40,1.0705981183148246e-10
17,3-back,Fz,41,1.4216526310769131e-10
17,3-back,Fz,42,8.051238876932505e-11
17,3-back,Fz,43,2.8369265678420585e-10
17,3-back,Fz,44,3.1202243928962824e-10
17,3-back,Fz,45,9.221314450938135e-11
17,3-back,Fz,46,6.104228401486328e-11
17,3-back,Fz,47,1.2845478431822745e-10
17,3-back,Fz,48,2.1457049061064285e-10
17,3-back,Fz,49,5.7082599803072065e-11
17,3-back,Fz,50,8.396644803009794e-11
17,3-back,Fz,51,8.06230418011943e-11
17,3-back,Fz,52,7.172227718275248e-11
17,3-back,Fz,53,1.7043516015765794e-10
17,3-back,Fz,54,1.7592485421056091e-10
17,3-back,Fz,55,3.7113318195810897e-10
17,3-back,Fz,56,1.0384062548339739e-10
17,3-back,Fz,57,3.633924317942222e-10
17,3-back,Fz,58,3.1282012987162635e-10
17,3-back,Fz,59,2.8656376211600384e-10
17,3-back,Fz,60,1.242796384860976e-10
17,3-back,Fz,61,1.527870618107416e-10
17,4-back,F3,1,2.1033336131075204e-10
17,4-back,F3,2,1.3641861169297564e-10
17,4-back,F3,3,7.473034247349957e-11
17,4-back,F3,4,6.611703424846939e-11
17,4-back,F3,5,1.5245849771183616e-10
17,4-back,F3,6,2.385795824491875e-10
17,4-back,F3,7,1.1835637317796492e-10
17,4-back,F3,8,1.6343923451811255e-10
17,4-back,F3,9,8.553041109497858e-11
17,4-back,F3,10,1.7258978442178583e-10
17,4-back,F3,11,3.575972855448367e-11
17,4-back,F3,12,1.4884258381764896e-10
17,4-back,F3,13,1.8546552146235607e-10
17,4-back,F3,14,1.9587388716984613e-10
17,4-back,F3,15,1.3628821509582803e-10
17,4-back,F3,16,1.3008926865941078e-10
17,4-back,F3,17,3.2550686361687403e-10
17,4-back,F3,18,1.8073739916228665e-10
17,4-back,F3,19,6.838179151774455e-11
17,4-back,F3,20,8.99502310162613e-11
17,4-back,F3,21,2.4781391262706363e-10
17,4-back,F3,22,5.442242754588802e-10
17,4-back,F3,23,9.364644061843494e-11
17,4-back,F3,24,1.0413919172651187e-10
17,4-back,F3,25,8.078089292957655e-11
17,4-back,F3,26,9.397076484730848e-11
17,4-back,F3,27,9.384519345512939e-11
17,4-back,F3,28,1.2097746931051167e-10
17,4-back,F3,29,1.4065440439339462e-10
17,4-back,F3,30,2.9784481752415784e-10
17,4-back,F3,31,2.1404465920630032e-10
17,4-back,F3,32,2.0822025549287348e-10
17,4-back,F3,33,3.8476285168120365e-10
17,4-back,F3,34,3.955768200462162e-11
17,4-back,F3,35,1.586086411959937e-10
17,4-back,F3,36,4.404221722577767e-11
17,4-back,F3,37,6.82560636919127e-11
17,4-back,F3,38,1.3916177914652048e-10
17,4-back,F3,39,1.5555719396570318e-10
17,4-back,F3,40,2.3901754152044117e-10
17,4-back,F3,41,2.3352226138581257e-10
17,4-back,F3,42,4.1139827708373927e-10
17,4-back,F3,43,1.084267049502005e-10
17,4-back,F3,44,1.2372878653337736e-10
17,4-back,F3,45,9.828424517105034e-11
17,4-back,F3,46,1.353694667559761e-10
17,4-back,F3,47,1.6939276020855432e-10
17,4-back,F3,48,1.5097236015582466e-10
17,4-back,F3,49,2.679877467627802e-10
17,4-back,F3,50,7.350077295302863e-10
17,4-back,F3,51,1.492672743754805e-10
17,4-back,F3,52,9.506914514656946e-11
17,4-back,F3,53,1.619361358872923e-10
17,4-back,F3,54,6.033117592201547e-11
17,4-back,F3,55,2.143584117421321e-10
17,4-back,F3,56,9.846043466803057e-11
17,4-back,F3,57,2.641576020771406e-10
17,4-back,F3,58,1.3680908312544609e-10
17,4-back,F3,59,1.1118591624020777e-10
17,4-back,F3,60,2.1137471106913266e-10
17,4-back,F3,61,2.4782318972025617e-10
17,4-back,F3,62,9.819079003917861e-11
17,4-back,F4,1,1.5501740271290448e-10
17,4-back,F4,2,1.427255470042123e-10
17,4-back,F4,3,8.146850259948814e-11
17,4-back,F4,4,1.6184603892908065e-10
17,4-back,F4,5,8.537319276747435e-11
17,4-back,F4,6,1.8686267517160693e-10
17,4-back,F4,7,7.721302885264958e-11
17,4-back,F4,8,1.2243531123662676e-10
17,4-back,F4,9,7.711102406786395e-11
17,4-back,F4,10,2.0625576137375698e-10
17,4-back,F4,11,4.370477477301209e-11
17,4-back,F4,12,1.8963538220251828e-10
17,4-back,F4,13,1.348319832829339e-10
17,4-back,F4,14,1.586404924092227e-10
17,4-back,F4,15,6.764952008288984e-11
17,4-back,F4,16,1.3273733967520535e-10
17,4-back,F4,17,2.409928106406185e-10
17,4-back,F4,18,5.88801557915259e-11
17,4-back,F4,19,7.117893913651666e-11
17,4-back,F4,20,9.920417564527305e-11
17,4-back,F4,21,2.903869924532761e-10
17,4-back,F4,22,4.853369133548421e-10
17,4-back,F4,23,1.1182040078675881e-10
17,4-back,F4,24,1.25512203841416e-10
17,4-back,F4,25,5.740685723986731e-11
17,4-back,F4,26,1.709182220358082e-10
17,4-back,F4,27,8.966823508259734e-11
17,4-back,F4,28,1.4730710932495194e-10
17,4-back,F4,29,1.6192045229816472e-10
17,4-back,F4,30,1.8998486067952098e-10
17,4-back,F4,31,9.097903429831928e-11
17,4-back,F4,32,2.0783639114156702e-10
17,4-back,F4,33,2.2648210138938227e-10
17,4-back,F4,34,1.8476275548267313e-10
17,4-back,F4,35,2.2941422039726224e-10
17,4-back,F4,36,4.2798487672803115e-11
17,4-back,F4,37,6.058890971640962e-11
17,4-back,F4,38,1.1591795961633802e-10
17,4-back,F4,39,1.1627850757994931e-10
17,4-back,F4,40,2.189652237400994e-10
17,4-back,F4,41,1.1450872455742369e-10
17,4-back,F4,42,3.7007577104926445e-10
17,4-back,F4,43,1.1246633410405004e-10
17,4-back,F4,44,1.0597953521927781e-10
17,4-back,F4,45,2.1325883856799493e-10
17,4-back,F4,46,9.820361837287277e-11
17,4-back,F4,47,1.0745235381434386e-10
17,4-back,F4,48,1.161680227592327e-10
17,4-back,F4,49,2.1581303397588097e-10
17,4-back,F4,50,5.024482934375654e-10
17,4-back,F4,51,1.7252878285333103e-10
17,4-back,F4,52,1.3856607975468132e-10
17,4-back,F4,53,9.878591890010142e-11
17,4-back,F4,54,1.3109279129950966e-10
17,4-back,F4,55,1.4393215464717035e-10
17,4-back,F4,56,1.4333021135948707e-10
17,4-back,F4,57,2.4690028453426854e-10
17,4-back,F4,58,1.1613372863501554e-10
17,4-back,F4,59,7.304244722777289e-11
17,4-back,F4,60,2.437601419416358e-10
17,4-back,F4,61,1.6578628360330584e-10
17,4-back,F4,62,7.804192718270094e-11
17,4-back,F7,1,5.130584557839031e-10
17,4-back,F7,2,2.8852484425921713e-09
17,4-back,F7,3,2.208758811624188e-08
17,4-back,F7,4,7.051402912131258e-10
17,4-back,F7,5,1.2542120736936134e-10
17,4-back,F7,6,5.166765614140147e-10
17,4-back,F7,7,2.74772147245707e-08
17,4-back,F7,8,2.5157451497850193e-10
17,4-back,F7,9,1.4156606196090842e-10
17,4-back,F7,10,5.070789014792203e-10
17,4-back,F7,11,5.872303093075392e-10
17,4-back,F7,12,1.928099459954794e-09
17,4-back,F7,13,6.172179846444077e-10
17,4-back,F7,14,2.3165499564512125e-10
17,4-back,F7,15,2.9941492521799417e-10
17,4-back,F7,16,6.738356131062773e-10
17,4-back,F7,17,2.5606468938021957e-10
17,4-back,F7,18,1.0342408437896252e-10
17,4-back,F7,19,1.1224716619475133e-10
17,4-back,F7,20,1.162266024877946e-10
17,4-back,F7,21,1.0387645199502416e-10
17,4-back,F7,22,5.013294056626179e-09
17,4-back,F7,23,3.739605004881924e-10
17,4-back,F7,24,2.006113297564621e-10
17,4-back,F7,25,4.37213669125658e-10
17,4-back,F7,26,2.2960070727272526e-10
17,4-back,F7,27,2.6013600367262615e-10
17,4-back,F7,28,5.018615024343081e-10
17,4-back,F7,29,4.395764129113312e-09
17,4-back,F7,30,2.991367476339332e-10
17,4-back,F7,31,1.9969775386120489e-10
17,4-back,F7,32,2.785059111004544e-10
17,4-back,F7,33,1.909462992861568e-09
17,4-back,F7,34,1.6121861921241977e-09
17,4-back,F7,35,4.0661071092268535e-10
17,4-back,F7,36,5.879643520845197e-10
17,4-back,F7,37,1.4106905028674582e-10
17,4-back,F7,38,3.3516538031969666e-10
17,4-back,F7,39,9.337594671444776e-11
17,4-back,F7,40,1.9057595147232088e-10
17,4-back,F7,41,3.5540356893043553e-10
17,4-back,F7,42,3.0252174034715995e-10
17,4-back,F7,43,1.991681805703161e-10
17,4-back,F7,44,8.77668489877611e-11
17,4-back,F7,45,2.343270030541962e-10
17,4-back,F7,46,1.3704930076224817e-10
17,4-back,F7,47,2.7749948670263156e-10
17,4-back,F7,48,2.1326887252776424e-10
17,4-back,F7,49,1.903081774725822e-09
17,4-back,F7,50,4.891050755115029e-10
17,4-back,F7,51,1.4375167480705035e-11
17,4-back,F7,52,3.85644246389194e-10
17,4-back,F7,53,1.1865176624588864e-10
17,4-back,F7,54,2.4396972493207066e-09
17,4-back,F7,55,1.0104962329377132e-10
17,4-back,F7,56,1.0325146557931741e-10
17,4-back,F7,57,2.9222564762352085e-10
17,4-back,F7,58,1.3794092878899993e-10
17,4-back,F7,59,1.7450568522290632e-10
17,4-back,F7,60,2.0603857517635147e-10
17,4-back,F7,61,1.6235946032590468e-10
17,4-back,F7,62,5.256988473051027e-11
17,4-back,F8,1,9.686365545109053e-11
17,4-back,F8,2,8.401954951736433e-11
17,4-back,F8,3,6.12565702701377e-11
17,4-back,F8,4,1.3128717736275684e-10
17,4-back,F8,5,8.331317828319186e-11
17,4-back,F8,6,1.7424460129576858e-10
17,4-back,F8,7,5.621271243727188e-11
17,4-back,F8,8,1.030462668795197e-10
17,4-back,F8,9,6.168775842254644e-11
17,4-back,F8,10,1.3911799356150367e-10
17,4-back,F8,11,2.8359477072848412e-11
17,4-back,F8,12,1.746734280219817e-10
17,4-back,F8,13,1.0403012046606387e-10
17,4-back,F8,14,1.332576379252119e-10
17,4-back,F8,15,4.380903914491797e-11
17,4-back,F8,16,1.1018703416984672e-10
17,4-back,F8,17,2.1276686702682869e-10
17,4-back,F8,18,6.94683226974882e-11
17,4-back,F8,19,9.683432776038318e-11
17,4-back,F8,20,7.89958201872466e-11
17,4-back,F8,21,3.013341768450375e-10
17,4-back,F8,22,4.02633470877274e-10
17,4-back,F8,23,7.915168398104974e-11
17,4-back,F8,24,5.558462901005219e-11
17,4-back,F8,25,5.298314070278291e-11
17,4-back,F8,26,1.4907081671410687e-10
17,4-back,F8,27,1.1347263685417465e-10
17,4-back,F8,28,1.3893329125713206e-10
17,4-back,F8,29,1.54881679420446e-10
17,4-back,F8,30,1.3294941964364978e-10
17,4-back,F8,31,7.140463916495397e-11
17,4-back,F8,32,1.4839052232771885e-10
17,4-back,F8,33,1.6976988460957223e-10
17,4-back,F8,34,2.0586809042750628e-10
17,4-back,F8,35,2.1784612912424512e-10
17,4-back,F8,36,3.5711840765175685e-11
17,4-back,F8,37,7.106610193883433e-11
17,4-back,F8,38,1.6923721640678486e-10
17,4-back,F8,39,1.0152674964632254e-10
17,4-back,F8,40,1.4120702743766477e-10
17,4-back,F8,41,9.913675835870746e-11
17,4-back,F8,42,2.471150741135311e-10
17,4-back,F8,43,1.2605558582113656e-10
17,4-back,F8,44,1.0840108570809126e-10
17,4-back,F8,45,2.2819891919582625e-10
17,4-back,F8,46,9.152032016773707e-11
17,4-back,F8,47,1.2602785609944335e-10
17,4-back,F8,48,9.68717852755162e-11
17,4-back,F8,49,1.4046577608087042e-10
17,4-back,F8,50,3.7078521296422316e-10
17,4-back,F8,51,1.0476230447425829e-10
17,4-back,F8,52,1.6930383158171398e-10
17,4-back,F8,53,8.718984096334907e-11
17,4-back,F8,54,1.0115895897002331e-10
17,4-back,F8,55,8.526372673531925e-11
17,4-back,F8,56,1.4777409829860457e-10
17,4-back,F8,57,2.5081729585645563e-10
17,4-back,F8,58,1.4452213999407602e-10
17,4-back,F8,59,1.0472275117513913e-10
17,4-back,F8,60,2.604196147993194e-10
17,4-back,F8,61,7.816969707500739e-11
17,4-back,F8,62,6.058228874407925e-11
17,4-back,Fz,1,1.7844574501107937e-10
17,4-back,Fz,2,1.6046608384382386e-10
17,4-back,Fz,3,1.0736926542151389e-10
17,4-back,Fz,4,2.202164477933868e-10
17,4-back,Fz,5,1.3676328042019137e-10
17,4-back,Fz,6,2.206620064978807e-10
17,4-back,Fz,7,7.048531023147864e-11
17,4-back,Fz,8,1.6240254362057246e-10
17,4-back,Fz,9,9.187273855829457e-11
17,4-back,Fz,10,1.3834416116393122e-10
17,4-back,Fz,11,4.1407853505541923e-11
17,4-back,Fz,12,1.7897237857246176e-10
17,4-back,Fz,13,2.5082805876108485e-10
17,4-back,Fz,14,1.436099633588304e-10
17,4-back,Fz,15,1.197646709173084e-10
17,4-back,Fz,16,1.9758232145544939e-10
17,4-back,Fz,17,3.1285648207504955e-10
17,4-back,Fz,18,1.2453958169429818e-10
17,4-back,Fz,19,5.916439706041209e-11
17,4-back,Fz,20,1.2493479049011386e-10
17,4-back,Fz,21,3.319384002176799e-10
17,4-back,Fz,22,6.359766731725575e-10
17,4-back,Fz,23,8.258244505487208e-11
17,4-back,Fz,24,1.6776501661384533e-10
17,4-back,Fz,25,8.374267424056764e-11
17,4-back,Fz,26,1.4746189899378148e-10
17,4-back,Fz,27,8.290805293986228e-11
17,4-back,Fz,28,2.1420363152505864e-10
17,4-back,Fz,29,1.6397926104231566e-10
17,4-back,Fz,30,2.5913493917131324e-10
17,4-back,Fz,31,7.759926466253518e-11
17,4-back,Fz,32,3.203075184081239e-10
17,4-back,Fz,33,3.4374102410237866e-10
17,4-back,Fz,34,1.0650342568598693e-10
17,4-back,Fz,35,2.2057595813079745e-10
17,4-back,Fz,36,4.2214307194162044e-11
17,4-back,Fz,37,1.1341620127771419e-10
17,4-back,Fz,38,9.685169635326243e-11
17,4-back,Fz,39,1.3723006767075638e-10
17,4-back,Fz,40,3.1686265941053656e-10
17,4-back,Fz,41,1.9214749779352196e-10
17,4-back,Fz,42,4.6373222125986687e-10
17,4-back,Fz,43,1.282865015131674e-10
17,4-back,Fz,44,1.5672019768549753e-10
17,4-back,Fz,45,1.911496921352655e-10
17,4-back,Fz,46,1.1301427930913959e-10
17,4-back,Fz,47,1.5150975731537782e-10
17,4-back,Fz,48,1.3725370694541512e-10
17,4-back,Fz,49,2.5288431285870495e-10
17,4-back,Fz,50,7.808293595110191e-10
17,4-back,Fz,51,2.0638582739247993e-10
17,4-back,Fz,52,1.2868037469754188e-10
17,4-back,Fz,53,1.664949889589293e-10
17,4-back,Fz,54,8.005546148102218e-11
17,4-back,Fz,55,1.2593978685886664e-10
17,4-back,Fz,56,1.5987735438968823e-10
17,4-back,Fz,57,2.8219765586974207e-10
17,4-back,Fz,58,2.2627023926125825e-10
17,4-back,Fz,59,3.90602868036008e-11
17,4-back,Fz,60,2.2294601363418982e-10
17,4-back,Fz,61,2.3600855628690596e-10
17,4-back,Fz,62,1.3944566545603681e-10
18,1-back,F3,1,1.1441190643639089e-10
18,1-back,F3,2,1.4430300342299074e-10
18,1-back,F3,3,2.500440566015101e-10
18,1-back,F3,4,1.866323438590827e-10
18,1-back,F3,5,8.516005433701963e-11
18,1-back,F3,6,2.1045872151054096e-10
18,1-back,F3,7,9.952579851412214e-11
18,1-back,F3,8,1.4163442196960467e-10
18,1-back,F3,9,2.1706487068584784e-10
18,1-back,F3,10,1.232263545151578e-10
18,1-back,F3,11,3.504143272333426e-10
18,1-back,F3,12,1.9339369618820404e-10
18,1-back,F3,13,9.011707499570563e-11
18,1-back,F3,14,1.8476294265539774e-10
18,1-back,F3,15,3.8006996758348834e-10
18,1-back,F3,16,1.474426258704066e-10
18,1-back,F3,17,7.440307491594028e-11
18,1-back,F3,18,7.926596754234395e-11
18,1-back,F3,19,1.1944598857726107e-10
18,1-back,F3,20,1.026380218986262e-10
18,1-back,F3,21,3.1516625220190087e-10
18,1-back,F3,22,1.099331458713938e-10
18,1-back,F3,23,6.4467985482731e-11
18,1-back,F3,24,5.221921213478147e-10
18,1-back,F3,25,3.8765489046407776e-10
18,1-back,F3,26,1.0187036555972013e-10
18,1-back,F3,27,2.5808004954385794e-10
18,1-back,F3,28,1.2549451704874623e-10
18,1-back,F3,29,4.1667451377207377e-10
18,1-back,F3,30,8.17757607833819e-11
18,1-back,F3,31,2.2626673953611312e-10
18,1-back,F3,32,3.498013080708033e-10
18,1-back,F3,33,5.3032923109107615e-11
18,1-back,F3,34,4.587758911394859e-10
18,1-back,F3,35,1.0452880340656836e-10
18,1-back,F3,36,6.4237581727247e-11
18,1-back,F3,37,1.923761563257958e-10
18,1-back,F3,38,1.481142143670915e-10
18,1-back,F3,39,2.4223778914015337e-10
18,1-back,F3,40,1.4406718488189895e-10
18,1-back,F3,41,4.0967714381202715e-11
18,1-back,F3,42,2.963660908749145e-10
18,1-back,F3,43,1.2603939119577737e-10
18,1-back,F4,1,2.5550953828182923e-10
18,1-back,F4,2,7.266552453160297e-11
18,1-back,F4,3,1.7861908182968049e-10
18,1-back,F4,4,1.3097547514415825e-10
18,1-back,F4,5,1.451557745833661e-10
18,1-back,F4,6,1.5374280056852764e-10
18,1-back,F4,7,1.935144743732527e-10
18,1-back,F4,8,4.508821592396346e-11
18,1-back,F4,9,9.914523906926124e-11
18,1-back,F4,10,7.779092199576096e-11
18,1-back,F4,11,7.437750127289611e-10
18,1-back,F4,12,1.29903665202774e-10
18,1-back,F4,13,1.0972049981389244e-10
18,1-back,F4,14,1.6519776108635308e-10
18,1-back,F4,15,2.82613723694738e-10
18,1-back,F4,16,1.4087144120513148e-10
18,1-back,F4,17,6.037246028792324e-11
18,1-back,F4,18,1.6198902537554897e-10
18,1-back,F4,19,1.5700197669929224e-10
18,1-back,F4,20,5.778911461147161e-11
18,1-back,F4,21,1.9660521590839899e-10
18,1-back,F4,22,1.6619843125745126e-10
18,1-back,F4,23,5.65733679454956e-11
18,1-back,F4,24,4.67148878132869e-10
18,1-back,F4,25,3.7126591489888596e-10
18,1-back,F4,26,8.518613563774729e-11
18,1-back,F4,27,4.396556076392354e-10
18,1-back,F4,28,1.5485255380699767e-10
18,1-back,F4,29,3.0368036474825534e-10
18,1-back,F4,30,6.355573853675164e-11
18,1-back,F4,31,2.0019018001034168e-10
18,1-back,F4,32,3.348248950619256e-10
18,1-back,F4,33,1.0929990643466385e-10
18,1-back,F4,34,1.754797984132135e-10
18,1-back,F4,35,5.1926936238253475e-11
18,1-back,F4,36,4.414599267899729e-11
18,1-back,F4,37,1.0664274725027419e-10
18,1-back,F4,38,6.935910834029317e-11
18,1-back,F4,39,1.0039014455734315e-10
18,1-back,F4,40,1.2265536637206837e-10
18,1-back,F4,41,7.73092607097386e-11
18,1-back,F4,42,3.0135525336006143e-10
18,1-back,F4,43,1.538578503536904e-10
18,1-back,F7,1,6.628733765310554e-11
18,1-back,F7,2,5.631647656787513e-11
18,1-back,F7,3,9.572547611903364e-11
18,1-back,F7,4,5.829398065606302e-11
18,1-back,F7,5,5.133845615573867e-11
18,1-back,F7,6,5.729533110297519e-11
18,1-back,F7,7,2.0059329618085002e-11
18,1-back,F7,8,5.80992148051226e-11
18,1-back,F7,9,1.0135518595297274e-10
18,1-back,F7,10,8.297607968189058e-11
18,1-back,F7,11,6.524769150811223e-11
18,1-back,F7,12,1.889451033314452e-10
18,1-back,F7,13,4.49609941762749e-11
18,1-back,F7,14,6.734853347588745e-11
18,1-back,F7,15,9.692874518752366e-11
18,1-back,F7,16,8.416162446739107e-11
18,1-back,F7,17,6.873930284826644e-11
18,1-back,F7,18,5.830271704018e-11
18,1-back,F7,19,6.57330272020796e-11
18,1-back,F7,20,8.836702965833817e-11
18,1-back,F7,21,1.2466848374765532e-10
18,1-back,F7,22,6.864454659137259e-11
18,1-back,F7,23,4.024404574147257e-11
18,1-back,F7,24,1.3751646719575988e-10
18,1-back,F7,25,9.65681848487497e-11
18,1-back,F7,26,5.0041579463675255e-11
18,1-back,F7,27,5.038956944728681e-11
18,1-back,F7,28,2.3239649641541734e-11
18,1-back,F7,29,1.5826855629370408e-10
18,1-back,F7,30,4.321956633252216e-11
18,1-back,F7,31,8.694038951664653e-11
18,1-back,F7,32,1.334034021516519e-10
18,1-back,F7,33,8.004807938019362e-11
18,1-back,F7,34,2.703487061295906e-10
18,1-back,F7,35,5.626550012373773e-11
18,1-back,F7,36,2.5228240354256374e-11
18,1-back,F7,37,1.0540706181589464e-10
18,1-back,F7,38,2.8185707700889895e-10
18,1-back,F7,39,1.4820983261255418e-10
18,1-back,F7,40,7.102148673819864e-11
18,1-back,F7,41,3.504309050644663e-11
18,1-back,F7,42,1.2146352274322306e-10
18,1-back,F7,43,6.973794685520257e-11
18,1-back,F8,1,9.820270348167748e-11
18,1-back,F8,2,2.403885159930589e-11
18,1-back,F8,3,6.821482941386649e-11
18,1-back,F8,4,4.419606915351434e-11
18,1-back,F8,5,6.309975526712101e-11
18,1-back,F8,6,9.745622387876505e-11
18,1-back,F8,7,8.806669513316323e-11
18,1-back,F8,8,1.9127979936261892e-11
18,1-back,F8,9,2.2760965688108535e-11
18,1-back,F8,10,4.8425669733950593e-11
18,1-back,F8,11,2.1189476431874277e-10
18,1-back,F8,12,1.4514671227378246e-10
18,1-back,F8,13,7.610984477240184e-11
18,1-back,F8,14,1.757860206602261e-10
18,1-back,F8,15,1.3075430852920577e-10
18,1-back,F8,16,1.19883127582739e-10
18,1-back,F8,17,2.3449935147917376e-11
18,1-back,F8,18,9.054358358685976e-11
18,1-back,F8,19,4.5809243415383353e-11
18,1-back,F8,20,2.6933775122698956e-11
18,1-back,F8,21,9.350017719849679e-11
18,1-back,F8,22,9.665070962437346e-11
18,1-back,F8,23,3.4906807915722365e-11
18,1-back,F8,24,1.8977447543854799e-10
18,1-back,F8,25,2.8308812906837847e-10
18,1-back,F8,26,2.450603793586129e-11
18,1-back,F8,27,2.049200255033774e-10
18,1-back,F8,28,6.11892336618013e-11
18,1-back,F8,29,1.310870862536846e-10
18,1-back,F8,30,4.103895482310883e-11
18,1-back,F8,31,3.406554648347482e-11
18,1-back,F8,32,1.6562036280604274e-10
18,1-back,F8,33,3.179493759454306e-11
18,1-back,F8,34,9.088783037710134e-11
18,1-back,F8,35,2.8639688065754996e-11
18,1-back,F8,36,2.6803797389048686e-11
18,1-back,F8,37,4.916318782337388e-11
18,1-back,F8,38,6.649706560051888e-11
18,1-back,F8,39,1.9573604018590102e-11
18,1-back,F8,40,9.940761462547178e-11
18,1-back,F8,41,7.147535111937765e-11
18,1-back,F8,42,1.363437016705785e-10
18,1-back,F8,43,1.5940257120103757e-10
18,1-back,Fz,1,2.4656509008664976e-10
18,1-back,Fz,2,9.777947836757818e-11
18,1-back,Fz,3,2.852016666094114e-10
18,1-back,Fz,4,2.983879559671667e-10
18,1-back,Fz,5,2.2679727609411758e-10
18,1-back,Fz,6,3.241008875046054e-10
18,1-back,Fz,7,2.540087584543328e-10
18,1-back,Fz,8,1.1205763220881797e-10
18,1-back,Fz,9,1.285834192491244e-10
18,1-back,Fz,10,1.5114198323495194e-10
18,1-back,Fz,11,7.534744058742151e-10
18,1-back,Fz,12,2.2769978810628336e-10
18,1-back,Fz,13,8.114668256261141e-11
18,1-back,Fz,14,2.4555119955746133e-10
18,1-back,Fz,15,3.4772810871679405e-10
18,1-back,Fz,16,2.3353659461025755e-10
18,1-back,Fz,17,6.727836510504628e-11
18,1-back,Fz,18,1.4432355635755666e-10
18,1-back,Fz,19,2.615278353713294e-10
18,1-back,Fz,20,9.128105260656056e-11
18,1-back,Fz,21,4.047598944048097e-10
18,1-back,Fz,22,1.7319834008987874e-10
18,1-back,Fz,23,6.686168990754196e-11
18,1-back,Fz,24,8.723779338877801e-10
18,1-back,Fz,25,5.532423140509024e-10
18,1-back,Fz,26,1.6049470788957132e-10
18,1-back,Fz,27,4.917344872584056e-10
18,1-back,Fz,28,1.504503378507477e-10
18,1-back,Fz,29,4.495512590782022e-10
18,1-back,Fz,30,1.0081249708445504e-10
18,1-back,Fz,31,3.301440505552093e-10
18,1-back,Fz,32,4.607475351306698e-10
18,1-back,Fz,33,1.475626308474044e-10
18,1-back,Fz,34,4.0153943074769283e-10
18,1-back,Fz,35,1.731022386472849e-10
18,1-back,Fz,36,5.963296319575999e-11
18,1-back,Fz,37,2.0807217443112334e-10
18,1-back,Fz,38,1.329287457083094e-10
18,1-back,Fz,39,2.7444310078011677e-10
18,1-back,Fz,40,1.544760154732968e-10
18,1-back,Fz,41,4.5073942360139724e-11
18,1-back,Fz,42,4.6294740336371573e-10
18,1-back,Fz,43,1.4588380959418543e-10
18,2-back,F3,1,7.188160272069319e-11
18,2-back,F3,2,2.0686136225594974e-10
18,2-back,F3,3,1.1662838260018535e-10
18,2-back,F3,4,2.0856787119483035e-10
18,2-back,F3,5,5.5193920476914155e-11
18,2-back,F3,6,8.838443342712296e-11
18,2-back,F3,7,3.269024550470048e-10
18,2-back,F3,8,7.45394004852905e-11
18,2-back,F3,9,1.2264281730513868e-10
18,2-back,F3,10,3.310615935782286e-10
18,2-back,F3,11,1.8698667756097368e-10
18,2-back,F3,12,1.4995433014007698e-10
18,2-back,F3,13,6.919625436464509e-11
18,2-back,F3,14,5.071418538647391e-11
18,2-back,F3,15,6.628581104335895e-11
18,2-back,F3,16,4.2602493764024247e-11
18,2-back,F3,17,1.1814754153911165e-10
18,2-back,F3,18,1.730792255253746e-10
18,2-back,F3,19,1.1934366093226783e-10
18,2-back,F3,20,4.281101606960948e-10
18,2-back,F3,21,5.1116742117052894e-11
18,2-back,F3,22,6.441799951505513e-11
18,2-back,F3,23,1.3772311631618967e-10
18,2-back,F3,24,1.2217024125668508e-10
18,2-back,F3,25,2.4669878411182273e-10
18,2-back,F3,26,1.3630848367237376e-10
18,2-back,F3,27,2.4213608429969146e-10
18,2-back,F3,28,3.8864892348882174e-10
18,2-back,F3,29,5.629825995812367e-10
18,2-back,F3,30,1.2344504406498784e-10
18,2-back,F3,31,9.056826806154538e-11
18,2-back,F3,32,2.014063653105822e-10
18,2-back,F3,33,1.1851139650283572e-10
18,2-back,F3,34,2.608797485242233e-10
18,2-back,F3,35,1.683127862508087e-10
18,2-back,F3,36,2.1326668272251974e-10
18,2-back,F3,37,3.7310317521857277e-10
18,2-back,F3,38,3.014507972624955e-10
18,2-back,F3,39,8.013656107848069e-11
18,2-back,F3,40,2.2368782867787918e-10
18,2-back,F3,41,2.6284685003040474e-10
18,2-back,F3,42,1.4310563831620702e-10
18,2-back,F4,1,1.47274730833377e-10
18,2-back,F4,2,1.8500917565538141e-10
18,2-back,F4,3,1.4021889323635599e-10
18,2-back,F4,4,1.3458558074352487e-10
18,2-back,F4,5,1.2246948425553308e-10
18,2-back,F4,6,6.498619778338282e-11
18,2-back,F4,7,4.752927856304473e-10
18,2-back,F4,8,9.290675106281249e-11
18,2-back,F4,9,1.3245721172580575e-10
18,2-back,F4,10,1.4972993009376457e-10
18,2-back,F4,11,1.7519880913888497e-10
18,2-back,F4,12,6.11353674905382e-11
18,2-back,F4,13,1.2308988487697068e-10
18,2-back,F4,14,4.5675288397570815e-11
18,2-back,F4,15,1.2805346558896592e-10
18,2-back,F4,16,6.311552633518279e-11
18,2-back,F4,17,9.29269719849281e-11
18,2-back,F4,18,1.7992693250436708e-10
18,2-back,F4,19,2.3359342710782273e-11
18,2-back,F4,20,2.7329328450202016e-10
18,2-back,F4,21,1.3651164944341034e-10
18,2-back,F4,22,8.825074030516792e-11
18,2-back,F4,23,3.1568598307551997e-10
18,2-back,F4,24,2.1304396800147394e-10
18,2-back,F4,25,3.261374282336562e-10
18,2-back,F4,26,1.3762283012053575e-10
18,2-back,F4,27,2.0389332788566287e-10
18,2-back,F4,28,1.9314567141791723e-10
18,2-back,F4,29,3.7661945729068515e-10
18,2-back,F4,30,2.757213212554726e-10
18,2-back,F4,31,1.3029096494803815e-10
18,2-back,F4,32,2.415925763576114e-10
18,2-back,F4,33,1.9179326076010323e-10
18,2-back,F4,34,2.2292743534364937e-10
18,2-back,F4,35,1.3710668214968432e-10
18,2-back,F4,36,1.6328152847554612e-10
18,2-back,F4,37,3.505639579190258e-10
18,2-back,F4,38,9.23544809718083e-11
18,2-back,F4,39,7.620119991279415e-11
18,2-back,F4,40,4.468448148124028e-11
18,2-back,F4,41,1.3007341518109065e-10
18,2-back,F4,42,7.120231376008746e-11
18,2-back,F7,1,2.836608054181783e-11
18,2-back,F7,2,6.863770215565832e-11
18,2-back,F7,3,7.423432881047495e-11
18,2-back,F7,4,9.070066970468566e-11
18,2-back,F7,5,3.4220659101199136e-11
18,2-back,F7,6,5.7605206512369605e-11
18,2-back,F7,7,1.6162468459420638e-10
18,2-back,F7,8,1.368783086387495e-10
18,2-back,F7,9,1.259845957719301e-10
18,2-back,F7,10,1.0856118367222004e-10
18,2-back,F7,11,5.138258922008102e-11
18,2-back,F7,12,1.1315780726873137e-10
18,2-back,F7,13,7.150483529637291e-11
18,2-back,F7,14,2.875883166878995e-11
18,2-back,F7,15,3.585373158378619e-11
18,2-back,F7,16,2.4476459363630417e-11
18,2-back,F7,17,6.179629133702198e-11
18,2-back,F7,18,8.70097349382289e-11
18,2-back,F7,19,7.470086600322588e-11
18,2-back,F7,20,2.770360292909352e-10
18,2-back,F7,21,2.2518218877079423e-11
18,2-back,F7,22,5.90541808422323e-11
18,2-back,F7,23,4.2588843410277774e-11
18,2-back,F7,24,5.0291367410230017e-11
18,2-back,F7,25,1.179993044260898e-10
18,2-back,F7,26,3.6142331413362294e-11
18,2-back,F7,27,1.6012210409982414e-10
18,2-back,F7,28,1.8048395070310667e-10
18,2-back,F7,29,2.113961554058231e-10
18,2-back,F7,30,1.095110063983862e-10
18,2-back,F7,31,8.836231668189113e-11
18,2-back,F7,32,1.804754365287077e-10
18,2-back,F7,33,6.042812561744654e-11
18,2-back,F7,34,1.7129184061779927e-10
18,2-back,F7,35,8.971249809336994e-11
18,2-back,F7,36,1.631843314973864e-10
18,2-back,F7,37,1.8961979778524575e-10
18,2-back,F7,38,1.814865784797014e-10
18,2-back,F7,39,4.7305027121731067e-11
18,2-back,F7,40,1.201007524427773e-10
18,2-back,F7,41,1.1317041337871617e-10
18,2-back,F7,42,8.598234171097996e-11
18,2-back,F8,1,7.129796061600426e-11
18,2-back,F8,2,8.84842389521463e-11
18,2-back,F8,3,2.6882521230863385e-11
18,2-back,F8,4,3.2541978772156626e-11
18,2-back,F8,5,7.430508619838699e-11
18,2-back,F8,6,3.635971277180382e-11
18,2-back,F8,7,2.0543763186700284e-10
18,2-back,F8,8,1.1077066322644676e-10
18,2-back,F8,9,6.651682596946328e-11
18,2-back,F8,10,3.4455135511243203e-11
18,2-back,F8,11,3.7432799382682574e-11
18,2-back,F8,12,1.2050541586088881e-11
18,2-back,F8,13,6.181708105800926e-11
18,2-back,F8,14,6.573988214910898e-11
18,2-back,F8,15,4.8002162844998364e-11
18,2-back,F8,16,3.010452840212413e-11
18,2-back,F8,17,8.358671643651108e-11
18,2-back,F8,18,1.0623850778561836e-10
18,2-back,F8,19,1.343214216741389e-11
18,2-back,F8,20,9.335547001455107e-11
18,2-back,F8,21,1.0788646757048572e-10
18,2-back,F8,22,6.541131474926388e-11
18,2-back,F8,23,1.3285339396678737e-10
18,2-back,F8,24,4.8240837279416226e-11
18,2-back,F8,25,1.2681415609812006e-10
18,2-back,F8,26,1.306668764264996e-10
18,2-back,F8,27,1.5497143228971156e-10
18,2-back,F8,28,6.275103672987982e-11
18,2-back,F8,29,4.678921216630483e-11
18,2-back,F8,30,9.507002018441971e-11
18,2-back,F8,31,1.101033842587923e-10
18,2-back,F8,32,1.21057602450914e-10
18,2-back,F8,33,7.209627982537283e-11
18,2-back,F8,34,1.6888609702546536e-10
18,2-back,F8,35,5.615480671917876e-11
18,2-back,F8,36,6.455773369316436e-11
18,2-back,F8,37,1.2360262396266767e-10
18,2-back,F8,38,1.8519893476238023e-11
18,2-back,F8,39,2.5999409789629116e-11
18,2-back,F8,40,2.4556408635248962e-11
18,2-back,F8,41,3.0117371139755185e-11
18,2-back,F8,42,2.2953818377647786e-11
18,2-back,Fz,1,1.303106266691681e-10
18,2-back,Fz,2,2.2559439507546591e-10
18,2-back,Fz,3,1.1457198166610886e-10
18,2-back,Fz,4,1.5675498693193825e-10
18,2-back,Fz,5,8.899772421869278e-11
18,2-back,Fz,6,1.0017197757794373e-10
18,2-back,Fz,7,3.9155144221188697e-10
18,2-back,Fz,8,7.032466264731478e-11
18,2-back,Fz,9,1.2512064676113725e-10
18,2-back,Fz,10,3.1138596718490883e-10
18,2-back,Fz,11,2.3924349677258457e-10
18,2-back,Fz,12,2.2141810727504696e-10
18,2-back,Fz,13,2.5632858609406836e-10
18,2-back,Fz,14,3.731077705798672e-11
18,2-back,Fz,15,1.3898376396671146e-10
18,2-back,Fz,16,4.631412439858592e-11
18,2-back,Fz,17,1.5821525571351737e-10
18,2-back,Fz,18,1.8828783922086819e-10
18,2-back,Fz,19,5.816323210821087e-11
18,2-back,Fz,20,5.716896649474141e-10
18,2-back,Fz,21,1.0137686047528147e-10
18,2-back,Fz,22,1.0674177830269076e-10
18,2-back,Fz,23,2.3585606010630354e-10
18,2-back,Fz,24,2.655791915115634e-10
18,2-back,Fz,25,6.959181396782153e-10
18,2-back,Fz,26,2.3034220020641086e-10
18,2-back,Fz,27,3.262628829075721e-10
18,2-back,Fz,28,3.9341315393571766e-10
18,2-back,Fz,29,6.834591464661959e-10
18,2-back,Fz,30,3.3428189952207323e-10
18,2-back,Fz,31,1.226216150283277e-10
18,2-back,Fz,32,2.716425648778674e-10
18,2-back,Fz,33,1.7375111921714755e-10
18,2-back,Fz,34,2.642096416934351e-10
18,2-back,Fz,35,2.439448048947664e-10
18,2-back,Fz,36,3.208570268049764e-10
18,2-back,Fz,37,4.973665183249529e-10
18,2-back,Fz,38,1.9305328392311194e-10
18,2-back,Fz,39,1.0409427460749594e-10
18,2-back,Fz,40,1.437838976794446e-10
18,2-back,Fz,41,2.572211212932922e-10
18,2-back,Fz,42,2.78445904531604e-10
18,3-back,F3,1,3.4335984633729325e-10
18,3-back,F3,2,5.956645494329704e-11
18,3-back,F3,3,1.3257322556257433e-10
18,3-back,F3,4,1.394976037275902e-10
18,3-back,F3,5,1.2614149438292637e-10
18,3-back,F3,6,1.2411830917461926e-10
18,3-back,F3,7,9.58199359336122e-11
18,3-back,F3,8,2.049664668104604e-10
18,3-back,F3,9,2.5900165667089767e-11
18,3-back,F3,10,1.9771389975671797e-10
18,3-back,F3,11,3.1101614276039476e-10
18,3-back,F3,12,3.0310498479103804e-10
18,3-back,F3,13,4.4346033896744665e-11
18,3-back,F3,14,3.755701246117389e-10
18,3-back,F3,15,1.2412295106333627e-10
18,3-back,F3,16,2.0820594756084592e-10
18,3-back,F3,17,1.6894135740272197e-10
18,3-back,F3,18,6.489891480668689e-11
18,3-back,F3,19,2.5888698397065234e-10
18,3-back,F3,20,1.311053067938125e-10
18,3-back,F3,21,1.3103731883204323e-10
18,3-back,F3,22,2.6989452274477734e-10
18,3-back,F3,23,2.0888015800903515e-10
18,3-back,F3,24,1.0460908171308161e-10
18,3-back,F3,25,1.3583231622592149e-10
18,3-back,F3,26,7.364475398766509e-11
18,3-back,F3,27,1.0397145851345422e-10
18,3-back,F3,28,1.2240955130344976e-10
18,3-back,F3,29,2.2676854323304596e-10
18,3-back,F3,30,5.7669293653488005e-11
18,3-back,F3,31,2.513536182914217e-10
18,3-back,F3,32,7.858744934730215e-11
18,3-back,F3,33,2.6537839394697597e-10
18,3-back,F3,34,2.0065339811530953e-10
18,3-back,F3,35,1.0309512018439977e-10
18,3-back,F3,36,7.969576700232243e-11
18,3-back,F3,37,5.6240105189133374e-11
18,3-back,F3,38,2.4497968231820855e-10
18,3-back,F3,39,1.3225372509797275e-10
18,3-back,F3,40,2.046700726069581e-10
18,3-back,F3,41,1.2146995869219048e-10
18,3-back,F3,42,1.041602651681934e-10
18,3-back,F3,43,5.360534093079418e-11
18,3-back,F3,44,1.1780547726802138e-10
18,3-back,F3,45,1.9453183266770905e-10
18,3-back,F3,46,1.6754976048049944e-10
18,3-back,F3,47,1.5305578033920478e-10
18,3-back,F3,48,8.593919037697133e-11
18,3-back,F4,1,3.1402777769634075e-10
18,3-back,F4,2,1.5294496764647008e-10
18,3-back,F4,3,3.591502953342749e-11
18,3-back,F4,4,1.691462700602279e-10
18,3-back,F4,5,1.0835523439956113e-10
18,3-back,F4,6,2.3562169848817914e-10
18,3-back,F4,7,1.3378467473418946e-10
18,3-back,F4,8,1.230888766467927e-10
18,3-back,F4,9,1.7910575670860305e-10
18,3-back,F4,10,1.9006835238116444e-10
18,3-back,F4,11,4.586266465408512e-10
18,3-back,F4,12,1.7200565294763624e-10
18,3-back,F4,13,9.329347564497975e-11
18,3-back,F4,14,2.9945040154476166e-10
18,3-back,F4,15,1.3523687511813248e-10
18,3-back,F4,16,1.557889482712535e-10
18,3-back,F4,17,6.98789570373697e-11
18,3-back,F4,18,6.990729081282476e-11
18,3-back,F4,19,2.558275156756444e-10
18,3-back,F4,20,1.0849110434581898e-10
18,3-back,F4,21,1.3211828773053632e-10
18,3-back,F4,22,2.216705447273632e-10
18,3-back,F4,23,1.1634736535705386e-10
18,3-back,F4,24,1.0503460780553827e-10
18,3-back,F4,25,1.8760271568100844e-10
18,3-back,F4,26,5.4040164304034725e-11
18,3-back,F4,27,5.918586886174868e-11
18,3-back,F4,28,8.556596085194127e-11
18,3-back,F4,29,1.1071904727976982e-10
18,3-back,F4,30,5.674278292107611e-11
18,3-back,F4,31,1.7886468249853578e-10
18,3-back,F4,32,1.2820157257766787e-10
18,3-back,F4,33,1.0998735566171459e-10
18,3-back,F4,34,1.7565381052915703e-10
18,3-back,F4,35,1.3397310781212827e-10
18,3-back,F4,36,9.078053968779224e-11
18,3-back,F4,37,6.370193722280007e-11
18,3-back,F4,38,1.7517952596282403e-10
18,3-back,F4,39,1.778179241191143e-10
18,3-back,F4,40,9.076729329912392e-11
18,3-back,F4,41,1.5554377252279758e-10
18,3-back,F4,42,1.4701937199942976e-10
18,3-back,F4,43,8.36731441345895e-11
18,3-back,F4,44,5.0651328460375117e-11
18,3-back,F4,45,9.160621470035904e-11
18,3-back,F4,46,1.1882108329372196e-10
18,3-back,F4,47,1.311171238737834e-10
18,3-back,F4,48,2.0242204860691863e-10
18,3-back,F7,1,8.279988420514807e-11
18,3-back,F7,2,3.6141328236622086e-11
18,3-back,F7,3,1.827924177443161e-10
18,3-back,F7,4,8.071706166691066e-11
18,3-back,F7,5,4.2508334917646705e-11
18,3-back,F7,6,6.400448766083107e-11
18,3-back,F7,7,8.581024073256613e-11
18,3-back,F7,8,1.0670649688292254e-10
18,3-back,F7,9,4.273946342288456e-11
18,3-back,F7,10,7.553703634228119e-11
18,3-back,F7,11,7.237234199498297e-11
18,3-back,F7,12,1.1295073915100262e-10
18,3-back,F7,13,3.5105497494883536e-11
18,3-back,F7,14,1.6348259631992752e-10
18,3-back,F7,15,5.3344211294227874e-11
18,3-back,F7,16,5.843889486012519e-11
18,3-back,F7,17,7.228025411139186e-11
18,3-back,F7,18,4.124411505097635e-11
18,3-back,F7,19,1.7045815699684807e-10
18,3-back,F7,20,4.6241051522428514e-11
18,3-back,F7,21,1.1769470443705216e-10
18,3-back,F7,22,1.0756822493207013e-10
18,3-back,F7,23,1.03658692942636e-10
18,3-back,F7,24,1.3633601163821115e-10
18,3-back,F7,25,9.250728139841784e-11
18,3-back,F7,26,7.251719330642014e-11
18,3-back,F7,27,5.395623855573727e-11
18,3-back,F7,28,5.471314551337217e-11
18,3-back,F7,29,2.232172999271965e-10
18,3-back,F7,30,5.501738823285363e-11
18,3-back,F7,31,1.4811742460923978e-10
18,3-back,F7,32,7.482492781973914e-11
18,3-back,F7,33,9.431975399368619e-11
18,3-back,F7,34,1.1165293455185e-10
18,3-back,F7,35,6.145760992128605e-11
18,3-back,F7,36,4.86046102891734e-11
18,3-back,F7,37,8.52944594272356e-11
18,3-back,F7,38,1.280456252192774e-10
18,3-back,F7,39,1.2070233226490576e-10
18,3-back,F7,40,1.0504442346952835e-10
18,3-back,F7,41,6.965416055108553e-11
18,3-back,F7,42,5.285170928146306e-11
18,3-back,F7,43,4.071847587352632e-11
18,3-back,F7,44,9.831743189030446e-11
18,3-back,F7,45,1.7909489325527983e-10
18,3-back,F7,46,1.084656277543384e-10
18,3-back,F7,47,9.328677068615385e-11
18,3-back,F7,48,3.716211433243199e-11
18,3-back,F8,1,1.1553930898522662e-10
18,3-back,F8,2,7.823732086889785e-11
18,3-back,F8,3,7.417971549506223e-11
18,3-back,F8,4,7.241424057005974e-11
18,3-back,F8,5,3.558798533965872e-11
18,3-back,F8,6,9.856281611107445e-11
18,3-back,F8,7,1.3065188622144558e-10
18,3-back,F8,8,6.487748981604113e-11
18,3-back,F8,9,1.166974266306981e-10
18,3-back,F8,10,8.375026410782782e-11
18,3-back,F8,11,1.981356714912044e-10
18,3-back,F8,12,4.605651925585908e-11
18,3-back,F8,13,8.116504926036826e-11
18,3-back,F8,14,1.8308322843663802e-10
18,3-back,F8,15,4.34880306128224e-11
18,3-back,F8,16,4.0786852890778666e-11
18,3-back,F8,17,2.3026776067493453e-11
18,3-back,F8,18,5.517785384179867e-11
18,3-back,F8,19,1.8945045073912268e-10
18,3-back,F8,20,6.068649783757942e-11
18,3-back,F8,21,4.611045296349465e-11
18,3-back,F8,22,1.3697828119483237e-10
18,3-back,F8,23,4.5221907238674683e-11
18,3-back,F8,24,4.576624533376886e-11
18,3-back,F8,25,8.249754008049489e-11
18,3-back,F8,26,3.228190225093394e-11
18,3-back,F8,27,1.744656964071157e-11
18,3-back,F8,28,2.6351461416650466e-11
18,3-back,F8,29,4.82208595618036e-11
18,3-back,F8,30,1.0976722856117819e-11
18,3-back,F8,31,4.8342948174992805e-11
18,3-back,F8,32,8.90335656425859e-11
18,3-back,F8,33,4.52193464917338e-11
18,3-back,F8,34,8.508598223987476e-11
18,3-back,F8,35,4.895805461439069e-11
18,3-back,F8,36,1.2283555445310014e-10
18,3-back,F8,37,5.28612581117988e-11
18,3-back,F8,38,8.600241234215663e-11
18,3-back,F8,39,1.2845770174833257e-10
18,3-back,F8,40,3.965281696067055e-11
18,3-back,F8,41,8.648780141382163e-11
18,3-back,F8,42,7.010815484672013e-11
18,3-back,F8,43,1.1199054347539409e-10
18,3-back,F8,44,9.913359181080452e-12
18,3-back,F8,45,3.850465547504476e-11
18,3-back,F8,46,5.795793634029846e-11
18,3-back,F8,47,5.736664681047509e-11
18,3-back,F8,48,1.1887108763029804e-10
18,3-back,Fz,1,5.561380592724121e-10
18,3-back,Fz,2,1.174165241472083e-10
18,3-back,Fz,3,8.898660132740839e-11
18,3-back,Fz,4,1.7768561302558276e-10
18,3-back,Fz,5,1.3093882191178328e-10
18,3-back,Fz,6,2.473187311418486e-10
18,3-back,Fz,7,1.4521662678087496e-10
18,3-back,Fz,8,1.5901050768388002e-10
18,3-back,Fz,9,1.1462632975731053e-10
18,3-back,Fz,10,2.1330283021086819e-10
18,3-back,Fz,11,5.656503098552109e-10
18,3-back,Fz,12,3.1398127091116385e-10
18,3-back,Fz,13,6.838627529937675e-11
18,3-back,Fz,14,4.78859494812168e-10
18,3-back,Fz,15,2.210751947765554e-10
18,3-back,Fz,16,2.0202042388369807e-10
18,3-back,Fz,17,1.2236423071938518e-10
18,3-back,Fz,18,9.422020048325423e-11
18,3-back,Fz,19,3.1079684101065484e-10
18,3-back,Fz,20,2.1237083132927957e-10
18,3-back,Fz,21,1.1710941307832965e-10
18,3-back,Fz,22,4.6557196510701183e-10
18,3-back,Fz,23,1.5608053820005568e-10
18,3-back,Fz,24,1.1127462833745203e-10
18,3-back,Fz,25,1.1373555336805883e-10
18,3-back,Fz,26,6.141729469907266e-11
18,3-back,Fz,27,9.505228251419722e-11
18,3-back,Fz,28,1.1987079221489404e-10
18,3-back,Fz,29,1.7182817684785167e-10
18,3-back,Fz,30,8.839097593139588e-11
18,3-back,Fz,31,3.070249365254565e-10
18,3-back,Fz,32,7.533402342665626e-11
18,3-back,Fz,33,2.9684440973630514e-10
18,3-back,Fz,34,3.7396476187566484e-10
18,3-back,Fz,35,1.551817440218581e-10
18,3-back,Fz,36,1.2085228921121775e-10
18,3-back,Fz,37,5.916481655291507e-11
18,3-back,Fz,38,3.911018896334541e-10
18,3-back,Fz,39,2.0779622020124788e-10
18,3-back,Fz,40,1.8687475557202309e-10
18,3-back,Fz,41,1.9402892335972436e-10
18,3-back,Fz,42,1.342451713260873e-10
18,3-back,Fz,43,9.333764742048865e-11
18,3-back,Fz,44,1.0830803216267205e-10
18,3-back,Fz,45,1.211780322006173e-10
18,3-back,Fz,46,2.3243201628935628e-10
18,3-back,Fz,47,1.7318870449858032e-10
18,3-back,Fz,48,2.2469917750917826e-10
18,4-back,F3,1,1.8009807761098726e-10
18,4-back,F3,2,1.3133502468455472e-10
18,4-back,F3,3,1.2815154361439464e-10
18,4-back,F3,4,1.7518729546239457e-10
18,4-back,F3,5,2.004807686283527e-10
18,4-back,F3,6,3.338538689589788e-10
18,4-back,F3,7,9.724575448275432e-11
18,4-back,F3,8,1.5923312001468217e-10
18,4-back,F3,9,9.621373536854765e-11
18,4-back,F3,10,2.369692458238386e-10
18,4-back,F3,11,1.60348445232616e-10
18,4-back,F3,12,1.1034205630279332e-10
18,4-back,F3,13,2.1362127510027272e-10
18,4-back,F3,14,1.293290569060294e-10
18,4-back,F3,15,2.2957577140487468e-10
18,4-back,F3,16,9.47061120800422e-11
18,4-back,F3,17,1.3320829412560953e-10
18,4-back,F3,18,8.065118939951864e-11
18,4-back,F3,19,1.0351199996659492e-10
18,4-back,F3,20,1.2644690029651543e-10
18,4-back,F3,21,7.2738324033331e-11
18,4-back,F3,22,3.4869811800101946e-10
18,4-back,F3,23,1.1739570047584506e-10
18,4-back,F3,24,1.7228737385808132e-10
18,4-back,F3,25,2.2518489161766872e-10
18,4-back,F3,26,5.086040364728965e-11
18,4-back,F3,27,4.695523708140297e-10
18,4-back,F3,28,1.672713877256218e-10
18,4-back,F3,29,1.1341004952041932e-10
18,4-back,F3,30,1.0558630568597726e-10
18,4-back,F3,31,1.6486968675355922e-10
18,4-back,F3,32,3.38144513049736e-10
18,4-back,F3,33,1.8254003047473576e-10
18,4-back,F3,34,2.924044623725397e-10
18,4-back,F3,35,3.620682618057826e-10
18,4-back,F3,36,1.5646488829921408e-10
18,4-back,F3,37,1.8039346093038154e-10
18,4-back,F3,38,1.1390559871996711e-10
18,4-back,F3,39,9.509682263893292e-11
18,4-back,F3,40,1.4850308050227663e-10
18,4-back,F3,41,7.035970589165803e-11
18,4-back,F3,42,2.5344487155067826e-10
18,4-back,F3,43,1.6440405424700854e-10
18,4-back,F4,1,2.532922872902887e-10
18,4-back,F4,2,8.999205504464658e-11
18,4-back,F4,3,1.7043969274885481e-10
18,4-back,F4,4,2.3433522208468555e-10
18,4-back,F4,5,1.6184101556644409e-10
18,4-back,F4,6,1.5427400936333886e-10
18,4-back,F4,7,7.119754754476441e-11
18,4-back,F4,8,1.2596215767085505e-10
18,4-back,F4,9,8.147255489575341e-11
18,4-back,F4,10,3.439423147439592e-10
18,4-back,F4,11,1.480471786853157e-10
18,4-back,F4,12,1.0006588588582686e-10
18,4-back,F4,13,2.559585285159161e-10
18,4-back,F4,14,3.1034980626163963e-10
18,4-back,F4,15,2.638897397206352e-10
18,4-back,F4,16,7.349084849087945e-11
18,4-back,F4,17,8.799641762145958e-11
18,4-back,F4,18,7.883618590102118e-11
18,4-back,F4,19,8.555110750798488e-11
18,4-back,F4,20,1.0699890895041915e-10
18,4-back,F4,21,2.728515482387211e-11
18,4-back,F4,22,2.536683569476278e-10
18,4-back,F4,23,1.2317602416268692e-10
18,4-back,F4,24,2.821034400244799e-10
18,4-back,F4,25,2.1578037802794563e-10
18,4-back,F4,26,5.2176462039747716e-11
18,4-back,F4,27,2.4376622665117437e-10
18,4-back,F4,28,7.8800430819963e-11
18,4-back,F4,29,4.09985054670134e-11
18,4-back,F4,30,6.993686170349612e-11
18,4-back,F4,31,9.384322486034547e-11
18,4-back,F4,32,1.8083854465764062e-10
18,4-back,F4,33,2.023871888141816e-10
18,4-back,F4,34,2.5596714031365135e-10
18,4-back,F4,35,3.129629539027973e-10
18,4-back,F4,36,1.0654407313933947e-10
18,4-back,F4,37,2.4226985190420724e-10
18,4-back,F4,38,1.9603271774673829e-10
18,4-back,F4,39,6.800388958428387e-11
18,4-back,F4,40,1.856337818492661e-10
18,4-back,F4,41,1.296203772317176e-10
18,4-back,F4,42,1.477659979204308e-10
18,4-back,F4,43,2.4124044401753794e-10
18,4-back,F7,1,9.630913653097516e-11
18,4-back,F7,2,4.328676602664304e-11
18,4-back,F7,3,6.487522955639513e-11
18,4-back,F7,4,9.533974631699553e-11
18,4-back,F7,5,8.98031567159684e-11
18,4-back,F7,6,2.0272692206005246e-10
18,4-back,F7,7,8.016650676441773e-11
18,4-back,F7,8,1.4915819160804483e-10
18,4-back,F7,9,5.516199604378325e-11
18,4-back,F7,10,1.1483168506829944e-10
18,4-back,F7,11,1.4932954101383522e-10
18,4-back,F7,12,6.750775835035966e-11
18,4-back,F7,13,1.1434763759114568e-10
18,4-back,F7,14,1.0282968339995308e-10
18,4-back,F7,15,1.0085911836495304e-10
18,4-back,F7,16,6.592638332124855e-11
18,4-back,F7,17,9.496407890078368e-11
18,4-back,F7,18,9.914551524424037e-11
18,4-back,F7,19,2.5708194481616327e-11
18,4-back,F7,20,1.0036111125508101e-10
18,4-back,F7,21,9.563021513378692e-11
18,4-back,F7,22,7.808518938106e-11
18,4-back,F7,23,9.749212858484857e-11
18,4-back,F7,24,1.89667676898799e-10
18,4-back,F7,25,1.6128814968812747e-10
18,4-back,F7,26,1.890017890432767e-11
18,4-back,F7,27,1.9626573035528104e-10
18,4-back,F7,28,1.4711668880183761e-10
18,4-back,F7,29,5.782851734479016e-11
18,4-back,F7,30,8.160895525052451e-11
18,4-back,F7,31,1.0266823887916436e-10
18,4-back,F7,32,9.926148845119226e-11
18,4-back,F7,33,2.2751363836635197e-11
18,4-back,F7,34,1.2915417722071682e-10
18,4-back,F7,35,1.0881649839601106e-10
18,4-back,F7,36,3.39782185028059e-11
18,4-back,F7,37,1.0343529799460407e-10
18,4-back,F7,38,2.539449834476409e-10
18,4-back,F7,39,2.500456325491775e-11
18,4-back,F7,40,6.8514415991355e-11
18,4-back,F7,41,5.4966860537889227e-11
18,4-back,F7,42,1.0480341847377046e-10
18,4-back,F7,43,8.384641113567547e-11
18,4-back,F8,1,1.4868198065048796e-10
18,4-back,F8,2,1.010886211849981e-10
18,4-back,F8,3,7.114300030055393e-11
18,4-back,F8,4,8.508463968343742e-11
18,4-back,F8,5,8.633230083778186e-11
18,4-back,F8,6,4.5871859509477024e-11
18,4-back,F8,7,4.572788244542052e-11
18,4-back,F8,8,6.485262444493275e-11
18,4-back,F8,9,5.1672804644385127e-11
18,4-back,F8,10,2.7074247581099776e-10
18,4-back,F8,11,1.0233272498105044e-10
18,4-back,F8,12,4.1281960086307785e-11
18,4-back,F8,13,1.3210733679811078e-10
18,4-back,F8,14,3.3919122527578804e-10
18,4-back,F8,15,7.841713962560689e-11
18,4-back,F8,16,3.157047170935237e-11
18,4-back,F8,17,8.320791524020206e-11
18,4-back,F8,18,7.248893425239009e-11
18,4-back,F8,19,6.132482176133884e-11
18,4-back,F8,20,8.81398953192945e-11
18,4-back,F8,21,2.3397861041408846e-11
18,4-back,F8,22,1.2709205538318354e-10
18,4-back,F8,23,9.900930087846391e-11
18,4-back,F8,24,2.487491524148857e-10
18,4-back,F8,25,2.470475142789357e-10
18,4-back,F8,26,5.7274540351201304e-11
18,4-back,F8,27,1.2267237995456895e-10
18,4-back,F8,28,5.298657998381277e-11
18,4-back,F8,29,2.4949065691598403e-11
18,4-back,F8,30,5.3094306339423004e-11
18,4-back,F8,31,1.8898215285600932e-11
18,4-back,F8,32,6.583220984357625e-11
18,4-back,F8,33,1.1236465236259168e-10
18,4-back,F8,34,1.1112742522091036e-10
18,4-back,F8,35,1.8043586776427769e-10
18,4-back,F8,36,5.95991332215881e-11
18,4-back,F8,37,6.567774918536367e-11
18,4-back,F8,38,7.68497854185902e-11
18,4-back,F8,39,2.642213191937232e-11
18,4-back,F8,40,9.395122018545819e-11
18,4-back,F8,41,9.914751026403924e-11
18,4-back,F8,42,4.35774929741874e-11
18,4-back,F8,43,1.3493096753104826e-10
18,4-back,Fz,1,2.7054205419989966e-10
18,4-back,Fz,2,1.2476362109775828e-10
18,4-back,Fz,3,2.3963433514672287e-10
18,4-back,Fz,4,2.1672791412052498e-10
18,4-back,Fz,5,2.385803372040589e-10
18,4-back,Fz,6,2.5968230610157514e-10
18,4-back,Fz,7,5.669838366674211e-11
18,4-back,Fz,8,1.6398160026497416e-10
18,4-back,Fz,9,1.5058608000335459e-10
18,4-back,Fz,10,3.3593912490746456e-10
18,4-back,Fz,11,1.74059548762455e-10
18,4-back,Fz,12,1.1106667069751316e-10
18,4-back,Fz,13,2.5167392790598437e-10
18,4-back,Fz,14,2.8002378808974907e-10
18,4-back,Fz,15,3.301841943742987e-10
18,4-back,Fz,16,1.5126881578195e-10
18,4-back,Fz,17,1.6625165519478917e-10
18,4-back,Fz,18,9.825113867612455e-11
18,4-back,Fz,19,1.3048349041958233e-10
18,4-back,Fz,20,1.7269952262152555e-10
18,4-back,Fz,21,7.973407515317749e-11
18,4-back,Fz,22,4.097025561234114e-10
18,4-back,Fz,23,1.3491682113519138e-10
18,4-back,Fz,24,2.6434748203872953e-10
18,4-back,Fz,25,2.912374125418053e-10
18,4-back,Fz,26,3.006647701862889e-11
18,4-back,Fz,27,4.947616181036946e-10
18,4-back,Fz,28,1.1124443399993086e-10
18,4-back,Fz,29,8.00037485457961e-11
18,4-back,Fz,30,1.1789617357569515e-10
18,4-back,Fz,31,1.687067807770411e-10
18,4-back,Fz,32,4.2189572928916923e-10
18,4-back,Fz,33,3.3646605559438167e-10
18,4-back,Fz,34,3.3593919715217807e-10
18,4-back,Fz,35,5.53678239435127e-10
18,4-back,Fz,36,2.1671552765832566e-10
18,4-back,Fz,37,2.0747773943131949e-10
18,4-back,Fz,38,3.158075655339299e-10
18,4-back,Fz,39,1.2745603331561957e-10
18,4-back,Fz,40,2.4311412976823293e-10
18,4-back,Fz,41,1.4955750327840708e-10
18,4-back,Fz,42,3.23260395467685e-10
18,4-back,Fz,43,3.256100371817588e-10
